commercial_area_code,business_type,day_of_week,weight
3001491,KOREAN_FOOD,MONDAY,-5
3001491,KOREAN_FOOD,TUESDAY,-6
3001491,KOREAN_FOOD,WEDNESDAY,-5
3001491,KOREAN_FOOD,THURSDAY,-5
3001491,KOREAN_FOOD,FRIDAY,0
3001491,KOREAN_FOOD,SATURDAY,6
3001491,KOREAN_FOOD,SUNDAY,6
3001491,CHINESE_FOOD,MONDAY,-6
3001491,CHINESE_FOOD,TUESDAY,1
3001491,CHINESE_FOOD,WEDNESDAY,1
3001491,CHINESE_FOOD,THURSDAY,2
3001491,CHINESE_FOOD,FRIDAY,6
3001491,CHINESE_FOOD,SATURDAY,3
3001491,CHINESE_FOOD,SUNDAY,-3
3001491,JAPANESE_FOOD,MONDAY,-6
3001491,JAPANESE_FOOD,TUESDAY,-4
3001491,JAPANESE_FOOD,WEDNESDAY,-1
3001491,JAPANESE_FOOD,THURSDAY,-1
3001491,JAPANESE_FOOD,FRIDAY,5
3001491,JAPANESE_FOOD,SATURDAY,6
3001491,JAPANESE_FOOD,SUNDAY,-1
3001491,WESTERN_FOOD,MONDAY,-6
3001491,WESTERN_FOOD,TUESDAY,-6
3001491,WESTERN_FOOD,WEDNESDAY,-6
3001491,WESTERN_FOOD,THURSDAY,-6
3001491,WESTERN_FOOD,FRIDAY,1
3001491,WESTERN_FOOD,SATURDAY,6
3001491,WESTERN_FOOD,SUNDAY,6
3001491,FAST_FOOD,MONDAY,-5
3001491,FAST_FOOD,TUESDAY,-6
3001491,FAST_FOOD,WEDNESDAY,-5
3001491,FAST_FOOD,THURSDAY,-5
3001491,FAST_FOOD,FRIDAY,-1
3001491,FAST_FOOD,SATURDAY,6
3001491,FAST_FOOD,SUNDAY,6
3001491,BUNSIK,MONDAY,-6
3001491,BUNSIK,TUESDAY,-6
3001491,BUNSIK,WEDNESDAY,-5
3001491,BUNSIK,THURSDAY,-5
3001491,BUNSIK,FRIDAY,3
3001491,BUNSIK,SATURDAY,6
3001491,BUNSIK,SUNDAY,4
3001491,CAFE_BEVERAGE,MONDAY,-3
3001491,CAFE_BEVERAGE,TUESDAY,-2
3001491,CAFE_BEVERAGE,WEDNESDAY,-2
3001491,CAFE_BEVERAGE,THURSDAY,-1
3001491,CAFE_BEVERAGE,FRIDAY,1
3001491,CAFE_BEVERAGE,SATURDAY,6
3001491,CAFE_BEVERAGE,SUNDAY,1
3001491,BAKERY,MONDAY,-4
3001491,BAKERY,TUESDAY,-4
3001491,BAKERY,WEDNESDAY,-3
3001491,BAKERY,THURSDAY,-2
3001491,BAKERY,FRIDAY,1
3001491,BAKERY,SATURDAY,6
3001491,BAKERY,SUNDAY,4
3001492,KOREAN_FOOD,MONDAY,2
3001492,KOREAN_FOOD,TUESDAY,3
3001492,KOREAN_FOOD,WEDNESDAY,4
3001492,KOREAN_FOOD,THURSDAY,4
3001492,KOREAN_FOOD,FRIDAY,4
3001492,KOREAN_FOOD,SATURDAY,-6
3001492,KOREAN_FOOD,SUNDAY,-6
3001492,CHINESE_FOOD,MONDAY,1
3001492,CHINESE_FOOD,TUESDAY,3
3001492,CHINESE_FOOD,WEDNESDAY,4
3001492,CHINESE_FOOD,THURSDAY,5
3001492,CHINESE_FOOD,FRIDAY,5
3001492,CHINESE_FOOD,SATURDAY,-6
3001492,CHINESE_FOOD,SUNDAY,-6
3001492,JAPANESE_FOOD,MONDAY,2
3001492,JAPANESE_FOOD,TUESDAY,4
3001492,JAPANESE_FOOD,WEDNESDAY,5
3001492,JAPANESE_FOOD,THURSDAY,5
3001492,JAPANESE_FOOD,FRIDAY,5
3001492,JAPANESE_FOOD,SATURDAY,-6
3001492,JAPANESE_FOOD,SUNDAY,-6
3001492,WESTERN_FOOD,MONDAY,-5
3001492,WESTERN_FOOD,TUESDAY,1
3001492,WESTERN_FOOD,WEDNESDAY,4
3001492,WESTERN_FOOD,THURSDAY,2
3001492,WESTERN_FOOD,FRIDAY,2
3001492,WESTERN_FOOD,SATURDAY,-1
3001492,WESTERN_FOOD,SUNDAY,-2
3001492,CHICKEN,MONDAY,0
3001492,CHICKEN,TUESDAY,2
3001492,CHICKEN,WEDNESDAY,4
3001492,CHICKEN,THURSDAY,5
3001492,CHICKEN,FRIDAY,4
3001492,CHICKEN,SATURDAY,-5
3001492,CHICKEN,SUNDAY,-6
3001492,FAST_FOOD,MONDAY,2
3001492,FAST_FOOD,TUESDAY,3
3001492,FAST_FOOD,WEDNESDAY,4
3001492,FAST_FOOD,THURSDAY,4
3001492,FAST_FOOD,FRIDAY,4
3001492,FAST_FOOD,SATURDAY,-6
3001492,FAST_FOOD,SUNDAY,-6
3001492,BUNSIK,MONDAY,3
3001492,BUNSIK,TUESDAY,4
3001492,BUNSIK,WEDNESDAY,4
3001492,BUNSIK,THURSDAY,4
3001492,BUNSIK,FRIDAY,4
3001492,BUNSIK,SATURDAY,-6
3001492,BUNSIK,SUNDAY,-6
3001492,CAFE_BEVERAGE,MONDAY,3
3001492,CAFE_BEVERAGE,TUESDAY,4
3001492,CAFE_BEVERAGE,WEDNESDAY,4
3001492,CAFE_BEVERAGE,THURSDAY,4
3001492,CAFE_BEVERAGE,FRIDAY,5
3001492,CAFE_BEVERAGE,SATURDAY,-6
3001492,CAFE_BEVERAGE,SUNDAY,-6
3001492,BAKERY,MONDAY,2
3001492,BAKERY,TUESDAY,4
3001492,BAKERY,WEDNESDAY,5
3001492,BAKERY,THURSDAY,4
3001492,BAKERY,FRIDAY,5
3001492,BAKERY,SATURDAY,-6
3001492,BAKERY,SUNDAY,-6
3001493,KOREAN_FOOD,MONDAY,1
3001493,KOREAN_FOOD,TUESDAY,1
3001493,KOREAN_FOOD,WEDNESDAY,2
3001493,KOREAN_FOOD,THURSDAY,2
3001493,KOREAN_FOOD,FRIDAY,2
3001493,KOREAN_FOOD,SATURDAY,-3
3001493,KOREAN_FOOD,SUNDAY,-6
3001493,CHINESE_FOOD,MONDAY,3
3001493,CHINESE_FOOD,TUESDAY,3
3001493,CHINESE_FOOD,WEDNESDAY,4
3001493,CHINESE_FOOD,THURSDAY,4
3001493,CHINESE_FOOD,FRIDAY,3
3001493,CHINESE_FOOD,SATURDAY,-5
3001493,CHINESE_FOOD,SUNDAY,-6
3001493,JAPANESE_FOOD,MONDAY,-6
3001493,JAPANESE_FOOD,TUESDAY,4
3001493,JAPANESE_FOOD,WEDNESDAY,3
3001493,JAPANESE_FOOD,THURSDAY,4
3001493,JAPANESE_FOOD,FRIDAY,6
3001493,JAPANESE_FOOD,SATURDAY,6
3001493,JAPANESE_FOOD,SUNDAY,-6
3001493,WESTERN_FOOD,MONDAY,-5
3001493,WESTERN_FOOD,TUESDAY,-4
3001493,WESTERN_FOOD,WEDNESDAY,-3
3001493,WESTERN_FOOD,THURSDAY,-3
3001493,WESTERN_FOOD,FRIDAY,0
3001493,WESTERN_FOOD,SATURDAY,6
3001493,WESTERN_FOOD,SUNDAY,6
3001493,CHICKEN,MONDAY,-4
3001493,CHICKEN,TUESDAY,-1
3001493,CHICKEN,WEDNESDAY,1
3001493,CHICKEN,THURSDAY,0
3001493,CHICKEN,FRIDAY,4
3001493,CHICKEN,SATURDAY,2
3001493,CHICKEN,SUNDAY,-2
3001493,FAST_FOOD,MONDAY,-2
3001493,FAST_FOOD,TUESDAY,0
3001493,FAST_FOOD,WEDNESDAY,1
3001493,FAST_FOOD,THURSDAY,1
3001493,FAST_FOOD,FRIDAY,2
3001493,FAST_FOOD,SATURDAY,1
3001493,FAST_FOOD,SUNDAY,-2
3001493,BUNSIK,MONDAY,0
3001493,BUNSIK,TUESDAY,1
3001493,BUNSIK,WEDNESDAY,1
3001493,BUNSIK,THURSDAY,1
3001493,BUNSIK,FRIDAY,1
3001493,BUNSIK,SATURDAY,-2
3001493,BUNSIK,SUNDAY,-3
3001493,CAFE_BEVERAGE,MONDAY,2
3001493,CAFE_BEVERAGE,TUESDAY,3
3001493,CAFE_BEVERAGE,WEDNESDAY,3
3001493,CAFE_BEVERAGE,THURSDAY,3
3001493,CAFE_BEVERAGE,FRIDAY,-1
3001493,CAFE_BEVERAGE,SATURDAY,-6
3001493,CAFE_BEVERAGE,SUNDAY,-4
3001493,BAKERY,MONDAY,2
3001493,BAKERY,TUESDAY,4
3001493,BAKERY,WEDNESDAY,4
3001493,BAKERY,THURSDAY,5
3001493,BAKERY,FRIDAY,3
3001493,BAKERY,SATURDAY,-5
3001493,BAKERY,SUNDAY,-6
3001494,KOREAN_FOOD,MONDAY,0
3001494,KOREAN_FOOD,TUESDAY,1
3001494,KOREAN_FOOD,WEDNESDAY,1
3001494,KOREAN_FOOD,THURSDAY,2
3001494,KOREAN_FOOD,FRIDAY,3
3001494,KOREAN_FOOD,SATURDAY,1
3001494,KOREAN_FOOD,SUNDAY,-6
3001494,CHINESE_FOOD,MONDAY,-1
3001494,CHINESE_FOOD,TUESDAY,1
3001494,CHINESE_FOOD,WEDNESDAY,2
3001494,CHINESE_FOOD,THURSDAY,2
3001494,CHINESE_FOOD,FRIDAY,3
3001494,CHINESE_FOOD,SATURDAY,-2
3001494,CHINESE_FOOD,SUNDAY,-5
3001494,JAPANESE_FOOD,MONDAY,3
3001494,JAPANESE_FOOD,TUESDAY,4
3001494,JAPANESE_FOOD,WEDNESDAY,5
3001494,JAPANESE_FOOD,THURSDAY,6
3001494,JAPANESE_FOOD,FRIDAY,5
3001494,JAPANESE_FOOD,SATURDAY,-6
3001494,JAPANESE_FOOD,SUNDAY,-6
3001494,WESTERN_FOOD,MONDAY,-1
3001494,WESTERN_FOOD,TUESDAY,1
3001494,WESTERN_FOOD,WEDNESDAY,3
3001494,WESTERN_FOOD,THURSDAY,3
3001494,WESTERN_FOOD,FRIDAY,5
3001494,WESTERN_FOOD,SATURDAY,-3
3001494,WESTERN_FOOD,SUNDAY,-6
3001494,CHICKEN,MONDAY,-3
3001494,CHICKEN,TUESDAY,0
3001494,CHICKEN,WEDNESDAY,0
3001494,CHICKEN,THURSDAY,1
3001494,CHICKEN,FRIDAY,5
3001494,CHICKEN,SATURDAY,2
3001494,CHICKEN,SUNDAY,-5
3001494,FAST_FOOD,MONDAY,0
3001494,FAST_FOOD,TUESDAY,1
3001494,FAST_FOOD,WEDNESDAY,2
3001494,FAST_FOOD,THURSDAY,2
3001494,FAST_FOOD,FRIDAY,3
3001494,FAST_FOOD,SATURDAY,-1
3001494,FAST_FOOD,SUNDAY,-6
3001494,BUNSIK,MONDAY,-2
3001494,BUNSIK,TUESDAY,-1
3001494,BUNSIK,WEDNESDAY,0
3001494,BUNSIK,THURSDAY,0
3001494,BUNSIK,FRIDAY,2
3001494,BUNSIK,SATURDAY,5
3001494,BUNSIK,SUNDAY,-3
3001494,CAFE_BEVERAGE,MONDAY,1
3001494,CAFE_BEVERAGE,TUESDAY,2
3001494,CAFE_BEVERAGE,WEDNESDAY,3
3001494,CAFE_BEVERAGE,THURSDAY,3
3001494,CAFE_BEVERAGE,FRIDAY,4
3001494,CAFE_BEVERAGE,SATURDAY,-3
3001494,CAFE_BEVERAGE,SUNDAY,-6
3001494,BAKERY,MONDAY,1
3001494,BAKERY,TUESDAY,1
3001494,BAKERY,WEDNESDAY,3
3001494,BAKERY,THURSDAY,2
3001494,BAKERY,FRIDAY,4
3001494,BAKERY,SATURDAY,4
3001494,BAKERY,SUNDAY,-6
3001495,KOREAN_FOOD,MONDAY,-2
3001495,KOREAN_FOOD,TUESDAY,-2
3001495,KOREAN_FOOD,WEDNESDAY,-1
3001495,KOREAN_FOOD,THURSDAY,-1
3001495,KOREAN_FOOD,FRIDAY,1
3001495,KOREAN_FOOD,SATURDAY,4
3001495,KOREAN_FOOD,SUNDAY,1
3001495,CHINESE_FOOD,MONDAY,-1
3001495,CHINESE_FOOD,TUESDAY,-1
3001495,CHINESE_FOOD,WEDNESDAY,1
3001495,CHINESE_FOOD,THURSDAY,1
3001495,CHINESE_FOOD,FRIDAY,2
3001495,CHINESE_FOOD,SATURDAY,0
3001495,CHINESE_FOOD,SUNDAY,-3
3001495,JAPANESE_FOOD,MONDAY,-2
3001495,JAPANESE_FOOD,TUESDAY,-2
3001495,JAPANESE_FOOD,WEDNESDAY,-1
3001495,JAPANESE_FOOD,THURSDAY,-1
3001495,JAPANESE_FOOD,FRIDAY,1
3001495,JAPANESE_FOOD,SATURDAY,3
3001495,JAPANESE_FOOD,SUNDAY,1
3001495,WESTERN_FOOD,MONDAY,-6
3001495,WESTERN_FOOD,TUESDAY,-5
3001495,WESTERN_FOOD,WEDNESDAY,-3
3001495,WESTERN_FOOD,THURSDAY,-3
3001495,WESTERN_FOOD,FRIDAY,0
3001495,WESTERN_FOOD,SATURDAY,6
3001495,WESTERN_FOOD,SUNDAY,6
3001495,CHICKEN,MONDAY,-3
3001495,CHICKEN,TUESDAY,-3
3001495,CHICKEN,WEDNESDAY,-2
3001495,CHICKEN,THURSDAY,-1
3001495,CHICKEN,FRIDAY,3
3001495,CHICKEN,SATURDAY,6
3001495,CHICKEN,SUNDAY,0
3001495,FAST_FOOD,MONDAY,-3
3001495,FAST_FOOD,TUESDAY,-2
3001495,FAST_FOOD,WEDNESDAY,-1
3001495,FAST_FOOD,THURSDAY,-2
3001495,FAST_FOOD,FRIDAY,1
3001495,FAST_FOOD,SATURDAY,4
3001495,FAST_FOOD,SUNDAY,3
3001495,BUNSIK,MONDAY,-2
3001495,BUNSIK,TUESDAY,-1
3001495,BUNSIK,WEDNESDAY,-1
3001495,BUNSIK,THURSDAY,-1
3001495,BUNSIK,FRIDAY,1
3001495,BUNSIK,SATURDAY,3
3001495,BUNSIK,SUNDAY,1
3001495,CAFE_BEVERAGE,MONDAY,-3
3001495,CAFE_BEVERAGE,TUESDAY,-3
3001495,CAFE_BEVERAGE,WEDNESDAY,-2
3001495,CAFE_BEVERAGE,THURSDAY,-2
3001495,CAFE_BEVERAGE,FRIDAY,0
3001495,CAFE_BEVERAGE,SATURDAY,6
3001495,CAFE_BEVERAGE,SUNDAY,4
3001495,BAKERY,MONDAY,-2
3001495,BAKERY,TUESDAY,-1
3001495,BAKERY,WEDNESDAY,-1
3001495,BAKERY,THURSDAY,-1
3001495,BAKERY,FRIDAY,0
3001495,BAKERY,SATURDAY,3
3001495,BAKERY,SUNDAY,2
3001496,KOREAN_FOOD,MONDAY,-1
3001496,KOREAN_FOOD,TUESDAY,1
3001496,KOREAN_FOOD,WEDNESDAY,2
3001496,KOREAN_FOOD,THURSDAY,3
3001496,KOREAN_FOOD,FRIDAY,1
3001496,KOREAN_FOOD,SATURDAY,-3
3001496,KOREAN_FOOD,SUNDAY,-4
3001496,CHINESE_FOOD,MONDAY,-2
3001496,CHINESE_FOOD,TUESDAY,-2
3001496,CHINESE_FOOD,WEDNESDAY,0
3001496,CHINESE_FOOD,THURSDAY,0
3001496,CHINESE_FOOD,FRIDAY,1
3001496,CHINESE_FOOD,SATURDAY,2
3001496,CHINESE_FOOD,SUNDAY,1
3001496,JAPANESE_FOOD,MONDAY,-2
3001496,JAPANESE_FOOD,TUESDAY,1
3001496,JAPANESE_FOOD,WEDNESDAY,3
3001496,JAPANESE_FOOD,THURSDAY,6
3001496,JAPANESE_FOOD,FRIDAY,5
3001496,JAPANESE_FOOD,SATURDAY,-5
3001496,JAPANESE_FOOD,SUNDAY,-6
3001496,WESTERN_FOOD,MONDAY,-3
3001496,WESTERN_FOOD,TUESDAY,-2
3001496,WESTERN_FOOD,WEDNESDAY,0
3001496,WESTERN_FOOD,THURSDAY,1
3001496,WESTERN_FOOD,FRIDAY,2
3001496,WESTERN_FOOD,SATURDAY,3
3001496,WESTERN_FOOD,SUNDAY,0
3001496,FAST_FOOD,MONDAY,-3
3001496,FAST_FOOD,TUESDAY,-2
3001496,FAST_FOOD,WEDNESDAY,0
3001496,FAST_FOOD,THURSDAY,2
3001496,FAST_FOOD,FRIDAY,3
3001496,FAST_FOOD,SATURDAY,1
3001496,FAST_FOOD,SUNDAY,-1
3001496,BUNSIK,MONDAY,-3
3001496,BUNSIK,TUESDAY,-2
3001496,BUNSIK,WEDNESDAY,-1
3001496,BUNSIK,THURSDAY,0
3001496,BUNSIK,FRIDAY,2
3001496,BUNSIK,SATURDAY,2
3001496,BUNSIK,SUNDAY,0
3001496,CAFE_BEVERAGE,MONDAY,-3
3001496,CAFE_BEVERAGE,TUESDAY,-1
3001496,CAFE_BEVERAGE,WEDNESDAY,0
3001496,CAFE_BEVERAGE,THURSDAY,1
3001496,CAFE_BEVERAGE,FRIDAY,2
3001496,CAFE_BEVERAGE,SATURDAY,2
3001496,CAFE_BEVERAGE,SUNDAY,0
3001496,BAKERY,MONDAY,-3
3001496,BAKERY,TUESDAY,-1
3001496,BAKERY,WEDNESDAY,0
3001496,BAKERY,THURSDAY,1
3001496,BAKERY,FRIDAY,2
3001496,BAKERY,SATURDAY,2
3001496,BAKERY,SUNDAY,-1
3110001,KOREAN_FOOD,MONDAY,-3
3110001,KOREAN_FOOD,TUESDAY,-2
3110001,KOREAN_FOOD,WEDNESDAY,2
3110001,KOREAN_FOOD,THURSDAY,0
3110001,KOREAN_FOOD,FRIDAY,1
3110001,KOREAN_FOOD,SATURDAY,6
3110001,KOREAN_FOOD,SUNDAY,-3
3110002,KOREAN_FOOD,MONDAY,3
3110002,KOREAN_FOOD,TUESDAY,2
3110002,KOREAN_FOOD,WEDNESDAY,2
3110002,KOREAN_FOOD,THURSDAY,3
3110002,KOREAN_FOOD,FRIDAY,2
3110002,KOREAN_FOOD,SATURDAY,-2
3110002,KOREAN_FOOD,SUNDAY,-6
3110002,CAFE_BEVERAGE,MONDAY,0
3110002,CAFE_BEVERAGE,TUESDAY,0
3110002,CAFE_BEVERAGE,WEDNESDAY,3
3110002,CAFE_BEVERAGE,THURSDAY,2
3110002,CAFE_BEVERAGE,FRIDAY,0
3110002,CAFE_BEVERAGE,SATURDAY,2
3110002,CAFE_BEVERAGE,SUNDAY,-6
3110002,BAKERY,MONDAY,1
3110002,BAKERY,TUESDAY,0
3110002,BAKERY,WEDNESDAY,2
3110002,BAKERY,THURSDAY,0
3110002,BAKERY,FRIDAY,1
3110002,BAKERY,SATURDAY,0
3110002,BAKERY,SUNDAY,-3
3110003,KOREAN_FOOD,MONDAY,5
3110003,KOREAN_FOOD,TUESDAY,3
3110003,KOREAN_FOOD,WEDNESDAY,4
3110003,KOREAN_FOOD,THURSDAY,2
3110003,KOREAN_FOOD,FRIDAY,5
3110003,KOREAN_FOOD,SATURDAY,-1
3110003,KOREAN_FOOD,SUNDAY,-6
3110003,BUNSIK,MONDAY,6
3110003,BUNSIK,TUESDAY,3
3110003,BUNSIK,WEDNESDAY,4
3110003,BUNSIK,THURSDAY,3
3110003,BUNSIK,FRIDAY,4
3110003,BUNSIK,SATURDAY,0
3110003,BUNSIK,SUNDAY,-6
3110003,CAFE_BEVERAGE,MONDAY,-6
3110003,CAFE_BEVERAGE,TUESDAY,-1
3110003,CAFE_BEVERAGE,WEDNESDAY,0
3110003,CAFE_BEVERAGE,THURSDAY,2
3110003,CAFE_BEVERAGE,FRIDAY,-5
3110003,CAFE_BEVERAGE,SATURDAY,6
3110003,CAFE_BEVERAGE,SUNDAY,5
3110003,BAKERY,MONDAY,0
3110003,BAKERY,TUESDAY,0
3110003,BAKERY,WEDNESDAY,0
3110003,BAKERY,THURSDAY,0
3110003,BAKERY,FRIDAY,-1
3110003,BAKERY,SATURDAY,1
3110003,BAKERY,SUNDAY,1
3110004,KOREAN_FOOD,MONDAY,-6
3110004,KOREAN_FOOD,TUESDAY,-6
3110004,KOREAN_FOOD,WEDNESDAY,0
3110004,KOREAN_FOOD,THURSDAY,0
3110004,KOREAN_FOOD,FRIDAY,2
3110004,KOREAN_FOOD,SATURDAY,4
3110004,KOREAN_FOOD,SUNDAY,6
3110005,KOREAN_FOOD,MONDAY,-6
3110005,KOREAN_FOOD,TUESDAY,3
3110005,KOREAN_FOOD,WEDNESDAY,2
3110005,KOREAN_FOOD,THURSDAY,2
3110005,KOREAN_FOOD,FRIDAY,3
3110005,KOREAN_FOOD,SATURDAY,4
3110005,KOREAN_FOOD,SUNDAY,-2
3110006,CAFE_BEVERAGE,MONDAY,-6
3110006,CAFE_BEVERAGE,TUESDAY,-6
3110006,CAFE_BEVERAGE,WEDNESDAY,-4
3110006,CAFE_BEVERAGE,THURSDAY,-4
3110006,CAFE_BEVERAGE,FRIDAY,-1
3110006,CAFE_BEVERAGE,SATURDAY,6
3110006,CAFE_BEVERAGE,SUNDAY,6
3110008,KOREAN_FOOD,MONDAY,3
3110008,KOREAN_FOOD,TUESDAY,-6
3110008,KOREAN_FOOD,WEDNESDAY,1
3110008,KOREAN_FOOD,THURSDAY,1
3110008,KOREAN_FOOD,FRIDAY,2
3110008,KOREAN_FOOD,SATURDAY,-1
3110008,KOREAN_FOOD,SUNDAY,-1
3110008,JAPANESE_FOOD,MONDAY,-6
3110008,JAPANESE_FOOD,TUESDAY,6
3110008,JAPANESE_FOOD,WEDNESDAY,3
3110008,JAPANESE_FOOD,THURSDAY,3
3110008,JAPANESE_FOOD,FRIDAY,4
3110008,JAPANESE_FOOD,SATURDAY,2
3110008,JAPANESE_FOOD,SUNDAY,-4
3110008,WESTERN_FOOD,MONDAY,-6
3110008,WESTERN_FOOD,TUESDAY,-5
3110008,WESTERN_FOOD,WEDNESDAY,-1
3110008,WESTERN_FOOD,THURSDAY,-1
3110008,WESTERN_FOOD,FRIDAY,2
3110008,WESTERN_FOOD,SATURDAY,6
3110008,WESTERN_FOOD,SUNDAY,4
3110008,BUNSIK,MONDAY,-6
3110008,BUNSIK,TUESDAY,-1
3110008,BUNSIK,WEDNESDAY,-1
3110008,BUNSIK,THURSDAY,-3
3110008,BUNSIK,FRIDAY,3
3110008,BUNSIK,SATURDAY,6
3110008,BUNSIK,SUNDAY,0
3110008,CAFE_BEVERAGE,MONDAY,-4
3110008,CAFE_BEVERAGE,TUESDAY,-1
3110008,CAFE_BEVERAGE,WEDNESDAY,0
3110008,CAFE_BEVERAGE,THURSDAY,-1
3110008,CAFE_BEVERAGE,FRIDAY,0
3110008,CAFE_BEVERAGE,SATURDAY,5
3110008,CAFE_BEVERAGE,SUNDAY,2
3110008,BAKERY,MONDAY,-6
3110008,BAKERY,TUESDAY,1
3110008,BAKERY,WEDNESDAY,1
3110008,BAKERY,THURSDAY,1
3110008,BAKERY,FRIDAY,1
3110008,BAKERY,SATURDAY,6
3110008,BAKERY,SUNDAY,3
3110009,KOREAN_FOOD,MONDAY,-6
3110009,KOREAN_FOOD,TUESDAY,-5
3110009,KOREAN_FOOD,WEDNESDAY,-1
3110009,KOREAN_FOOD,THURSDAY,-1
3110009,KOREAN_FOOD,FRIDAY,1
3110009,KOREAN_FOOD,SATURDAY,6
3110009,KOREAN_FOOD,SUNDAY,5
3110009,WESTERN_FOOD,MONDAY,-6
3110009,WESTERN_FOOD,TUESDAY,-6
3110009,WESTERN_FOOD,WEDNESDAY,-4
3110009,WESTERN_FOOD,THURSDAY,-4
3110009,WESTERN_FOOD,FRIDAY,0
3110009,WESTERN_FOOD,SATURDAY,6
3110009,WESTERN_FOOD,SUNDAY,6
3110009,CAFE_BEVERAGE,MONDAY,-6
3110009,CAFE_BEVERAGE,TUESDAY,-6
3110009,CAFE_BEVERAGE,WEDNESDAY,-2
3110009,CAFE_BEVERAGE,THURSDAY,-3
3110009,CAFE_BEVERAGE,FRIDAY,2
3110009,CAFE_BEVERAGE,SATURDAY,6
3110009,CAFE_BEVERAGE,SUNDAY,6
3110010,BUNSIK,MONDAY,5
3110010,BUNSIK,TUESDAY,0
3110010,BUNSIK,WEDNESDAY,4
3110010,BUNSIK,THURSDAY,3
3110010,BUNSIK,FRIDAY,4
3110010,BUNSIK,SATURDAY,-2
3110010,BUNSIK,SUNDAY,-6
3110010,BAKERY,MONDAY,-1
3110010,BAKERY,TUESDAY,-3
3110010,BAKERY,WEDNESDAY,2
3110010,BAKERY,THURSDAY,0
3110010,BAKERY,FRIDAY,0
3110010,BAKERY,SATURDAY,2
3110010,BAKERY,SUNDAY,0
3110012,KOREAN_FOOD,MONDAY,1
3110012,KOREAN_FOOD,TUESDAY,2
3110012,KOREAN_FOOD,WEDNESDAY,2
3110012,KOREAN_FOOD,THURSDAY,2
3110012,KOREAN_FOOD,FRIDAY,3
3110012,KOREAN_FOOD,SATURDAY,-4
3110012,KOREAN_FOOD,SUNDAY,-6
3110012,JAPANESE_FOOD,MONDAY,-2
3110012,JAPANESE_FOOD,TUESDAY,1
3110012,JAPANESE_FOOD,WEDNESDAY,2
3110012,JAPANESE_FOOD,THURSDAY,3
3110012,JAPANESE_FOOD,FRIDAY,5
3110012,JAPANESE_FOOD,SATURDAY,-2
3110012,JAPANESE_FOOD,SUNDAY,-6
3110012,WESTERN_FOOD,MONDAY,-1
3110012,WESTERN_FOOD,TUESDAY,3
3110012,WESTERN_FOOD,WEDNESDAY,4
3110012,WESTERN_FOOD,THURSDAY,3
3110012,WESTERN_FOOD,FRIDAY,5
3110012,WESTERN_FOOD,SATURDAY,-5
3110012,WESTERN_FOOD,SUNDAY,-6
3110012,CAFE_BEVERAGE,MONDAY,-1
3110012,CAFE_BEVERAGE,TUESDAY,1
3110012,CAFE_BEVERAGE,WEDNESDAY,3
3110012,CAFE_BEVERAGE,THURSDAY,2
3110012,CAFE_BEVERAGE,FRIDAY,3
3110012,CAFE_BEVERAGE,SATURDAY,-3
3110012,CAFE_BEVERAGE,SUNDAY,-5
3110013,CAFE_BEVERAGE,MONDAY,-6
3110013,CAFE_BEVERAGE,TUESDAY,-2
3110013,CAFE_BEVERAGE,WEDNESDAY,-2
3110013,CAFE_BEVERAGE,THURSDAY,-2
3110013,CAFE_BEVERAGE,FRIDAY,1
3110013,CAFE_BEVERAGE,SATURDAY,6
3110013,CAFE_BEVERAGE,SUNDAY,5
3110014,KOREAN_FOOD,MONDAY,0
3110014,KOREAN_FOOD,TUESDAY,2
3110014,KOREAN_FOOD,WEDNESDAY,1
3110014,KOREAN_FOOD,THURSDAY,2
3110014,KOREAN_FOOD,FRIDAY,0
3110014,KOREAN_FOOD,SATURDAY,-2
3110014,KOREAN_FOOD,SUNDAY,-3
3110015,WESTERN_FOOD,MONDAY,-6
3110015,WESTERN_FOOD,TUESDAY,0
3110015,WESTERN_FOOD,WEDNESDAY,3
3110015,WESTERN_FOOD,THURSDAY,5
3110015,WESTERN_FOOD,FRIDAY,6
3110015,WESTERN_FOOD,SATURDAY,6
3110015,WESTERN_FOOD,SUNDAY,-6
3110015,CAFE_BEVERAGE,MONDAY,-1
3110015,CAFE_BEVERAGE,TUESDAY,-2
3110015,CAFE_BEVERAGE,WEDNESDAY,-3
3110015,CAFE_BEVERAGE,THURSDAY,-1
3110015,CAFE_BEVERAGE,FRIDAY,1
3110015,CAFE_BEVERAGE,SATURDAY,5
3110015,CAFE_BEVERAGE,SUNDAY,0
3110016,KOREAN_FOOD,MONDAY,-3
3110016,KOREAN_FOOD,TUESDAY,-3
3110016,KOREAN_FOOD,WEDNESDAY,-3
3110016,KOREAN_FOOD,THURSDAY,-3
3110016,KOREAN_FOOD,FRIDAY,-3
3110016,KOREAN_FOOD,SATURDAY,6
3110016,KOREAN_FOOD,SUNDAY,6
3110016,CAFE_BEVERAGE,MONDAY,0
3110016,CAFE_BEVERAGE,TUESDAY,-4
3110016,CAFE_BEVERAGE,WEDNESDAY,-5
3110016,CAFE_BEVERAGE,THURSDAY,-3
3110016,CAFE_BEVERAGE,FRIDAY,-4
3110016,CAFE_BEVERAGE,SATURDAY,6
3110016,CAFE_BEVERAGE,SUNDAY,6
3110017,CAFE_BEVERAGE,MONDAY,-6
3110017,CAFE_BEVERAGE,TUESDAY,-6
3110017,CAFE_BEVERAGE,WEDNESDAY,-2
3110017,CAFE_BEVERAGE,THURSDAY,-3
3110017,CAFE_BEVERAGE,FRIDAY,-2
3110017,CAFE_BEVERAGE,SATURDAY,6
3110017,CAFE_BEVERAGE,SUNDAY,6
3110018,KOREAN_FOOD,MONDAY,-3
3110018,KOREAN_FOOD,TUESDAY,-1
3110018,KOREAN_FOOD,WEDNESDAY,0
3110018,KOREAN_FOOD,THURSDAY,1
3110018,KOREAN_FOOD,FRIDAY,1
3110018,KOREAN_FOOD,SATURDAY,4
3110018,KOREAN_FOOD,SUNDAY,-3
3110018,CAFE_BEVERAGE,MONDAY,-6
3110018,CAFE_BEVERAGE,TUESDAY,-1
3110018,CAFE_BEVERAGE,WEDNESDAY,1
3110018,CAFE_BEVERAGE,THURSDAY,1
3110018,CAFE_BEVERAGE,FRIDAY,0
3110018,CAFE_BEVERAGE,SATURDAY,6
3110018,CAFE_BEVERAGE,SUNDAY,0
3110019,KOREAN_FOOD,MONDAY,-6
3110019,KOREAN_FOOD,TUESDAY,-5
3110019,KOREAN_FOOD,WEDNESDAY,-3
3110019,KOREAN_FOOD,THURSDAY,-3
3110019,KOREAN_FOOD,FRIDAY,2
3110019,KOREAN_FOOD,SATURDAY,6
3110019,KOREAN_FOOD,SUNDAY,5
3110019,CAFE_BEVERAGE,MONDAY,-6
3110019,CAFE_BEVERAGE,TUESDAY,-4
3110019,CAFE_BEVERAGE,WEDNESDAY,0
3110019,CAFE_BEVERAGE,THURSDAY,0
3110019,CAFE_BEVERAGE,FRIDAY,3
3110019,CAFE_BEVERAGE,SATURDAY,6
3110019,CAFE_BEVERAGE,SUNDAY,-3
3110020,KOREAN_FOOD,MONDAY,5
3110020,KOREAN_FOOD,TUESDAY,5
3110020,KOREAN_FOOD,WEDNESDAY,4
3110020,KOREAN_FOOD,THURSDAY,5
3110020,KOREAN_FOOD,FRIDAY,1
3110020,KOREAN_FOOD,SATURDAY,-5
3110020,KOREAN_FOOD,SUNDAY,-6
3110020,BUNSIK,MONDAY,5
3110020,BUNSIK,TUESDAY,6
3110020,BUNSIK,WEDNESDAY,6
3110020,BUNSIK,THURSDAY,6
3110020,BUNSIK,FRIDAY,3
3110020,BUNSIK,SATURDAY,-6
3110020,BUNSIK,SUNDAY,-6
3110020,CAFE_BEVERAGE,MONDAY,3
3110020,CAFE_BEVERAGE,TUESDAY,4
3110020,CAFE_BEVERAGE,WEDNESDAY,3
3110020,CAFE_BEVERAGE,THURSDAY,3
3110020,CAFE_BEVERAGE,FRIDAY,1
3110020,CAFE_BEVERAGE,SATURDAY,-5
3110020,CAFE_BEVERAGE,SUNDAY,-6
3110021,KOREAN_FOOD,MONDAY,1
3110021,KOREAN_FOOD,TUESDAY,2
3110021,KOREAN_FOOD,WEDNESDAY,2
3110021,KOREAN_FOOD,THURSDAY,2
3110021,KOREAN_FOOD,FRIDAY,2
3110021,KOREAN_FOOD,SATURDAY,-1
3110021,KOREAN_FOOD,SUNDAY,-6
3110021,WESTERN_FOOD,MONDAY,-2
3110021,WESTERN_FOOD,TUESDAY,-2
3110021,WESTERN_FOOD,WEDNESDAY,-2
3110021,WESTERN_FOOD,THURSDAY,-2
3110021,WESTERN_FOOD,FRIDAY,2
3110021,WESTERN_FOOD,SATURDAY,6
3110021,WESTERN_FOOD,SUNDAY,-2
3110021,FAST_FOOD,MONDAY,0
3110021,FAST_FOOD,TUESDAY,2
3110021,FAST_FOOD,WEDNESDAY,0
3110021,FAST_FOOD,THURSDAY,2
3110021,FAST_FOOD,FRIDAY,3
3110021,FAST_FOOD,SATURDAY,1
3110021,FAST_FOOD,SUNDAY,-6
3110021,CAFE_BEVERAGE,MONDAY,-3
3110021,CAFE_BEVERAGE,TUESDAY,-2
3110021,CAFE_BEVERAGE,WEDNESDAY,-1
3110021,CAFE_BEVERAGE,THURSDAY,-1
3110021,CAFE_BEVERAGE,FRIDAY,-1
3110021,CAFE_BEVERAGE,SATURDAY,6
3110021,CAFE_BEVERAGE,SUNDAY,1
3110022,KOREAN_FOOD,MONDAY,4
3110022,KOREAN_FOOD,TUESDAY,6
3110022,KOREAN_FOOD,WEDNESDAY,6
3110022,KOREAN_FOOD,THURSDAY,6
3110022,KOREAN_FOOD,FRIDAY,6
3110022,KOREAN_FOOD,SATURDAY,-6
3110022,KOREAN_FOOD,SUNDAY,-6
3110022,CAFE_BEVERAGE,MONDAY,1
3110022,CAFE_BEVERAGE,TUESDAY,-2
3110022,CAFE_BEVERAGE,WEDNESDAY,-1
3110022,CAFE_BEVERAGE,THURSDAY,3
3110022,CAFE_BEVERAGE,FRIDAY,2
3110022,CAFE_BEVERAGE,SATURDAY,0
3110022,CAFE_BEVERAGE,SUNDAY,-4
3110023,KOREAN_FOOD,MONDAY,5
3110023,KOREAN_FOOD,TUESDAY,6
3110023,KOREAN_FOOD,WEDNESDAY,6
3110023,KOREAN_FOOD,THURSDAY,6
3110023,KOREAN_FOOD,FRIDAY,4
3110023,KOREAN_FOOD,SATURDAY,-6
3110023,KOREAN_FOOD,SUNDAY,-6
3110023,CAFE_BEVERAGE,MONDAY,2
3110023,CAFE_BEVERAGE,TUESDAY,3
3110023,CAFE_BEVERAGE,WEDNESDAY,3
3110023,CAFE_BEVERAGE,THURSDAY,3
3110023,CAFE_BEVERAGE,FRIDAY,3
3110023,CAFE_BEVERAGE,SATURDAY,-6
3110023,CAFE_BEVERAGE,SUNDAY,-6
3110024,KOREAN_FOOD,MONDAY,0
3110024,KOREAN_FOOD,TUESDAY,0
3110024,KOREAN_FOOD,WEDNESDAY,0
3110024,KOREAN_FOOD,THURSDAY,0
3110024,KOREAN_FOOD,FRIDAY,0
3110024,KOREAN_FOOD,SATURDAY,1
3110024,KOREAN_FOOD,SUNDAY,-2
3110024,CAFE_BEVERAGE,MONDAY,-2
3110024,CAFE_BEVERAGE,TUESDAY,-1
3110024,CAFE_BEVERAGE,WEDNESDAY,0
3110024,CAFE_BEVERAGE,THURSDAY,-1
3110024,CAFE_BEVERAGE,FRIDAY,1
3110024,CAFE_BEVERAGE,SATURDAY,5
3110024,CAFE_BEVERAGE,SUNDAY,-1
3110025,KOREAN_FOOD,MONDAY,2
3110025,KOREAN_FOOD,TUESDAY,4
3110025,KOREAN_FOOD,WEDNESDAY,3
3110025,KOREAN_FOOD,THURSDAY,4
3110025,KOREAN_FOOD,FRIDAY,6
3110025,KOREAN_FOOD,SATURDAY,-6
3110025,KOREAN_FOOD,SUNDAY,-6
3110027,KOREAN_FOOD,MONDAY,0
3110027,KOREAN_FOOD,TUESDAY,3
3110027,KOREAN_FOOD,WEDNESDAY,6
3110027,KOREAN_FOOD,THURSDAY,5
3110027,KOREAN_FOOD,FRIDAY,6
3110027,KOREAN_FOOD,SATURDAY,-3
3110027,KOREAN_FOOD,SUNDAY,-6
3110027,BUNSIK,MONDAY,-6
3110027,BUNSIK,TUESDAY,-3
3110027,BUNSIK,WEDNESDAY,-1
3110027,BUNSIK,THURSDAY,-1
3110027,BUNSIK,FRIDAY,1
3110027,BUNSIK,SATURDAY,6
3110027,BUNSIK,SUNDAY,6
3110027,CAFE_BEVERAGE,MONDAY,-5
3110027,CAFE_BEVERAGE,TUESDAY,-4
3110027,CAFE_BEVERAGE,WEDNESDAY,-2
3110027,CAFE_BEVERAGE,THURSDAY,-3
3110027,CAFE_BEVERAGE,FRIDAY,-1
3110027,CAFE_BEVERAGE,SATURDAY,6
3110027,CAFE_BEVERAGE,SUNDAY,6
3110028,KOREAN_FOOD,MONDAY,3
3110028,KOREAN_FOOD,TUESDAY,4
3110028,KOREAN_FOOD,WEDNESDAY,5
3110028,KOREAN_FOOD,THURSDAY,5
3110028,KOREAN_FOOD,FRIDAY,5
3110028,KOREAN_FOOD,SATURDAY,-6
3110028,KOREAN_FOOD,SUNDAY,-6
3110028,CAFE_BEVERAGE,MONDAY,0
3110028,CAFE_BEVERAGE,TUESDAY,3
3110028,CAFE_BEVERAGE,WEDNESDAY,3
3110028,CAFE_BEVERAGE,THURSDAY,2
3110028,CAFE_BEVERAGE,FRIDAY,5
3110028,CAFE_BEVERAGE,SATURDAY,2
3110028,CAFE_BEVERAGE,SUNDAY,-6
3110029,KOREAN_FOOD,MONDAY,-3
3110029,KOREAN_FOOD,TUESDAY,-2
3110029,KOREAN_FOOD,WEDNESDAY,-2
3110029,KOREAN_FOOD,THURSDAY,1
3110029,KOREAN_FOOD,FRIDAY,5
3110029,KOREAN_FOOD,SATURDAY,6
3110029,KOREAN_FOOD,SUNDAY,-6
3110029,BUNSIK,MONDAY,4
3110029,BUNSIK,TUESDAY,4
3110029,BUNSIK,WEDNESDAY,4
3110029,BUNSIK,THURSDAY,4
3110029,BUNSIK,FRIDAY,5
3110029,BUNSIK,SATURDAY,-1
3110029,BUNSIK,SUNDAY,-6
3110030,KOREAN_FOOD,MONDAY,-6
3110030,KOREAN_FOOD,TUESDAY,2
3110030,KOREAN_FOOD,WEDNESDAY,2
3110030,KOREAN_FOOD,THURSDAY,1
3110030,KOREAN_FOOD,FRIDAY,4
3110030,KOREAN_FOOD,SATURDAY,2
3110030,KOREAN_FOOD,SUNDAY,-4
3110030,WESTERN_FOOD,MONDAY,-1
3110030,WESTERN_FOOD,TUESDAY,-6
3110030,WESTERN_FOOD,WEDNESDAY,-6
3110030,WESTERN_FOOD,THURSDAY,-6
3110030,WESTERN_FOOD,FRIDAY,-3
3110030,WESTERN_FOOD,SATURDAY,6
3110030,WESTERN_FOOD,SUNDAY,6
3110033,KOREAN_FOOD,MONDAY,2
3110033,KOREAN_FOOD,TUESDAY,1
3110033,KOREAN_FOOD,WEDNESDAY,-1
3110033,KOREAN_FOOD,THURSDAY,2
3110033,KOREAN_FOOD,FRIDAY,2
3110033,KOREAN_FOOD,SATURDAY,-2
3110033,KOREAN_FOOD,SUNDAY,-3
3110034,KOREAN_FOOD,MONDAY,-6
3110034,KOREAN_FOOD,TUESDAY,-6
3110034,KOREAN_FOOD,WEDNESDAY,-5
3110034,KOREAN_FOOD,THURSDAY,-5
3110034,KOREAN_FOOD,FRIDAY,-6
3110034,KOREAN_FOOD,SATURDAY,6
3110034,KOREAN_FOOD,SUNDAY,6
3110035,KOREAN_FOOD,MONDAY,0
3110035,KOREAN_FOOD,TUESDAY,1
3110035,KOREAN_FOOD,WEDNESDAY,2
3110035,KOREAN_FOOD,THURSDAY,1
3110035,KOREAN_FOOD,FRIDAY,4
3110035,KOREAN_FOOD,SATURDAY,-2
3110035,KOREAN_FOOD,SUNDAY,-6
3110035,CAFE_BEVERAGE,MONDAY,1
3110035,CAFE_BEVERAGE,TUESDAY,0
3110035,CAFE_BEVERAGE,WEDNESDAY,1
3110035,CAFE_BEVERAGE,THURSDAY,0
3110035,CAFE_BEVERAGE,FRIDAY,1
3110035,CAFE_BEVERAGE,SATURDAY,-1
3110035,CAFE_BEVERAGE,SUNDAY,-2
3110036,KOREAN_FOOD,MONDAY,5
3110036,KOREAN_FOOD,TUESDAY,6
3110036,KOREAN_FOOD,WEDNESDAY,6
3110036,KOREAN_FOOD,THURSDAY,6
3110036,KOREAN_FOOD,FRIDAY,6
3110036,KOREAN_FOOD,SATURDAY,-6
3110036,KOREAN_FOOD,SUNDAY,-6
3110037,KOREAN_FOOD,MONDAY,3
3110037,KOREAN_FOOD,TUESDAY,4
3110037,KOREAN_FOOD,WEDNESDAY,3
3110037,KOREAN_FOOD,THURSDAY,2
3110037,KOREAN_FOOD,FRIDAY,3
3110037,KOREAN_FOOD,SATURDAY,2
3110037,KOREAN_FOOD,SUNDAY,-6
3110038,KOREAN_FOOD,MONDAY,3
3110038,KOREAN_FOOD,TUESDAY,4
3110038,KOREAN_FOOD,WEDNESDAY,5
3110038,KOREAN_FOOD,THURSDAY,4
3110038,KOREAN_FOOD,FRIDAY,3
3110038,KOREAN_FOOD,SATURDAY,-6
3110038,KOREAN_FOOD,SUNDAY,-6
3110038,JAPANESE_FOOD,MONDAY,1
3110038,JAPANESE_FOOD,TUESDAY,2
3110038,JAPANESE_FOOD,WEDNESDAY,3
3110038,JAPANESE_FOOD,THURSDAY,2
3110038,JAPANESE_FOOD,FRIDAY,2
3110038,JAPANESE_FOOD,SATURDAY,-6
3110038,JAPANESE_FOOD,SUNDAY,-5
3110038,BUNSIK,MONDAY,2
3110038,BUNSIK,TUESDAY,3
3110038,BUNSIK,WEDNESDAY,4
3110038,BUNSIK,THURSDAY,4
3110038,BUNSIK,FRIDAY,4
3110038,BUNSIK,SATURDAY,-6
3110038,BUNSIK,SUNDAY,-6
3110038,CAFE_BEVERAGE,MONDAY,4
3110038,CAFE_BEVERAGE,TUESDAY,5
3110038,CAFE_BEVERAGE,WEDNESDAY,6
3110038,CAFE_BEVERAGE,THURSDAY,6
3110038,CAFE_BEVERAGE,FRIDAY,5
3110038,CAFE_BEVERAGE,SATURDAY,-6
3110038,CAFE_BEVERAGE,SUNDAY,-6
3110039,KOREAN_FOOD,MONDAY,6
3110039,KOREAN_FOOD,TUESDAY,6
3110039,KOREAN_FOOD,WEDNESDAY,6
3110039,KOREAN_FOOD,THURSDAY,6
3110039,KOREAN_FOOD,FRIDAY,4
3110039,KOREAN_FOOD,SATURDAY,-6
3110039,KOREAN_FOOD,SUNDAY,-6
3110040,KOREAN_FOOD,MONDAY,6
3110040,KOREAN_FOOD,TUESDAY,6
3110040,KOREAN_FOOD,WEDNESDAY,6
3110040,KOREAN_FOOD,THURSDAY,6
3110040,KOREAN_FOOD,FRIDAY,4
3110040,KOREAN_FOOD,SATURDAY,-6
3110040,KOREAN_FOOD,SUNDAY,-6
3110040,CAFE_BEVERAGE,MONDAY,6
3110040,CAFE_BEVERAGE,TUESDAY,6
3110040,CAFE_BEVERAGE,WEDNESDAY,6
3110040,CAFE_BEVERAGE,THURSDAY,6
3110040,CAFE_BEVERAGE,FRIDAY,6
3110040,CAFE_BEVERAGE,SATURDAY,-6
3110040,CAFE_BEVERAGE,SUNDAY,-6
3110041,KOREAN_FOOD,MONDAY,0
3110041,KOREAN_FOOD,TUESDAY,0
3110041,KOREAN_FOOD,WEDNESDAY,1
3110041,KOREAN_FOOD,THURSDAY,1
3110041,KOREAN_FOOD,FRIDAY,1
3110041,KOREAN_FOOD,SATURDAY,3
3110041,KOREAN_FOOD,SUNDAY,-5
3110041,WESTERN_FOOD,MONDAY,-4
3110041,WESTERN_FOOD,TUESDAY,-6
3110041,WESTERN_FOOD,WEDNESDAY,-4
3110041,WESTERN_FOOD,THURSDAY,-5
3110041,WESTERN_FOOD,FRIDAY,-3
3110041,WESTERN_FOOD,SATURDAY,6
3110041,WESTERN_FOOD,SUNDAY,6
3110041,CAFE_BEVERAGE,MONDAY,0
3110041,CAFE_BEVERAGE,TUESDAY,0
3110041,CAFE_BEVERAGE,WEDNESDAY,0
3110041,CAFE_BEVERAGE,THURSDAY,1
3110041,CAFE_BEVERAGE,FRIDAY,2
3110041,CAFE_BEVERAGE,SATURDAY,1
3110041,CAFE_BEVERAGE,SUNDAY,-4
3110042,KOREAN_FOOD,MONDAY,6
3110042,KOREAN_FOOD,TUESDAY,6
3110042,KOREAN_FOOD,WEDNESDAY,6
3110042,KOREAN_FOOD,THURSDAY,6
3110042,KOREAN_FOOD,FRIDAY,6
3110042,KOREAN_FOOD,SATURDAY,-6
3110042,KOREAN_FOOD,SUNDAY,-6
3110043,KOREAN_FOOD,MONDAY,6
3110043,KOREAN_FOOD,TUESDAY,6
3110043,KOREAN_FOOD,WEDNESDAY,6
3110043,KOREAN_FOOD,THURSDAY,6
3110043,KOREAN_FOOD,FRIDAY,6
3110043,KOREAN_FOOD,SATURDAY,-6
3110043,KOREAN_FOOD,SUNDAY,-6
3110043,BUNSIK,MONDAY,4
3110043,BUNSIK,TUESDAY,2
3110043,BUNSIK,WEDNESDAY,4
3110043,BUNSIK,THURSDAY,4
3110043,BUNSIK,FRIDAY,2
3110043,BUNSIK,SATURDAY,-6
3110043,BUNSIK,SUNDAY,-6
3110043,CAFE_BEVERAGE,MONDAY,3
3110043,CAFE_BEVERAGE,TUESDAY,3
3110043,CAFE_BEVERAGE,WEDNESDAY,4
3110043,CAFE_BEVERAGE,THURSDAY,5
3110043,CAFE_BEVERAGE,FRIDAY,2
3110043,CAFE_BEVERAGE,SATURDAY,-6
3110043,CAFE_BEVERAGE,SUNDAY,-6
3110044,KOREAN_FOOD,MONDAY,5
3110044,KOREAN_FOOD,TUESDAY,6
3110044,KOREAN_FOOD,WEDNESDAY,4
3110044,KOREAN_FOOD,THURSDAY,5
3110044,KOREAN_FOOD,FRIDAY,4
3110044,KOREAN_FOOD,SATURDAY,-6
3110044,KOREAN_FOOD,SUNDAY,-6
3110045,KOREAN_FOOD,MONDAY,3
3110045,KOREAN_FOOD,TUESDAY,4
3110045,KOREAN_FOOD,WEDNESDAY,4
3110045,KOREAN_FOOD,THURSDAY,5
3110045,KOREAN_FOOD,FRIDAY,4
3110045,KOREAN_FOOD,SATURDAY,-6
3110045,KOREAN_FOOD,SUNDAY,-6
3110045,JAPANESE_FOOD,MONDAY,0
3110045,JAPANESE_FOOD,TUESDAY,3
3110045,JAPANESE_FOOD,WEDNESDAY,4
3110045,JAPANESE_FOOD,THURSDAY,5
3110045,JAPANESE_FOOD,FRIDAY,6
3110045,JAPANESE_FOOD,SATURDAY,-5
3110045,JAPANESE_FOOD,SUNDAY,-6
3110045,BUNSIK,MONDAY,-2
3110045,BUNSIK,TUESDAY,4
3110045,BUNSIK,WEDNESDAY,5
3110045,BUNSIK,THURSDAY,4
3110045,BUNSIK,FRIDAY,5
3110045,BUNSIK,SATURDAY,-6
3110045,BUNSIK,SUNDAY,-6
3110048,KOREAN_FOOD,MONDAY,1
3110048,KOREAN_FOOD,TUESDAY,-2
3110048,KOREAN_FOOD,WEDNESDAY,1
3110048,KOREAN_FOOD,THURSDAY,2
3110048,KOREAN_FOOD,FRIDAY,1
3110048,KOREAN_FOOD,SATURDAY,-1
3110048,KOREAN_FOOD,SUNDAY,-3
3110049,KOREAN_FOOD,MONDAY,0
3110049,KOREAN_FOOD,TUESDAY,0
3110049,KOREAN_FOOD,WEDNESDAY,1
3110049,KOREAN_FOOD,THURSDAY,1
3110049,KOREAN_FOOD,FRIDAY,4
3110049,KOREAN_FOOD,SATURDAY,0
3110049,KOREAN_FOOD,SUNDAY,-5
3110049,CAFE_BEVERAGE,MONDAY,-2
3110049,CAFE_BEVERAGE,TUESDAY,0
3110049,CAFE_BEVERAGE,WEDNESDAY,1
3110049,CAFE_BEVERAGE,THURSDAY,1
3110049,CAFE_BEVERAGE,FRIDAY,2
3110049,CAFE_BEVERAGE,SATURDAY,0
3110049,CAFE_BEVERAGE,SUNDAY,-3
3110050,KOREAN_FOOD,MONDAY,1
3110050,KOREAN_FOOD,TUESDAY,1
3110050,KOREAN_FOOD,WEDNESDAY,2
3110050,KOREAN_FOOD,THURSDAY,1
3110050,KOREAN_FOOD,FRIDAY,4
3110050,KOREAN_FOOD,SATURDAY,-6
3110050,KOREAN_FOOD,SUNDAY,3
3110051,KOREAN_FOOD,MONDAY,3
3110051,KOREAN_FOOD,TUESDAY,3
3110051,KOREAN_FOOD,WEDNESDAY,5
3110051,KOREAN_FOOD,THURSDAY,6
3110051,KOREAN_FOOD,FRIDAY,5
3110051,KOREAN_FOOD,SATURDAY,-4
3110051,KOREAN_FOOD,SUNDAY,-6
3110052,KOREAN_FOOD,MONDAY,2
3110052,KOREAN_FOOD,TUESDAY,1
3110052,KOREAN_FOOD,WEDNESDAY,2
3110052,KOREAN_FOOD,THURSDAY,2
3110052,KOREAN_FOOD,FRIDAY,3
3110052,KOREAN_FOOD,SATURDAY,-3
3110052,KOREAN_FOOD,SUNDAY,-6
3110052,BUNSIK,MONDAY,2
3110052,BUNSIK,TUESDAY,3
3110052,BUNSIK,WEDNESDAY,4
3110052,BUNSIK,THURSDAY,5
3110052,BUNSIK,FRIDAY,5
3110052,BUNSIK,SATURDAY,-6
3110052,BUNSIK,SUNDAY,-6
3110053,KOREAN_FOOD,MONDAY,2
3110053,KOREAN_FOOD,TUESDAY,3
3110053,KOREAN_FOOD,WEDNESDAY,3
3110053,KOREAN_FOOD,THURSDAY,3
3110053,KOREAN_FOOD,FRIDAY,6
3110053,KOREAN_FOOD,SATURDAY,-3
3110053,KOREAN_FOOD,SUNDAY,-6
3110053,CHINESE_FOOD,MONDAY,-6
3110053,CHINESE_FOOD,TUESDAY,1
3110053,CHINESE_FOOD,WEDNESDAY,3
3110053,CHINESE_FOOD,THURSDAY,3
3110053,CHINESE_FOOD,FRIDAY,5
3110053,CHINESE_FOOD,SATURDAY,6
3110053,CHINESE_FOOD,SUNDAY,-6
3110053,BAKERY,MONDAY,1
3110053,BAKERY,TUESDAY,0
3110053,BAKERY,WEDNESDAY,1
3110053,BAKERY,THURSDAY,2
3110053,BAKERY,FRIDAY,2
3110053,BAKERY,SATURDAY,-1
3110053,BAKERY,SUNDAY,-5
3110054,KOREAN_FOOD,MONDAY,3
3110054,KOREAN_FOOD,TUESDAY,1
3110054,KOREAN_FOOD,WEDNESDAY,3
3110054,KOREAN_FOOD,THURSDAY,3
3110054,KOREAN_FOOD,FRIDAY,5
3110054,KOREAN_FOOD,SATURDAY,-6
3110054,KOREAN_FOOD,SUNDAY,-6
3110054,FAST_FOOD,MONDAY,-6
3110054,FAST_FOOD,TUESDAY,-5
3110054,FAST_FOOD,WEDNESDAY,-4
3110054,FAST_FOOD,THURSDAY,6
3110054,FAST_FOOD,FRIDAY,5
3110054,FAST_FOOD,SATURDAY,-1
3110054,FAST_FOOD,SUNDAY,2
3110054,CAFE_BEVERAGE,MONDAY,0
3110054,CAFE_BEVERAGE,TUESDAY,-1
3110054,CAFE_BEVERAGE,WEDNESDAY,0
3110054,CAFE_BEVERAGE,THURSDAY,1
3110054,CAFE_BEVERAGE,FRIDAY,2
3110054,CAFE_BEVERAGE,SATURDAY,-1
3110054,CAFE_BEVERAGE,SUNDAY,-1
3110055,KOREAN_FOOD,MONDAY,-2
3110055,KOREAN_FOOD,TUESDAY,-4
3110055,KOREAN_FOOD,WEDNESDAY,-3
3110055,KOREAN_FOOD,THURSDAY,-4
3110055,KOREAN_FOOD,FRIDAY,-2
3110055,KOREAN_FOOD,SATURDAY,5
3110055,KOREAN_FOOD,SUNDAY,6
3110056,KOREAN_FOOD,MONDAY,-4
3110056,KOREAN_FOOD,TUESDAY,-1
3110056,KOREAN_FOOD,WEDNESDAY,0
3110056,KOREAN_FOOD,THURSDAY,0
3110056,KOREAN_FOOD,FRIDAY,5
3110056,KOREAN_FOOD,SATURDAY,5
3110056,KOREAN_FOOD,SUNDAY,-4
3110056,CAFE_BEVERAGE,MONDAY,-2
3110056,CAFE_BEVERAGE,TUESDAY,-1
3110056,CAFE_BEVERAGE,WEDNESDAY,0
3110056,CAFE_BEVERAGE,THURSDAY,-1
3110056,CAFE_BEVERAGE,FRIDAY,2
3110056,CAFE_BEVERAGE,SATURDAY,1
3110056,CAFE_BEVERAGE,SUNDAY,0
3110057,KOREAN_FOOD,MONDAY,-3
3110057,KOREAN_FOOD,TUESDAY,-2
3110057,KOREAN_FOOD,WEDNESDAY,-1
3110057,KOREAN_FOOD,THURSDAY,-1
3110057,KOREAN_FOOD,FRIDAY,3
3110057,KOREAN_FOOD,SATURDAY,5
3110057,KOREAN_FOOD,SUNDAY,-1
3110057,BUNSIK,MONDAY,4
3110057,BUNSIK,TUESDAY,3
3110057,BUNSIK,WEDNESDAY,1
3110057,BUNSIK,THURSDAY,-6
3110057,BUNSIK,FRIDAY,4
3110057,BUNSIK,SATURDAY,0
3110057,BUNSIK,SUNDAY,-4
3110058,KOREAN_FOOD,MONDAY,5
3110058,KOREAN_FOOD,TUESDAY,5
3110058,KOREAN_FOOD,WEDNESDAY,4
3110058,KOREAN_FOOD,THURSDAY,4
3110058,KOREAN_FOOD,FRIDAY,4
3110058,KOREAN_FOOD,SATURDAY,-6
3110058,KOREAN_FOOD,SUNDAY,-6
3110058,CAFE_BEVERAGE,MONDAY,2
3110058,CAFE_BEVERAGE,TUESDAY,3
3110058,CAFE_BEVERAGE,WEDNESDAY,4
3110058,CAFE_BEVERAGE,THURSDAY,4
3110058,CAFE_BEVERAGE,FRIDAY,5
3110058,CAFE_BEVERAGE,SATURDAY,-6
3110058,CAFE_BEVERAGE,SUNDAY,-6
3110059,KOREAN_FOOD,MONDAY,5
3110059,KOREAN_FOOD,TUESDAY,5
3110059,KOREAN_FOOD,WEDNESDAY,3
3110059,KOREAN_FOOD,THURSDAY,5
3110059,KOREAN_FOOD,FRIDAY,3
3110059,KOREAN_FOOD,SATURDAY,-6
3110059,KOREAN_FOOD,SUNDAY,-6
3110059,CAFE_BEVERAGE,MONDAY,-5
3110059,CAFE_BEVERAGE,TUESDAY,-3
3110059,CAFE_BEVERAGE,WEDNESDAY,-2
3110059,CAFE_BEVERAGE,THURSDAY,-2
3110059,CAFE_BEVERAGE,FRIDAY,-1
3110059,CAFE_BEVERAGE,SATURDAY,5
3110059,CAFE_BEVERAGE,SUNDAY,6
3110060,KOREAN_FOOD,MONDAY,-1
3110060,KOREAN_FOOD,TUESDAY,3
3110060,KOREAN_FOOD,WEDNESDAY,1
3110060,KOREAN_FOOD,THURSDAY,3
3110060,KOREAN_FOOD,FRIDAY,6
3110060,KOREAN_FOOD,SATURDAY,-3
3110060,KOREAN_FOOD,SUNDAY,-6
3110060,CHICKEN,MONDAY,-6
3110060,CHICKEN,TUESDAY,-6
3110060,CHICKEN,WEDNESDAY,-3
3110060,CHICKEN,THURSDAY,-1
3110060,CHICKEN,FRIDAY,5
3110060,CHICKEN,SATURDAY,6
3110060,CHICKEN,SUNDAY,6
3110060,CAFE_BEVERAGE,MONDAY,-3
3110060,CAFE_BEVERAGE,TUESDAY,-3
3110060,CAFE_BEVERAGE,WEDNESDAY,2
3110060,CAFE_BEVERAGE,THURSDAY,2
3110060,CAFE_BEVERAGE,FRIDAY,4
3110060,CAFE_BEVERAGE,SATURDAY,2
3110060,CAFE_BEVERAGE,SUNDAY,-4
3110061,KOREAN_FOOD,MONDAY,-6
3110061,KOREAN_FOOD,TUESDAY,0
3110061,KOREAN_FOOD,WEDNESDAY,2
3110061,KOREAN_FOOD,THURSDAY,1
3110061,KOREAN_FOOD,FRIDAY,2
3110061,KOREAN_FOOD,SATURDAY,4
3110061,KOREAN_FOOD,SUNDAY,-1
3110061,CAFE_BEVERAGE,MONDAY,-3
3110061,CAFE_BEVERAGE,TUESDAY,0
3110061,CAFE_BEVERAGE,WEDNESDAY,0
3110061,CAFE_BEVERAGE,THURSDAY,1
3110061,CAFE_BEVERAGE,FRIDAY,0
3110061,CAFE_BEVERAGE,SATURDAY,2
3110061,CAFE_BEVERAGE,SUNDAY,0
3110062,KOREAN_FOOD,MONDAY,-1
3110062,KOREAN_FOOD,TUESDAY,0
3110062,KOREAN_FOOD,WEDNESDAY,1
3110062,KOREAN_FOOD,THURSDAY,1
3110062,KOREAN_FOOD,FRIDAY,2
3110062,KOREAN_FOOD,SATURDAY,0
3110062,KOREAN_FOOD,SUNDAY,-3
3110062,WESTERN_FOOD,MONDAY,-6
3110062,WESTERN_FOOD,TUESDAY,-3
3110062,WESTERN_FOOD,WEDNESDAY,0
3110062,WESTERN_FOOD,THURSDAY,0
3110062,WESTERN_FOOD,FRIDAY,3
3110062,WESTERN_FOOD,SATURDAY,5
3110062,WESTERN_FOOD,SUNDAY,2
3110062,CAFE_BEVERAGE,MONDAY,-1
3110062,CAFE_BEVERAGE,TUESDAY,0
3110062,CAFE_BEVERAGE,WEDNESDAY,1
3110062,CAFE_BEVERAGE,THURSDAY,1
3110062,CAFE_BEVERAGE,FRIDAY,1
3110062,CAFE_BEVERAGE,SATURDAY,1
3110062,CAFE_BEVERAGE,SUNDAY,-3
3110063,KOREAN_FOOD,MONDAY,-2
3110063,KOREAN_FOOD,TUESDAY,0
3110063,KOREAN_FOOD,WEDNESDAY,1
3110063,KOREAN_FOOD,THURSDAY,1
3110063,KOREAN_FOOD,FRIDAY,3
3110063,KOREAN_FOOD,SATURDAY,1
3110063,KOREAN_FOOD,SUNDAY,-4
3110063,CHICKEN,MONDAY,-1
3110063,CHICKEN,TUESDAY,-1
3110063,CHICKEN,WEDNESDAY,0
3110063,CHICKEN,THURSDAY,1
3110063,CHICKEN,FRIDAY,2
3110063,CHICKEN,SATURDAY,2
3110063,CHICKEN,SUNDAY,-3
3110063,CAFE_BEVERAGE,MONDAY,4
3110063,CAFE_BEVERAGE,TUESDAY,-6
3110063,CAFE_BEVERAGE,WEDNESDAY,-4
3110063,CAFE_BEVERAGE,THURSDAY,-1
3110063,CAFE_BEVERAGE,FRIDAY,1
3110063,CAFE_BEVERAGE,SATURDAY,4
3110063,CAFE_BEVERAGE,SUNDAY,4
3110064,KOREAN_FOOD,MONDAY,2
3110064,KOREAN_FOOD,TUESDAY,2
3110064,KOREAN_FOOD,WEDNESDAY,2
3110064,KOREAN_FOOD,THURSDAY,2
3110064,KOREAN_FOOD,FRIDAY,1
3110064,KOREAN_FOOD,SATURDAY,-5
3110064,KOREAN_FOOD,SUNDAY,-4
3110064,FAST_FOOD,MONDAY,2
3110064,FAST_FOOD,TUESDAY,3
3110064,FAST_FOOD,WEDNESDAY,1
3110064,FAST_FOOD,THURSDAY,1
3110064,FAST_FOOD,FRIDAY,2
3110064,FAST_FOOD,SATURDAY,1
3110064,FAST_FOOD,SUNDAY,-6
3110064,BUNSIK,MONDAY,4
3110064,BUNSIK,TUESDAY,3
3110064,BUNSIK,WEDNESDAY,3
3110064,BUNSIK,THURSDAY,2
3110064,BUNSIK,FRIDAY,3
3110064,BUNSIK,SATURDAY,-6
3110064,BUNSIK,SUNDAY,-6
3110064,CAFE_BEVERAGE,MONDAY,0
3110064,CAFE_BEVERAGE,TUESDAY,1
3110064,CAFE_BEVERAGE,WEDNESDAY,2
3110064,CAFE_BEVERAGE,THURSDAY,2
3110064,CAFE_BEVERAGE,FRIDAY,1
3110064,CAFE_BEVERAGE,SATURDAY,1
3110064,CAFE_BEVERAGE,SUNDAY,-6
3110066,KOREAN_FOOD,MONDAY,2
3110066,KOREAN_FOOD,TUESDAY,3
3110066,KOREAN_FOOD,WEDNESDAY,3
3110066,KOREAN_FOOD,THURSDAY,4
3110066,KOREAN_FOOD,FRIDAY,5
3110066,KOREAN_FOOD,SATURDAY,-6
3110066,KOREAN_FOOD,SUNDAY,-6
3110066,BUNSIK,MONDAY,1
3110066,BUNSIK,TUESDAY,4
3110066,BUNSIK,WEDNESDAY,5
3110066,BUNSIK,THURSDAY,5
3110066,BUNSIK,FRIDAY,6
3110066,BUNSIK,SATURDAY,-6
3110066,BUNSIK,SUNDAY,-6
3110066,CAFE_BEVERAGE,MONDAY,2
3110066,CAFE_BEVERAGE,TUESDAY,3
3110066,CAFE_BEVERAGE,WEDNESDAY,2
3110066,CAFE_BEVERAGE,THURSDAY,3
3110066,CAFE_BEVERAGE,FRIDAY,5
3110066,CAFE_BEVERAGE,SATURDAY,-6
3110066,CAFE_BEVERAGE,SUNDAY,-6
3110067,KOREAN_FOOD,MONDAY,3
3110067,KOREAN_FOOD,TUESDAY,4
3110067,KOREAN_FOOD,WEDNESDAY,4
3110067,KOREAN_FOOD,THURSDAY,4
3110067,KOREAN_FOOD,FRIDAY,5
3110067,KOREAN_FOOD,SATURDAY,-6
3110067,KOREAN_FOOD,SUNDAY,-6
3110067,BUNSIK,MONDAY,-1
3110067,BUNSIK,TUESDAY,3
3110067,BUNSIK,WEDNESDAY,1
3110067,BUNSIK,THURSDAY,2
3110067,BUNSIK,FRIDAY,1
3110067,BUNSIK,SATURDAY,-6
3110067,BUNSIK,SUNDAY,6
3110067,CAFE_BEVERAGE,MONDAY,-6
3110067,CAFE_BEVERAGE,TUESDAY,-6
3110067,CAFE_BEVERAGE,WEDNESDAY,-5
3110067,CAFE_BEVERAGE,THURSDAY,-6
3110067,CAFE_BEVERAGE,FRIDAY,-1
3110067,CAFE_BEVERAGE,SATURDAY,-1
3110067,CAFE_BEVERAGE,SUNDAY,6
3110068,KOREAN_FOOD,MONDAY,3
3110068,KOREAN_FOOD,TUESDAY,4
3110068,KOREAN_FOOD,WEDNESDAY,3
3110068,KOREAN_FOOD,THURSDAY,5
3110068,KOREAN_FOOD,FRIDAY,6
3110068,KOREAN_FOOD,SATURDAY,-6
3110068,KOREAN_FOOD,SUNDAY,-6
3110068,CHINESE_FOOD,MONDAY,2
3110068,CHINESE_FOOD,TUESDAY,3
3110068,CHINESE_FOOD,WEDNESDAY,3
3110068,CHINESE_FOOD,THURSDAY,4
3110068,CHINESE_FOOD,FRIDAY,6
3110068,CHINESE_FOOD,SATURDAY,-6
3110068,CHINESE_FOOD,SUNDAY,-6
3110068,BUNSIK,MONDAY,3
3110068,BUNSIK,TUESDAY,4
3110068,BUNSIK,WEDNESDAY,3
3110068,BUNSIK,THURSDAY,4
3110068,BUNSIK,FRIDAY,4
3110068,BUNSIK,SATURDAY,-4
3110068,BUNSIK,SUNDAY,-6
3110068,CAFE_BEVERAGE,MONDAY,-2
3110068,CAFE_BEVERAGE,TUESDAY,-1
3110068,CAFE_BEVERAGE,WEDNESDAY,0
3110068,CAFE_BEVERAGE,THURSDAY,0
3110068,CAFE_BEVERAGE,FRIDAY,1
3110068,CAFE_BEVERAGE,SATURDAY,2
3110068,CAFE_BEVERAGE,SUNDAY,1
3110069,KOREAN_FOOD,MONDAY,2
3110069,KOREAN_FOOD,TUESDAY,3
3110069,KOREAN_FOOD,WEDNESDAY,3
3110069,KOREAN_FOOD,THURSDAY,3
3110069,KOREAN_FOOD,FRIDAY,0
3110069,KOREAN_FOOD,SATURDAY,-6
3110069,KOREAN_FOOD,SUNDAY,-5
3110069,CHINESE_FOOD,MONDAY,-4
3110069,CHINESE_FOOD,TUESDAY,5
3110069,CHINESE_FOOD,WEDNESDAY,4
3110069,CHINESE_FOOD,THURSDAY,3
3110069,CHINESE_FOOD,FRIDAY,0
3110069,CHINESE_FOOD,SATURDAY,-4
3110069,CHINESE_FOOD,SUNDAY,-5
3110069,JAPANESE_FOOD,MONDAY,3
3110069,JAPANESE_FOOD,TUESDAY,4
3110069,JAPANESE_FOOD,WEDNESDAY,4
3110069,JAPANESE_FOOD,THURSDAY,4
3110069,JAPANESE_FOOD,FRIDAY,2
3110069,JAPANESE_FOOD,SATURDAY,-5
3110069,JAPANESE_FOOD,SUNDAY,-6
3110069,WESTERN_FOOD,MONDAY,3
3110069,WESTERN_FOOD,TUESDAY,6
3110069,WESTERN_FOOD,WEDNESDAY,5
3110069,WESTERN_FOOD,THURSDAY,5
3110069,WESTERN_FOOD,FRIDAY,0
3110069,WESTERN_FOOD,SATURDAY,-6
3110069,WESTERN_FOOD,SUNDAY,-6
3110069,CHICKEN,MONDAY,-1
3110069,CHICKEN,TUESDAY,-1
3110069,CHICKEN,WEDNESDAY,0
3110069,CHICKEN,THURSDAY,1
3110069,CHICKEN,FRIDAY,5
3110069,CHICKEN,SATURDAY,3
3110069,CHICKEN,SUNDAY,-6
3110069,FAST_FOOD,MONDAY,2
3110069,FAST_FOOD,TUESDAY,2
3110069,FAST_FOOD,WEDNESDAY,3
3110069,FAST_FOOD,THURSDAY,3
3110069,FAST_FOOD,FRIDAY,-1
3110069,FAST_FOOD,SATURDAY,-4
3110069,FAST_FOOD,SUNDAY,-5
3110069,BUNSIK,MONDAY,3
3110069,BUNSIK,TUESDAY,3
3110069,BUNSIK,WEDNESDAY,3
3110069,BUNSIK,THURSDAY,3
3110069,BUNSIK,FRIDAY,-1
3110069,BUNSIK,SATURDAY,-6
3110069,BUNSIK,SUNDAY,-4
3110069,CAFE_BEVERAGE,MONDAY,3
3110069,CAFE_BEVERAGE,TUESDAY,4
3110069,CAFE_BEVERAGE,WEDNESDAY,4
3110069,CAFE_BEVERAGE,THURSDAY,3
3110069,CAFE_BEVERAGE,FRIDAY,-1
3110069,CAFE_BEVERAGE,SATURDAY,-6
3110069,CAFE_BEVERAGE,SUNDAY,-5
3110069,BAKERY,MONDAY,-2
3110069,BAKERY,TUESDAY,-1
3110069,BAKERY,WEDNESDAY,0
3110069,BAKERY,THURSDAY,1
3110069,BAKERY,FRIDAY,0
3110069,BAKERY,SATURDAY,-2
3110069,BAKERY,SUNDAY,4
3110071,KOREAN_FOOD,MONDAY,0
3110071,KOREAN_FOOD,TUESDAY,-1
3110071,KOREAN_FOOD,WEDNESDAY,0
3110071,KOREAN_FOOD,THURSDAY,-1
3110071,KOREAN_FOOD,FRIDAY,1
3110071,KOREAN_FOOD,SATURDAY,-1
3110071,KOREAN_FOOD,SUNDAY,3
3110071,WESTERN_FOOD,MONDAY,-6
3110071,WESTERN_FOOD,TUESDAY,3
3110071,WESTERN_FOOD,WEDNESDAY,3
3110071,WESTERN_FOOD,THURSDAY,3
3110071,WESTERN_FOOD,FRIDAY,5
3110071,WESTERN_FOOD,SATURDAY,-3
3110071,WESTERN_FOOD,SUNDAY,-4
3110072,KOREAN_FOOD,MONDAY,1
3110072,KOREAN_FOOD,TUESDAY,2
3110072,KOREAN_FOOD,WEDNESDAY,2
3110072,KOREAN_FOOD,THURSDAY,3
3110072,KOREAN_FOOD,FRIDAY,5
3110072,KOREAN_FOOD,SATURDAY,-6
3110072,KOREAN_FOOD,SUNDAY,-6
3110073,KOREAN_FOOD,MONDAY,-6
3110073,KOREAN_FOOD,TUESDAY,-3
3110073,KOREAN_FOOD,WEDNESDAY,-1
3110073,KOREAN_FOOD,THURSDAY,-2
3110073,KOREAN_FOOD,FRIDAY,5
3110073,KOREAN_FOOD,SATURDAY,6
3110073,KOREAN_FOOD,SUNDAY,-2
3110074,KOREAN_FOOD,MONDAY,6
3110074,KOREAN_FOOD,TUESDAY,6
3110074,KOREAN_FOOD,WEDNESDAY,6
3110074,KOREAN_FOOD,THURSDAY,6
3110074,KOREAN_FOOD,FRIDAY,4
3110074,KOREAN_FOOD,SATURDAY,-6
3110074,KOREAN_FOOD,SUNDAY,-6
3110074,CHINESE_FOOD,MONDAY,2
3110074,CHINESE_FOOD,TUESDAY,5
3110074,CHINESE_FOOD,WEDNESDAY,4
3110074,CHINESE_FOOD,THURSDAY,5
3110074,CHINESE_FOOD,FRIDAY,5
3110074,CHINESE_FOOD,SATURDAY,-6
3110074,CHINESE_FOOD,SUNDAY,-6
3110074,JAPANESE_FOOD,MONDAY,5
3110074,JAPANESE_FOOD,TUESDAY,6
3110074,JAPANESE_FOOD,WEDNESDAY,6
3110074,JAPANESE_FOOD,THURSDAY,6
3110074,JAPANESE_FOOD,FRIDAY,6
3110074,JAPANESE_FOOD,SATURDAY,-6
3110074,JAPANESE_FOOD,SUNDAY,-6
3110074,WESTERN_FOOD,MONDAY,5
3110074,WESTERN_FOOD,TUESDAY,5
3110074,WESTERN_FOOD,WEDNESDAY,6
3110074,WESTERN_FOOD,THURSDAY,6
3110074,WESTERN_FOOD,FRIDAY,6
3110074,WESTERN_FOOD,SATURDAY,-6
3110074,WESTERN_FOOD,SUNDAY,-6
3110074,FAST_FOOD,MONDAY,2
3110074,FAST_FOOD,TUESDAY,2
3110074,FAST_FOOD,WEDNESDAY,5
3110074,FAST_FOOD,THURSDAY,6
3110074,FAST_FOOD,FRIDAY,4
3110074,FAST_FOOD,SATURDAY,-6
3110074,FAST_FOOD,SUNDAY,-6
3110074,BUNSIK,MONDAY,2
3110074,BUNSIK,TUESDAY,5
3110074,BUNSIK,WEDNESDAY,3
3110074,BUNSIK,THURSDAY,6
3110074,BUNSIK,FRIDAY,5
3110074,BUNSIK,SATURDAY,-6
3110074,BUNSIK,SUNDAY,-6
3110074,CAFE_BEVERAGE,MONDAY,5
3110074,CAFE_BEVERAGE,TUESDAY,6
3110074,CAFE_BEVERAGE,WEDNESDAY,6
3110074,CAFE_BEVERAGE,THURSDAY,6
3110074,CAFE_BEVERAGE,FRIDAY,5
3110074,CAFE_BEVERAGE,SATURDAY,-6
3110074,CAFE_BEVERAGE,SUNDAY,-6
3110075,KOREAN_FOOD,MONDAY,3
3110075,KOREAN_FOOD,TUESDAY,5
3110075,KOREAN_FOOD,WEDNESDAY,5
3110075,KOREAN_FOOD,THURSDAY,6
3110075,KOREAN_FOOD,FRIDAY,6
3110075,KOREAN_FOOD,SATURDAY,-6
3110075,KOREAN_FOOD,SUNDAY,-6
3110075,CAFE_BEVERAGE,MONDAY,0
3110075,CAFE_BEVERAGE,TUESDAY,1
3110075,CAFE_BEVERAGE,WEDNESDAY,0
3110075,CAFE_BEVERAGE,THURSDAY,1
3110075,CAFE_BEVERAGE,FRIDAY,2
3110075,CAFE_BEVERAGE,SATURDAY,-1
3110075,CAFE_BEVERAGE,SUNDAY,-3
3110076,KOREAN_FOOD,MONDAY,-6
3110076,KOREAN_FOOD,TUESDAY,1
3110076,KOREAN_FOOD,WEDNESDAY,1
3110076,KOREAN_FOOD,THURSDAY,2
3110076,KOREAN_FOOD,FRIDAY,2
3110076,KOREAN_FOOD,SATURDAY,3
3110076,KOREAN_FOOD,SUNDAY,0
3110076,CAFE_BEVERAGE,MONDAY,-2
3110076,CAFE_BEVERAGE,TUESDAY,0
3110076,CAFE_BEVERAGE,WEDNESDAY,0
3110076,CAFE_BEVERAGE,THURSDAY,1
3110076,CAFE_BEVERAGE,FRIDAY,2
3110076,CAFE_BEVERAGE,SATURDAY,1
3110076,CAFE_BEVERAGE,SUNDAY,-2
3110077,KOREAN_FOOD,MONDAY,2
3110077,KOREAN_FOOD,TUESDAY,1
3110077,KOREAN_FOOD,WEDNESDAY,1
3110077,KOREAN_FOOD,THURSDAY,2
3110077,KOREAN_FOOD,FRIDAY,2
3110077,KOREAN_FOOD,SATURDAY,-1
3110077,KOREAN_FOOD,SUNDAY,-6
3110077,CAFE_BEVERAGE,MONDAY,-6
3110077,CAFE_BEVERAGE,TUESDAY,-6
3110077,CAFE_BEVERAGE,WEDNESDAY,1
3110077,CAFE_BEVERAGE,THURSDAY,0
3110077,CAFE_BEVERAGE,FRIDAY,1
3110077,CAFE_BEVERAGE,SATURDAY,6
3110077,CAFE_BEVERAGE,SUNDAY,6
3110079,KOREAN_FOOD,MONDAY,-3
3110079,KOREAN_FOOD,TUESDAY,3
3110079,KOREAN_FOOD,WEDNESDAY,3
3110079,KOREAN_FOOD,THURSDAY,3
3110079,KOREAN_FOOD,FRIDAY,5
3110079,KOREAN_FOOD,SATURDAY,-3
3110079,KOREAN_FOOD,SUNDAY,-6
3110079,CHINESE_FOOD,MONDAY,1
3110079,CHINESE_FOOD,TUESDAY,-6
3110079,CHINESE_FOOD,WEDNESDAY,0
3110079,CHINESE_FOOD,THURSDAY,0
3110079,CHINESE_FOOD,FRIDAY,1
3110079,CHINESE_FOOD,SATURDAY,3
3110079,CHINESE_FOOD,SUNDAY,6
3110079,WESTERN_FOOD,MONDAY,-1
3110079,WESTERN_FOOD,TUESDAY,1
3110079,WESTERN_FOOD,WEDNESDAY,3
3110079,WESTERN_FOOD,THURSDAY,3
3110079,WESTERN_FOOD,FRIDAY,4
3110079,WESTERN_FOOD,SATURDAY,1
3110079,WESTERN_FOOD,SUNDAY,-6
3110079,CHICKEN,MONDAY,-6
3110079,CHICKEN,TUESDAY,-1
3110079,CHICKEN,WEDNESDAY,-1
3110079,CHICKEN,THURSDAY,0
3110079,CHICKEN,FRIDAY,6
3110079,CHICKEN,SATURDAY,6
3110079,CHICKEN,SUNDAY,-1
3110079,BUNSIK,MONDAY,1
3110079,BUNSIK,TUESDAY,0
3110079,BUNSIK,WEDNESDAY,1
3110079,BUNSIK,THURSDAY,1
3110079,BUNSIK,FRIDAY,1
3110079,BUNSIK,SATURDAY,0
3110079,BUNSIK,SUNDAY,-4
3110079,CAFE_BEVERAGE,MONDAY,0
3110079,CAFE_BEVERAGE,TUESDAY,1
3110079,CAFE_BEVERAGE,WEDNESDAY,0
3110079,CAFE_BEVERAGE,THURSDAY,1
3110079,CAFE_BEVERAGE,FRIDAY,1
3110079,CAFE_BEVERAGE,SATURDAY,-1
3110079,CAFE_BEVERAGE,SUNDAY,-2
3110080,WESTERN_FOOD,MONDAY,-6
3110080,WESTERN_FOOD,TUESDAY,-6
3110080,WESTERN_FOOD,WEDNESDAY,-6
3110080,WESTERN_FOOD,THURSDAY,-6
3110080,WESTERN_FOOD,FRIDAY,-3
3110080,WESTERN_FOOD,SATURDAY,6
3110080,WESTERN_FOOD,SUNDAY,6
3110081,KOREAN_FOOD,MONDAY,-3
3110081,KOREAN_FOOD,TUESDAY,-4
3110081,KOREAN_FOOD,WEDNESDAY,-4
3110081,KOREAN_FOOD,THURSDAY,-2
3110081,KOREAN_FOOD,FRIDAY,1
3110081,KOREAN_FOOD,SATURDAY,6
3110081,KOREAN_FOOD,SUNDAY,2
3110081,WESTERN_FOOD,MONDAY,-6
3110081,WESTERN_FOOD,TUESDAY,-6
3110081,WESTERN_FOOD,WEDNESDAY,-6
3110081,WESTERN_FOOD,THURSDAY,-3
3110081,WESTERN_FOOD,FRIDAY,2
3110081,WESTERN_FOOD,SATURDAY,6
3110081,WESTERN_FOOD,SUNDAY,6
3110081,FAST_FOOD,MONDAY,-6
3110081,FAST_FOOD,TUESDAY,-6
3110081,FAST_FOOD,WEDNESDAY,-6
3110081,FAST_FOOD,THURSDAY,-6
3110081,FAST_FOOD,FRIDAY,-1
3110081,FAST_FOOD,SATURDAY,6
3110081,FAST_FOOD,SUNDAY,6
3110081,BUNSIK,MONDAY,-6
3110081,BUNSIK,TUESDAY,2
3110081,BUNSIK,WEDNESDAY,2
3110081,BUNSIK,THURSDAY,2
3110081,BUNSIK,FRIDAY,2
3110081,BUNSIK,SATURDAY,4
3110081,BUNSIK,SUNDAY,6
3110081,CAFE_BEVERAGE,MONDAY,-6
3110081,CAFE_BEVERAGE,TUESDAY,-6
3110081,CAFE_BEVERAGE,WEDNESDAY,-4
3110081,CAFE_BEVERAGE,THURSDAY,-5
3110081,CAFE_BEVERAGE,FRIDAY,-1
3110081,CAFE_BEVERAGE,SATURDAY,6
3110081,CAFE_BEVERAGE,SUNDAY,6
3110081,BAKERY,MONDAY,-1
3110081,BAKERY,TUESDAY,-1
3110081,BAKERY,WEDNESDAY,-3
3110081,BAKERY,THURSDAY,-2
3110081,BAKERY,FRIDAY,2
3110081,BAKERY,SATURDAY,2
3110081,BAKERY,SUNDAY,2
3110082,KOREAN_FOOD,MONDAY,-2
3110082,KOREAN_FOOD,TUESDAY,-3
3110082,KOREAN_FOOD,WEDNESDAY,-2
3110082,KOREAN_FOOD,THURSDAY,-2
3110082,KOREAN_FOOD,FRIDAY,0
3110082,KOREAN_FOOD,SATURDAY,5
3110082,KOREAN_FOOD,SUNDAY,5
3110082,WESTERN_FOOD,MONDAY,-6
3110082,WESTERN_FOOD,TUESDAY,-6
3110082,WESTERN_FOOD,WEDNESDAY,-4
3110082,WESTERN_FOOD,THURSDAY,-3
3110082,WESTERN_FOOD,FRIDAY,2
3110082,WESTERN_FOOD,SATURDAY,6
3110082,WESTERN_FOOD,SUNDAY,6
3110082,FAST_FOOD,MONDAY,-6
3110082,FAST_FOOD,TUESDAY,-6
3110082,FAST_FOOD,WEDNESDAY,-5
3110082,FAST_FOOD,THURSDAY,-5
3110082,FAST_FOOD,FRIDAY,0
3110082,FAST_FOOD,SATURDAY,6
3110082,FAST_FOOD,SUNDAY,6
3110082,CAFE_BEVERAGE,MONDAY,0
3110082,CAFE_BEVERAGE,TUESDAY,2
3110082,CAFE_BEVERAGE,WEDNESDAY,1
3110082,CAFE_BEVERAGE,THURSDAY,2
3110082,CAFE_BEVERAGE,FRIDAY,2
3110082,CAFE_BEVERAGE,SATURDAY,-1
3110082,CAFE_BEVERAGE,SUNDAY,-6
3110084,KOREAN_FOOD,MONDAY,2
3110084,KOREAN_FOOD,TUESDAY,1
3110084,KOREAN_FOOD,WEDNESDAY,1
3110084,KOREAN_FOOD,THURSDAY,2
3110084,KOREAN_FOOD,FRIDAY,4
3110084,KOREAN_FOOD,SATURDAY,0
3110084,KOREAN_FOOD,SUNDAY,-6
3110084,WESTERN_FOOD,MONDAY,-6
3110084,WESTERN_FOOD,TUESDAY,-6
3110084,WESTERN_FOOD,WEDNESDAY,-5
3110084,WESTERN_FOOD,THURSDAY,-4
3110084,WESTERN_FOOD,FRIDAY,0
3110084,WESTERN_FOOD,SATURDAY,6
3110084,WESTERN_FOOD,SUNDAY,6
3110084,BUNSIK,MONDAY,3
3110084,BUNSIK,TUESDAY,4
3110084,BUNSIK,WEDNESDAY,4
3110084,BUNSIK,THURSDAY,4
3110084,BUNSIK,FRIDAY,4
3110084,BUNSIK,SATURDAY,0
3110084,BUNSIK,SUNDAY,-6
3110084,CAFE_BEVERAGE,MONDAY,-1
3110084,CAFE_BEVERAGE,TUESDAY,-1
3110084,CAFE_BEVERAGE,WEDNESDAY,-1
3110084,CAFE_BEVERAGE,THURSDAY,1
3110084,CAFE_BEVERAGE,FRIDAY,2
3110084,CAFE_BEVERAGE,SATURDAY,2
3110084,CAFE_BEVERAGE,SUNDAY,-1
3110084,BAKERY,MONDAY,-4
3110084,BAKERY,TUESDAY,-4
3110084,BAKERY,WEDNESDAY,-4
3110084,BAKERY,THURSDAY,-5
3110084,BAKERY,FRIDAY,-2
3110084,BAKERY,SATURDAY,6
3110084,BAKERY,SUNDAY,6
3110085,KOREAN_FOOD,MONDAY,-1
3110085,KOREAN_FOOD,TUESDAY,-2
3110085,KOREAN_FOOD,WEDNESDAY,-1
3110085,KOREAN_FOOD,THURSDAY,1
3110085,KOREAN_FOOD,FRIDAY,3
3110085,KOREAN_FOOD,SATURDAY,2
3110085,KOREAN_FOOD,SUNDAY,-1
3110085,WESTERN_FOOD,MONDAY,-6
3110085,WESTERN_FOOD,TUESDAY,-6
3110085,WESTERN_FOOD,WEDNESDAY,-4
3110085,WESTERN_FOOD,THURSDAY,-2
3110085,WESTERN_FOOD,FRIDAY,3
3110085,WESTERN_FOOD,SATURDAY,6
3110085,WESTERN_FOOD,SUNDAY,3
3110085,FAST_FOOD,MONDAY,-4
3110085,FAST_FOOD,TUESDAY,-6
3110085,FAST_FOOD,WEDNESDAY,-6
3110085,FAST_FOOD,THURSDAY,-1
3110085,FAST_FOOD,FRIDAY,-1
3110085,FAST_FOOD,SATURDAY,6
3110085,FAST_FOOD,SUNDAY,4
3110085,CAFE_BEVERAGE,MONDAY,-3
3110085,CAFE_BEVERAGE,TUESDAY,-6
3110085,CAFE_BEVERAGE,WEDNESDAY,-3
3110085,CAFE_BEVERAGE,THURSDAY,-1
3110085,CAFE_BEVERAGE,FRIDAY,1
3110085,CAFE_BEVERAGE,SATURDAY,6
3110085,CAFE_BEVERAGE,SUNDAY,5
3110085,BAKERY,MONDAY,-1
3110085,BAKERY,TUESDAY,2
3110085,BAKERY,WEDNESDAY,3
3110085,BAKERY,THURSDAY,4
3110085,BAKERY,FRIDAY,6
3110085,BAKERY,SATURDAY,-6
3110085,BAKERY,SUNDAY,-6
3110087,KOREAN_FOOD,MONDAY,3
3110087,KOREAN_FOOD,TUESDAY,5
3110087,KOREAN_FOOD,WEDNESDAY,5
3110087,KOREAN_FOOD,THURSDAY,6
3110087,KOREAN_FOOD,FRIDAY,4
3110087,KOREAN_FOOD,SATURDAY,-6
3110087,KOREAN_FOOD,SUNDAY,-6
3110087,CAFE_BEVERAGE,MONDAY,-2
3110087,CAFE_BEVERAGE,TUESDAY,-3
3110087,CAFE_BEVERAGE,WEDNESDAY,-3
3110087,CAFE_BEVERAGE,THURSDAY,-2
3110087,CAFE_BEVERAGE,FRIDAY,-1
3110087,CAFE_BEVERAGE,SATURDAY,6
3110087,CAFE_BEVERAGE,SUNDAY,5
3110088,KOREAN_FOOD,MONDAY,3
3110088,KOREAN_FOOD,TUESDAY,5
3110088,KOREAN_FOOD,WEDNESDAY,3
3110088,KOREAN_FOOD,THURSDAY,4
3110088,KOREAN_FOOD,FRIDAY,6
3110088,KOREAN_FOOD,SATURDAY,-1
3110088,KOREAN_FOOD,SUNDAY,-6
3110089,KOREAN_FOOD,MONDAY,-1
3110089,KOREAN_FOOD,TUESDAY,-1
3110089,KOREAN_FOOD,WEDNESDAY,-1
3110089,KOREAN_FOOD,THURSDAY,-1
3110089,KOREAN_FOOD,FRIDAY,0
3110089,KOREAN_FOOD,SATURDAY,1
3110089,KOREAN_FOOD,SUNDAY,4
3110090,KOREAN_FOOD,MONDAY,-4
3110090,KOREAN_FOOD,TUESDAY,-2
3110090,KOREAN_FOOD,WEDNESDAY,-1
3110090,KOREAN_FOOD,THURSDAY,-1
3110090,KOREAN_FOOD,FRIDAY,2
3110090,KOREAN_FOOD,SATURDAY,4
3110090,KOREAN_FOOD,SUNDAY,3
3110090,CHICKEN,MONDAY,-2
3110090,CHICKEN,TUESDAY,-2
3110090,CHICKEN,WEDNESDAY,-1
3110090,CHICKEN,THURSDAY,-3
3110090,CHICKEN,FRIDAY,3
3110090,CHICKEN,SATURDAY,3
3110090,CHICKEN,SUNDAY,3
3110090,BUNSIK,MONDAY,0
3110090,BUNSIK,TUESDAY,-3
3110090,BUNSIK,WEDNESDAY,0
3110090,BUNSIK,THURSDAY,-1
3110090,BUNSIK,FRIDAY,0
3110090,BUNSIK,SATURDAY,2
3110090,BUNSIK,SUNDAY,1
3110090,CAFE_BEVERAGE,MONDAY,0
3110090,CAFE_BEVERAGE,TUESDAY,1
3110090,CAFE_BEVERAGE,WEDNESDAY,0
3110090,CAFE_BEVERAGE,THURSDAY,0
3110090,CAFE_BEVERAGE,FRIDAY,1
3110090,CAFE_BEVERAGE,SATURDAY,-2
3110090,CAFE_BEVERAGE,SUNDAY,-1
3110091,KOREAN_FOOD,MONDAY,-6
3110091,KOREAN_FOOD,TUESDAY,-3
3110091,KOREAN_FOOD,WEDNESDAY,-2
3110091,KOREAN_FOOD,THURSDAY,-1
3110091,KOREAN_FOOD,FRIDAY,1
3110091,KOREAN_FOOD,SATURDAY,6
3110091,KOREAN_FOOD,SUNDAY,5
3110091,JAPANESE_FOOD,MONDAY,-6
3110091,JAPANESE_FOOD,TUESDAY,-2
3110091,JAPANESE_FOOD,WEDNESDAY,1
3110091,JAPANESE_FOOD,THURSDAY,-1
3110091,JAPANESE_FOOD,FRIDAY,3
3110091,JAPANESE_FOOD,SATURDAY,5
3110091,JAPANESE_FOOD,SUNDAY,-1
3110091,WESTERN_FOOD,MONDAY,-6
3110091,WESTERN_FOOD,TUESDAY,-2
3110091,WESTERN_FOOD,WEDNESDAY,2
3110091,WESTERN_FOOD,THURSDAY,2
3110091,WESTERN_FOOD,FRIDAY,3
3110091,WESTERN_FOOD,SATURDAY,6
3110091,WESTERN_FOOD,SUNDAY,5
3110091,CAFE_BEVERAGE,MONDAY,-6
3110091,CAFE_BEVERAGE,TUESDAY,-4
3110091,CAFE_BEVERAGE,WEDNESDAY,-2
3110091,CAFE_BEVERAGE,THURSDAY,-2
3110091,CAFE_BEVERAGE,FRIDAY,1
3110091,CAFE_BEVERAGE,SATURDAY,6
3110091,CAFE_BEVERAGE,SUNDAY,6
3110092,KOREAN_FOOD,MONDAY,3
3110092,KOREAN_FOOD,TUESDAY,4
3110092,KOREAN_FOOD,WEDNESDAY,4
3110092,KOREAN_FOOD,THURSDAY,2
3110092,KOREAN_FOOD,FRIDAY,2
3110092,KOREAN_FOOD,SATURDAY,-4
3110092,KOREAN_FOOD,SUNDAY,-6
3110093,KOREAN_FOOD,MONDAY,2
3110093,KOREAN_FOOD,TUESDAY,0
3110093,KOREAN_FOOD,WEDNESDAY,0
3110093,KOREAN_FOOD,THURSDAY,1
3110093,KOREAN_FOOD,FRIDAY,1
3110093,KOREAN_FOOD,SATURDAY,0
3110093,KOREAN_FOOD,SUNDAY,-3
3110093,WESTERN_FOOD,MONDAY,-5
3110093,WESTERN_FOOD,TUESDAY,-6
3110093,WESTERN_FOOD,WEDNESDAY,-4
3110093,WESTERN_FOOD,THURSDAY,-4
3110093,WESTERN_FOOD,FRIDAY,6
3110093,WESTERN_FOOD,SATURDAY,6
3110093,WESTERN_FOOD,SUNDAY,1
3110093,CAFE_BEVERAGE,MONDAY,-2
3110093,CAFE_BEVERAGE,TUESDAY,-1
3110093,CAFE_BEVERAGE,WEDNESDAY,0
3110093,CAFE_BEVERAGE,THURSDAY,0
3110093,CAFE_BEVERAGE,FRIDAY,1
3110093,CAFE_BEVERAGE,SATURDAY,3
3110093,CAFE_BEVERAGE,SUNDAY,-1
3110094,KOREAN_FOOD,MONDAY,0
3110094,KOREAN_FOOD,TUESDAY,-6
3110094,KOREAN_FOOD,WEDNESDAY,-3
3110094,KOREAN_FOOD,THURSDAY,0
3110094,KOREAN_FOOD,FRIDAY,3
3110094,KOREAN_FOOD,SATURDAY,5
3110094,KOREAN_FOOD,SUNDAY,4
3110095,KOREAN_FOOD,MONDAY,-6
3110095,KOREAN_FOOD,TUESDAY,-3
3110095,KOREAN_FOOD,WEDNESDAY,-2
3110095,KOREAN_FOOD,THURSDAY,0
3110095,KOREAN_FOOD,FRIDAY,4
3110095,KOREAN_FOOD,SATURDAY,6
3110095,KOREAN_FOOD,SUNDAY,5
3110095,CHINESE_FOOD,MONDAY,-6
3110095,CHINESE_FOOD,TUESDAY,-2
3110095,CHINESE_FOOD,WEDNESDAY,-1
3110095,CHINESE_FOOD,THURSDAY,-3
3110095,CHINESE_FOOD,FRIDAY,0
3110095,CHINESE_FOOD,SATURDAY,6
3110095,CHINESE_FOOD,SUNDAY,6
3110095,WESTERN_FOOD,MONDAY,-6
3110095,WESTERN_FOOD,TUESDAY,-4
3110095,WESTERN_FOOD,WEDNESDAY,-3
3110095,WESTERN_FOOD,THURSDAY,-3
3110095,WESTERN_FOOD,FRIDAY,1
3110095,WESTERN_FOOD,SATURDAY,6
3110095,WESTERN_FOOD,SUNDAY,6
3110095,CAFE_BEVERAGE,MONDAY,-6
3110095,CAFE_BEVERAGE,TUESDAY,-4
3110095,CAFE_BEVERAGE,WEDNESDAY,-4
3110095,CAFE_BEVERAGE,THURSDAY,-3
3110095,CAFE_BEVERAGE,FRIDAY,1
3110095,CAFE_BEVERAGE,SATURDAY,6
3110095,CAFE_BEVERAGE,SUNDAY,6
3110095,BAKERY,MONDAY,-6
3110095,BAKERY,TUESDAY,-6
3110095,BAKERY,WEDNESDAY,-2
3110095,BAKERY,THURSDAY,-6
3110095,BAKERY,FRIDAY,-2
3110095,BAKERY,SATURDAY,6
3110095,BAKERY,SUNDAY,6
3110096,CAFE_BEVERAGE,MONDAY,-3
3110096,CAFE_BEVERAGE,TUESDAY,-2
3110096,CAFE_BEVERAGE,WEDNESDAY,1
3110096,CAFE_BEVERAGE,THURSDAY,2
3110096,CAFE_BEVERAGE,FRIDAY,4
3110096,CAFE_BEVERAGE,SATURDAY,0
3110096,CAFE_BEVERAGE,SUNDAY,-2
3110098,KOREAN_FOOD,MONDAY,-2
3110098,KOREAN_FOOD,TUESDAY,0
3110098,KOREAN_FOOD,WEDNESDAY,-1
3110098,KOREAN_FOOD,THURSDAY,0
3110098,KOREAN_FOOD,FRIDAY,1
3110098,KOREAN_FOOD,SATURDAY,2
3110098,KOREAN_FOOD,SUNDAY,-1
3110098,WESTERN_FOOD,MONDAY,-6
3110098,WESTERN_FOOD,TUESDAY,-3
3110098,WESTERN_FOOD,WEDNESDAY,-2
3110098,WESTERN_FOOD,THURSDAY,-1
3110098,WESTERN_FOOD,FRIDAY,1
3110098,WESTERN_FOOD,SATURDAY,6
3110098,WESTERN_FOOD,SUNDAY,4
3110099,WESTERN_FOOD,MONDAY,-1
3110099,WESTERN_FOOD,TUESDAY,-2
3110099,WESTERN_FOOD,WEDNESDAY,0
3110099,WESTERN_FOOD,THURSDAY,0
3110099,WESTERN_FOOD,FRIDAY,1
3110099,WESTERN_FOOD,SATURDAY,2
3110099,WESTERN_FOOD,SUNDAY,1
3110102,KOREAN_FOOD,MONDAY,0
3110102,KOREAN_FOOD,TUESDAY,-2
3110102,KOREAN_FOOD,WEDNESDAY,1
3110102,KOREAN_FOOD,THURSDAY,0
3110102,KOREAN_FOOD,FRIDAY,4
3110102,KOREAN_FOOD,SATURDAY,1
3110102,KOREAN_FOOD,SUNDAY,-3
3110102,CHICKEN,MONDAY,-3
3110102,CHICKEN,TUESDAY,0
3110102,CHICKEN,WEDNESDAY,-1
3110102,CHICKEN,THURSDAY,-1
3110102,CHICKEN,FRIDAY,6
3110102,CHICKEN,SATURDAY,3
3110102,CHICKEN,SUNDAY,-6
3110102,BUNSIK,MONDAY,-2
3110102,BUNSIK,TUESDAY,0
3110102,BUNSIK,WEDNESDAY,1
3110102,BUNSIK,THURSDAY,0
3110102,BUNSIK,FRIDAY,2
3110102,BUNSIK,SATURDAY,2
3110102,BUNSIK,SUNDAY,-2
3110102,CAFE_BEVERAGE,MONDAY,-1
3110102,CAFE_BEVERAGE,TUESDAY,-2
3110102,CAFE_BEVERAGE,WEDNESDAY,0
3110102,CAFE_BEVERAGE,THURSDAY,0
3110102,CAFE_BEVERAGE,FRIDAY,0
3110102,CAFE_BEVERAGE,SATURDAY,3
3110102,CAFE_BEVERAGE,SUNDAY,1
3110102,BAKERY,MONDAY,-3
3110102,BAKERY,TUESDAY,4
3110102,BAKERY,WEDNESDAY,2
3110102,BAKERY,THURSDAY,1
3110102,BAKERY,FRIDAY,6
3110102,BAKERY,SATURDAY,6
3110102,BAKERY,SUNDAY,-6
3110104,KOREAN_FOOD,MONDAY,4
3110104,KOREAN_FOOD,TUESDAY,0
3110104,KOREAN_FOOD,WEDNESDAY,2
3110104,KOREAN_FOOD,THURSDAY,3
3110104,KOREAN_FOOD,FRIDAY,4
3110104,KOREAN_FOOD,SATURDAY,-2
3110104,KOREAN_FOOD,SUNDAY,-6
3110105,KOREAN_FOOD,MONDAY,0
3110105,KOREAN_FOOD,TUESDAY,0
3110105,KOREAN_FOOD,WEDNESDAY,1
3110105,KOREAN_FOOD,THURSDAY,-1
3110105,KOREAN_FOOD,FRIDAY,3
3110105,KOREAN_FOOD,SATURDAY,4
3110105,KOREAN_FOOD,SUNDAY,-6
3110105,CAFE_BEVERAGE,MONDAY,-2
3110105,CAFE_BEVERAGE,TUESDAY,-2
3110105,CAFE_BEVERAGE,WEDNESDAY,-2
3110105,CAFE_BEVERAGE,THURSDAY,-2
3110105,CAFE_BEVERAGE,FRIDAY,0
3110105,CAFE_BEVERAGE,SATURDAY,3
3110105,CAFE_BEVERAGE,SUNDAY,6
3110107,KOREAN_FOOD,MONDAY,-2
3110107,KOREAN_FOOD,TUESDAY,-1
3110107,KOREAN_FOOD,WEDNESDAY,0
3110107,KOREAN_FOOD,THURSDAY,0
3110107,KOREAN_FOOD,FRIDAY,4
3110107,KOREAN_FOOD,SATURDAY,6
3110107,KOREAN_FOOD,SUNDAY,-6
3110107,BUNSIK,MONDAY,-4
3110107,BUNSIK,TUESDAY,-4
3110107,BUNSIK,WEDNESDAY,-4
3110107,BUNSIK,THURSDAY,-3
3110107,BUNSIK,FRIDAY,1
3110107,BUNSIK,SATURDAY,6
3110107,BUNSIK,SUNDAY,6
3110109,KOREAN_FOOD,MONDAY,3
3110109,KOREAN_FOOD,TUESDAY,1
3110109,KOREAN_FOOD,WEDNESDAY,1
3110109,KOREAN_FOOD,THURSDAY,1
3110109,KOREAN_FOOD,FRIDAY,2
3110109,KOREAN_FOOD,SATURDAY,-2
3110109,KOREAN_FOOD,SUNDAY,-5
3110109,CAFE_BEVERAGE,MONDAY,-6
3110109,CAFE_BEVERAGE,TUESDAY,-6
3110109,CAFE_BEVERAGE,WEDNESDAY,-3
3110109,CAFE_BEVERAGE,THURSDAY,-3
3110109,CAFE_BEVERAGE,FRIDAY,-2
3110109,CAFE_BEVERAGE,SATURDAY,6
3110109,CAFE_BEVERAGE,SUNDAY,6
3110110,KOREAN_FOOD,MONDAY,-6
3110110,KOREAN_FOOD,TUESDAY,3
3110110,KOREAN_FOOD,WEDNESDAY,3
3110110,KOREAN_FOOD,THURSDAY,2
3110110,KOREAN_FOOD,FRIDAY,3
3110110,KOREAN_FOOD,SATURDAY,0
3110110,KOREAN_FOOD,SUNDAY,1
3110112,KOREAN_FOOD,MONDAY,-3
3110112,KOREAN_FOOD,TUESDAY,-3
3110112,KOREAN_FOOD,WEDNESDAY,0
3110112,KOREAN_FOOD,THURSDAY,0
3110112,KOREAN_FOOD,FRIDAY,2
3110112,KOREAN_FOOD,SATURDAY,3
3110112,KOREAN_FOOD,SUNDAY,1
3110112,BUNSIK,MONDAY,-2
3110112,BUNSIK,TUESDAY,1
3110112,BUNSIK,WEDNESDAY,0
3110112,BUNSIK,THURSDAY,0
3110112,BUNSIK,FRIDAY,1
3110112,BUNSIK,SATURDAY,0
3110112,BUNSIK,SUNDAY,-1
3110112,CAFE_BEVERAGE,MONDAY,-4
3110112,CAFE_BEVERAGE,TUESDAY,-3
3110112,CAFE_BEVERAGE,WEDNESDAY,-1
3110112,CAFE_BEVERAGE,THURSDAY,-2
3110112,CAFE_BEVERAGE,FRIDAY,-1
3110112,CAFE_BEVERAGE,SATURDAY,3
3110112,CAFE_BEVERAGE,SUNDAY,6
3110114,KOREAN_FOOD,MONDAY,1
3110114,KOREAN_FOOD,TUESDAY,-1
3110114,KOREAN_FOOD,WEDNESDAY,0
3110114,KOREAN_FOOD,THURSDAY,1
3110114,KOREAN_FOOD,FRIDAY,4
3110114,KOREAN_FOOD,SATURDAY,0
3110114,KOREAN_FOOD,SUNDAY,-5
3110115,KOREAN_FOOD,MONDAY,1
3110115,KOREAN_FOOD,TUESDAY,0
3110115,KOREAN_FOOD,WEDNESDAY,1
3110115,KOREAN_FOOD,THURSDAY,2
3110115,KOREAN_FOOD,FRIDAY,4
3110115,KOREAN_FOOD,SATURDAY,0
3110115,KOREAN_FOOD,SUNDAY,-6
3110115,BUNSIK,MONDAY,3
3110115,BUNSIK,TUESDAY,6
3110115,BUNSIK,WEDNESDAY,6
3110115,BUNSIK,THURSDAY,6
3110115,BUNSIK,FRIDAY,4
3110115,BUNSIK,SATURDAY,-6
3110115,BUNSIK,SUNDAY,-6
3110115,CAFE_BEVERAGE,MONDAY,0
3110115,CAFE_BEVERAGE,TUESDAY,1
3110115,CAFE_BEVERAGE,WEDNESDAY,1
3110115,CAFE_BEVERAGE,THURSDAY,0
3110115,CAFE_BEVERAGE,FRIDAY,2
3110115,CAFE_BEVERAGE,SATURDAY,0
3110115,CAFE_BEVERAGE,SUNDAY,-4
3110117,KOREAN_FOOD,MONDAY,-2
3110117,KOREAN_FOOD,TUESDAY,0
3110117,KOREAN_FOOD,WEDNESDAY,2
3110117,KOREAN_FOOD,THURSDAY,4
3110117,KOREAN_FOOD,FRIDAY,5
3110117,KOREAN_FOOD,SATURDAY,2
3110117,KOREAN_FOOD,SUNDAY,-6
3110118,KOREAN_FOOD,MONDAY,3
3110118,KOREAN_FOOD,TUESDAY,2
3110118,KOREAN_FOOD,WEDNESDAY,1
3110118,KOREAN_FOOD,THURSDAY,2
3110118,KOREAN_FOOD,FRIDAY,3
3110118,KOREAN_FOOD,SATURDAY,-2
3110118,KOREAN_FOOD,SUNDAY,-6
3110118,CAFE_BEVERAGE,MONDAY,-2
3110118,CAFE_BEVERAGE,TUESDAY,-1
3110118,CAFE_BEVERAGE,WEDNESDAY,-1
3110118,CAFE_BEVERAGE,THURSDAY,-1
3110118,CAFE_BEVERAGE,FRIDAY,1
3110118,CAFE_BEVERAGE,SATURDAY,3
3110118,CAFE_BEVERAGE,SUNDAY,0
3110121,KOREAN_FOOD,MONDAY,5
3110121,KOREAN_FOOD,TUESDAY,4
3110121,KOREAN_FOOD,WEDNESDAY,4
3110121,KOREAN_FOOD,THURSDAY,3
3110121,KOREAN_FOOD,FRIDAY,2
3110121,KOREAN_FOOD,SATURDAY,-4
3110121,KOREAN_FOOD,SUNDAY,-6
3110121,CAFE_BEVERAGE,MONDAY,1
3110121,CAFE_BEVERAGE,TUESDAY,1
3110121,CAFE_BEVERAGE,WEDNESDAY,0
3110121,CAFE_BEVERAGE,THURSDAY,0
3110121,CAFE_BEVERAGE,FRIDAY,-1
3110121,CAFE_BEVERAGE,SATURDAY,-1
3110121,CAFE_BEVERAGE,SUNDAY,0
3110122,KOREAN_FOOD,MONDAY,-3
3110122,KOREAN_FOOD,TUESDAY,0
3110122,KOREAN_FOOD,WEDNESDAY,0
3110122,KOREAN_FOOD,THURSDAY,0
3110122,KOREAN_FOOD,FRIDAY,2
3110122,KOREAN_FOOD,SATURDAY,2
3110122,KOREAN_FOOD,SUNDAY,-1
3110122,BUNSIK,MONDAY,6
3110122,BUNSIK,TUESDAY,3
3110122,BUNSIK,WEDNESDAY,6
3110122,BUNSIK,THURSDAY,5
3110122,BUNSIK,FRIDAY,6
3110122,BUNSIK,SATURDAY,-6
3110122,BUNSIK,SUNDAY,-6
3110122,CAFE_BEVERAGE,MONDAY,1
3110122,CAFE_BEVERAGE,TUESDAY,0
3110122,CAFE_BEVERAGE,WEDNESDAY,0
3110122,CAFE_BEVERAGE,THURSDAY,1
3110122,CAFE_BEVERAGE,FRIDAY,0
3110122,CAFE_BEVERAGE,SATURDAY,1
3110122,CAFE_BEVERAGE,SUNDAY,-2
3110123,KOREAN_FOOD,MONDAY,0
3110123,KOREAN_FOOD,TUESDAY,1
3110123,KOREAN_FOOD,WEDNESDAY,0
3110123,KOREAN_FOOD,THURSDAY,1
3110123,KOREAN_FOOD,FRIDAY,2
3110123,KOREAN_FOOD,SATURDAY,-1
3110123,KOREAN_FOOD,SUNDAY,-3
3110124,KOREAN_FOOD,MONDAY,6
3110124,KOREAN_FOOD,TUESDAY,6
3110124,KOREAN_FOOD,WEDNESDAY,6
3110124,KOREAN_FOOD,THURSDAY,6
3110124,KOREAN_FOOD,FRIDAY,3
3110124,KOREAN_FOOD,SATURDAY,-6
3110124,KOREAN_FOOD,SUNDAY,-6
3110124,CAFE_BEVERAGE,MONDAY,1
3110124,CAFE_BEVERAGE,TUESDAY,3
3110124,CAFE_BEVERAGE,WEDNESDAY,4
3110124,CAFE_BEVERAGE,THURSDAY,4
3110124,CAFE_BEVERAGE,FRIDAY,6
3110124,CAFE_BEVERAGE,SATURDAY,-6
3110124,CAFE_BEVERAGE,SUNDAY,-6
3110125,KOREAN_FOOD,MONDAY,3
3110125,KOREAN_FOOD,TUESDAY,4
3110125,KOREAN_FOOD,WEDNESDAY,2
3110125,KOREAN_FOOD,THURSDAY,3
3110125,KOREAN_FOOD,FRIDAY,1
3110125,KOREAN_FOOD,SATURDAY,-6
3110125,KOREAN_FOOD,SUNDAY,-6
3110125,BUNSIK,MONDAY,5
3110125,BUNSIK,TUESDAY,5
3110125,BUNSIK,WEDNESDAY,4
3110125,BUNSIK,THURSDAY,5
3110125,BUNSIK,FRIDAY,2
3110125,BUNSIK,SATURDAY,-6
3110125,BUNSIK,SUNDAY,-6
3110125,CAFE_BEVERAGE,MONDAY,1
3110125,CAFE_BEVERAGE,TUESDAY,2
3110125,CAFE_BEVERAGE,WEDNESDAY,1
3110125,CAFE_BEVERAGE,THURSDAY,2
3110125,CAFE_BEVERAGE,FRIDAY,-1
3110125,CAFE_BEVERAGE,SATURDAY,-3
3110125,CAFE_BEVERAGE,SUNDAY,-1
3110126,KOREAN_FOOD,MONDAY,4
3110126,KOREAN_FOOD,TUESDAY,4
3110126,KOREAN_FOOD,WEDNESDAY,4
3110126,KOREAN_FOOD,THURSDAY,4
3110126,KOREAN_FOOD,FRIDAY,3
3110126,KOREAN_FOOD,SATURDAY,-6
3110126,KOREAN_FOOD,SUNDAY,-6
3110126,CAFE_BEVERAGE,MONDAY,-2
3110126,CAFE_BEVERAGE,TUESDAY,-1
3110126,CAFE_BEVERAGE,WEDNESDAY,0
3110126,CAFE_BEVERAGE,THURSDAY,1
3110126,CAFE_BEVERAGE,FRIDAY,2
3110126,CAFE_BEVERAGE,SATURDAY,3
3110126,CAFE_BEVERAGE,SUNDAY,-2
3110127,KOREAN_FOOD,MONDAY,6
3110127,KOREAN_FOOD,TUESDAY,5
3110127,KOREAN_FOOD,WEDNESDAY,6
3110127,KOREAN_FOOD,THURSDAY,6
3110127,KOREAN_FOOD,FRIDAY,6
3110127,KOREAN_FOOD,SATURDAY,-6
3110127,KOREAN_FOOD,SUNDAY,-6
3110127,CAFE_BEVERAGE,MONDAY,6
3110127,CAFE_BEVERAGE,TUESDAY,6
3110127,CAFE_BEVERAGE,WEDNESDAY,6
3110127,CAFE_BEVERAGE,THURSDAY,6
3110127,CAFE_BEVERAGE,FRIDAY,6
3110127,CAFE_BEVERAGE,SATURDAY,-6
3110127,CAFE_BEVERAGE,SUNDAY,-6
3110128,KOREAN_FOOD,MONDAY,1
3110128,KOREAN_FOOD,TUESDAY,1
3110128,KOREAN_FOOD,WEDNESDAY,0
3110128,KOREAN_FOOD,THURSDAY,3
3110128,KOREAN_FOOD,FRIDAY,4
3110128,KOREAN_FOOD,SATURDAY,-2
3110128,KOREAN_FOOD,SUNDAY,-6
3110128,CHICKEN,MONDAY,-6
3110128,CHICKEN,TUESDAY,-4
3110128,CHICKEN,WEDNESDAY,-1
3110128,CHICKEN,THURSDAY,-1
3110128,CHICKEN,FRIDAY,4
3110128,CHICKEN,SATURDAY,5
3110128,CHICKEN,SUNDAY,4
3110128,FAST_FOOD,MONDAY,-2
3110128,FAST_FOOD,TUESDAY,-4
3110128,FAST_FOOD,WEDNESDAY,0
3110128,FAST_FOOD,THURSDAY,-3
3110128,FAST_FOOD,FRIDAY,2
3110128,FAST_FOOD,SATURDAY,3
3110128,FAST_FOOD,SUNDAY,4
3110128,BUNSIK,MONDAY,-3
3110128,BUNSIK,TUESDAY,2
3110128,BUNSIK,WEDNESDAY,2
3110128,BUNSIK,THURSDAY,5
3110128,BUNSIK,FRIDAY,5
3110128,BUNSIK,SATURDAY,-2
3110128,BUNSIK,SUNDAY,-6
3110128,CAFE_BEVERAGE,MONDAY,0
3110128,CAFE_BEVERAGE,TUESDAY,1
3110128,CAFE_BEVERAGE,WEDNESDAY,-1
3110128,CAFE_BEVERAGE,THURSDAY,0
3110128,CAFE_BEVERAGE,FRIDAY,1
3110128,CAFE_BEVERAGE,SATURDAY,2
3110128,CAFE_BEVERAGE,SUNDAY,-4
3110128,BAKERY,MONDAY,0
3110128,BAKERY,TUESDAY,-1
3110128,BAKERY,WEDNESDAY,0
3110128,BAKERY,THURSDAY,-1
3110128,BAKERY,FRIDAY,-1
3110128,BAKERY,SATURDAY,1
3110128,BAKERY,SUNDAY,1
3110129,KOREAN_FOOD,MONDAY,6
3110129,KOREAN_FOOD,TUESDAY,6
3110129,KOREAN_FOOD,WEDNESDAY,6
3110129,KOREAN_FOOD,THURSDAY,6
3110129,KOREAN_FOOD,FRIDAY,6
3110129,KOREAN_FOOD,SATURDAY,-6
3110129,KOREAN_FOOD,SUNDAY,-6
3110129,CAFE_BEVERAGE,MONDAY,5
3110129,CAFE_BEVERAGE,TUESDAY,5
3110129,CAFE_BEVERAGE,WEDNESDAY,5
3110129,CAFE_BEVERAGE,THURSDAY,5
3110129,CAFE_BEVERAGE,FRIDAY,5
3110129,CAFE_BEVERAGE,SATURDAY,-6
3110129,CAFE_BEVERAGE,SUNDAY,-6
3110130,KOREAN_FOOD,MONDAY,4
3110130,KOREAN_FOOD,TUESDAY,4
3110130,KOREAN_FOOD,WEDNESDAY,4
3110130,KOREAN_FOOD,THURSDAY,4
3110130,KOREAN_FOOD,FRIDAY,5
3110130,KOREAN_FOOD,SATURDAY,-2
3110130,KOREAN_FOOD,SUNDAY,-6
3110131,KOREAN_FOOD,MONDAY,2
3110131,KOREAN_FOOD,TUESDAY,2
3110131,KOREAN_FOOD,WEDNESDAY,2
3110131,KOREAN_FOOD,THURSDAY,2
3110131,KOREAN_FOOD,FRIDAY,3
3110131,KOREAN_FOOD,SATURDAY,-4
3110131,KOREAN_FOOD,SUNDAY,-6
3110131,CHINESE_FOOD,MONDAY,0
3110131,CHINESE_FOOD,TUESDAY,3
3110131,CHINESE_FOOD,WEDNESDAY,3
3110131,CHINESE_FOOD,THURSDAY,3
3110131,CHINESE_FOOD,FRIDAY,4
3110131,CHINESE_FOOD,SATURDAY,-5
3110131,CHINESE_FOOD,SUNDAY,-6
3110131,WESTERN_FOOD,MONDAY,-4
3110131,WESTERN_FOOD,TUESDAY,-3
3110131,WESTERN_FOOD,WEDNESDAY,-3
3110131,WESTERN_FOOD,THURSDAY,-2
3110131,WESTERN_FOOD,FRIDAY,0
3110131,WESTERN_FOOD,SATURDAY,6
3110131,WESTERN_FOOD,SUNDAY,3
3110131,FAST_FOOD,MONDAY,-6
3110131,FAST_FOOD,TUESDAY,-3
3110131,FAST_FOOD,WEDNESDAY,-2
3110131,FAST_FOOD,THURSDAY,-1
3110131,FAST_FOOD,FRIDAY,4
3110131,FAST_FOOD,SATURDAY,6
3110131,FAST_FOOD,SUNDAY,3
3110131,BUNSIK,MONDAY,-2
3110131,BUNSIK,TUESDAY,-2
3110131,BUNSIK,WEDNESDAY,-2
3110131,BUNSIK,THURSDAY,0
3110131,BUNSIK,FRIDAY,1
3110131,BUNSIK,SATURDAY,4
3110131,BUNSIK,SUNDAY,1
3110131,CAFE_BEVERAGE,MONDAY,2
3110131,CAFE_BEVERAGE,TUESDAY,4
3110131,CAFE_BEVERAGE,WEDNESDAY,4
3110131,CAFE_BEVERAGE,THURSDAY,4
3110131,CAFE_BEVERAGE,FRIDAY,4
3110131,CAFE_BEVERAGE,SATURDAY,-6
3110131,CAFE_BEVERAGE,SUNDAY,-6
3110131,BAKERY,MONDAY,2
3110131,BAKERY,TUESDAY,2
3110131,BAKERY,WEDNESDAY,2
3110131,BAKERY,THURSDAY,3
3110131,BAKERY,FRIDAY,3
3110131,BAKERY,SATURDAY,-6
3110131,BAKERY,SUNDAY,-6
3110132,KOREAN_FOOD,MONDAY,6
3110132,KOREAN_FOOD,TUESDAY,6
3110132,KOREAN_FOOD,WEDNESDAY,6
3110132,KOREAN_FOOD,THURSDAY,6
3110132,KOREAN_FOOD,FRIDAY,6
3110132,KOREAN_FOOD,SATURDAY,-6
3110132,KOREAN_FOOD,SUNDAY,-6
3110132,CAFE_BEVERAGE,MONDAY,-1
3110132,CAFE_BEVERAGE,TUESDAY,0
3110132,CAFE_BEVERAGE,WEDNESDAY,-1
3110132,CAFE_BEVERAGE,THURSDAY,0
3110132,CAFE_BEVERAGE,FRIDAY,3
3110132,CAFE_BEVERAGE,SATURDAY,2
3110132,CAFE_BEVERAGE,SUNDAY,-2
3110133,KOREAN_FOOD,MONDAY,2
3110133,KOREAN_FOOD,TUESDAY,2
3110133,KOREAN_FOOD,WEDNESDAY,1
3110133,KOREAN_FOOD,THURSDAY,3
3110133,KOREAN_FOOD,FRIDAY,3
3110133,KOREAN_FOOD,SATURDAY,-1
3110133,KOREAN_FOOD,SUNDAY,-6
3110134,KOREAN_FOOD,MONDAY,-1
3110134,KOREAN_FOOD,TUESDAY,0
3110134,KOREAN_FOOD,WEDNESDAY,0
3110134,KOREAN_FOOD,THURSDAY,1
3110134,KOREAN_FOOD,FRIDAY,3
3110134,KOREAN_FOOD,SATURDAY,1
3110134,KOREAN_FOOD,SUNDAY,-3
3110134,CHICKEN,MONDAY,-6
3110134,CHICKEN,TUESDAY,-4
3110134,CHICKEN,WEDNESDAY,-1
3110134,CHICKEN,THURSDAY,1
3110134,CHICKEN,FRIDAY,4
3110134,CHICKEN,SATURDAY,6
3110134,CHICKEN,SUNDAY,6
3110134,BUNSIK,MONDAY,0
3110134,BUNSIK,TUESDAY,0
3110134,BUNSIK,WEDNESDAY,0
3110134,BUNSIK,THURSDAY,-1
3110134,BUNSIK,FRIDAY,0
3110134,BUNSIK,SATURDAY,1
3110134,BUNSIK,SUNDAY,0
3110134,CAFE_BEVERAGE,MONDAY,-5
3110134,CAFE_BEVERAGE,TUESDAY,-6
3110134,CAFE_BEVERAGE,WEDNESDAY,-6
3110134,CAFE_BEVERAGE,THURSDAY,-2
3110134,CAFE_BEVERAGE,FRIDAY,6
3110134,CAFE_BEVERAGE,SATURDAY,6
3110134,CAFE_BEVERAGE,SUNDAY,6
3110135,KOREAN_FOOD,MONDAY,6
3110135,KOREAN_FOOD,TUESDAY,6
3110135,KOREAN_FOOD,WEDNESDAY,5
3110135,KOREAN_FOOD,THURSDAY,6
3110135,KOREAN_FOOD,FRIDAY,5
3110135,KOREAN_FOOD,SATURDAY,-6
3110135,KOREAN_FOOD,SUNDAY,-6
3110136,KOREAN_FOOD,MONDAY,2
3110136,KOREAN_FOOD,TUESDAY,3
3110136,KOREAN_FOOD,WEDNESDAY,3
3110136,KOREAN_FOOD,THURSDAY,5
3110136,KOREAN_FOOD,FRIDAY,4
3110136,KOREAN_FOOD,SATURDAY,-5
3110136,KOREAN_FOOD,SUNDAY,-6
3110136,CHINESE_FOOD,MONDAY,5
3110136,CHINESE_FOOD,TUESDAY,5
3110136,CHINESE_FOOD,WEDNESDAY,6
3110136,CHINESE_FOOD,THURSDAY,6
3110136,CHINESE_FOOD,FRIDAY,5
3110136,CHINESE_FOOD,SATURDAY,-6
3110136,CHINESE_FOOD,SUNDAY,-6
3110136,JAPANESE_FOOD,MONDAY,-2
3110136,JAPANESE_FOOD,TUESDAY,-2
3110136,JAPANESE_FOOD,WEDNESDAY,-1
3110136,JAPANESE_FOOD,THURSDAY,-1
3110136,JAPANESE_FOOD,FRIDAY,2
3110136,JAPANESE_FOOD,SATURDAY,4
3110136,JAPANESE_FOOD,SUNDAY,1
3110136,WESTERN_FOOD,MONDAY,-3
3110136,WESTERN_FOOD,TUESDAY,-2
3110136,WESTERN_FOOD,WEDNESDAY,-1
3110136,WESTERN_FOOD,THURSDAY,-1
3110136,WESTERN_FOOD,FRIDAY,2
3110136,WESTERN_FOOD,SATURDAY,4
3110136,WESTERN_FOOD,SUNDAY,1
3110136,CAFE_BEVERAGE,MONDAY,1
3110136,CAFE_BEVERAGE,TUESDAY,1
3110136,CAFE_BEVERAGE,WEDNESDAY,1
3110136,CAFE_BEVERAGE,THURSDAY,2
3110136,CAFE_BEVERAGE,FRIDAY,3
3110136,CAFE_BEVERAGE,SATURDAY,-3
3110136,CAFE_BEVERAGE,SUNDAY,-6
3110137,KOREAN_FOOD,MONDAY,6
3110137,KOREAN_FOOD,TUESDAY,6
3110137,KOREAN_FOOD,WEDNESDAY,6
3110137,KOREAN_FOOD,THURSDAY,6
3110137,KOREAN_FOOD,FRIDAY,4
3110137,KOREAN_FOOD,SATURDAY,-6
3110137,KOREAN_FOOD,SUNDAY,-6
3110137,CHINESE_FOOD,MONDAY,2
3110137,CHINESE_FOOD,TUESDAY,4
3110137,CHINESE_FOOD,WEDNESDAY,6
3110137,CHINESE_FOOD,THURSDAY,6
3110137,CHINESE_FOOD,FRIDAY,6
3110137,CHINESE_FOOD,SATURDAY,-6
3110137,CHINESE_FOOD,SUNDAY,-6
3110137,WESTERN_FOOD,MONDAY,6
3110137,WESTERN_FOOD,TUESDAY,6
3110137,WESTERN_FOOD,WEDNESDAY,6
3110137,WESTERN_FOOD,THURSDAY,6
3110137,WESTERN_FOOD,FRIDAY,6
3110137,WESTERN_FOOD,SATURDAY,-6
3110137,WESTERN_FOOD,SUNDAY,-6
3110137,FAST_FOOD,MONDAY,6
3110137,FAST_FOOD,TUESDAY,6
3110137,FAST_FOOD,WEDNESDAY,6
3110137,FAST_FOOD,THURSDAY,6
3110137,FAST_FOOD,FRIDAY,6
3110137,FAST_FOOD,SATURDAY,-6
3110137,FAST_FOOD,SUNDAY,-6
3110137,BUNSIK,MONDAY,5
3110137,BUNSIK,TUESDAY,6
3110137,BUNSIK,WEDNESDAY,6
3110137,BUNSIK,THURSDAY,6
3110137,BUNSIK,FRIDAY,6
3110137,BUNSIK,SATURDAY,-6
3110137,BUNSIK,SUNDAY,-6
3110137,CAFE_BEVERAGE,MONDAY,4
3110137,CAFE_BEVERAGE,TUESDAY,6
3110137,CAFE_BEVERAGE,WEDNESDAY,6
3110137,CAFE_BEVERAGE,THURSDAY,6
3110137,CAFE_BEVERAGE,FRIDAY,6
3110137,CAFE_BEVERAGE,SATURDAY,-6
3110137,CAFE_BEVERAGE,SUNDAY,-6
3110138,KOREAN_FOOD,MONDAY,0
3110138,KOREAN_FOOD,TUESDAY,-1
3110138,KOREAN_FOOD,WEDNESDAY,4
3110138,KOREAN_FOOD,THURSDAY,6
3110138,KOREAN_FOOD,FRIDAY,5
3110138,KOREAN_FOOD,SATURDAY,-3
3110138,KOREAN_FOOD,SUNDAY,-6
3110138,CAFE_BEVERAGE,MONDAY,0
3110138,CAFE_BEVERAGE,TUESDAY,-1
3110138,CAFE_BEVERAGE,WEDNESDAY,0
3110138,CAFE_BEVERAGE,THURSDAY,0
3110138,CAFE_BEVERAGE,FRIDAY,1
3110138,CAFE_BEVERAGE,SATURDAY,1
3110138,CAFE_BEVERAGE,SUNDAY,0
3110139,KOREAN_FOOD,MONDAY,0
3110139,KOREAN_FOOD,TUESDAY,3
3110139,KOREAN_FOOD,WEDNESDAY,3
3110139,KOREAN_FOOD,THURSDAY,3
3110139,KOREAN_FOOD,FRIDAY,3
3110139,KOREAN_FOOD,SATURDAY,-1
3110139,KOREAN_FOOD,SUNDAY,-6
3110139,CHINESE_FOOD,MONDAY,1
3110139,CHINESE_FOOD,TUESDAY,2
3110139,CHINESE_FOOD,WEDNESDAY,-6
3110139,CHINESE_FOOD,THURSDAY,1
3110139,CHINESE_FOOD,FRIDAY,6
3110139,CHINESE_FOOD,SATURDAY,4
3110139,CHINESE_FOOD,SUNDAY,-1
3110139,BUNSIK,MONDAY,6
3110139,BUNSIK,TUESDAY,6
3110139,BUNSIK,WEDNESDAY,4
3110139,BUNSIK,THURSDAY,5
3110139,BUNSIK,FRIDAY,4
3110139,BUNSIK,SATURDAY,-6
3110139,BUNSIK,SUNDAY,-6
3110140,KOREAN_FOOD,MONDAY,-2
3110140,KOREAN_FOOD,TUESDAY,0
3110140,KOREAN_FOOD,WEDNESDAY,0
3110140,KOREAN_FOOD,THURSDAY,-1
3110140,KOREAN_FOOD,FRIDAY,3
3110140,KOREAN_FOOD,SATURDAY,4
3110140,KOREAN_FOOD,SUNDAY,-4
3110140,CHINESE_FOOD,MONDAY,-3
3110140,CHINESE_FOOD,TUESDAY,-6
3110140,CHINESE_FOOD,WEDNESDAY,-3
3110140,CHINESE_FOOD,THURSDAY,-2
3110140,CHINESE_FOOD,FRIDAY,2
3110140,CHINESE_FOOD,SATURDAY,6
3110140,CHINESE_FOOD,SUNDAY,4
3110140,CAFE_BEVERAGE,MONDAY,-3
3110140,CAFE_BEVERAGE,TUESDAY,0
3110140,CAFE_BEVERAGE,WEDNESDAY,-6
3110140,CAFE_BEVERAGE,THURSDAY,0
3110140,CAFE_BEVERAGE,FRIDAY,0
3110140,CAFE_BEVERAGE,SATURDAY,6
3110140,CAFE_BEVERAGE,SUNDAY,6
3110141,KOREAN_FOOD,MONDAY,0
3110141,KOREAN_FOOD,TUESDAY,0
3110141,KOREAN_FOOD,WEDNESDAY,0
3110141,KOREAN_FOOD,THURSDAY,1
3110141,KOREAN_FOOD,FRIDAY,3
3110141,KOREAN_FOOD,SATURDAY,3
3110141,KOREAN_FOOD,SUNDAY,-6
3110141,WESTERN_FOOD,MONDAY,3
3110141,WESTERN_FOOD,TUESDAY,5
3110141,WESTERN_FOOD,WEDNESDAY,6
3110141,WESTERN_FOOD,THURSDAY,6
3110141,WESTERN_FOOD,FRIDAY,5
3110141,WESTERN_FOOD,SATURDAY,-6
3110141,WESTERN_FOOD,SUNDAY,-6
3110141,CHICKEN,MONDAY,-4
3110141,CHICKEN,TUESDAY,-3
3110141,CHICKEN,WEDNESDAY,-1
3110141,CHICKEN,THURSDAY,-1
3110141,CHICKEN,FRIDAY,4
3110141,CHICKEN,SATURDAY,4
3110141,CHICKEN,SUNDAY,0
3110141,CAFE_BEVERAGE,MONDAY,3
3110141,CAFE_BEVERAGE,TUESDAY,1
3110141,CAFE_BEVERAGE,WEDNESDAY,-1
3110141,CAFE_BEVERAGE,THURSDAY,3
3110141,CAFE_BEVERAGE,FRIDAY,2
3110141,CAFE_BEVERAGE,SATURDAY,0
3110141,CAFE_BEVERAGE,SUNDAY,-6
3110142,KOREAN_FOOD,MONDAY,-1
3110142,KOREAN_FOOD,TUESDAY,1
3110142,KOREAN_FOOD,WEDNESDAY,1
3110142,KOREAN_FOOD,THURSDAY,1
3110142,KOREAN_FOOD,FRIDAY,3
3110142,KOREAN_FOOD,SATURDAY,0
3110142,KOREAN_FOOD,SUNDAY,-5
3110142,CHINESE_FOOD,MONDAY,2
3110142,CHINESE_FOOD,TUESDAY,3
3110142,CHINESE_FOOD,WEDNESDAY,5
3110142,CHINESE_FOOD,THURSDAY,4
3110142,CHINESE_FOOD,FRIDAY,5
3110142,CHINESE_FOOD,SATURDAY,-4
3110142,CHINESE_FOOD,SUNDAY,-6
3110142,CAFE_BEVERAGE,MONDAY,-2
3110142,CAFE_BEVERAGE,TUESDAY,0
3110142,CAFE_BEVERAGE,WEDNESDAY,-6
3110142,CAFE_BEVERAGE,THURSDAY,0
3110142,CAFE_BEVERAGE,FRIDAY,1
3110142,CAFE_BEVERAGE,SATURDAY,4
3110142,CAFE_BEVERAGE,SUNDAY,4
3110143,KOREAN_FOOD,MONDAY,-6
3110143,KOREAN_FOOD,TUESDAY,0
3110143,KOREAN_FOOD,WEDNESDAY,-1
3110143,KOREAN_FOOD,THURSDAY,1
3110143,KOREAN_FOOD,FRIDAY,3
3110143,KOREAN_FOOD,SATURDAY,2
3110143,KOREAN_FOOD,SUNDAY,5
3110144,KOREAN_FOOD,MONDAY,-1
3110144,KOREAN_FOOD,TUESDAY,-2
3110144,KOREAN_FOOD,WEDNESDAY,-1
3110144,KOREAN_FOOD,THURSDAY,0
3110144,KOREAN_FOOD,FRIDAY,2
3110144,KOREAN_FOOD,SATURDAY,2
3110144,KOREAN_FOOD,SUNDAY,-1
3110146,KOREAN_FOOD,MONDAY,2
3110146,KOREAN_FOOD,TUESDAY,-1
3110146,KOREAN_FOOD,WEDNESDAY,0
3110146,KOREAN_FOOD,THURSDAY,0
3110146,KOREAN_FOOD,FRIDAY,2
3110146,KOREAN_FOOD,SATURDAY,1
3110146,KOREAN_FOOD,SUNDAY,-3
3110146,CHINESE_FOOD,MONDAY,-6
3110146,CHINESE_FOOD,TUESDAY,-6
3110146,CHINESE_FOOD,WEDNESDAY,2
3110146,CHINESE_FOOD,THURSDAY,1
3110146,CHINESE_FOOD,FRIDAY,2
3110146,CHINESE_FOOD,SATURDAY,6
3110146,CHINESE_FOOD,SUNDAY,6
3110146,CHICKEN,MONDAY,-5
3110146,CHICKEN,TUESDAY,-5
3110146,CHICKEN,WEDNESDAY,-4
3110146,CHICKEN,THURSDAY,-4
3110146,CHICKEN,FRIDAY,2
3110146,CHICKEN,SATURDAY,6
3110146,CHICKEN,SUNDAY,6
3110146,CAFE_BEVERAGE,MONDAY,-6
3110146,CAFE_BEVERAGE,TUESDAY,-1
3110146,CAFE_BEVERAGE,WEDNESDAY,0
3110146,CAFE_BEVERAGE,THURSDAY,-1
3110146,CAFE_BEVERAGE,FRIDAY,1
3110146,CAFE_BEVERAGE,SATURDAY,6
3110146,CAFE_BEVERAGE,SUNDAY,6
3110147,KOREAN_FOOD,MONDAY,1
3110147,KOREAN_FOOD,TUESDAY,1
3110147,KOREAN_FOOD,WEDNESDAY,1
3110147,KOREAN_FOOD,THURSDAY,2
3110147,KOREAN_FOOD,FRIDAY,3
3110147,KOREAN_FOOD,SATURDAY,-3
3110147,KOREAN_FOOD,SUNDAY,-6
3110147,CHICKEN,MONDAY,-4
3110147,CHICKEN,TUESDAY,0
3110147,CHICKEN,WEDNESDAY,1
3110147,CHICKEN,THURSDAY,0
3110147,CHICKEN,FRIDAY,4
3110147,CHICKEN,SATURDAY,0
3110147,CHICKEN,SUNDAY,0
3110147,CAFE_BEVERAGE,MONDAY,1
3110147,CAFE_BEVERAGE,TUESDAY,1
3110147,CAFE_BEVERAGE,WEDNESDAY,0
3110147,CAFE_BEVERAGE,THURSDAY,0
3110147,CAFE_BEVERAGE,FRIDAY,0
3110147,CAFE_BEVERAGE,SATURDAY,-2
3110147,CAFE_BEVERAGE,SUNDAY,1
3110148,KOREAN_FOOD,MONDAY,6
3110148,KOREAN_FOOD,TUESDAY,6
3110148,KOREAN_FOOD,WEDNESDAY,6
3110148,KOREAN_FOOD,THURSDAY,5
3110148,KOREAN_FOOD,FRIDAY,0
3110148,KOREAN_FOOD,SATURDAY,-6
3110148,KOREAN_FOOD,SUNDAY,-6
3110148,CHINESE_FOOD,MONDAY,5
3110148,CHINESE_FOOD,TUESDAY,5
3110148,CHINESE_FOOD,WEDNESDAY,4
3110148,CHINESE_FOOD,THURSDAY,5
3110148,CHINESE_FOOD,FRIDAY,2
3110148,CHINESE_FOOD,SATURDAY,-6
3110148,CHINESE_FOOD,SUNDAY,-6
3110148,WESTERN_FOOD,MONDAY,5
3110148,WESTERN_FOOD,TUESDAY,6
3110148,WESTERN_FOOD,WEDNESDAY,6
3110148,WESTERN_FOOD,THURSDAY,6
3110148,WESTERN_FOOD,FRIDAY,-3
3110148,WESTERN_FOOD,SATURDAY,-6
3110148,WESTERN_FOOD,SUNDAY,-6
3110148,FAST_FOOD,MONDAY,6
3110148,FAST_FOOD,TUESDAY,6
3110148,FAST_FOOD,WEDNESDAY,6
3110148,FAST_FOOD,THURSDAY,6
3110148,FAST_FOOD,FRIDAY,-1
3110148,FAST_FOOD,SATURDAY,-6
3110148,FAST_FOOD,SUNDAY,-6
3110148,BUNSIK,MONDAY,5
3110148,BUNSIK,TUESDAY,6
3110148,BUNSIK,WEDNESDAY,6
3110148,BUNSIK,THURSDAY,6
3110148,BUNSIK,FRIDAY,-6
3110148,BUNSIK,SATURDAY,-5
3110148,BUNSIK,SUNDAY,-6
3110148,CAFE_BEVERAGE,MONDAY,4
3110148,CAFE_BEVERAGE,TUESDAY,5
3110148,CAFE_BEVERAGE,WEDNESDAY,5
3110148,CAFE_BEVERAGE,THURSDAY,4
3110148,CAFE_BEVERAGE,FRIDAY,-1
3110148,CAFE_BEVERAGE,SATURDAY,-6
3110148,CAFE_BEVERAGE,SUNDAY,-6
3110150,KOREAN_FOOD,MONDAY,2
3110150,KOREAN_FOOD,TUESDAY,2
3110150,KOREAN_FOOD,WEDNESDAY,4
3110150,KOREAN_FOOD,THURSDAY,3
3110150,KOREAN_FOOD,FRIDAY,4
3110150,KOREAN_FOOD,SATURDAY,-5
3110150,KOREAN_FOOD,SUNDAY,-6
3110150,CAFE_BEVERAGE,MONDAY,4
3110150,CAFE_BEVERAGE,TUESDAY,0
3110150,CAFE_BEVERAGE,WEDNESDAY,5
3110150,CAFE_BEVERAGE,THURSDAY,3
3110150,CAFE_BEVERAGE,FRIDAY,2
3110150,CAFE_BEVERAGE,SATURDAY,-2
3110150,CAFE_BEVERAGE,SUNDAY,-6
3110151,KOREAN_FOOD,MONDAY,-3
3110151,KOREAN_FOOD,TUESDAY,-1
3110151,KOREAN_FOOD,WEDNESDAY,-2
3110151,KOREAN_FOOD,THURSDAY,-1
3110151,KOREAN_FOOD,FRIDAY,1
3110151,KOREAN_FOOD,SATURDAY,6
3110151,KOREAN_FOOD,SUNDAY,0
3110151,FAST_FOOD,MONDAY,-4
3110151,FAST_FOOD,TUESDAY,-2
3110151,FAST_FOOD,WEDNESDAY,-2
3110151,FAST_FOOD,THURSDAY,-3
3110151,FAST_FOOD,FRIDAY,1
3110151,FAST_FOOD,SATURDAY,4
3110151,FAST_FOOD,SUNDAY,5
3110151,CAFE_BEVERAGE,MONDAY,-1
3110151,CAFE_BEVERAGE,TUESDAY,-2
3110151,CAFE_BEVERAGE,WEDNESDAY,-2
3110151,CAFE_BEVERAGE,THURSDAY,-2
3110151,CAFE_BEVERAGE,FRIDAY,0
3110151,CAFE_BEVERAGE,SATURDAY,4
3110151,CAFE_BEVERAGE,SUNDAY,4
3110152,KOREAN_FOOD,MONDAY,-1
3110152,KOREAN_FOOD,TUESDAY,-1
3110152,KOREAN_FOOD,WEDNESDAY,0
3110152,KOREAN_FOOD,THURSDAY,0
3110152,KOREAN_FOOD,FRIDAY,2
3110152,KOREAN_FOOD,SATURDAY,3
3110152,KOREAN_FOOD,SUNDAY,-3
3110154,KOREAN_FOOD,MONDAY,-1
3110154,KOREAN_FOOD,TUESDAY,-4
3110154,KOREAN_FOOD,WEDNESDAY,-3
3110154,KOREAN_FOOD,THURSDAY,1
3110154,KOREAN_FOOD,FRIDAY,2
3110154,KOREAN_FOOD,SATURDAY,4
3110154,KOREAN_FOOD,SUNDAY,1
3110154,CHICKEN,MONDAY,-6
3110154,CHICKEN,TUESDAY,-2
3110154,CHICKEN,WEDNESDAY,-1
3110154,CHICKEN,THURSDAY,-2
3110154,CHICKEN,FRIDAY,5
3110154,CHICKEN,SATURDAY,5
3110154,CHICKEN,SUNDAY,1
3110154,CAFE_BEVERAGE,MONDAY,0
3110154,CAFE_BEVERAGE,TUESDAY,-1
3110154,CAFE_BEVERAGE,WEDNESDAY,0
3110154,CAFE_BEVERAGE,THURSDAY,-1
3110154,CAFE_BEVERAGE,FRIDAY,1
3110154,CAFE_BEVERAGE,SATURDAY,5
3110154,CAFE_BEVERAGE,SUNDAY,-4
3110155,KOREAN_FOOD,MONDAY,2
3110155,KOREAN_FOOD,TUESDAY,3
3110155,KOREAN_FOOD,WEDNESDAY,3
3110155,KOREAN_FOOD,THURSDAY,3
3110155,KOREAN_FOOD,FRIDAY,2
3110155,KOREAN_FOOD,SATURDAY,-5
3110155,KOREAN_FOOD,SUNDAY,-6
3110155,FAST_FOOD,MONDAY,-2
3110155,FAST_FOOD,TUESDAY,-6
3110155,FAST_FOOD,WEDNESDAY,2
3110155,FAST_FOOD,THURSDAY,2
3110155,FAST_FOOD,FRIDAY,2
3110155,FAST_FOOD,SATURDAY,4
3110155,FAST_FOOD,SUNDAY,1
3110155,CAFE_BEVERAGE,MONDAY,2
3110155,CAFE_BEVERAGE,TUESDAY,3
3110155,CAFE_BEVERAGE,WEDNESDAY,-1
3110155,CAFE_BEVERAGE,THURSDAY,3
3110155,CAFE_BEVERAGE,FRIDAY,3
3110155,CAFE_BEVERAGE,SATURDAY,-2
3110155,CAFE_BEVERAGE,SUNDAY,-6
3110156,KOREAN_FOOD,MONDAY,-3
3110156,KOREAN_FOOD,TUESDAY,0
3110156,KOREAN_FOOD,WEDNESDAY,1
3110156,KOREAN_FOOD,THURSDAY,1
3110156,KOREAN_FOOD,FRIDAY,2
3110156,KOREAN_FOOD,SATURDAY,0
3110156,KOREAN_FOOD,SUNDAY,0
3110156,BUNSIK,MONDAY,2
3110156,BUNSIK,TUESDAY,2
3110156,BUNSIK,WEDNESDAY,3
3110156,BUNSIK,THURSDAY,3
3110156,BUNSIK,FRIDAY,3
3110156,BUNSIK,SATURDAY,0
3110156,BUNSIK,SUNDAY,-6
3110156,CAFE_BEVERAGE,MONDAY,2
3110156,CAFE_BEVERAGE,TUESDAY,0
3110156,CAFE_BEVERAGE,WEDNESDAY,-5
3110156,CAFE_BEVERAGE,THURSDAY,-3
3110156,CAFE_BEVERAGE,FRIDAY,-2
3110156,CAFE_BEVERAGE,SATURDAY,6
3110156,CAFE_BEVERAGE,SUNDAY,-1
3110157,KOREAN_FOOD,MONDAY,-4
3110157,KOREAN_FOOD,TUESDAY,2
3110157,KOREAN_FOOD,WEDNESDAY,1
3110157,KOREAN_FOOD,THURSDAY,2
3110157,KOREAN_FOOD,FRIDAY,2
3110157,KOREAN_FOOD,SATURDAY,1
3110157,KOREAN_FOOD,SUNDAY,-4
3110157,BUNSIK,MONDAY,0
3110157,BUNSIK,TUESDAY,0
3110157,BUNSIK,WEDNESDAY,0
3110157,BUNSIK,THURSDAY,2
3110157,BUNSIK,FRIDAY,3
3110157,BUNSIK,SATURDAY,-2
3110157,BUNSIK,SUNDAY,-4
3110157,CAFE_BEVERAGE,MONDAY,0
3110157,CAFE_BEVERAGE,TUESDAY,-1
3110157,CAFE_BEVERAGE,WEDNESDAY,0
3110157,CAFE_BEVERAGE,THURSDAY,-2
3110157,CAFE_BEVERAGE,FRIDAY,0
3110157,CAFE_BEVERAGE,SATURDAY,2
3110157,CAFE_BEVERAGE,SUNDAY,2
3110158,KOREAN_FOOD,MONDAY,1
3110158,KOREAN_FOOD,TUESDAY,3
3110158,KOREAN_FOOD,WEDNESDAY,2
3110158,KOREAN_FOOD,THURSDAY,2
3110158,KOREAN_FOOD,FRIDAY,4
3110158,KOREAN_FOOD,SATURDAY,0
3110158,KOREAN_FOOD,SUNDAY,-6
3110158,CAFE_BEVERAGE,MONDAY,-1
3110158,CAFE_BEVERAGE,TUESDAY,0
3110158,CAFE_BEVERAGE,WEDNESDAY,0
3110158,CAFE_BEVERAGE,THURSDAY,0
3110158,CAFE_BEVERAGE,FRIDAY,1
3110158,CAFE_BEVERAGE,SATURDAY,3
3110158,CAFE_BEVERAGE,SUNDAY,-2
3110159,KOREAN_FOOD,MONDAY,1
3110159,KOREAN_FOOD,TUESDAY,0
3110159,KOREAN_FOOD,WEDNESDAY,0
3110159,KOREAN_FOOD,THURSDAY,0
3110159,KOREAN_FOOD,FRIDAY,2
3110159,KOREAN_FOOD,SATURDAY,0
3110159,KOREAN_FOOD,SUNDAY,-3
3110159,CHICKEN,MONDAY,-6
3110159,CHICKEN,TUESDAY,5
3110159,CHICKEN,WEDNESDAY,1
3110159,CHICKEN,THURSDAY,0
3110159,CHICKEN,FRIDAY,5
3110159,CHICKEN,SATURDAY,6
3110159,CHICKEN,SUNDAY,-1
3110159,BUNSIK,MONDAY,1
3110159,BUNSIK,TUESDAY,-5
3110159,BUNSIK,WEDNESDAY,-2
3110159,BUNSIK,THURSDAY,2
3110159,BUNSIK,FRIDAY,1
3110159,BUNSIK,SATURDAY,3
3110159,BUNSIK,SUNDAY,0
3110159,CAFE_BEVERAGE,MONDAY,-4
3110159,CAFE_BEVERAGE,TUESDAY,-2
3110159,CAFE_BEVERAGE,WEDNESDAY,-1
3110159,CAFE_BEVERAGE,THURSDAY,-2
3110159,CAFE_BEVERAGE,FRIDAY,0
3110159,CAFE_BEVERAGE,SATURDAY,4
3110159,CAFE_BEVERAGE,SUNDAY,6
3110161,KOREAN_FOOD,MONDAY,2
3110161,KOREAN_FOOD,TUESDAY,2
3110161,KOREAN_FOOD,WEDNESDAY,2
3110161,KOREAN_FOOD,THURSDAY,2
3110161,KOREAN_FOOD,FRIDAY,3
3110161,KOREAN_FOOD,SATURDAY,-1
3110161,KOREAN_FOOD,SUNDAY,-6
3110161,FAST_FOOD,MONDAY,3
3110161,FAST_FOOD,TUESDAY,-6
3110161,FAST_FOOD,WEDNESDAY,2
3110161,FAST_FOOD,THURSDAY,2
3110161,FAST_FOOD,FRIDAY,2
3110161,FAST_FOOD,SATURDAY,6
3110161,FAST_FOOD,SUNDAY,3
3110161,CAFE_BEVERAGE,MONDAY,1
3110161,CAFE_BEVERAGE,TUESDAY,-1
3110161,CAFE_BEVERAGE,WEDNESDAY,0
3110161,CAFE_BEVERAGE,THURSDAY,-1
3110161,CAFE_BEVERAGE,FRIDAY,0
3110161,CAFE_BEVERAGE,SATURDAY,-3
3110161,CAFE_BEVERAGE,SUNDAY,5
3110161,BAKERY,MONDAY,-1
3110161,BAKERY,TUESDAY,-1
3110161,BAKERY,WEDNESDAY,-2
3110161,BAKERY,THURSDAY,-1
3110161,BAKERY,FRIDAY,1
3110161,BAKERY,SATURDAY,4
3110161,BAKERY,SUNDAY,0
3110162,KOREAN_FOOD,MONDAY,-5
3110162,KOREAN_FOOD,TUESDAY,1
3110162,KOREAN_FOOD,WEDNESDAY,1
3110162,KOREAN_FOOD,THURSDAY,2
3110162,KOREAN_FOOD,FRIDAY,4
3110162,KOREAN_FOOD,SATURDAY,1
3110162,KOREAN_FOOD,SUNDAY,-3
3110162,BUNSIK,MONDAY,6
3110162,BUNSIK,TUESDAY,6
3110162,BUNSIK,WEDNESDAY,5
3110162,BUNSIK,THURSDAY,6
3110162,BUNSIK,FRIDAY,6
3110162,BUNSIK,SATURDAY,-6
3110162,BUNSIK,SUNDAY,-6
3110162,CAFE_BEVERAGE,MONDAY,-1
3110162,CAFE_BEVERAGE,TUESDAY,-1
3110162,CAFE_BEVERAGE,WEDNESDAY,2
3110162,CAFE_BEVERAGE,THURSDAY,2
3110162,CAFE_BEVERAGE,FRIDAY,2
3110162,CAFE_BEVERAGE,SATURDAY,-2
3110162,CAFE_BEVERAGE,SUNDAY,-1
3110163,KOREAN_FOOD,MONDAY,-1
3110163,KOREAN_FOOD,TUESDAY,1
3110163,KOREAN_FOOD,WEDNESDAY,2
3110163,KOREAN_FOOD,THURSDAY,2
3110163,KOREAN_FOOD,FRIDAY,3
3110163,KOREAN_FOOD,SATURDAY,-1
3110163,KOREAN_FOOD,SUNDAY,-4
3110163,JAPANESE_FOOD,MONDAY,-6
3110163,JAPANESE_FOOD,TUESDAY,1
3110163,JAPANESE_FOOD,WEDNESDAY,1
3110163,JAPANESE_FOOD,THURSDAY,2
3110163,JAPANESE_FOOD,FRIDAY,5
3110163,JAPANESE_FOOD,SATURDAY,3
3110163,JAPANESE_FOOD,SUNDAY,-2
3110163,CHICKEN,MONDAY,-6
3110163,CHICKEN,TUESDAY,-2
3110163,CHICKEN,WEDNESDAY,-2
3110163,CHICKEN,THURSDAY,-1
3110163,CHICKEN,FRIDAY,6
3110163,CHICKEN,SATURDAY,4
3110163,CHICKEN,SUNDAY,1
3110163,BUNSIK,MONDAY,-6
3110163,BUNSIK,TUESDAY,2
3110163,BUNSIK,WEDNESDAY,3
3110163,BUNSIK,THURSDAY,4
3110163,BUNSIK,FRIDAY,3
3110163,BUNSIK,SATURDAY,2
3110163,BUNSIK,SUNDAY,-6
3110163,CAFE_BEVERAGE,MONDAY,-1
3110163,CAFE_BEVERAGE,TUESDAY,-1
3110163,CAFE_BEVERAGE,WEDNESDAY,0
3110163,CAFE_BEVERAGE,THURSDAY,0
3110163,CAFE_BEVERAGE,FRIDAY,1
3110163,CAFE_BEVERAGE,SATURDAY,2
3110163,CAFE_BEVERAGE,SUNDAY,0
3110165,KOREAN_FOOD,MONDAY,-2
3110165,KOREAN_FOOD,TUESDAY,1
3110165,KOREAN_FOOD,WEDNESDAY,0
3110165,KOREAN_FOOD,THURSDAY,1
3110165,KOREAN_FOOD,FRIDAY,3
3110165,KOREAN_FOOD,SATURDAY,0
3110165,KOREAN_FOOD,SUNDAY,-3
3110165,CAFE_BEVERAGE,MONDAY,0
3110165,CAFE_BEVERAGE,TUESDAY,0
3110165,CAFE_BEVERAGE,WEDNESDAY,0
3110165,CAFE_BEVERAGE,THURSDAY,0
3110165,CAFE_BEVERAGE,FRIDAY,-1
3110165,CAFE_BEVERAGE,SATURDAY,-1
3110165,CAFE_BEVERAGE,SUNDAY,1
3110166,KOREAN_FOOD,MONDAY,1
3110166,KOREAN_FOOD,TUESDAY,1
3110166,KOREAN_FOOD,WEDNESDAY,2
3110166,KOREAN_FOOD,THURSDAY,1
3110166,KOREAN_FOOD,FRIDAY,3
3110166,KOREAN_FOOD,SATURDAY,-2
3110166,KOREAN_FOOD,SUNDAY,-6
3110166,BUNSIK,MONDAY,0
3110166,BUNSIK,TUESDAY,-1
3110166,BUNSIK,WEDNESDAY,-1
3110166,BUNSIK,THURSDAY,-1
3110166,BUNSIK,FRIDAY,1
3110166,BUNSIK,SATURDAY,2
3110166,BUNSIK,SUNDAY,1
3110166,CAFE_BEVERAGE,MONDAY,-1
3110166,CAFE_BEVERAGE,TUESDAY,-1
3110166,CAFE_BEVERAGE,WEDNESDAY,0
3110166,CAFE_BEVERAGE,THURSDAY,0
3110166,CAFE_BEVERAGE,FRIDAY,1
3110166,CAFE_BEVERAGE,SATURDAY,1
3110166,CAFE_BEVERAGE,SUNDAY,0
3110166,BAKERY,MONDAY,2
3110166,BAKERY,TUESDAY,2
3110166,BAKERY,WEDNESDAY,2
3110166,BAKERY,THURSDAY,1
3110166,BAKERY,FRIDAY,3
3110166,BAKERY,SATURDAY,4
3110166,BAKERY,SUNDAY,-6
3110167,KOREAN_FOOD,MONDAY,2
3110167,KOREAN_FOOD,TUESDAY,2
3110167,KOREAN_FOOD,WEDNESDAY,3
3110167,KOREAN_FOOD,THURSDAY,3
3110167,KOREAN_FOOD,FRIDAY,4
3110167,KOREAN_FOOD,SATURDAY,-4
3110167,KOREAN_FOOD,SUNDAY,-6
3110167,CAFE_BEVERAGE,MONDAY,-1
3110167,CAFE_BEVERAGE,TUESDAY,-3
3110167,CAFE_BEVERAGE,WEDNESDAY,0
3110167,CAFE_BEVERAGE,THURSDAY,-2
3110167,CAFE_BEVERAGE,FRIDAY,2
3110167,CAFE_BEVERAGE,SATURDAY,5
3110167,CAFE_BEVERAGE,SUNDAY,0
3110168,KOREAN_FOOD,MONDAY,0
3110168,KOREAN_FOOD,TUESDAY,-6
3110168,KOREAN_FOOD,WEDNESDAY,-1
3110168,KOREAN_FOOD,THURSDAY,-1
3110168,KOREAN_FOOD,FRIDAY,0
3110168,KOREAN_FOOD,SATURDAY,4
3110168,KOREAN_FOOD,SUNDAY,5
3110169,KOREAN_FOOD,MONDAY,3
3110169,KOREAN_FOOD,TUESDAY,4
3110169,KOREAN_FOOD,WEDNESDAY,3
3110169,KOREAN_FOOD,THURSDAY,5
3110169,KOREAN_FOOD,FRIDAY,5
3110169,KOREAN_FOOD,SATURDAY,-3
3110169,KOREAN_FOOD,SUNDAY,-6
3110169,CAFE_BEVERAGE,MONDAY,0
3110169,CAFE_BEVERAGE,TUESDAY,1
3110169,CAFE_BEVERAGE,WEDNESDAY,1
3110169,CAFE_BEVERAGE,THURSDAY,1
3110169,CAFE_BEVERAGE,FRIDAY,0
3110169,CAFE_BEVERAGE,SATURDAY,1
3110169,CAFE_BEVERAGE,SUNDAY,-3
3110170,KOREAN_FOOD,MONDAY,2
3110170,KOREAN_FOOD,TUESDAY,2
3110170,KOREAN_FOOD,WEDNESDAY,2
3110170,KOREAN_FOOD,THURSDAY,2
3110170,KOREAN_FOOD,FRIDAY,4
3110170,KOREAN_FOOD,SATURDAY,3
3110170,KOREAN_FOOD,SUNDAY,-6
3110170,CHINESE_FOOD,MONDAY,0
3110170,CHINESE_FOOD,TUESDAY,0
3110170,CHINESE_FOOD,WEDNESDAY,2
3110170,CHINESE_FOOD,THURSDAY,2
3110170,CHINESE_FOOD,FRIDAY,3
3110170,CHINESE_FOOD,SATURDAY,0
3110170,CHINESE_FOOD,SUNDAY,-6
3110170,CAFE_BEVERAGE,MONDAY,-1
3110170,CAFE_BEVERAGE,TUESDAY,-1
3110170,CAFE_BEVERAGE,WEDNESDAY,-2
3110170,CAFE_BEVERAGE,THURSDAY,-2
3110170,CAFE_BEVERAGE,FRIDAY,0
3110170,CAFE_BEVERAGE,SATURDAY,4
3110170,CAFE_BEVERAGE,SUNDAY,3
3110172,KOREAN_FOOD,MONDAY,2
3110172,KOREAN_FOOD,TUESDAY,1
3110172,KOREAN_FOOD,WEDNESDAY,2
3110172,KOREAN_FOOD,THURSDAY,3
3110172,KOREAN_FOOD,FRIDAY,1
3110172,KOREAN_FOOD,SATURDAY,-2
3110172,KOREAN_FOOD,SUNDAY,-6
3110173,KOREAN_FOOD,MONDAY,0
3110173,KOREAN_FOOD,TUESDAY,2
3110173,KOREAN_FOOD,WEDNESDAY,2
3110173,KOREAN_FOOD,THURSDAY,2
3110173,KOREAN_FOOD,FRIDAY,3
3110173,KOREAN_FOOD,SATURDAY,-3
3110173,KOREAN_FOOD,SUNDAY,-6
3110173,CAFE_BEVERAGE,MONDAY,-6
3110173,CAFE_BEVERAGE,TUESDAY,1
3110173,CAFE_BEVERAGE,WEDNESDAY,2
3110173,CAFE_BEVERAGE,THURSDAY,1
3110173,CAFE_BEVERAGE,FRIDAY,5
3110173,CAFE_BEVERAGE,SATURDAY,6
3110173,CAFE_BEVERAGE,SUNDAY,-5
3110174,KOREAN_FOOD,MONDAY,-3
3110174,KOREAN_FOOD,TUESDAY,-1
3110174,KOREAN_FOOD,WEDNESDAY,-3
3110174,KOREAN_FOOD,THURSDAY,-6
3110174,KOREAN_FOOD,FRIDAY,1
3110174,KOREAN_FOOD,SATURDAY,6
3110174,KOREAN_FOOD,SUNDAY,6
3110174,BUNSIK,MONDAY,-6
3110174,BUNSIK,TUESDAY,3
3110174,BUNSIK,WEDNESDAY,-4
3110174,BUNSIK,THURSDAY,0
3110174,BUNSIK,FRIDAY,-2
3110174,BUNSIK,SATURDAY,6
3110174,BUNSIK,SUNDAY,6
3110174,CAFE_BEVERAGE,MONDAY,-6
3110174,CAFE_BEVERAGE,TUESDAY,-4
3110174,CAFE_BEVERAGE,WEDNESDAY,-2
3110174,CAFE_BEVERAGE,THURSDAY,-2
3110174,CAFE_BEVERAGE,FRIDAY,0
3110174,CAFE_BEVERAGE,SATURDAY,6
3110174,CAFE_BEVERAGE,SUNDAY,6
3110174,BAKERY,MONDAY,-6
3110174,BAKERY,TUESDAY,-1
3110174,BAKERY,WEDNESDAY,0
3110174,BAKERY,THURSDAY,-2
3110174,BAKERY,FRIDAY,1
3110174,BAKERY,SATURDAY,6
3110174,BAKERY,SUNDAY,6
3110175,KOREAN_FOOD,MONDAY,5
3110175,KOREAN_FOOD,TUESDAY,2
3110175,KOREAN_FOOD,WEDNESDAY,4
3110175,KOREAN_FOOD,THURSDAY,4
3110175,KOREAN_FOOD,FRIDAY,4
3110175,KOREAN_FOOD,SATURDAY,-2
3110175,KOREAN_FOOD,SUNDAY,-6
3110176,KOREAN_FOOD,MONDAY,-1
3110176,KOREAN_FOOD,TUESDAY,-1
3110176,KOREAN_FOOD,WEDNESDAY,0
3110176,KOREAN_FOOD,THURSDAY,1
3110176,KOREAN_FOOD,FRIDAY,1
3110176,KOREAN_FOOD,SATURDAY,0
3110176,KOREAN_FOOD,SUNDAY,0
3110176,BUNSIK,MONDAY,-2
3110176,BUNSIK,TUESDAY,-3
3110176,BUNSIK,WEDNESDAY,-6
3110176,BUNSIK,THURSDAY,-1
3110176,BUNSIK,FRIDAY,4
3110176,BUNSIK,SATURDAY,6
3110176,BUNSIK,SUNDAY,0
3110176,CAFE_BEVERAGE,MONDAY,-1
3110176,CAFE_BEVERAGE,TUESDAY,-2
3110176,CAFE_BEVERAGE,WEDNESDAY,-1
3110176,CAFE_BEVERAGE,THURSDAY,-2
3110176,CAFE_BEVERAGE,FRIDAY,-1
3110176,CAFE_BEVERAGE,SATURDAY,4
3110176,CAFE_BEVERAGE,SUNDAY,2
3110177,KOREAN_FOOD,MONDAY,-6
3110177,KOREAN_FOOD,TUESDAY,-5
3110177,KOREAN_FOOD,WEDNESDAY,-4
3110177,KOREAN_FOOD,THURSDAY,-5
3110177,KOREAN_FOOD,FRIDAY,1
3110177,KOREAN_FOOD,SATURDAY,6
3110177,KOREAN_FOOD,SUNDAY,6
3110178,KOREAN_FOOD,MONDAY,-2
3110178,KOREAN_FOOD,TUESDAY,-2
3110178,KOREAN_FOOD,WEDNESDAY,-2
3110178,KOREAN_FOOD,THURSDAY,-2
3110178,KOREAN_FOOD,FRIDAY,-1
3110178,KOREAN_FOOD,SATURDAY,3
3110178,KOREAN_FOOD,SUNDAY,6
3110178,BUNSIK,MONDAY,6
3110178,BUNSIK,TUESDAY,5
3110178,BUNSIK,WEDNESDAY,3
3110178,BUNSIK,THURSDAY,6
3110178,BUNSIK,FRIDAY,4
3110178,BUNSIK,SATURDAY,-5
3110178,BUNSIK,SUNDAY,-6
3110178,CAFE_BEVERAGE,MONDAY,-1
3110178,CAFE_BEVERAGE,TUESDAY,2
3110178,CAFE_BEVERAGE,WEDNESDAY,3
3110178,CAFE_BEVERAGE,THURSDAY,4
3110178,CAFE_BEVERAGE,FRIDAY,4
3110178,CAFE_BEVERAGE,SATURDAY,-6
3110178,CAFE_BEVERAGE,SUNDAY,-6
3110179,KOREAN_FOOD,MONDAY,0
3110179,KOREAN_FOOD,TUESDAY,2
3110179,KOREAN_FOOD,WEDNESDAY,1
3110179,KOREAN_FOOD,THURSDAY,2
3110179,KOREAN_FOOD,FRIDAY,1
3110179,KOREAN_FOOD,SATURDAY,-6
3110179,KOREAN_FOOD,SUNDAY,0
3110179,BUNSIK,MONDAY,-6
3110179,BUNSIK,TUESDAY,0
3110179,BUNSIK,WEDNESDAY,0
3110179,BUNSIK,THURSDAY,1
3110179,BUNSIK,FRIDAY,2
3110179,BUNSIK,SATURDAY,5
3110179,BUNSIK,SUNDAY,3
3110179,CAFE_BEVERAGE,MONDAY,6
3110179,CAFE_BEVERAGE,TUESDAY,6
3110179,CAFE_BEVERAGE,WEDNESDAY,6
3110179,CAFE_BEVERAGE,THURSDAY,6
3110179,CAFE_BEVERAGE,FRIDAY,-1
3110179,CAFE_BEVERAGE,SATURDAY,-6
3110179,CAFE_BEVERAGE,SUNDAY,-6
3110180,KOREAN_FOOD,MONDAY,2
3110180,KOREAN_FOOD,TUESDAY,2
3110180,KOREAN_FOOD,WEDNESDAY,3
3110180,KOREAN_FOOD,THURSDAY,4
3110180,KOREAN_FOOD,FRIDAY,4
3110180,KOREAN_FOOD,SATURDAY,-5
3110180,KOREAN_FOOD,SUNDAY,-6
3110180,JAPANESE_FOOD,MONDAY,-5
3110180,JAPANESE_FOOD,TUESDAY,-1
3110180,JAPANESE_FOOD,WEDNESDAY,0
3110180,JAPANESE_FOOD,THURSDAY,1
3110180,JAPANESE_FOOD,FRIDAY,2
3110180,JAPANESE_FOOD,SATURDAY,4
3110180,JAPANESE_FOOD,SUNDAY,-1
3110180,CAFE_BEVERAGE,MONDAY,0
3110180,CAFE_BEVERAGE,TUESDAY,0
3110180,CAFE_BEVERAGE,WEDNESDAY,1
3110180,CAFE_BEVERAGE,THURSDAY,1
3110180,CAFE_BEVERAGE,FRIDAY,0
3110180,CAFE_BEVERAGE,SATURDAY,1
3110180,CAFE_BEVERAGE,SUNDAY,-3
3110181,KOREAN_FOOD,MONDAY,3
3110181,KOREAN_FOOD,TUESDAY,5
3110181,KOREAN_FOOD,WEDNESDAY,3
3110181,KOREAN_FOOD,THURSDAY,3
3110181,KOREAN_FOOD,FRIDAY,2
3110181,KOREAN_FOOD,SATURDAY,-6
3110181,KOREAN_FOOD,SUNDAY,-5
3110183,KOREAN_FOOD,MONDAY,4
3110183,KOREAN_FOOD,TUESDAY,5
3110183,KOREAN_FOOD,WEDNESDAY,5
3110183,KOREAN_FOOD,THURSDAY,5
3110183,KOREAN_FOOD,FRIDAY,5
3110183,KOREAN_FOOD,SATURDAY,-5
3110183,KOREAN_FOOD,SUNDAY,-6
3110183,CAFE_BEVERAGE,MONDAY,1
3110183,CAFE_BEVERAGE,TUESDAY,4
3110183,CAFE_BEVERAGE,WEDNESDAY,3
3110183,CAFE_BEVERAGE,THURSDAY,4
3110183,CAFE_BEVERAGE,FRIDAY,4
3110183,CAFE_BEVERAGE,SATURDAY,-3
3110183,CAFE_BEVERAGE,SUNDAY,-6
3110184,KOREAN_FOOD,MONDAY,-1
3110184,KOREAN_FOOD,TUESDAY,2
3110184,KOREAN_FOOD,WEDNESDAY,1
3110184,KOREAN_FOOD,THURSDAY,2
3110184,KOREAN_FOOD,FRIDAY,3
3110184,KOREAN_FOOD,SATURDAY,0
3110184,KOREAN_FOOD,SUNDAY,-6
3110185,KOREAN_FOOD,MONDAY,1
3110185,KOREAN_FOOD,TUESDAY,1
3110185,KOREAN_FOOD,WEDNESDAY,0
3110185,KOREAN_FOOD,THURSDAY,2
3110185,KOREAN_FOOD,FRIDAY,4
3110185,KOREAN_FOOD,SATURDAY,-3
3110185,KOREAN_FOOD,SUNDAY,-5
3110186,KOREAN_FOOD,MONDAY,1
3110186,KOREAN_FOOD,TUESDAY,0
3110186,KOREAN_FOOD,WEDNESDAY,0
3110186,KOREAN_FOOD,THURSDAY,1
3110186,KOREAN_FOOD,FRIDAY,0
3110186,KOREAN_FOOD,SATURDAY,-2
3110186,KOREAN_FOOD,SUNDAY,0
3110187,KOREAN_FOOD,MONDAY,2
3110187,KOREAN_FOOD,TUESDAY,2
3110187,KOREAN_FOOD,WEDNESDAY,2
3110187,KOREAN_FOOD,THURSDAY,3
3110187,KOREAN_FOOD,FRIDAY,6
3110187,KOREAN_FOOD,SATURDAY,0
3110187,KOREAN_FOOD,SUNDAY,-6
3110187,BUNSIK,MONDAY,1
3110187,BUNSIK,TUESDAY,2
3110187,BUNSIK,WEDNESDAY,1
3110187,BUNSIK,THURSDAY,2
3110187,BUNSIK,FRIDAY,0
3110187,BUNSIK,SATURDAY,-4
3110187,BUNSIK,SUNDAY,-1
3110187,CAFE_BEVERAGE,MONDAY,-2
3110187,CAFE_BEVERAGE,TUESDAY,-1
3110187,CAFE_BEVERAGE,WEDNESDAY,0
3110187,CAFE_BEVERAGE,THURSDAY,0
3110187,CAFE_BEVERAGE,FRIDAY,1
3110187,CAFE_BEVERAGE,SATURDAY,4
3110187,CAFE_BEVERAGE,SUNDAY,-1
3110188,KOREAN_FOOD,MONDAY,6
3110188,KOREAN_FOOD,TUESDAY,6
3110188,KOREAN_FOOD,WEDNESDAY,6
3110188,KOREAN_FOOD,THURSDAY,6
3110188,KOREAN_FOOD,FRIDAY,5
3110188,KOREAN_FOOD,SATURDAY,-6
3110188,KOREAN_FOOD,SUNDAY,-6
3110188,CAFE_BEVERAGE,MONDAY,0
3110188,CAFE_BEVERAGE,TUESDAY,0
3110188,CAFE_BEVERAGE,WEDNESDAY,1
3110188,CAFE_BEVERAGE,THURSDAY,2
3110188,CAFE_BEVERAGE,FRIDAY,2
3110188,CAFE_BEVERAGE,SATURDAY,-2
3110188,CAFE_BEVERAGE,SUNDAY,-3
3110190,KOREAN_FOOD,MONDAY,2
3110190,KOREAN_FOOD,TUESDAY,2
3110190,KOREAN_FOOD,WEDNESDAY,1
3110190,KOREAN_FOOD,THURSDAY,2
3110190,KOREAN_FOOD,FRIDAY,1
3110190,KOREAN_FOOD,SATURDAY,-1
3110190,KOREAN_FOOD,SUNDAY,-6
3110191,KOREAN_FOOD,MONDAY,4
3110191,KOREAN_FOOD,TUESDAY,4
3110191,KOREAN_FOOD,WEDNESDAY,3
3110191,KOREAN_FOOD,THURSDAY,3
3110191,KOREAN_FOOD,FRIDAY,0
3110191,KOREAN_FOOD,SATURDAY,-4
3110191,KOREAN_FOOD,SUNDAY,-6
3110191,CHINESE_FOOD,MONDAY,-6
3110191,CHINESE_FOOD,TUESDAY,5
3110191,CHINESE_FOOD,WEDNESDAY,4
3110191,CHINESE_FOOD,THURSDAY,2
3110191,CHINESE_FOOD,FRIDAY,2
3110191,CHINESE_FOOD,SATURDAY,0
3110191,CHINESE_FOOD,SUNDAY,2
3110191,WESTERN_FOOD,MONDAY,-1
3110191,WESTERN_FOOD,TUESDAY,-1
3110191,WESTERN_FOOD,WEDNESDAY,-1
3110191,WESTERN_FOOD,THURSDAY,0
3110191,WESTERN_FOOD,FRIDAY,-1
3110191,WESTERN_FOOD,SATURDAY,4
3110191,WESTERN_FOOD,SUNDAY,1
3110191,BUNSIK,MONDAY,6
3110191,BUNSIK,TUESDAY,6
3110191,BUNSIK,WEDNESDAY,6
3110191,BUNSIK,THURSDAY,6
3110191,BUNSIK,FRIDAY,3
3110191,BUNSIK,SATURDAY,-6
3110191,BUNSIK,SUNDAY,-6
3110191,CAFE_BEVERAGE,MONDAY,1
3110191,CAFE_BEVERAGE,TUESDAY,3
3110191,CAFE_BEVERAGE,WEDNESDAY,2
3110191,CAFE_BEVERAGE,THURSDAY,2
3110191,CAFE_BEVERAGE,FRIDAY,-1
3110191,CAFE_BEVERAGE,SATURDAY,-3
3110191,CAFE_BEVERAGE,SUNDAY,-3
3110192,KOREAN_FOOD,MONDAY,0
3110192,KOREAN_FOOD,TUESDAY,1
3110192,KOREAN_FOOD,WEDNESDAY,1
3110192,KOREAN_FOOD,THURSDAY,1
3110192,KOREAN_FOOD,FRIDAY,2
3110192,KOREAN_FOOD,SATURDAY,-1
3110192,KOREAN_FOOD,SUNDAY,-4
3110192,FAST_FOOD,MONDAY,-6
3110192,FAST_FOOD,TUESDAY,-2
3110192,FAST_FOOD,WEDNESDAY,-1
3110192,FAST_FOOD,THURSDAY,-2
3110192,FAST_FOOD,FRIDAY,1
3110192,FAST_FOOD,SATURDAY,6
3110192,FAST_FOOD,SUNDAY,5
3110192,CAFE_BEVERAGE,MONDAY,0
3110192,CAFE_BEVERAGE,TUESDAY,1
3110192,CAFE_BEVERAGE,WEDNESDAY,1
3110192,CAFE_BEVERAGE,THURSDAY,1
3110192,CAFE_BEVERAGE,FRIDAY,1
3110192,CAFE_BEVERAGE,SATURDAY,0
3110192,CAFE_BEVERAGE,SUNDAY,-4
3110193,KOREAN_FOOD,MONDAY,3
3110193,KOREAN_FOOD,TUESDAY,1
3110193,KOREAN_FOOD,WEDNESDAY,2
3110193,KOREAN_FOOD,THURSDAY,1
3110193,KOREAN_FOOD,FRIDAY,2
3110193,KOREAN_FOOD,SATURDAY,-2
3110193,KOREAN_FOOD,SUNDAY,-6
3110195,KOREAN_FOOD,MONDAY,1
3110195,KOREAN_FOOD,TUESDAY,1
3110195,KOREAN_FOOD,WEDNESDAY,2
3110195,KOREAN_FOOD,THURSDAY,2
3110195,KOREAN_FOOD,FRIDAY,2
3110195,KOREAN_FOOD,SATURDAY,-1
3110195,KOREAN_FOOD,SUNDAY,-6
3110195,CAFE_BEVERAGE,MONDAY,2
3110195,CAFE_BEVERAGE,TUESDAY,2
3110195,CAFE_BEVERAGE,WEDNESDAY,4
3110195,CAFE_BEVERAGE,THURSDAY,3
3110195,CAFE_BEVERAGE,FRIDAY,4
3110195,CAFE_BEVERAGE,SATURDAY,-2
3110195,CAFE_BEVERAGE,SUNDAY,-6
3110197,KOREAN_FOOD,MONDAY,3
3110197,KOREAN_FOOD,TUESDAY,6
3110197,KOREAN_FOOD,WEDNESDAY,4
3110197,KOREAN_FOOD,THURSDAY,5
3110197,KOREAN_FOOD,FRIDAY,4
3110197,KOREAN_FOOD,SATURDAY,-5
3110197,KOREAN_FOOD,SUNDAY,-6
3110199,KOREAN_FOOD,MONDAY,-2
3110199,KOREAN_FOOD,TUESDAY,-2
3110199,KOREAN_FOOD,WEDNESDAY,1
3110199,KOREAN_FOOD,THURSDAY,-1
3110199,KOREAN_FOOD,FRIDAY,1
3110199,KOREAN_FOOD,SATURDAY,3
3110199,KOREAN_FOOD,SUNDAY,1
3110199,CHICKEN,MONDAY,-5
3110199,CHICKEN,TUESDAY,-1
3110199,CHICKEN,WEDNESDAY,0
3110199,CHICKEN,THURSDAY,-1
3110199,CHICKEN,FRIDAY,5
3110199,CHICKEN,SATURDAY,4
3110199,CHICKEN,SUNDAY,-3
3110200,KOREAN_FOOD,MONDAY,-1
3110200,KOREAN_FOOD,TUESDAY,0
3110200,KOREAN_FOOD,WEDNESDAY,-2
3110200,KOREAN_FOOD,THURSDAY,-1
3110200,KOREAN_FOOD,FRIDAY,1
3110200,KOREAN_FOOD,SATURDAY,2
3110200,KOREAN_FOOD,SUNDAY,1
3110201,KOREAN_FOOD,MONDAY,0
3110201,KOREAN_FOOD,TUESDAY,-1
3110201,KOREAN_FOOD,WEDNESDAY,0
3110201,KOREAN_FOOD,THURSDAY,-1
3110201,KOREAN_FOOD,FRIDAY,2
3110201,KOREAN_FOOD,SATURDAY,2
3110201,KOREAN_FOOD,SUNDAY,-2
3110203,KOREAN_FOOD,MONDAY,5
3110203,KOREAN_FOOD,TUESDAY,2
3110203,KOREAN_FOOD,WEDNESDAY,3
3110203,KOREAN_FOOD,THURSDAY,3
3110203,KOREAN_FOOD,FRIDAY,5
3110203,KOREAN_FOOD,SATURDAY,-4
3110203,KOREAN_FOOD,SUNDAY,-6
3110204,KOREAN_FOOD,MONDAY,1
3110204,KOREAN_FOOD,TUESDAY,2
3110204,KOREAN_FOOD,WEDNESDAY,2
3110204,KOREAN_FOOD,THURSDAY,2
3110204,KOREAN_FOOD,FRIDAY,2
3110204,KOREAN_FOOD,SATURDAY,0
3110204,KOREAN_FOOD,SUNDAY,-6
3110204,BUNSIK,MONDAY,0
3110204,BUNSIK,TUESDAY,-1
3110204,BUNSIK,WEDNESDAY,0
3110204,BUNSIK,THURSDAY,0
3110204,BUNSIK,FRIDAY,2
3110204,BUNSIK,SATURDAY,5
3110204,BUNSIK,SUNDAY,-6
3110204,CAFE_BEVERAGE,MONDAY,-3
3110204,CAFE_BEVERAGE,TUESDAY,-2
3110204,CAFE_BEVERAGE,WEDNESDAY,-1
3110204,CAFE_BEVERAGE,THURSDAY,-2
3110204,CAFE_BEVERAGE,FRIDAY,-2
3110204,CAFE_BEVERAGE,SATURDAY,6
3110204,CAFE_BEVERAGE,SUNDAY,3
3110205,KOREAN_FOOD,MONDAY,-1
3110205,KOREAN_FOOD,TUESDAY,0
3110205,KOREAN_FOOD,WEDNESDAY,0
3110205,KOREAN_FOOD,THURSDAY,0
3110205,KOREAN_FOOD,FRIDAY,4
3110205,KOREAN_FOOD,SATURDAY,2
3110205,KOREAN_FOOD,SUNDAY,-6
3110205,CHINESE_FOOD,MONDAY,2
3110205,CHINESE_FOOD,TUESDAY,0
3110205,CHINESE_FOOD,WEDNESDAY,-1
3110205,CHINESE_FOOD,THURSDAY,3
3110205,CHINESE_FOOD,FRIDAY,3
3110205,CHINESE_FOOD,SATURDAY,3
3110205,CHINESE_FOOD,SUNDAY,-6
3110205,BUNSIK,MONDAY,5
3110205,BUNSIK,TUESDAY,2
3110205,BUNSIK,WEDNESDAY,3
3110205,BUNSIK,THURSDAY,3
3110205,BUNSIK,FRIDAY,2
3110205,BUNSIK,SATURDAY,-5
3110205,BUNSIK,SUNDAY,-6
3110205,CAFE_BEVERAGE,MONDAY,-2
3110205,CAFE_BEVERAGE,TUESDAY,0
3110205,CAFE_BEVERAGE,WEDNESDAY,0
3110205,CAFE_BEVERAGE,THURSDAY,1
3110205,CAFE_BEVERAGE,FRIDAY,0
3110205,CAFE_BEVERAGE,SATURDAY,1
3110205,CAFE_BEVERAGE,SUNDAY,-1
3110206,KOREAN_FOOD,MONDAY,-2
3110206,KOREAN_FOOD,TUESDAY,-2
3110206,KOREAN_FOOD,WEDNESDAY,-2
3110206,KOREAN_FOOD,THURSDAY,-3
3110206,KOREAN_FOOD,FRIDAY,-1
3110206,KOREAN_FOOD,SATURDAY,5
3110206,KOREAN_FOOD,SUNDAY,4
3110206,CAFE_BEVERAGE,MONDAY,-6
3110206,CAFE_BEVERAGE,TUESDAY,-6
3110206,CAFE_BEVERAGE,WEDNESDAY,-3
3110206,CAFE_BEVERAGE,THURSDAY,-5
3110206,CAFE_BEVERAGE,FRIDAY,-1
3110206,CAFE_BEVERAGE,SATURDAY,6
3110206,CAFE_BEVERAGE,SUNDAY,6
3110207,KOREAN_FOOD,MONDAY,-1
3110207,KOREAN_FOOD,TUESDAY,1
3110207,KOREAN_FOOD,WEDNESDAY,1
3110207,KOREAN_FOOD,THURSDAY,2
3110207,KOREAN_FOOD,FRIDAY,1
3110207,KOREAN_FOOD,SATURDAY,-1
3110207,KOREAN_FOOD,SUNDAY,-3
3110207,CAFE_BEVERAGE,MONDAY,0
3110207,CAFE_BEVERAGE,TUESDAY,0
3110207,CAFE_BEVERAGE,WEDNESDAY,1
3110207,CAFE_BEVERAGE,THURSDAY,0
3110207,CAFE_BEVERAGE,FRIDAY,0
3110207,CAFE_BEVERAGE,SATURDAY,0
3110207,CAFE_BEVERAGE,SUNDAY,-1
3110210,KOREAN_FOOD,MONDAY,5
3110210,KOREAN_FOOD,TUESDAY,5
3110210,KOREAN_FOOD,WEDNESDAY,3
3110210,KOREAN_FOOD,THURSDAY,5
3110210,KOREAN_FOOD,FRIDAY,2
3110210,KOREAN_FOOD,SATURDAY,-6
3110210,KOREAN_FOOD,SUNDAY,-6
3110210,FAST_FOOD,MONDAY,4
3110210,FAST_FOOD,TUESDAY,5
3110210,FAST_FOOD,WEDNESDAY,3
3110210,FAST_FOOD,THURSDAY,5
3110210,FAST_FOOD,FRIDAY,2
3110210,FAST_FOOD,SATURDAY,1
3110210,FAST_FOOD,SUNDAY,-6
3110210,BUNSIK,MONDAY,2
3110210,BUNSIK,TUESDAY,3
3110210,BUNSIK,WEDNESDAY,2
3110210,BUNSIK,THURSDAY,2
3110210,BUNSIK,FRIDAY,-1
3110210,BUNSIK,SATURDAY,-4
3110210,BUNSIK,SUNDAY,-5
3110210,CAFE_BEVERAGE,MONDAY,2
3110210,CAFE_BEVERAGE,TUESDAY,3
3110210,CAFE_BEVERAGE,WEDNESDAY,2
3110210,CAFE_BEVERAGE,THURSDAY,2
3110210,CAFE_BEVERAGE,FRIDAY,0
3110210,CAFE_BEVERAGE,SATURDAY,-4
3110210,CAFE_BEVERAGE,SUNDAY,-6
3110211,KOREAN_FOOD,MONDAY,-5
3110211,KOREAN_FOOD,TUESDAY,1
3110211,KOREAN_FOOD,WEDNESDAY,1
3110211,KOREAN_FOOD,THURSDAY,1
3110211,KOREAN_FOOD,FRIDAY,4
3110211,KOREAN_FOOD,SATURDAY,2
3110211,KOREAN_FOOD,SUNDAY,-5
3110211,CHICKEN,MONDAY,-6
3110211,CHICKEN,TUESDAY,-2
3110211,CHICKEN,WEDNESDAY,-1
3110211,CHICKEN,THURSDAY,-3
3110211,CHICKEN,FRIDAY,4
3110211,CHICKEN,SATURDAY,6
3110211,CHICKEN,SUNDAY,3
3110212,KOREAN_FOOD,MONDAY,-6
3110212,KOREAN_FOOD,TUESDAY,-2
3110212,KOREAN_FOOD,WEDNESDAY,-1
3110212,KOREAN_FOOD,THURSDAY,-2
3110212,KOREAN_FOOD,FRIDAY,1
3110212,KOREAN_FOOD,SATURDAY,6
3110212,KOREAN_FOOD,SUNDAY,4
3110212,CHICKEN,MONDAY,-5
3110212,CHICKEN,TUESDAY,-2
3110212,CHICKEN,WEDNESDAY,-3
3110212,CHICKEN,THURSDAY,-1
3110212,CHICKEN,FRIDAY,1
3110212,CHICKEN,SATURDAY,6
3110212,CHICKEN,SUNDAY,3
3110212,FAST_FOOD,MONDAY,-3
3110212,FAST_FOOD,TUESDAY,-1
3110212,FAST_FOOD,WEDNESDAY,-2
3110212,FAST_FOOD,THURSDAY,-3
3110212,FAST_FOOD,FRIDAY,0
3110212,FAST_FOOD,SATURDAY,4
3110212,FAST_FOOD,SUNDAY,5
3110212,CAFE_BEVERAGE,MONDAY,-2
3110212,CAFE_BEVERAGE,TUESDAY,-2
3110212,CAFE_BEVERAGE,WEDNESDAY,-2
3110212,CAFE_BEVERAGE,THURSDAY,-2
3110212,CAFE_BEVERAGE,FRIDAY,0
3110212,CAFE_BEVERAGE,SATURDAY,5
3110212,CAFE_BEVERAGE,SUNDAY,3
3110213,CAFE_BEVERAGE,MONDAY,-6
3110213,CAFE_BEVERAGE,TUESDAY,-6
3110213,CAFE_BEVERAGE,WEDNESDAY,-6
3110213,CAFE_BEVERAGE,THURSDAY,-6
3110213,CAFE_BEVERAGE,FRIDAY,-6
3110213,CAFE_BEVERAGE,SATURDAY,0
3110213,CAFE_BEVERAGE,SUNDAY,6
3110214,KOREAN_FOOD,MONDAY,6
3110214,KOREAN_FOOD,TUESDAY,5
3110214,KOREAN_FOOD,WEDNESDAY,5
3110214,KOREAN_FOOD,THURSDAY,5
3110214,KOREAN_FOOD,FRIDAY,-1
3110214,KOREAN_FOOD,SATURDAY,-6
3110214,KOREAN_FOOD,SUNDAY,-6
3110214,WESTERN_FOOD,MONDAY,4
3110214,WESTERN_FOOD,TUESDAY,6
3110214,WESTERN_FOOD,WEDNESDAY,6
3110214,WESTERN_FOOD,THURSDAY,6
3110214,WESTERN_FOOD,FRIDAY,2
3110214,WESTERN_FOOD,SATURDAY,-6
3110214,WESTERN_FOOD,SUNDAY,-6
3110214,CAFE_BEVERAGE,MONDAY,1
3110214,CAFE_BEVERAGE,TUESDAY,2
3110214,CAFE_BEVERAGE,WEDNESDAY,2
3110214,CAFE_BEVERAGE,THURSDAY,1
3110214,CAFE_BEVERAGE,FRIDAY,1
3110214,CAFE_BEVERAGE,SATURDAY,-3
3110214,CAFE_BEVERAGE,SUNDAY,-5
3110215,KOREAN_FOOD,MONDAY,-1
3110215,KOREAN_FOOD,TUESDAY,-1
3110215,KOREAN_FOOD,WEDNESDAY,-1
3110215,KOREAN_FOOD,THURSDAY,-2
3110215,KOREAN_FOOD,FRIDAY,-1
3110215,KOREAN_FOOD,SATURDAY,1
3110215,KOREAN_FOOD,SUNDAY,3
3110216,KOREAN_FOOD,MONDAY,2
3110216,KOREAN_FOOD,TUESDAY,1
3110216,KOREAN_FOOD,WEDNESDAY,1
3110216,KOREAN_FOOD,THURSDAY,1
3110216,KOREAN_FOOD,FRIDAY,2
3110216,KOREAN_FOOD,SATURDAY,1
3110216,KOREAN_FOOD,SUNDAY,-6
3110216,CHINESE_FOOD,MONDAY,-6
3110216,CHINESE_FOOD,TUESDAY,-2
3110216,CHINESE_FOOD,WEDNESDAY,-1
3110216,CHINESE_FOOD,THURSDAY,-1
3110216,CHINESE_FOOD,FRIDAY,0
3110216,CHINESE_FOOD,SATURDAY,5
3110216,CHINESE_FOOD,SUNDAY,6
3110216,BUNSIK,MONDAY,-5
3110216,BUNSIK,TUESDAY,1
3110216,BUNSIK,WEDNESDAY,-1
3110216,BUNSIK,THURSDAY,1
3110216,BUNSIK,FRIDAY,2
3110216,BUNSIK,SATURDAY,3
3110216,BUNSIK,SUNDAY,-1
3110216,CAFE_BEVERAGE,MONDAY,1
3110216,CAFE_BEVERAGE,TUESDAY,0
3110216,CAFE_BEVERAGE,WEDNESDAY,1
3110216,CAFE_BEVERAGE,THURSDAY,1
3110216,CAFE_BEVERAGE,FRIDAY,2
3110216,CAFE_BEVERAGE,SATURDAY,1
3110216,CAFE_BEVERAGE,SUNDAY,-6
3110217,KOREAN_FOOD,MONDAY,6
3110217,KOREAN_FOOD,TUESDAY,6
3110217,KOREAN_FOOD,WEDNESDAY,6
3110217,KOREAN_FOOD,THURSDAY,5
3110217,KOREAN_FOOD,FRIDAY,4
3110217,KOREAN_FOOD,SATURDAY,-6
3110217,KOREAN_FOOD,SUNDAY,-6
3110218,KOREAN_FOOD,MONDAY,0
3110218,KOREAN_FOOD,TUESDAY,0
3110218,KOREAN_FOOD,WEDNESDAY,1
3110218,KOREAN_FOOD,THURSDAY,0
3110218,KOREAN_FOOD,FRIDAY,3
3110218,KOREAN_FOOD,SATURDAY,3
3110218,KOREAN_FOOD,SUNDAY,-6
3110218,CAFE_BEVERAGE,MONDAY,-1
3110218,CAFE_BEVERAGE,TUESDAY,-2
3110218,CAFE_BEVERAGE,WEDNESDAY,-1
3110218,CAFE_BEVERAGE,THURSDAY,-2
3110218,CAFE_BEVERAGE,FRIDAY,2
3110218,CAFE_BEVERAGE,SATURDAY,-3
3110218,CAFE_BEVERAGE,SUNDAY,6
3110218,BAKERY,MONDAY,-1
3110218,BAKERY,TUESDAY,-1
3110218,BAKERY,WEDNESDAY,-2
3110218,BAKERY,THURSDAY,-1
3110218,BAKERY,FRIDAY,1
3110218,BAKERY,SATURDAY,4
3110218,BAKERY,SUNDAY,1
3110219,KOREAN_FOOD,MONDAY,0
3110219,KOREAN_FOOD,TUESDAY,-3
3110219,KOREAN_FOOD,WEDNESDAY,0
3110219,KOREAN_FOOD,THURSDAY,0
3110219,KOREAN_FOOD,FRIDAY,1
3110219,KOREAN_FOOD,SATURDAY,2
3110219,KOREAN_FOOD,SUNDAY,0
3110219,FAST_FOOD,MONDAY,4
3110219,FAST_FOOD,TUESDAY,5
3110219,FAST_FOOD,WEDNESDAY,3
3110219,FAST_FOOD,THURSDAY,4
3110219,FAST_FOOD,FRIDAY,-6
3110219,FAST_FOOD,SATURDAY,-6
3110219,FAST_FOOD,SUNDAY,5
3110219,BUNSIK,MONDAY,1
3110219,BUNSIK,TUESDAY,-1
3110219,BUNSIK,WEDNESDAY,1
3110219,BUNSIK,THURSDAY,1
3110219,BUNSIK,FRIDAY,2
3110219,BUNSIK,SATURDAY,-6
3110219,BUNSIK,SUNDAY,6
3110219,CAFE_BEVERAGE,MONDAY,2
3110219,CAFE_BEVERAGE,TUESDAY,5
3110219,CAFE_BEVERAGE,WEDNESDAY,4
3110219,CAFE_BEVERAGE,THURSDAY,5
3110219,CAFE_BEVERAGE,FRIDAY,-5
3110219,CAFE_BEVERAGE,SATURDAY,-6
3110219,CAFE_BEVERAGE,SUNDAY,1
3110220,KOREAN_FOOD,MONDAY,0
3110220,KOREAN_FOOD,TUESDAY,1
3110220,KOREAN_FOOD,WEDNESDAY,1
3110220,KOREAN_FOOD,THURSDAY,1
3110220,KOREAN_FOOD,FRIDAY,1
3110220,KOREAN_FOOD,SATURDAY,-2
3110220,KOREAN_FOOD,SUNDAY,-2
3110220,CHINESE_FOOD,MONDAY,1
3110220,CHINESE_FOOD,TUESDAY,2
3110220,CHINESE_FOOD,WEDNESDAY,3
3110220,CHINESE_FOOD,THURSDAY,3
3110220,CHINESE_FOOD,FRIDAY,1
3110220,CHINESE_FOOD,SATURDAY,-5
3110220,CHINESE_FOOD,SUNDAY,-5
3110220,JAPANESE_FOOD,MONDAY,4
3110220,JAPANESE_FOOD,TUESDAY,4
3110220,JAPANESE_FOOD,WEDNESDAY,3
3110220,JAPANESE_FOOD,THURSDAY,3
3110220,JAPANESE_FOOD,FRIDAY,2
3110220,JAPANESE_FOOD,SATURDAY,-6
3110220,JAPANESE_FOOD,SUNDAY,-6
3110220,WESTERN_FOOD,MONDAY,1
3110220,WESTERN_FOOD,TUESDAY,2
3110220,WESTERN_FOOD,WEDNESDAY,2
3110220,WESTERN_FOOD,THURSDAY,1
3110220,WESTERN_FOOD,FRIDAY,1
3110220,WESTERN_FOOD,SATURDAY,-1
3110220,WESTERN_FOOD,SUNDAY,-5
3110220,CHICKEN,MONDAY,2
3110220,CHICKEN,TUESDAY,3
3110220,CHICKEN,WEDNESDAY,3
3110220,CHICKEN,THURSDAY,4
3110220,CHICKEN,FRIDAY,3
3110220,CHICKEN,SATURDAY,-4
3110220,CHICKEN,SUNDAY,-6
3110220,FAST_FOOD,MONDAY,-2
3110220,FAST_FOOD,TUESDAY,-1
3110220,FAST_FOOD,WEDNESDAY,0
3110220,FAST_FOOD,THURSDAY,-1
3110220,FAST_FOOD,FRIDAY,-2
3110220,FAST_FOOD,SATURDAY,3
3110220,FAST_FOOD,SUNDAY,4
3110220,BUNSIK,MONDAY,2
3110220,BUNSIK,TUESDAY,2
3110220,BUNSIK,WEDNESDAY,2
3110220,BUNSIK,THURSDAY,2
3110220,BUNSIK,FRIDAY,1
3110220,BUNSIK,SATURDAY,-1
3110220,BUNSIK,SUNDAY,-6
3110220,CAFE_BEVERAGE,MONDAY,1
3110220,CAFE_BEVERAGE,TUESDAY,1
3110220,CAFE_BEVERAGE,WEDNESDAY,1
3110220,CAFE_BEVERAGE,THURSDAY,1
3110220,CAFE_BEVERAGE,FRIDAY,0
3110220,CAFE_BEVERAGE,SATURDAY,-2
3110220,CAFE_BEVERAGE,SUNDAY,-3
3110221,KOREAN_FOOD,MONDAY,-6
3110221,KOREAN_FOOD,TUESDAY,1
3110221,KOREAN_FOOD,WEDNESDAY,-2
3110221,KOREAN_FOOD,THURSDAY,1
3110221,KOREAN_FOOD,FRIDAY,4
3110221,KOREAN_FOOD,SATURDAY,5
3110221,KOREAN_FOOD,SUNDAY,-3
3110221,CAFE_BEVERAGE,MONDAY,2
3110221,CAFE_BEVERAGE,TUESDAY,2
3110221,CAFE_BEVERAGE,WEDNESDAY,2
3110221,CAFE_BEVERAGE,THURSDAY,2
3110221,CAFE_BEVERAGE,FRIDAY,0
3110221,CAFE_BEVERAGE,SATURDAY,-2
3110221,CAFE_BEVERAGE,SUNDAY,-5
3110223,KOREAN_FOOD,MONDAY,6
3110223,KOREAN_FOOD,TUESDAY,6
3110223,KOREAN_FOOD,WEDNESDAY,6
3110223,KOREAN_FOOD,THURSDAY,6
3110223,KOREAN_FOOD,FRIDAY,4
3110223,KOREAN_FOOD,SATURDAY,-6
3110223,KOREAN_FOOD,SUNDAY,-6
3110224,KOREAN_FOOD,MONDAY,2
3110224,KOREAN_FOOD,TUESDAY,2
3110224,KOREAN_FOOD,WEDNESDAY,1
3110224,KOREAN_FOOD,THURSDAY,2
3110224,KOREAN_FOOD,FRIDAY,4
3110224,KOREAN_FOOD,SATURDAY,0
3110224,KOREAN_FOOD,SUNDAY,-6
3110225,KOREAN_FOOD,MONDAY,4
3110225,KOREAN_FOOD,TUESDAY,3
3110225,KOREAN_FOOD,WEDNESDAY,3
3110225,KOREAN_FOOD,THURSDAY,3
3110225,KOREAN_FOOD,FRIDAY,3
3110225,KOREAN_FOOD,SATURDAY,-5
3110225,KOREAN_FOOD,SUNDAY,-6
3110225,BUNSIK,MONDAY,3
3110225,BUNSIK,TUESDAY,3
3110225,BUNSIK,WEDNESDAY,4
3110225,BUNSIK,THURSDAY,5
3110225,BUNSIK,FRIDAY,6
3110225,BUNSIK,SATURDAY,-4
3110225,BUNSIK,SUNDAY,-6
3110226,KOREAN_FOOD,MONDAY,0
3110226,KOREAN_FOOD,TUESDAY,1
3110226,KOREAN_FOOD,WEDNESDAY,1
3110226,KOREAN_FOOD,THURSDAY,2
3110226,KOREAN_FOOD,FRIDAY,3
3110226,KOREAN_FOOD,SATURDAY,-1
3110226,KOREAN_FOOD,SUNDAY,-5
3110226,CHINESE_FOOD,MONDAY,2
3110226,CHINESE_FOOD,TUESDAY,-6
3110226,CHINESE_FOOD,WEDNESDAY,1
3110226,CHINESE_FOOD,THURSDAY,1
3110226,CHINESE_FOOD,FRIDAY,1
3110226,CHINESE_FOOD,SATURDAY,4
3110226,CHINESE_FOOD,SUNDAY,1
3110226,CHICKEN,MONDAY,-6
3110226,CHICKEN,TUESDAY,-2
3110226,CHICKEN,WEDNESDAY,-1
3110226,CHICKEN,THURSDAY,-1
3110226,CHICKEN,FRIDAY,4
3110226,CHICKEN,SATURDAY,6
3110226,CHICKEN,SUNDAY,1
3110226,BUNSIK,MONDAY,-6
3110226,BUNSIK,TUESDAY,4
3110226,BUNSIK,WEDNESDAY,4
3110226,BUNSIK,THURSDAY,3
3110226,BUNSIK,FRIDAY,5
3110226,BUNSIK,SATURDAY,2
3110226,BUNSIK,SUNDAY,-6
3110226,CAFE_BEVERAGE,MONDAY,-1
3110226,CAFE_BEVERAGE,TUESDAY,-1
3110226,CAFE_BEVERAGE,WEDNESDAY,-1
3110226,CAFE_BEVERAGE,THURSDAY,-1
3110226,CAFE_BEVERAGE,FRIDAY,0
3110226,CAFE_BEVERAGE,SATURDAY,1
3110226,CAFE_BEVERAGE,SUNDAY,1
3110226,BAKERY,MONDAY,1
3110226,BAKERY,TUESDAY,0
3110226,BAKERY,WEDNESDAY,1
3110226,BAKERY,THURSDAY,-1
3110226,BAKERY,FRIDAY,1
3110226,BAKERY,SATURDAY,1
3110226,BAKERY,SUNDAY,-3
3110227,KOREAN_FOOD,MONDAY,1
3110227,KOREAN_FOOD,TUESDAY,-1
3110227,KOREAN_FOOD,WEDNESDAY,0
3110227,KOREAN_FOOD,THURSDAY,1
3110227,KOREAN_FOOD,FRIDAY,3
3110227,KOREAN_FOOD,SATURDAY,0
3110227,KOREAN_FOOD,SUNDAY,-3
3110227,CAFE_BEVERAGE,MONDAY,-1
3110227,CAFE_BEVERAGE,TUESDAY,-1
3110227,CAFE_BEVERAGE,WEDNESDAY,-1
3110227,CAFE_BEVERAGE,THURSDAY,-1
3110227,CAFE_BEVERAGE,FRIDAY,1
3110227,CAFE_BEVERAGE,SATURDAY,3
3110227,CAFE_BEVERAGE,SUNDAY,2
3110228,KOREAN_FOOD,MONDAY,-1
3110228,KOREAN_FOOD,TUESDAY,1
3110228,KOREAN_FOOD,WEDNESDAY,-1
3110228,KOREAN_FOOD,THURSDAY,1
3110228,KOREAN_FOOD,FRIDAY,3
3110228,KOREAN_FOOD,SATURDAY,0
3110228,KOREAN_FOOD,SUNDAY,-4
3110228,CHINESE_FOOD,MONDAY,-6
3110228,CHINESE_FOOD,TUESDAY,0
3110228,CHINESE_FOOD,WEDNESDAY,2
3110228,CHINESE_FOOD,THURSDAY,2
3110228,CHINESE_FOOD,FRIDAY,2
3110228,CHINESE_FOOD,SATURDAY,6
3110228,CHINESE_FOOD,SUNDAY,4
3110228,BUNSIK,MONDAY,-6
3110228,BUNSIK,TUESDAY,0
3110228,BUNSIK,WEDNESDAY,-2
3110228,BUNSIK,THURSDAY,-2
3110228,BUNSIK,FRIDAY,1
3110228,BUNSIK,SATURDAY,6
3110228,BUNSIK,SUNDAY,2
3110228,CAFE_BEVERAGE,MONDAY,-6
3110228,CAFE_BEVERAGE,TUESDAY,3
3110228,CAFE_BEVERAGE,WEDNESDAY,4
3110228,CAFE_BEVERAGE,THURSDAY,3
3110228,CAFE_BEVERAGE,FRIDAY,4
3110228,CAFE_BEVERAGE,SATURDAY,0
3110228,CAFE_BEVERAGE,SUNDAY,-2
3110229,KOREAN_FOOD,MONDAY,1
3110229,KOREAN_FOOD,TUESDAY,-1
3110229,KOREAN_FOOD,WEDNESDAY,1
3110229,KOREAN_FOOD,THURSDAY,1
3110229,KOREAN_FOOD,FRIDAY,3
3110229,KOREAN_FOOD,SATURDAY,0
3110229,KOREAN_FOOD,SUNDAY,-5
3110229,BUNSIK,MONDAY,-1
3110229,BUNSIK,TUESDAY,4
3110229,BUNSIK,WEDNESDAY,2
3110229,BUNSIK,THURSDAY,4
3110229,BUNSIK,FRIDAY,4
3110229,BUNSIK,SATURDAY,0
3110229,BUNSIK,SUNDAY,-6
3110229,CAFE_BEVERAGE,MONDAY,0
3110229,CAFE_BEVERAGE,TUESDAY,1
3110229,CAFE_BEVERAGE,WEDNESDAY,0
3110229,CAFE_BEVERAGE,THURSDAY,2
3110229,CAFE_BEVERAGE,FRIDAY,2
3110229,CAFE_BEVERAGE,SATURDAY,-1
3110229,CAFE_BEVERAGE,SUNDAY,-5
3110230,KOREAN_FOOD,MONDAY,-2
3110230,KOREAN_FOOD,TUESDAY,-2
3110230,KOREAN_FOOD,WEDNESDAY,0
3110230,KOREAN_FOOD,THURSDAY,-1
3110230,KOREAN_FOOD,FRIDAY,3
3110230,KOREAN_FOOD,SATURDAY,5
3110230,KOREAN_FOOD,SUNDAY,-4
3110230,CAFE_BEVERAGE,MONDAY,4
3110230,CAFE_BEVERAGE,TUESDAY,0
3110230,CAFE_BEVERAGE,WEDNESDAY,1
3110230,CAFE_BEVERAGE,THURSDAY,1
3110230,CAFE_BEVERAGE,FRIDAY,0
3110230,CAFE_BEVERAGE,SATURDAY,0
3110230,CAFE_BEVERAGE,SUNDAY,-5
3110232,KOREAN_FOOD,MONDAY,5
3110232,KOREAN_FOOD,TUESDAY,3
3110232,KOREAN_FOOD,WEDNESDAY,4
3110232,KOREAN_FOOD,THURSDAY,3
3110232,KOREAN_FOOD,FRIDAY,4
3110232,KOREAN_FOOD,SATURDAY,-6
3110232,KOREAN_FOOD,SUNDAY,-6
3110232,CHICKEN,MONDAY,-6
3110232,CHICKEN,TUESDAY,-1
3110232,CHICKEN,WEDNESDAY,-2
3110232,CHICKEN,THURSDAY,-2
3110232,CHICKEN,FRIDAY,6
3110232,CHICKEN,SATURDAY,6
3110232,CHICKEN,SUNDAY,1
3110232,CAFE_BEVERAGE,MONDAY,0
3110232,CAFE_BEVERAGE,TUESDAY,1
3110232,CAFE_BEVERAGE,WEDNESDAY,1
3110232,CAFE_BEVERAGE,THURSDAY,1
3110232,CAFE_BEVERAGE,FRIDAY,3
3110232,CAFE_BEVERAGE,SATURDAY,0
3110232,CAFE_BEVERAGE,SUNDAY,-6
3110232,BAKERY,MONDAY,0
3110232,BAKERY,TUESDAY,1
3110232,BAKERY,WEDNESDAY,0
3110232,BAKERY,THURSDAY,-1
3110232,BAKERY,FRIDAY,1
3110232,BAKERY,SATURDAY,1
3110232,BAKERY,SUNDAY,-1
3110233,KOREAN_FOOD,MONDAY,-3
3110233,KOREAN_FOOD,TUESDAY,-3
3110233,KOREAN_FOOD,WEDNESDAY,-2
3110233,KOREAN_FOOD,THURSDAY,-2
3110233,KOREAN_FOOD,FRIDAY,1
3110233,KOREAN_FOOD,SATURDAY,6
3110233,KOREAN_FOOD,SUNDAY,4
3110234,KOREAN_FOOD,MONDAY,-1
3110234,KOREAN_FOOD,TUESDAY,-1
3110234,KOREAN_FOOD,WEDNESDAY,1
3110234,KOREAN_FOOD,THURSDAY,1
3110234,KOREAN_FOOD,FRIDAY,1
3110234,KOREAN_FOOD,SATURDAY,4
3110234,KOREAN_FOOD,SUNDAY,-4
3110236,KOREAN_FOOD,MONDAY,0
3110236,KOREAN_FOOD,TUESDAY,0
3110236,KOREAN_FOOD,WEDNESDAY,0
3110236,KOREAN_FOOD,THURSDAY,0
3110236,KOREAN_FOOD,FRIDAY,2
3110236,KOREAN_FOOD,SATURDAY,3
3110236,KOREAN_FOOD,SUNDAY,-5
3110237,KOREAN_FOOD,MONDAY,-5
3110237,KOREAN_FOOD,TUESDAY,-2
3110237,KOREAN_FOOD,WEDNESDAY,-1
3110237,KOREAN_FOOD,THURSDAY,-1
3110237,KOREAN_FOOD,FRIDAY,1
3110237,KOREAN_FOOD,SATURDAY,4
3110237,KOREAN_FOOD,SUNDAY,3
3110237,CAFE_BEVERAGE,MONDAY,-2
3110237,CAFE_BEVERAGE,TUESDAY,-2
3110237,CAFE_BEVERAGE,WEDNESDAY,0
3110237,CAFE_BEVERAGE,THURSDAY,-2
3110237,CAFE_BEVERAGE,FRIDAY,-1
3110237,CAFE_BEVERAGE,SATURDAY,3
3110237,CAFE_BEVERAGE,SUNDAY,4
3110239,KOREAN_FOOD,MONDAY,-2
3110239,KOREAN_FOOD,TUESDAY,-3
3110239,KOREAN_FOOD,WEDNESDAY,-2
3110239,KOREAN_FOOD,THURSDAY,-2
3110239,KOREAN_FOOD,FRIDAY,1
3110239,KOREAN_FOOD,SATURDAY,4
3110239,KOREAN_FOOD,SUNDAY,3
3110240,KOREAN_FOOD,MONDAY,-3
3110240,KOREAN_FOOD,TUESDAY,-2
3110240,KOREAN_FOOD,WEDNESDAY,-2
3110240,KOREAN_FOOD,THURSDAY,-2
3110240,KOREAN_FOOD,FRIDAY,1
3110240,KOREAN_FOOD,SATURDAY,5
3110240,KOREAN_FOOD,SUNDAY,2
3110240,CAFE_BEVERAGE,MONDAY,0
3110240,CAFE_BEVERAGE,TUESDAY,1
3110240,CAFE_BEVERAGE,WEDNESDAY,-5
3110240,CAFE_BEVERAGE,THURSDAY,0
3110240,CAFE_BEVERAGE,FRIDAY,1
3110240,CAFE_BEVERAGE,SATURDAY,2
3110240,CAFE_BEVERAGE,SUNDAY,2
3110241,KOREAN_FOOD,MONDAY,0
3110241,KOREAN_FOOD,TUESDAY,-1
3110241,KOREAN_FOOD,WEDNESDAY,-1
3110241,KOREAN_FOOD,THURSDAY,1
3110241,KOREAN_FOOD,FRIDAY,3
3110241,KOREAN_FOOD,SATURDAY,2
3110241,KOREAN_FOOD,SUNDAY,-3
3110241,BUNSIK,MONDAY,2
3110241,BUNSIK,TUESDAY,3
3110241,BUNSIK,WEDNESDAY,-1
3110241,BUNSIK,THURSDAY,2
3110241,BUNSIK,FRIDAY,4
3110241,BUNSIK,SATURDAY,3
3110241,BUNSIK,SUNDAY,-6
3110241,CAFE_BEVERAGE,MONDAY,-1
3110241,CAFE_BEVERAGE,TUESDAY,-1
3110241,CAFE_BEVERAGE,WEDNESDAY,-1
3110241,CAFE_BEVERAGE,THURSDAY,0
3110241,CAFE_BEVERAGE,FRIDAY,1
3110241,CAFE_BEVERAGE,SATURDAY,3
3110241,CAFE_BEVERAGE,SUNDAY,1
3110242,KOREAN_FOOD,MONDAY,2
3110242,KOREAN_FOOD,TUESDAY,3
3110242,KOREAN_FOOD,WEDNESDAY,3
3110242,KOREAN_FOOD,THURSDAY,0
3110242,KOREAN_FOOD,FRIDAY,0
3110242,KOREAN_FOOD,SATURDAY,2
3110242,KOREAN_FOOD,SUNDAY,-6
3110242,BUNSIK,MONDAY,0
3110242,BUNSIK,TUESDAY,1
3110242,BUNSIK,WEDNESDAY,-1
3110242,BUNSIK,THURSDAY,-1
3110242,BUNSIK,FRIDAY,3
3110242,BUNSIK,SATURDAY,6
3110242,BUNSIK,SUNDAY,-6
3110243,KOREAN_FOOD,MONDAY,-1
3110243,KOREAN_FOOD,TUESDAY,0
3110243,KOREAN_FOOD,WEDNESDAY,0
3110243,KOREAN_FOOD,THURSDAY,1
3110243,KOREAN_FOOD,FRIDAY,2
3110243,KOREAN_FOOD,SATURDAY,2
3110243,KOREAN_FOOD,SUNDAY,-4
3110243,BUNSIK,MONDAY,-6
3110243,BUNSIK,TUESDAY,0
3110243,BUNSIK,WEDNESDAY,1
3110243,BUNSIK,THURSDAY,-2
3110243,BUNSIK,FRIDAY,1
3110243,BUNSIK,SATURDAY,6
3110243,BUNSIK,SUNDAY,0
3110243,CAFE_BEVERAGE,MONDAY,0
3110243,CAFE_BEVERAGE,TUESDAY,0
3110243,CAFE_BEVERAGE,WEDNESDAY,0
3110243,CAFE_BEVERAGE,THURSDAY,0
3110243,CAFE_BEVERAGE,FRIDAY,2
3110243,CAFE_BEVERAGE,SATURDAY,0
3110243,CAFE_BEVERAGE,SUNDAY,-2
3110243,BAKERY,MONDAY,-1
3110243,BAKERY,TUESDAY,0
3110243,BAKERY,WEDNESDAY,0
3110243,BAKERY,THURSDAY,0
3110243,BAKERY,FRIDAY,0
3110243,BAKERY,SATURDAY,1
3110243,BAKERY,SUNDAY,1
3110244,KOREAN_FOOD,MONDAY,0
3110244,KOREAN_FOOD,TUESDAY,1
3110244,KOREAN_FOOD,WEDNESDAY,1
3110244,KOREAN_FOOD,THURSDAY,1
3110244,KOREAN_FOOD,FRIDAY,2
3110244,KOREAN_FOOD,SATURDAY,0
3110244,KOREAN_FOOD,SUNDAY,-5
3110244,BUNSIK,MONDAY,-1
3110244,BUNSIK,TUESDAY,-2
3110244,BUNSIK,WEDNESDAY,0
3110244,BUNSIK,THURSDAY,-1
3110244,BUNSIK,FRIDAY,-1
3110244,BUNSIK,SATURDAY,4
3110244,BUNSIK,SUNDAY,0
3110244,CAFE_BEVERAGE,MONDAY,0
3110244,CAFE_BEVERAGE,TUESDAY,0
3110244,CAFE_BEVERAGE,WEDNESDAY,-1
3110244,CAFE_BEVERAGE,THURSDAY,-1
3110244,CAFE_BEVERAGE,FRIDAY,0
3110244,CAFE_BEVERAGE,SATURDAY,3
3110244,CAFE_BEVERAGE,SUNDAY,-1
3110245,KOREAN_FOOD,MONDAY,2
3110245,KOREAN_FOOD,TUESDAY,3
3110245,KOREAN_FOOD,WEDNESDAY,2
3110245,KOREAN_FOOD,THURSDAY,2
3110245,KOREAN_FOOD,FRIDAY,4
3110245,KOREAN_FOOD,SATURDAY,0
3110245,KOREAN_FOOD,SUNDAY,-6
3110246,KOREAN_FOOD,MONDAY,1
3110246,KOREAN_FOOD,TUESDAY,3
3110246,KOREAN_FOOD,WEDNESDAY,1
3110246,KOREAN_FOOD,THURSDAY,2
3110246,KOREAN_FOOD,FRIDAY,3
3110246,KOREAN_FOOD,SATURDAY,-2
3110246,KOREAN_FOOD,SUNDAY,-6
3110246,CAFE_BEVERAGE,MONDAY,-1
3110246,CAFE_BEVERAGE,TUESDAY,-1
3110246,CAFE_BEVERAGE,WEDNESDAY,-1
3110246,CAFE_BEVERAGE,THURSDAY,0
3110246,CAFE_BEVERAGE,FRIDAY,1
3110246,CAFE_BEVERAGE,SATURDAY,1
3110246,CAFE_BEVERAGE,SUNDAY,0
3110247,KOREAN_FOOD,MONDAY,2
3110247,KOREAN_FOOD,TUESDAY,0
3110247,KOREAN_FOOD,WEDNESDAY,1
3110247,KOREAN_FOOD,THURSDAY,1
3110247,KOREAN_FOOD,FRIDAY,2
3110247,KOREAN_FOOD,SATURDAY,1
3110247,KOREAN_FOOD,SUNDAY,-6
3110247,FAST_FOOD,MONDAY,-5
3110247,FAST_FOOD,TUESDAY,-2
3110247,FAST_FOOD,WEDNESDAY,-2
3110247,FAST_FOOD,THURSDAY,-2
3110247,FAST_FOOD,FRIDAY,0
3110247,FAST_FOOD,SATURDAY,5
3110247,FAST_FOOD,SUNDAY,5
3110247,BUNSIK,MONDAY,-6
3110247,BUNSIK,TUESDAY,0
3110247,BUNSIK,WEDNESDAY,0
3110247,BUNSIK,THURSDAY,1
3110247,BUNSIK,FRIDAY,3
3110247,BUNSIK,SATURDAY,4
3110247,BUNSIK,SUNDAY,-2
3110247,CAFE_BEVERAGE,MONDAY,-2
3110247,CAFE_BEVERAGE,TUESDAY,-3
3110247,CAFE_BEVERAGE,WEDNESDAY,-2
3110247,CAFE_BEVERAGE,THURSDAY,-2
3110247,CAFE_BEVERAGE,FRIDAY,1
3110247,CAFE_BEVERAGE,SATURDAY,6
3110247,CAFE_BEVERAGE,SUNDAY,2
3110248,KOREAN_FOOD,MONDAY,-2
3110248,KOREAN_FOOD,TUESDAY,-1
3110248,KOREAN_FOOD,WEDNESDAY,-2
3110248,KOREAN_FOOD,THURSDAY,-2
3110248,KOREAN_FOOD,FRIDAY,1
3110248,KOREAN_FOOD,SATURDAY,4
3110248,KOREAN_FOOD,SUNDAY,2
3110249,KOREAN_FOOD,MONDAY,-1
3110249,KOREAN_FOOD,TUESDAY,0
3110249,KOREAN_FOOD,WEDNESDAY,1
3110249,KOREAN_FOOD,THURSDAY,2
3110249,KOREAN_FOOD,FRIDAY,3
3110249,KOREAN_FOOD,SATURDAY,0
3110249,KOREAN_FOOD,SUNDAY,-5
3110249,BUNSIK,MONDAY,2
3110249,BUNSIK,TUESDAY,5
3110249,BUNSIK,WEDNESDAY,4
3110249,BUNSIK,THURSDAY,5
3110249,BUNSIK,FRIDAY,5
3110249,BUNSIK,SATURDAY,-4
3110249,BUNSIK,SUNDAY,-6
3110249,CAFE_BEVERAGE,MONDAY,2
3110249,CAFE_BEVERAGE,TUESDAY,6
3110249,CAFE_BEVERAGE,WEDNESDAY,6
3110249,CAFE_BEVERAGE,THURSDAY,6
3110249,CAFE_BEVERAGE,FRIDAY,6
3110249,CAFE_BEVERAGE,SATURDAY,-6
3110249,CAFE_BEVERAGE,SUNDAY,-6
3110250,KOREAN_FOOD,MONDAY,-1
3110250,KOREAN_FOOD,TUESDAY,-2
3110250,KOREAN_FOOD,WEDNESDAY,0
3110250,KOREAN_FOOD,THURSDAY,-2
3110250,KOREAN_FOOD,FRIDAY,1
3110250,KOREAN_FOOD,SATURDAY,4
3110250,KOREAN_FOOD,SUNDAY,0
3110251,KOREAN_FOOD,MONDAY,-2
3110251,KOREAN_FOOD,TUESDAY,1
3110251,KOREAN_FOOD,WEDNESDAY,0
3110251,KOREAN_FOOD,THURSDAY,1
3110251,KOREAN_FOOD,FRIDAY,3
3110251,KOREAN_FOOD,SATURDAY,2
3110251,KOREAN_FOOD,SUNDAY,-5
3110252,KOREAN_FOOD,MONDAY,-1
3110252,KOREAN_FOOD,TUESDAY,0
3110252,KOREAN_FOOD,WEDNESDAY,0
3110252,KOREAN_FOOD,THURSDAY,1
3110252,KOREAN_FOOD,FRIDAY,3
3110252,KOREAN_FOOD,SATURDAY,1
3110252,KOREAN_FOOD,SUNDAY,-3
3110252,BUNSIK,MONDAY,-1
3110252,BUNSIK,TUESDAY,-2
3110252,BUNSIK,WEDNESDAY,1
3110252,BUNSIK,THURSDAY,0
3110252,BUNSIK,FRIDAY,1
3110252,BUNSIK,SATURDAY,6
3110252,BUNSIK,SUNDAY,-5
3110253,KOREAN_FOOD,MONDAY,-1
3110253,KOREAN_FOOD,TUESDAY,1
3110253,KOREAN_FOOD,WEDNESDAY,1
3110253,KOREAN_FOOD,THURSDAY,2
3110253,KOREAN_FOOD,FRIDAY,4
3110253,KOREAN_FOOD,SATURDAY,2
3110253,KOREAN_FOOD,SUNDAY,-6
3110253,BUNSIK,MONDAY,-2
3110253,BUNSIK,TUESDAY,-2
3110253,BUNSIK,WEDNESDAY,0
3110253,BUNSIK,THURSDAY,-3
3110253,BUNSIK,FRIDAY,0
3110253,BUNSIK,SATURDAY,4
3110253,BUNSIK,SUNDAY,2
3110254,KOREAN_FOOD,MONDAY,-1
3110254,KOREAN_FOOD,TUESDAY,0
3110254,KOREAN_FOOD,WEDNESDAY,0
3110254,KOREAN_FOOD,THURSDAY,1
3110254,KOREAN_FOOD,FRIDAY,3
3110254,KOREAN_FOOD,SATURDAY,0
3110254,KOREAN_FOOD,SUNDAY,-3
3110254,CHICKEN,MONDAY,-2
3110254,CHICKEN,TUESDAY,-1
3110254,CHICKEN,WEDNESDAY,-2
3110254,CHICKEN,THURSDAY,-1
3110254,CHICKEN,FRIDAY,1
3110254,CHICKEN,SATURDAY,3
3110254,CHICKEN,SUNDAY,2
3110254,CAFE_BEVERAGE,MONDAY,-2
3110254,CAFE_BEVERAGE,TUESDAY,0
3110254,CAFE_BEVERAGE,WEDNESDAY,0
3110254,CAFE_BEVERAGE,THURSDAY,-1
3110254,CAFE_BEVERAGE,FRIDAY,0
3110254,CAFE_BEVERAGE,SATURDAY,2
3110254,CAFE_BEVERAGE,SUNDAY,0
3110255,KOREAN_FOOD,MONDAY,1
3110255,KOREAN_FOOD,TUESDAY,1
3110255,KOREAN_FOOD,WEDNESDAY,2
3110255,KOREAN_FOOD,THURSDAY,1
3110255,KOREAN_FOOD,FRIDAY,3
3110255,KOREAN_FOOD,SATURDAY,0
3110255,KOREAN_FOOD,SUNDAY,-6
3110255,FAST_FOOD,MONDAY,-1
3110255,FAST_FOOD,TUESDAY,-2
3110255,FAST_FOOD,WEDNESDAY,0
3110255,FAST_FOOD,THURSDAY,1
3110255,FAST_FOOD,FRIDAY,1
3110255,FAST_FOOD,SATURDAY,2
3110255,FAST_FOOD,SUNDAY,0
3110255,CAFE_BEVERAGE,MONDAY,-6
3110255,CAFE_BEVERAGE,TUESDAY,-2
3110255,CAFE_BEVERAGE,WEDNESDAY,-1
3110255,CAFE_BEVERAGE,THURSDAY,-3
3110255,CAFE_BEVERAGE,FRIDAY,2
3110255,CAFE_BEVERAGE,SATURDAY,6
3110255,CAFE_BEVERAGE,SUNDAY,5
3110256,KOREAN_FOOD,MONDAY,-1
3110256,KOREAN_FOOD,TUESDAY,0
3110256,KOREAN_FOOD,WEDNESDAY,0
3110256,KOREAN_FOOD,THURSDAY,0
3110256,KOREAN_FOOD,FRIDAY,2
3110256,KOREAN_FOOD,SATURDAY,2
3110256,KOREAN_FOOD,SUNDAY,-2
3110257,KOREAN_FOOD,MONDAY,-2
3110257,KOREAN_FOOD,TUESDAY,4
3110257,KOREAN_FOOD,WEDNESDAY,2
3110257,KOREAN_FOOD,THURSDAY,3
3110257,KOREAN_FOOD,FRIDAY,5
3110257,KOREAN_FOOD,SATURDAY,1
3110257,KOREAN_FOOD,SUNDAY,-6
3110258,KOREAN_FOOD,MONDAY,-1
3110258,KOREAN_FOOD,TUESDAY,-2
3110258,KOREAN_FOOD,WEDNESDAY,0
3110258,KOREAN_FOOD,THURSDAY,0
3110258,KOREAN_FOOD,FRIDAY,3
3110258,KOREAN_FOOD,SATURDAY,1
3110258,KOREAN_FOOD,SUNDAY,-1
3110258,FAST_FOOD,MONDAY,-2
3110258,FAST_FOOD,TUESDAY,0
3110258,FAST_FOOD,WEDNESDAY,-1
3110258,FAST_FOOD,THURSDAY,-2
3110258,FAST_FOOD,FRIDAY,1
3110258,FAST_FOOD,SATURDAY,3
3110258,FAST_FOOD,SUNDAY,1
3110258,CAFE_BEVERAGE,MONDAY,-1
3110258,CAFE_BEVERAGE,TUESDAY,-1
3110258,CAFE_BEVERAGE,WEDNESDAY,0
3110258,CAFE_BEVERAGE,THURSDAY,-1
3110258,CAFE_BEVERAGE,FRIDAY,0
3110258,CAFE_BEVERAGE,SATURDAY,4
3110258,CAFE_BEVERAGE,SUNDAY,-1
3110259,KOREAN_FOOD,MONDAY,-1
3110259,KOREAN_FOOD,TUESDAY,-2
3110259,KOREAN_FOOD,WEDNESDAY,-1
3110259,KOREAN_FOOD,THURSDAY,-1
3110259,KOREAN_FOOD,FRIDAY,3
3110259,KOREAN_FOOD,SATURDAY,4
3110259,KOREAN_FOOD,SUNDAY,-2
3110259,CHINESE_FOOD,MONDAY,0
3110259,CHINESE_FOOD,TUESDAY,-6
3110259,CHINESE_FOOD,WEDNESDAY,0
3110259,CHINESE_FOOD,THURSDAY,1
3110259,CHINESE_FOOD,FRIDAY,1
3110259,CHINESE_FOOD,SATURDAY,1
3110259,CHINESE_FOOD,SUNDAY,4
3110259,CAFE_BEVERAGE,MONDAY,-6
3110259,CAFE_BEVERAGE,TUESDAY,-5
3110259,CAFE_BEVERAGE,WEDNESDAY,-6
3110259,CAFE_BEVERAGE,THURSDAY,-3
3110259,CAFE_BEVERAGE,FRIDAY,-6
3110259,CAFE_BEVERAGE,SATURDAY,-1
3110259,CAFE_BEVERAGE,SUNDAY,6
3110260,KOREAN_FOOD,MONDAY,-1
3110260,KOREAN_FOOD,TUESDAY,1
3110260,KOREAN_FOOD,WEDNESDAY,0
3110260,KOREAN_FOOD,THURSDAY,0
3110260,KOREAN_FOOD,FRIDAY,2
3110260,KOREAN_FOOD,SATURDAY,2
3110260,KOREAN_FOOD,SUNDAY,-3
3110261,KOREAN_FOOD,MONDAY,-4
3110261,KOREAN_FOOD,TUESDAY,-4
3110261,KOREAN_FOOD,WEDNESDAY,-1
3110261,KOREAN_FOOD,THURSDAY,-1
3110261,KOREAN_FOOD,FRIDAY,3
3110261,KOREAN_FOOD,SATURDAY,6
3110261,KOREAN_FOOD,SUNDAY,1
3110261,FAST_FOOD,MONDAY,-3
3110261,FAST_FOOD,TUESDAY,-4
3110261,FAST_FOOD,WEDNESDAY,0
3110261,FAST_FOOD,THURSDAY,-1
3110261,FAST_FOOD,FRIDAY,1
3110261,FAST_FOOD,SATURDAY,5
3110261,FAST_FOOD,SUNDAY,3
3110261,BUNSIK,MONDAY,2
3110261,BUNSIK,TUESDAY,-2
3110261,BUNSIK,WEDNESDAY,3
3110261,BUNSIK,THURSDAY,3
3110261,BUNSIK,FRIDAY,3
3110261,BUNSIK,SATURDAY,-2
3110261,BUNSIK,SUNDAY,-6
3110261,CAFE_BEVERAGE,MONDAY,-2
3110261,CAFE_BEVERAGE,TUESDAY,-2
3110261,CAFE_BEVERAGE,WEDNESDAY,-2
3110261,CAFE_BEVERAGE,THURSDAY,-2
3110261,CAFE_BEVERAGE,FRIDAY,1
3110261,CAFE_BEVERAGE,SATURDAY,4
3110261,CAFE_BEVERAGE,SUNDAY,2
3110262,KOREAN_FOOD,MONDAY,-4
3110262,KOREAN_FOOD,TUESDAY,-5
3110262,KOREAN_FOOD,WEDNESDAY,-2
3110262,KOREAN_FOOD,THURSDAY,-2
3110262,KOREAN_FOOD,FRIDAY,4
3110262,KOREAN_FOOD,SATURDAY,6
3110262,KOREAN_FOOD,SUNDAY,0
3110262,CAFE_BEVERAGE,MONDAY,-6
3110262,CAFE_BEVERAGE,TUESDAY,-1
3110262,CAFE_BEVERAGE,WEDNESDAY,0
3110262,CAFE_BEVERAGE,THURSDAY,1
3110262,CAFE_BEVERAGE,FRIDAY,5
3110262,CAFE_BEVERAGE,SATURDAY,6
3110262,CAFE_BEVERAGE,SUNDAY,-6
3110263,CAFE_BEVERAGE,MONDAY,-6
3110263,CAFE_BEVERAGE,TUESDAY,-4
3110263,CAFE_BEVERAGE,WEDNESDAY,-1
3110263,CAFE_BEVERAGE,THURSDAY,0
3110263,CAFE_BEVERAGE,FRIDAY,1
3110263,CAFE_BEVERAGE,SATURDAY,6
3110263,CAFE_BEVERAGE,SUNDAY,5
3110264,KOREAN_FOOD,MONDAY,-1
3110264,KOREAN_FOOD,TUESDAY,-1
3110264,KOREAN_FOOD,WEDNESDAY,-1
3110264,KOREAN_FOOD,THURSDAY,0
3110264,KOREAN_FOOD,FRIDAY,1
3110264,KOREAN_FOOD,SATURDAY,2
3110264,KOREAN_FOOD,SUNDAY,0
3110264,BUNSIK,MONDAY,5
3110264,BUNSIK,TUESDAY,5
3110264,BUNSIK,WEDNESDAY,2
3110264,BUNSIK,THURSDAY,5
3110264,BUNSIK,FRIDAY,4
3110264,BUNSIK,SATURDAY,-2
3110264,BUNSIK,SUNDAY,-6
3110265,KOREAN_FOOD,MONDAY,-1
3110265,KOREAN_FOOD,TUESDAY,-1
3110265,KOREAN_FOOD,WEDNESDAY,-1
3110265,KOREAN_FOOD,THURSDAY,-1
3110265,KOREAN_FOOD,FRIDAY,1
3110265,KOREAN_FOOD,SATURDAY,2
3110265,KOREAN_FOOD,SUNDAY,1
3110265,CHINESE_FOOD,MONDAY,-1
3110265,CHINESE_FOOD,TUESDAY,-1
3110265,CHINESE_FOOD,WEDNESDAY,-1
3110265,CHINESE_FOOD,THURSDAY,-1
3110265,CHINESE_FOOD,FRIDAY,1
3110265,CHINESE_FOOD,SATURDAY,2
3110265,CHINESE_FOOD,SUNDAY,2
3110266,KOREAN_FOOD,MONDAY,-1
3110266,KOREAN_FOOD,TUESDAY,2
3110266,KOREAN_FOOD,WEDNESDAY,-1
3110266,KOREAN_FOOD,THURSDAY,3
3110266,KOREAN_FOOD,FRIDAY,4
3110266,KOREAN_FOOD,SATURDAY,0
3110266,KOREAN_FOOD,SUNDAY,-6
3110266,BUNSIK,MONDAY,-1
3110266,BUNSIK,TUESDAY,0
3110266,BUNSIK,WEDNESDAY,-1
3110266,BUNSIK,THURSDAY,-2
3110266,BUNSIK,FRIDAY,-1
3110266,BUNSIK,SATURDAY,2
3110266,BUNSIK,SUNDAY,2
3110266,CAFE_BEVERAGE,MONDAY,-2
3110266,CAFE_BEVERAGE,TUESDAY,-2
3110266,CAFE_BEVERAGE,WEDNESDAY,-2
3110266,CAFE_BEVERAGE,THURSDAY,-2
3110266,CAFE_BEVERAGE,FRIDAY,0
3110266,CAFE_BEVERAGE,SATURDAY,4
3110266,CAFE_BEVERAGE,SUNDAY,4
3110267,KOREAN_FOOD,MONDAY,-3
3110267,KOREAN_FOOD,TUESDAY,2
3110267,KOREAN_FOOD,WEDNESDAY,1
3110267,KOREAN_FOOD,THURSDAY,1
3110267,KOREAN_FOOD,FRIDAY,4
3110267,KOREAN_FOOD,SATURDAY,4
3110267,KOREAN_FOOD,SUNDAY,-6
3110267,CHICKEN,MONDAY,-4
3110267,CHICKEN,TUESDAY,0
3110267,CHICKEN,WEDNESDAY,2
3110267,CHICKEN,THURSDAY,1
3110267,CHICKEN,FRIDAY,4
3110267,CHICKEN,SATURDAY,2
3110267,CHICKEN,SUNDAY,-4
3110267,BUNSIK,MONDAY,-1
3110267,BUNSIK,TUESDAY,-6
3110267,BUNSIK,WEDNESDAY,-3
3110267,BUNSIK,THURSDAY,-2
3110267,BUNSIK,FRIDAY,2
3110267,BUNSIK,SATURDAY,6
3110267,BUNSIK,SUNDAY,2
3110267,CAFE_BEVERAGE,MONDAY,-2
3110267,CAFE_BEVERAGE,TUESDAY,-2
3110267,CAFE_BEVERAGE,WEDNESDAY,-1
3110267,CAFE_BEVERAGE,THURSDAY,-1
3110267,CAFE_BEVERAGE,FRIDAY,1
3110267,CAFE_BEVERAGE,SATURDAY,5
3110267,CAFE_BEVERAGE,SUNDAY,1
3110268,KOREAN_FOOD,MONDAY,2
3110268,KOREAN_FOOD,TUESDAY,2
3110268,KOREAN_FOOD,WEDNESDAY,3
3110268,KOREAN_FOOD,THURSDAY,2
3110268,KOREAN_FOOD,FRIDAY,2
3110268,KOREAN_FOOD,SATURDAY,0
3110268,KOREAN_FOOD,SUNDAY,-6
3110268,CAFE_BEVERAGE,MONDAY,-2
3110268,CAFE_BEVERAGE,TUESDAY,-1
3110268,CAFE_BEVERAGE,WEDNESDAY,-2
3110268,CAFE_BEVERAGE,THURSDAY,-1
3110268,CAFE_BEVERAGE,FRIDAY,0
3110268,CAFE_BEVERAGE,SATURDAY,5
3110268,CAFE_BEVERAGE,SUNDAY,1
3110269,KOREAN_FOOD,MONDAY,-1
3110269,KOREAN_FOOD,TUESDAY,2
3110269,KOREAN_FOOD,WEDNESDAY,1
3110269,KOREAN_FOOD,THURSDAY,2
3110269,KOREAN_FOOD,FRIDAY,1
3110269,KOREAN_FOOD,SATURDAY,0
3110269,KOREAN_FOOD,SUNDAY,-4
3110270,KOREAN_FOOD,MONDAY,1
3110270,KOREAN_FOOD,TUESDAY,-1
3110270,KOREAN_FOOD,WEDNESDAY,0
3110270,KOREAN_FOOD,THURSDAY,-1
3110270,KOREAN_FOOD,FRIDAY,0
3110270,KOREAN_FOOD,SATURDAY,-1
3110270,KOREAN_FOOD,SUNDAY,2
3110270,BUNSIK,MONDAY,6
3110270,BUNSIK,TUESDAY,2
3110270,BUNSIK,WEDNESDAY,4
3110270,BUNSIK,THURSDAY,3
3110270,BUNSIK,FRIDAY,3
3110270,BUNSIK,SATURDAY,0
3110270,BUNSIK,SUNDAY,-6
3110271,KOREAN_FOOD,MONDAY,-3
3110271,KOREAN_FOOD,TUESDAY,2
3110271,KOREAN_FOOD,WEDNESDAY,1
3110271,KOREAN_FOOD,THURSDAY,1
3110271,KOREAN_FOOD,FRIDAY,2
3110271,KOREAN_FOOD,SATURDAY,0
3110271,KOREAN_FOOD,SUNDAY,-3
3110272,KOREAN_FOOD,MONDAY,-3
3110272,KOREAN_FOOD,TUESDAY,-2
3110272,KOREAN_FOOD,WEDNESDAY,-1
3110272,KOREAN_FOOD,THURSDAY,-1
3110272,KOREAN_FOOD,FRIDAY,2
3110272,KOREAN_FOOD,SATURDAY,4
3110272,KOREAN_FOOD,SUNDAY,1
3110272,CHINESE_FOOD,MONDAY,-2
3110272,CHINESE_FOOD,TUESDAY,0
3110272,CHINESE_FOOD,WEDNESDAY,-2
3110272,CHINESE_FOOD,THURSDAY,-1
3110272,CHINESE_FOOD,FRIDAY,1
3110272,CHINESE_FOOD,SATURDAY,2
3110272,CHINESE_FOOD,SUNDAY,2
3110272,CHICKEN,MONDAY,-4
3110272,CHICKEN,TUESDAY,-4
3110272,CHICKEN,WEDNESDAY,-2
3110272,CHICKEN,THURSDAY,-3
3110272,CHICKEN,FRIDAY,2
3110272,CHICKEN,SATURDAY,6
3110272,CHICKEN,SUNDAY,6
3110272,FAST_FOOD,MONDAY,1
3110272,FAST_FOOD,TUESDAY,0
3110272,FAST_FOOD,WEDNESDAY,0
3110272,FAST_FOOD,THURSDAY,1
3110272,FAST_FOOD,FRIDAY,1
3110272,FAST_FOOD,SATURDAY,1
3110272,FAST_FOOD,SUNDAY,-4
3110272,BUNSIK,MONDAY,-3
3110272,BUNSIK,TUESDAY,0
3110272,BUNSIK,WEDNESDAY,0
3110272,BUNSIK,THURSDAY,1
3110272,BUNSIK,FRIDAY,1
3110272,BUNSIK,SATURDAY,4
3110272,BUNSIK,SUNDAY,-2
3110272,CAFE_BEVERAGE,MONDAY,-1
3110272,CAFE_BEVERAGE,TUESDAY,-1
3110272,CAFE_BEVERAGE,WEDNESDAY,-1
3110272,CAFE_BEVERAGE,THURSDAY,-1
3110272,CAFE_BEVERAGE,FRIDAY,0
3110272,CAFE_BEVERAGE,SATURDAY,2
3110272,CAFE_BEVERAGE,SUNDAY,1
3110272,BAKERY,MONDAY,0
3110272,BAKERY,TUESDAY,-1
3110272,BAKERY,WEDNESDAY,-1
3110272,BAKERY,THURSDAY,-2
3110272,BAKERY,FRIDAY,0
3110272,BAKERY,SATURDAY,2
3110272,BAKERY,SUNDAY,1
3110273,KOREAN_FOOD,MONDAY,1
3110273,KOREAN_FOOD,TUESDAY,-1
3110273,KOREAN_FOOD,WEDNESDAY,0
3110273,KOREAN_FOOD,THURSDAY,-1
3110273,KOREAN_FOOD,FRIDAY,1
3110273,KOREAN_FOOD,SATURDAY,1
3110273,KOREAN_FOOD,SUNDAY,-2
3110273,BUNSIK,MONDAY,3
3110273,BUNSIK,TUESDAY,3
3110273,BUNSIK,WEDNESDAY,4
3110273,BUNSIK,THURSDAY,4
3110273,BUNSIK,FRIDAY,-6
3110273,BUNSIK,SATURDAY,1
3110273,BUNSIK,SUNDAY,-1
3110274,KOREAN_FOOD,MONDAY,3
3110274,KOREAN_FOOD,TUESDAY,3
3110274,KOREAN_FOOD,WEDNESDAY,2
3110274,KOREAN_FOOD,THURSDAY,3
3110274,KOREAN_FOOD,FRIDAY,1
3110274,KOREAN_FOOD,SATURDAY,-3
3110274,KOREAN_FOOD,SUNDAY,-6
3110274,CHICKEN,MONDAY,-3
3110274,CHICKEN,TUESDAY,-2
3110274,CHICKEN,WEDNESDAY,-2
3110274,CHICKEN,THURSDAY,-1
3110274,CHICKEN,FRIDAY,6
3110274,CHICKEN,SATURDAY,3
3110274,CHICKEN,SUNDAY,-1
3110274,BUNSIK,MONDAY,6
3110274,BUNSIK,TUESDAY,6
3110274,BUNSIK,WEDNESDAY,4
3110274,BUNSIK,THURSDAY,5
3110274,BUNSIK,FRIDAY,2
3110274,BUNSIK,SATURDAY,-6
3110274,BUNSIK,SUNDAY,-6
3110274,CAFE_BEVERAGE,MONDAY,2
3110274,CAFE_BEVERAGE,TUESDAY,3
3110274,CAFE_BEVERAGE,WEDNESDAY,2
3110274,CAFE_BEVERAGE,THURSDAY,3
3110274,CAFE_BEVERAGE,FRIDAY,1
3110274,CAFE_BEVERAGE,SATURDAY,-4
3110274,CAFE_BEVERAGE,SUNDAY,-6
3110274,BAKERY,MONDAY,0
3110274,BAKERY,TUESDAY,0
3110274,BAKERY,WEDNESDAY,0
3110274,BAKERY,THURSDAY,-1
3110274,BAKERY,FRIDAY,0
3110274,BAKERY,SATURDAY,2
3110274,BAKERY,SUNDAY,-1
3110275,KOREAN_FOOD,MONDAY,-1
3110275,KOREAN_FOOD,TUESDAY,-5
3110275,KOREAN_FOOD,WEDNESDAY,-1
3110275,KOREAN_FOOD,THURSDAY,-2
3110275,KOREAN_FOOD,FRIDAY,0
3110275,KOREAN_FOOD,SATURDAY,5
3110275,KOREAN_FOOD,SUNDAY,4
3110275,CAFE_BEVERAGE,MONDAY,-5
3110275,CAFE_BEVERAGE,TUESDAY,-1
3110275,CAFE_BEVERAGE,WEDNESDAY,-1
3110275,CAFE_BEVERAGE,THURSDAY,-1
3110275,CAFE_BEVERAGE,FRIDAY,2
3110275,CAFE_BEVERAGE,SATURDAY,4
3110275,CAFE_BEVERAGE,SUNDAY,2
3110277,KOREAN_FOOD,MONDAY,-5
3110277,KOREAN_FOOD,TUESDAY,-1
3110277,KOREAN_FOOD,WEDNESDAY,-1
3110277,KOREAN_FOOD,THURSDAY,-1
3110277,KOREAN_FOOD,FRIDAY,0
3110277,KOREAN_FOOD,SATURDAY,5
3110277,KOREAN_FOOD,SUNDAY,3
3110277,CAFE_BEVERAGE,MONDAY,-3
3110277,CAFE_BEVERAGE,TUESDAY,-2
3110277,CAFE_BEVERAGE,WEDNESDAY,-5
3110277,CAFE_BEVERAGE,THURSDAY,-3
3110277,CAFE_BEVERAGE,FRIDAY,1
3110277,CAFE_BEVERAGE,SATURDAY,6
3110277,CAFE_BEVERAGE,SUNDAY,6
3110278,KOREAN_FOOD,MONDAY,-1
3110278,KOREAN_FOOD,TUESDAY,2
3110278,KOREAN_FOOD,WEDNESDAY,2
3110278,KOREAN_FOOD,THURSDAY,2
3110278,KOREAN_FOOD,FRIDAY,3
3110278,KOREAN_FOOD,SATURDAY,-4
3110278,KOREAN_FOOD,SUNDAY,-4
3110278,BUNSIK,MONDAY,-6
3110278,BUNSIK,TUESDAY,-3
3110278,BUNSIK,WEDNESDAY,-1
3110278,BUNSIK,THURSDAY,-2
3110278,BUNSIK,FRIDAY,-1
3110278,BUNSIK,SATURDAY,2
3110278,BUNSIK,SUNDAY,6
3110278,CAFE_BEVERAGE,MONDAY,-3
3110278,CAFE_BEVERAGE,TUESDAY,-2
3110278,CAFE_BEVERAGE,WEDNESDAY,-2
3110278,CAFE_BEVERAGE,THURSDAY,-1
3110278,CAFE_BEVERAGE,FRIDAY,0
3110278,CAFE_BEVERAGE,SATURDAY,2
3110278,CAFE_BEVERAGE,SUNDAY,6
3110278,BAKERY,MONDAY,-1
3110278,BAKERY,TUESDAY,0
3110278,BAKERY,WEDNESDAY,-1
3110278,BAKERY,THURSDAY,-1
3110278,BAKERY,FRIDAY,-1
3110278,BAKERY,SATURDAY,1
3110278,BAKERY,SUNDAY,4
3110280,CAFE_BEVERAGE,MONDAY,-4
3110280,CAFE_BEVERAGE,TUESDAY,-2
3110280,CAFE_BEVERAGE,WEDNESDAY,-3
3110280,CAFE_BEVERAGE,THURSDAY,-5
3110280,CAFE_BEVERAGE,FRIDAY,-3
3110280,CAFE_BEVERAGE,SATURDAY,6
3110280,CAFE_BEVERAGE,SUNDAY,6
3110282,KOREAN_FOOD,MONDAY,1
3110282,KOREAN_FOOD,TUESDAY,3
3110282,KOREAN_FOOD,WEDNESDAY,6
3110282,KOREAN_FOOD,THURSDAY,6
3110282,KOREAN_FOOD,FRIDAY,5
3110282,KOREAN_FOOD,SATURDAY,-6
3110282,KOREAN_FOOD,SUNDAY,-6
3110282,CHINESE_FOOD,MONDAY,0
3110282,CHINESE_FOOD,TUESDAY,1
3110282,CHINESE_FOOD,WEDNESDAY,1
3110282,CHINESE_FOOD,THURSDAY,2
3110282,CHINESE_FOOD,FRIDAY,1
3110282,CHINESE_FOOD,SATURDAY,-1
3110282,CHINESE_FOOD,SUNDAY,-5
3110283,KOREAN_FOOD,MONDAY,2
3110283,KOREAN_FOOD,TUESDAY,0
3110283,KOREAN_FOOD,WEDNESDAY,0
3110283,KOREAN_FOOD,THURSDAY,-1
3110283,KOREAN_FOOD,FRIDAY,1
3110283,KOREAN_FOOD,SATURDAY,4
3110283,KOREAN_FOOD,SUNDAY,-5
3110283,WESTERN_FOOD,MONDAY,2
3110283,WESTERN_FOOD,TUESDAY,-5
3110283,WESTERN_FOOD,WEDNESDAY,0
3110283,WESTERN_FOOD,THURSDAY,0
3110283,WESTERN_FOOD,FRIDAY,-1
3110283,WESTERN_FOOD,SATURDAY,4
3110283,WESTERN_FOOD,SUNDAY,0
3110283,CAFE_BEVERAGE,MONDAY,2
3110283,CAFE_BEVERAGE,TUESDAY,6
3110283,CAFE_BEVERAGE,WEDNESDAY,1
3110283,CAFE_BEVERAGE,THURSDAY,0
3110283,CAFE_BEVERAGE,FRIDAY,3
3110283,CAFE_BEVERAGE,SATURDAY,4
3110283,CAFE_BEVERAGE,SUNDAY,-6
3110285,KOREAN_FOOD,MONDAY,-2
3110285,KOREAN_FOOD,TUESDAY,2
3110285,KOREAN_FOOD,WEDNESDAY,2
3110285,KOREAN_FOOD,THURSDAY,0
3110285,KOREAN_FOOD,FRIDAY,4
3110285,KOREAN_FOOD,SATURDAY,3
3110285,KOREAN_FOOD,SUNDAY,-6
3110285,CAFE_BEVERAGE,MONDAY,-6
3110285,CAFE_BEVERAGE,TUESDAY,-6
3110285,CAFE_BEVERAGE,WEDNESDAY,1
3110285,CAFE_BEVERAGE,THURSDAY,-1
3110285,CAFE_BEVERAGE,FRIDAY,2
3110285,CAFE_BEVERAGE,SATURDAY,6
3110285,CAFE_BEVERAGE,SUNDAY,6
3110285,BAKERY,MONDAY,-4
3110285,BAKERY,TUESDAY,-4
3110285,BAKERY,WEDNESDAY,-4
3110285,BAKERY,THURSDAY,-4
3110285,BAKERY,FRIDAY,-2
3110285,BAKERY,SATURDAY,6
3110285,BAKERY,SUNDAY,6
3110286,KOREAN_FOOD,MONDAY,1
3110286,KOREAN_FOOD,TUESDAY,3
3110286,KOREAN_FOOD,WEDNESDAY,0
3110286,KOREAN_FOOD,THURSDAY,2
3110286,KOREAN_FOOD,FRIDAY,3
3110286,KOREAN_FOOD,SATURDAY,-6
3110286,KOREAN_FOOD,SUNDAY,-3
3110286,CAFE_BEVERAGE,MONDAY,-5
3110286,CAFE_BEVERAGE,TUESDAY,-2
3110286,CAFE_BEVERAGE,WEDNESDAY,-4
3110286,CAFE_BEVERAGE,THURSDAY,-2
3110286,CAFE_BEVERAGE,FRIDAY,1
3110286,CAFE_BEVERAGE,SATURDAY,6
3110286,CAFE_BEVERAGE,SUNDAY,5
3110287,KOREAN_FOOD,MONDAY,-5
3110287,KOREAN_FOOD,TUESDAY,0
3110287,KOREAN_FOOD,WEDNESDAY,0
3110287,KOREAN_FOOD,THURSDAY,0
3110287,KOREAN_FOOD,FRIDAY,1
3110287,KOREAN_FOOD,SATURDAY,1
3110287,KOREAN_FOOD,SUNDAY,3
3110287,CAFE_BEVERAGE,MONDAY,-3
3110287,CAFE_BEVERAGE,TUESDAY,2
3110287,CAFE_BEVERAGE,WEDNESDAY,-1
3110287,CAFE_BEVERAGE,THURSDAY,0
3110287,CAFE_BEVERAGE,FRIDAY,-1
3110287,CAFE_BEVERAGE,SATURDAY,-1
3110287,CAFE_BEVERAGE,SUNDAY,4
3110288,KOREAN_FOOD,MONDAY,-3
3110288,KOREAN_FOOD,TUESDAY,-1
3110288,KOREAN_FOOD,WEDNESDAY,1
3110288,KOREAN_FOOD,THURSDAY,0
3110288,KOREAN_FOOD,FRIDAY,2
3110288,KOREAN_FOOD,SATURDAY,4
3110288,KOREAN_FOOD,SUNDAY,-4
3110288,CAFE_BEVERAGE,MONDAY,-6
3110288,CAFE_BEVERAGE,TUESDAY,-3
3110288,CAFE_BEVERAGE,WEDNESDAY,1
3110288,CAFE_BEVERAGE,THURSDAY,2
3110288,CAFE_BEVERAGE,FRIDAY,5
3110288,CAFE_BEVERAGE,SATURDAY,6
3110288,CAFE_BEVERAGE,SUNDAY,-3
3110289,KOREAN_FOOD,MONDAY,-6
3110289,KOREAN_FOOD,TUESDAY,-1
3110289,KOREAN_FOOD,WEDNESDAY,4
3110289,KOREAN_FOOD,THURSDAY,2
3110289,KOREAN_FOOD,FRIDAY,3
3110289,KOREAN_FOOD,SATURDAY,0
3110289,KOREAN_FOOD,SUNDAY,-1
3110290,KOREAN_FOOD,MONDAY,-1
3110290,KOREAN_FOOD,TUESDAY,-2
3110290,KOREAN_FOOD,WEDNESDAY,0
3110290,KOREAN_FOOD,THURSDAY,-2
3110290,KOREAN_FOOD,FRIDAY,0
3110290,KOREAN_FOOD,SATURDAY,3
3110290,KOREAN_FOOD,SUNDAY,3
3110291,KOREAN_FOOD,MONDAY,-2
3110291,KOREAN_FOOD,TUESDAY,0
3110291,KOREAN_FOOD,WEDNESDAY,1
3110291,KOREAN_FOOD,THURSDAY,1
3110291,KOREAN_FOOD,FRIDAY,2
3110291,KOREAN_FOOD,SATURDAY,0
3110291,KOREAN_FOOD,SUNDAY,-2
3110291,JAPANESE_FOOD,MONDAY,4
3110291,JAPANESE_FOOD,TUESDAY,3
3110291,JAPANESE_FOOD,WEDNESDAY,4
3110291,JAPANESE_FOOD,THURSDAY,5
3110291,JAPANESE_FOOD,FRIDAY,2
3110291,JAPANESE_FOOD,SATURDAY,-3
3110291,JAPANESE_FOOD,SUNDAY,-6
3110291,FAST_FOOD,MONDAY,-6
3110291,FAST_FOOD,TUESDAY,-3
3110291,FAST_FOOD,WEDNESDAY,-2
3110291,FAST_FOOD,THURSDAY,-1
3110291,FAST_FOOD,FRIDAY,1
3110291,FAST_FOOD,SATURDAY,4
3110291,FAST_FOOD,SUNDAY,6
3110291,BUNSIK,MONDAY,2
3110291,BUNSIK,TUESDAY,0
3110291,BUNSIK,WEDNESDAY,2
3110291,BUNSIK,THURSDAY,2
3110291,BUNSIK,FRIDAY,1
3110291,BUNSIK,SATURDAY,-1
3110291,BUNSIK,SUNDAY,-6
3110291,CAFE_BEVERAGE,MONDAY,1
3110291,CAFE_BEVERAGE,TUESDAY,0
3110291,CAFE_BEVERAGE,WEDNESDAY,1
3110291,CAFE_BEVERAGE,THURSDAY,0
3110291,CAFE_BEVERAGE,FRIDAY,0
3110291,CAFE_BEVERAGE,SATURDAY,0
3110291,CAFE_BEVERAGE,SUNDAY,-3
3110292,KOREAN_FOOD,MONDAY,0
3110292,KOREAN_FOOD,TUESDAY,-2
3110292,KOREAN_FOOD,WEDNESDAY,-6
3110292,KOREAN_FOOD,THURSDAY,-1
3110292,KOREAN_FOOD,FRIDAY,2
3110292,KOREAN_FOOD,SATURDAY,6
3110292,KOREAN_FOOD,SUNDAY,5
3110293,KOREAN_FOOD,MONDAY,-4
3110293,KOREAN_FOOD,TUESDAY,2
3110293,KOREAN_FOOD,WEDNESDAY,1
3110293,KOREAN_FOOD,THURSDAY,1
3110293,KOREAN_FOOD,FRIDAY,2
3110293,KOREAN_FOOD,SATURDAY,0
3110293,KOREAN_FOOD,SUNDAY,-2
3110293,BUNSIK,MONDAY,5
3110293,BUNSIK,TUESDAY,4
3110293,BUNSIK,WEDNESDAY,3
3110293,BUNSIK,THURSDAY,4
3110293,BUNSIK,FRIDAY,4
3110293,BUNSIK,SATURDAY,0
3110293,BUNSIK,SUNDAY,-6
3110293,CAFE_BEVERAGE,MONDAY,-1
3110293,CAFE_BEVERAGE,TUESDAY,0
3110293,CAFE_BEVERAGE,WEDNESDAY,0
3110293,CAFE_BEVERAGE,THURSDAY,0
3110293,CAFE_BEVERAGE,FRIDAY,0
3110293,CAFE_BEVERAGE,SATURDAY,3
3110293,CAFE_BEVERAGE,SUNDAY,-3
3110294,KOREAN_FOOD,MONDAY,-1
3110294,KOREAN_FOOD,TUESDAY,1
3110294,KOREAN_FOOD,WEDNESDAY,-2
3110294,KOREAN_FOOD,THURSDAY,1
3110294,KOREAN_FOOD,FRIDAY,2
3110294,KOREAN_FOOD,SATURDAY,3
3110294,KOREAN_FOOD,SUNDAY,-3
3110294,CAFE_BEVERAGE,MONDAY,-2
3110294,CAFE_BEVERAGE,TUESDAY,-2
3110294,CAFE_BEVERAGE,WEDNESDAY,-1
3110294,CAFE_BEVERAGE,THURSDAY,-1
3110294,CAFE_BEVERAGE,FRIDAY,-1
3110294,CAFE_BEVERAGE,SATURDAY,4
3110294,CAFE_BEVERAGE,SUNDAY,2
3110295,KOREAN_FOOD,MONDAY,0
3110295,KOREAN_FOOD,TUESDAY,-1
3110295,KOREAN_FOOD,WEDNESDAY,0
3110295,KOREAN_FOOD,THURSDAY,0
3110295,KOREAN_FOOD,FRIDAY,0
3110295,KOREAN_FOOD,SATURDAY,2
3110295,KOREAN_FOOD,SUNDAY,-2
3110295,FAST_FOOD,MONDAY,2
3110295,FAST_FOOD,TUESDAY,0
3110295,FAST_FOOD,WEDNESDAY,0
3110295,FAST_FOOD,THURSDAY,1
3110295,FAST_FOOD,FRIDAY,1
3110295,FAST_FOOD,SATURDAY,1
3110295,FAST_FOOD,SUNDAY,-6
3110295,CAFE_BEVERAGE,MONDAY,-1
3110295,CAFE_BEVERAGE,TUESDAY,-1
3110295,CAFE_BEVERAGE,WEDNESDAY,-1
3110295,CAFE_BEVERAGE,THURSDAY,-1
3110295,CAFE_BEVERAGE,FRIDAY,0
3110295,CAFE_BEVERAGE,SATURDAY,3
3110295,CAFE_BEVERAGE,SUNDAY,0
3110296,KOREAN_FOOD,MONDAY,5
3110296,KOREAN_FOOD,TUESDAY,3
3110296,KOREAN_FOOD,WEDNESDAY,2
3110296,KOREAN_FOOD,THURSDAY,3
3110296,KOREAN_FOOD,FRIDAY,3
3110296,KOREAN_FOOD,SATURDAY,-5
3110296,KOREAN_FOOD,SUNDAY,-6
3110296,FAST_FOOD,MONDAY,-3
3110296,FAST_FOOD,TUESDAY,-5
3110296,FAST_FOOD,WEDNESDAY,-3
3110296,FAST_FOOD,THURSDAY,-2
3110296,FAST_FOOD,FRIDAY,1
3110296,FAST_FOOD,SATURDAY,4
3110296,FAST_FOOD,SUNDAY,6
3110296,BUNSIK,MONDAY,1
3110296,BUNSIK,TUESDAY,0
3110296,BUNSIK,WEDNESDAY,-1
3110296,BUNSIK,THURSDAY,0
3110296,BUNSIK,FRIDAY,2
3110296,BUNSIK,SATURDAY,3
3110296,BUNSIK,SUNDAY,-5
3110296,CAFE_BEVERAGE,MONDAY,-1
3110296,CAFE_BEVERAGE,TUESDAY,0
3110296,CAFE_BEVERAGE,WEDNESDAY,0
3110296,CAFE_BEVERAGE,THURSDAY,0
3110296,CAFE_BEVERAGE,FRIDAY,1
3110296,CAFE_BEVERAGE,SATURDAY,2
3110296,CAFE_BEVERAGE,SUNDAY,-3
3110297,KOREAN_FOOD,MONDAY,-4
3110297,KOREAN_FOOD,TUESDAY,-1
3110297,KOREAN_FOOD,WEDNESDAY,0
3110297,KOREAN_FOOD,THURSDAY,0
3110297,KOREAN_FOOD,FRIDAY,5
3110297,KOREAN_FOOD,SATURDAY,4
3110297,KOREAN_FOOD,SUNDAY,-3
3110299,KOREAN_FOOD,MONDAY,-2
3110299,KOREAN_FOOD,TUESDAY,1
3110299,KOREAN_FOOD,WEDNESDAY,3
3110299,KOREAN_FOOD,THURSDAY,1
3110299,KOREAN_FOOD,FRIDAY,3
3110299,KOREAN_FOOD,SATURDAY,1
3110299,KOREAN_FOOD,SUNDAY,-6
3110299,BUNSIK,MONDAY,2
3110299,BUNSIK,TUESDAY,3
3110299,BUNSIK,WEDNESDAY,5
3110299,BUNSIK,THURSDAY,4
3110299,BUNSIK,FRIDAY,4
3110299,BUNSIK,SATURDAY,-6
3110299,BUNSIK,SUNDAY,1
3110299,CAFE_BEVERAGE,MONDAY,-2
3110299,CAFE_BEVERAGE,TUESDAY,-3
3110299,CAFE_BEVERAGE,WEDNESDAY,-3
3110299,CAFE_BEVERAGE,THURSDAY,-4
3110299,CAFE_BEVERAGE,FRIDAY,-2
3110299,CAFE_BEVERAGE,SATURDAY,2
3110299,CAFE_BEVERAGE,SUNDAY,6
3110300,KOREAN_FOOD,MONDAY,-1
3110300,KOREAN_FOOD,TUESDAY,-1
3110300,KOREAN_FOOD,WEDNESDAY,-1
3110300,KOREAN_FOOD,THURSDAY,-1
3110300,KOREAN_FOOD,FRIDAY,2
3110300,KOREAN_FOOD,SATURDAY,3
3110300,KOREAN_FOOD,SUNDAY,0
3110300,BUNSIK,MONDAY,6
3110300,BUNSIK,TUESDAY,6
3110300,BUNSIK,WEDNESDAY,5
3110300,BUNSIK,THURSDAY,6
3110300,BUNSIK,FRIDAY,5
3110300,BUNSIK,SATURDAY,-6
3110300,BUNSIK,SUNDAY,-6
3110300,CAFE_BEVERAGE,MONDAY,-1
3110300,CAFE_BEVERAGE,TUESDAY,-1
3110300,CAFE_BEVERAGE,WEDNESDAY,-1
3110300,CAFE_BEVERAGE,THURSDAY,-1
3110300,CAFE_BEVERAGE,FRIDAY,0
3110300,CAFE_BEVERAGE,SATURDAY,2
3110300,CAFE_BEVERAGE,SUNDAY,1
3110301,KOREAN_FOOD,MONDAY,-2
3110301,KOREAN_FOOD,TUESDAY,1
3110301,KOREAN_FOOD,WEDNESDAY,2
3110301,KOREAN_FOOD,THURSDAY,1
3110301,KOREAN_FOOD,FRIDAY,2
3110301,KOREAN_FOOD,SATURDAY,-1
3110301,KOREAN_FOOD,SUNDAY,-3
3110302,KOREAN_FOOD,MONDAY,2
3110302,KOREAN_FOOD,TUESDAY,3
3110302,KOREAN_FOOD,WEDNESDAY,3
3110302,KOREAN_FOOD,THURSDAY,4
3110302,KOREAN_FOOD,FRIDAY,4
3110302,KOREAN_FOOD,SATURDAY,-2
3110302,KOREAN_FOOD,SUNDAY,-6
3110302,BUNSIK,MONDAY,0
3110302,BUNSIK,TUESDAY,2
3110302,BUNSIK,WEDNESDAY,1
3110302,BUNSIK,THURSDAY,0
3110302,BUNSIK,FRIDAY,2
3110302,BUNSIK,SATURDAY,-2
3110302,BUNSIK,SUNDAY,-2
3110302,CAFE_BEVERAGE,MONDAY,-2
3110302,CAFE_BEVERAGE,TUESDAY,0
3110302,CAFE_BEVERAGE,WEDNESDAY,-1
3110302,CAFE_BEVERAGE,THURSDAY,-5
3110302,CAFE_BEVERAGE,FRIDAY,1
3110302,CAFE_BEVERAGE,SATURDAY,3
3110302,CAFE_BEVERAGE,SUNDAY,3
3110302,BAKERY,MONDAY,-1
3110302,BAKERY,TUESDAY,-1
3110302,BAKERY,WEDNESDAY,4
3110302,BAKERY,THURSDAY,-1
3110302,BAKERY,FRIDAY,0
3110302,BAKERY,SATURDAY,1
3110302,BAKERY,SUNDAY,-1
3110303,KOREAN_FOOD,MONDAY,3
3110303,KOREAN_FOOD,TUESDAY,2
3110303,KOREAN_FOOD,WEDNESDAY,-1
3110303,KOREAN_FOOD,THURSDAY,2
3110303,KOREAN_FOOD,FRIDAY,1
3110303,KOREAN_FOOD,SATURDAY,-2
3110303,KOREAN_FOOD,SUNDAY,-5
3110303,CAFE_BEVERAGE,MONDAY,3
3110303,CAFE_BEVERAGE,TUESDAY,3
3110303,CAFE_BEVERAGE,WEDNESDAY,5
3110303,CAFE_BEVERAGE,THURSDAY,3
3110303,CAFE_BEVERAGE,FRIDAY,0
3110303,CAFE_BEVERAGE,SATURDAY,-6
3110303,CAFE_BEVERAGE,SUNDAY,-6
3110304,KOREAN_FOOD,MONDAY,3
3110304,KOREAN_FOOD,TUESDAY,4
3110304,KOREAN_FOOD,WEDNESDAY,3
3110304,KOREAN_FOOD,THURSDAY,3
3110304,KOREAN_FOOD,FRIDAY,3
3110304,KOREAN_FOOD,SATURDAY,-4
3110304,KOREAN_FOOD,SUNDAY,-6
3110304,CAFE_BEVERAGE,MONDAY,-2
3110304,CAFE_BEVERAGE,TUESDAY,1
3110304,CAFE_BEVERAGE,WEDNESDAY,1
3110304,CAFE_BEVERAGE,THURSDAY,0
3110304,CAFE_BEVERAGE,FRIDAY,1
3110304,CAFE_BEVERAGE,SATURDAY,1
3110304,CAFE_BEVERAGE,SUNDAY,0
3110305,KOREAN_FOOD,MONDAY,-6
3110305,KOREAN_FOOD,TUESDAY,-2
3110305,KOREAN_FOOD,WEDNESDAY,-2
3110305,KOREAN_FOOD,THURSDAY,-2
3110305,KOREAN_FOOD,FRIDAY,1
3110305,KOREAN_FOOD,SATURDAY,6
3110305,KOREAN_FOOD,SUNDAY,5
3110306,CHINESE_FOOD,MONDAY,-3
3110306,CHINESE_FOOD,TUESDAY,0
3110306,CHINESE_FOOD,WEDNESDAY,-2
3110306,CHINESE_FOOD,THURSDAY,-1
3110306,CHINESE_FOOD,FRIDAY,-1
3110306,CHINESE_FOOD,SATURDAY,4
3110306,CHINESE_FOOD,SUNDAY,3
3110307,KOREAN_FOOD,MONDAY,-1
3110307,KOREAN_FOOD,TUESDAY,-1
3110307,KOREAN_FOOD,WEDNESDAY,0
3110307,KOREAN_FOOD,THURSDAY,0
3110307,KOREAN_FOOD,FRIDAY,1
3110307,KOREAN_FOOD,SATURDAY,1
3110307,KOREAN_FOOD,SUNDAY,0
3110308,KOREAN_FOOD,MONDAY,3
3110308,KOREAN_FOOD,TUESDAY,2
3110308,KOREAN_FOOD,WEDNESDAY,3
3110308,KOREAN_FOOD,THURSDAY,2
3110308,KOREAN_FOOD,FRIDAY,4
3110308,KOREAN_FOOD,SATURDAY,-3
3110308,KOREAN_FOOD,SUNDAY,-6
3110308,BUNSIK,MONDAY,2
3110308,BUNSIK,TUESDAY,4
3110308,BUNSIK,WEDNESDAY,3
3110308,BUNSIK,THURSDAY,5
3110308,BUNSIK,FRIDAY,5
3110308,BUNSIK,SATURDAY,-6
3110308,BUNSIK,SUNDAY,-6
3110308,CAFE_BEVERAGE,MONDAY,-5
3110308,CAFE_BEVERAGE,TUESDAY,-1
3110308,CAFE_BEVERAGE,WEDNESDAY,1
3110308,CAFE_BEVERAGE,THURSDAY,2
3110308,CAFE_BEVERAGE,FRIDAY,3
3110308,CAFE_BEVERAGE,SATURDAY,5
3110308,CAFE_BEVERAGE,SUNDAY,-5
3110308,BAKERY,MONDAY,-1
3110308,BAKERY,TUESDAY,-1
3110308,BAKERY,WEDNESDAY,0
3110308,BAKERY,THURSDAY,1
3110308,BAKERY,FRIDAY,2
3110308,BAKERY,SATURDAY,1
3110308,BAKERY,SUNDAY,-2
3110309,CAFE_BEVERAGE,MONDAY,-1
3110309,CAFE_BEVERAGE,TUESDAY,0
3110309,CAFE_BEVERAGE,WEDNESDAY,0
3110309,CAFE_BEVERAGE,THURSDAY,-1
3110309,CAFE_BEVERAGE,FRIDAY,1
3110309,CAFE_BEVERAGE,SATURDAY,1
3110309,CAFE_BEVERAGE,SUNDAY,0
3110312,KOREAN_FOOD,MONDAY,3
3110312,KOREAN_FOOD,TUESDAY,3
3110312,KOREAN_FOOD,WEDNESDAY,3
3110312,KOREAN_FOOD,THURSDAY,3
3110312,KOREAN_FOOD,FRIDAY,-1
3110312,KOREAN_FOOD,SATURDAY,-4
3110312,KOREAN_FOOD,SUNDAY,-6
3110312,CHINESE_FOOD,MONDAY,4
3110312,CHINESE_FOOD,TUESDAY,6
3110312,CHINESE_FOOD,WEDNESDAY,6
3110312,CHINESE_FOOD,THURSDAY,4
3110312,CHINESE_FOOD,FRIDAY,1
3110312,CHINESE_FOOD,SATURDAY,-6
3110312,CHINESE_FOOD,SUNDAY,-6
3110312,WESTERN_FOOD,MONDAY,6
3110312,WESTERN_FOOD,TUESDAY,6
3110312,WESTERN_FOOD,WEDNESDAY,6
3110312,WESTERN_FOOD,THURSDAY,6
3110312,WESTERN_FOOD,FRIDAY,-1
3110312,WESTERN_FOOD,SATURDAY,-6
3110312,WESTERN_FOOD,SUNDAY,-6
3110312,BUNSIK,MONDAY,6
3110312,BUNSIK,TUESDAY,6
3110312,BUNSIK,WEDNESDAY,6
3110312,BUNSIK,THURSDAY,5
3110312,BUNSIK,FRIDAY,-5
3110312,BUNSIK,SATURDAY,-6
3110312,BUNSIK,SUNDAY,-6
3110312,CAFE_BEVERAGE,MONDAY,3
3110312,CAFE_BEVERAGE,TUESDAY,3
3110312,CAFE_BEVERAGE,WEDNESDAY,3
3110312,CAFE_BEVERAGE,THURSDAY,3
3110312,CAFE_BEVERAGE,FRIDAY,-1
3110312,CAFE_BEVERAGE,SATURDAY,-5
3110312,CAFE_BEVERAGE,SUNDAY,-6
3110313,KOREAN_FOOD,MONDAY,2
3110313,KOREAN_FOOD,TUESDAY,3
3110313,KOREAN_FOOD,WEDNESDAY,3
3110313,KOREAN_FOOD,THURSDAY,3
3110313,KOREAN_FOOD,FRIDAY,0
3110313,KOREAN_FOOD,SATURDAY,-5
3110313,KOREAN_FOOD,SUNDAY,-6
3110313,CHINESE_FOOD,MONDAY,1
3110313,CHINESE_FOOD,TUESDAY,4
3110313,CHINESE_FOOD,WEDNESDAY,4
3110313,CHINESE_FOOD,THURSDAY,4
3110313,CHINESE_FOOD,FRIDAY,0
3110313,CHINESE_FOOD,SATURDAY,-6
3110313,CHINESE_FOOD,SUNDAY,-6
3110313,JAPANESE_FOOD,MONDAY,5
3110313,JAPANESE_FOOD,TUESDAY,6
3110313,JAPANESE_FOOD,WEDNESDAY,5
3110313,JAPANESE_FOOD,THURSDAY,5
3110313,JAPANESE_FOOD,FRIDAY,2
3110313,JAPANESE_FOOD,SATURDAY,-6
3110313,JAPANESE_FOOD,SUNDAY,-6
3110313,WESTERN_FOOD,MONDAY,4
3110313,WESTERN_FOOD,TUESDAY,2
3110313,WESTERN_FOOD,WEDNESDAY,3
3110313,WESTERN_FOOD,THURSDAY,3
3110313,WESTERN_FOOD,FRIDAY,-2
3110313,WESTERN_FOOD,SATURDAY,-6
3110313,WESTERN_FOOD,SUNDAY,-3
3110313,CHICKEN,MONDAY,-2
3110313,CHICKEN,TUESDAY,-1
3110313,CHICKEN,WEDNESDAY,0
3110313,CHICKEN,THURSDAY,2
3110313,CHICKEN,FRIDAY,2
3110313,CHICKEN,SATURDAY,1
3110313,CHICKEN,SUNDAY,-3
3110313,FAST_FOOD,MONDAY,3
3110313,FAST_FOOD,TUESDAY,2
3110313,FAST_FOOD,WEDNESDAY,3
3110313,FAST_FOOD,THURSDAY,2
3110313,FAST_FOOD,FRIDAY,-2
3110313,FAST_FOOD,SATURDAY,-6
3110313,FAST_FOOD,SUNDAY,-2
3110313,BUNSIK,MONDAY,-1
3110313,BUNSIK,TUESDAY,0
3110313,BUNSIK,WEDNESDAY,0
3110313,BUNSIK,THURSDAY,1
3110313,BUNSIK,FRIDAY,1
3110313,BUNSIK,SATURDAY,1
3110313,BUNSIK,SUNDAY,-2
3110313,CAFE_BEVERAGE,MONDAY,2
3110313,CAFE_BEVERAGE,TUESDAY,2
3110313,CAFE_BEVERAGE,WEDNESDAY,2
3110313,CAFE_BEVERAGE,THURSDAY,2
3110313,CAFE_BEVERAGE,FRIDAY,0
3110313,CAFE_BEVERAGE,SATURDAY,-4
3110313,CAFE_BEVERAGE,SUNDAY,-5
3110314,KOREAN_FOOD,MONDAY,0
3110314,KOREAN_FOOD,TUESDAY,-1
3110314,KOREAN_FOOD,WEDNESDAY,-2
3110314,KOREAN_FOOD,THURSDAY,-1
3110314,KOREAN_FOOD,FRIDAY,3
3110314,KOREAN_FOOD,SATURDAY,3
3110314,KOREAN_FOOD,SUNDAY,-1
3110314,CHICKEN,MONDAY,-3
3110314,CHICKEN,TUESDAY,-2
3110314,CHICKEN,WEDNESDAY,-3
3110314,CHICKEN,THURSDAY,-1
3110314,CHICKEN,FRIDAY,5
3110314,CHICKEN,SATURDAY,6
3110314,CHICKEN,SUNDAY,-2
3110314,BUNSIK,MONDAY,-6
3110314,BUNSIK,TUESDAY,-2
3110314,BUNSIK,WEDNESDAY,0
3110314,BUNSIK,THURSDAY,1
3110314,BUNSIK,FRIDAY,3
3110314,BUNSIK,SATURDAY,6
3110314,BUNSIK,SUNDAY,-2
3110314,CAFE_BEVERAGE,MONDAY,-1
3110314,CAFE_BEVERAGE,TUESDAY,-2
3110314,CAFE_BEVERAGE,WEDNESDAY,-1
3110314,CAFE_BEVERAGE,THURSDAY,-1
3110314,CAFE_BEVERAGE,FRIDAY,1
3110314,CAFE_BEVERAGE,SATURDAY,3
3110314,CAFE_BEVERAGE,SUNDAY,0
3110314,BAKERY,MONDAY,-1
3110314,BAKERY,TUESDAY,-1
3110314,BAKERY,WEDNESDAY,-1
3110314,BAKERY,THURSDAY,-2
3110314,BAKERY,FRIDAY,0
3110314,BAKERY,SATURDAY,4
3110314,BAKERY,SUNDAY,2
3110315,KOREAN_FOOD,MONDAY,-6
3110315,KOREAN_FOOD,TUESDAY,3
3110315,KOREAN_FOOD,WEDNESDAY,2
3110315,KOREAN_FOOD,THURSDAY,2
3110315,KOREAN_FOOD,FRIDAY,4
3110315,KOREAN_FOOD,SATURDAY,1
3110315,KOREAN_FOOD,SUNDAY,-5
3110315,FAST_FOOD,MONDAY,-2
3110315,FAST_FOOD,TUESDAY,-2
3110315,FAST_FOOD,WEDNESDAY,-1
3110315,FAST_FOOD,THURSDAY,0
3110315,FAST_FOOD,FRIDAY,0
3110315,FAST_FOOD,SATURDAY,2
3110315,FAST_FOOD,SUNDAY,2
3110315,BUNSIK,MONDAY,6
3110315,BUNSIK,TUESDAY,6
3110315,BUNSIK,WEDNESDAY,5
3110315,BUNSIK,THURSDAY,4
3110315,BUNSIK,FRIDAY,4
3110315,BUNSIK,SATURDAY,-6
3110315,BUNSIK,SUNDAY,-6
3110315,CAFE_BEVERAGE,MONDAY,-6
3110315,CAFE_BEVERAGE,TUESDAY,1
3110315,CAFE_BEVERAGE,WEDNESDAY,0
3110315,CAFE_BEVERAGE,THURSDAY,1
3110315,CAFE_BEVERAGE,FRIDAY,1
3110315,CAFE_BEVERAGE,SATURDAY,5
3110315,CAFE_BEVERAGE,SUNDAY,1
3110315,BAKERY,MONDAY,2
3110315,BAKERY,TUESDAY,2
3110315,BAKERY,WEDNESDAY,2
3110315,BAKERY,THURSDAY,1
3110315,BAKERY,FRIDAY,4
3110315,BAKERY,SATURDAY,4
3110315,BAKERY,SUNDAY,-6
3110316,KOREAN_FOOD,MONDAY,0
3110316,KOREAN_FOOD,TUESDAY,1
3110316,KOREAN_FOOD,WEDNESDAY,1
3110316,KOREAN_FOOD,THURSDAY,0
3110316,KOREAN_FOOD,FRIDAY,2
3110316,KOREAN_FOOD,SATURDAY,0
3110316,KOREAN_FOOD,SUNDAY,-5
3110316,CHINESE_FOOD,MONDAY,-4
3110316,CHINESE_FOOD,TUESDAY,-1
3110316,CHINESE_FOOD,WEDNESDAY,-2
3110316,CHINESE_FOOD,THURSDAY,-1
3110316,CHINESE_FOOD,FRIDAY,1
3110316,CHINESE_FOOD,SATURDAY,4
3110316,CHINESE_FOOD,SUNDAY,4
3110316,BUNSIK,MONDAY,-6
3110316,BUNSIK,TUESDAY,2
3110316,BUNSIK,WEDNESDAY,-6
3110316,BUNSIK,THURSDAY,2
3110316,BUNSIK,FRIDAY,4
3110316,BUNSIK,SATURDAY,4
3110316,BUNSIK,SUNDAY,0
3110316,CAFE_BEVERAGE,MONDAY,-1
3110316,CAFE_BEVERAGE,TUESDAY,0
3110316,CAFE_BEVERAGE,WEDNESDAY,0
3110316,CAFE_BEVERAGE,THURSDAY,-2
3110316,CAFE_BEVERAGE,FRIDAY,-1
3110316,CAFE_BEVERAGE,SATURDAY,-1
3110316,CAFE_BEVERAGE,SUNDAY,4
3110317,KOREAN_FOOD,MONDAY,1
3110317,KOREAN_FOOD,TUESDAY,1
3110317,KOREAN_FOOD,WEDNESDAY,1
3110317,KOREAN_FOOD,THURSDAY,2
3110317,KOREAN_FOOD,FRIDAY,-1
3110317,KOREAN_FOOD,SATURDAY,-3
3110317,KOREAN_FOOD,SUNDAY,-2
3110317,CAFE_BEVERAGE,MONDAY,5
3110317,CAFE_BEVERAGE,TUESDAY,4
3110317,CAFE_BEVERAGE,WEDNESDAY,4
3110317,CAFE_BEVERAGE,THURSDAY,4
3110317,CAFE_BEVERAGE,FRIDAY,2
3110317,CAFE_BEVERAGE,SATURDAY,-6
3110317,CAFE_BEVERAGE,SUNDAY,-6
3110318,KOREAN_FOOD,MONDAY,-1
3110318,KOREAN_FOOD,TUESDAY,-2
3110318,KOREAN_FOOD,WEDNESDAY,-1
3110318,KOREAN_FOOD,THURSDAY,0
3110318,KOREAN_FOOD,FRIDAY,1
3110318,KOREAN_FOOD,SATURDAY,5
3110318,KOREAN_FOOD,SUNDAY,-1
3110319,KOREAN_FOOD,MONDAY,-3
3110319,KOREAN_FOOD,TUESDAY,1
3110319,KOREAN_FOOD,WEDNESDAY,1
3110319,KOREAN_FOOD,THURSDAY,0
3110319,KOREAN_FOOD,FRIDAY,4
3110319,KOREAN_FOOD,SATURDAY,2
3110319,KOREAN_FOOD,SUNDAY,-4
3110319,CHICKEN,MONDAY,-4
3110319,CHICKEN,TUESDAY,-6
3110319,CHICKEN,WEDNESDAY,1
3110319,CHICKEN,THURSDAY,3
3110319,CHICKEN,FRIDAY,6
3110319,CHICKEN,SATURDAY,5
3110319,CHICKEN,SUNDAY,1
3110319,CAFE_BEVERAGE,MONDAY,-5
3110319,CAFE_BEVERAGE,TUESDAY,-2
3110319,CAFE_BEVERAGE,WEDNESDAY,-4
3110319,CAFE_BEVERAGE,THURSDAY,-3
3110319,CAFE_BEVERAGE,FRIDAY,-2
3110319,CAFE_BEVERAGE,SATURDAY,6
3110319,CAFE_BEVERAGE,SUNDAY,6
3110319,BAKERY,MONDAY,0
3110319,BAKERY,TUESDAY,0
3110319,BAKERY,WEDNESDAY,2
3110319,BAKERY,THURSDAY,0
3110319,BAKERY,FRIDAY,1
3110319,BAKERY,SATURDAY,0
3110319,BAKERY,SUNDAY,-1
3110320,KOREAN_FOOD,MONDAY,0
3110320,KOREAN_FOOD,TUESDAY,1
3110320,KOREAN_FOOD,WEDNESDAY,1
3110320,KOREAN_FOOD,THURSDAY,1
3110320,KOREAN_FOOD,FRIDAY,1
3110320,KOREAN_FOOD,SATURDAY,-1
3110320,KOREAN_FOOD,SUNDAY,-3
3110322,KOREAN_FOOD,MONDAY,4
3110322,KOREAN_FOOD,TUESDAY,1
3110322,KOREAN_FOOD,WEDNESDAY,3
3110322,KOREAN_FOOD,THURSDAY,6
3110322,KOREAN_FOOD,FRIDAY,5
3110322,KOREAN_FOOD,SATURDAY,-3
3110322,KOREAN_FOOD,SUNDAY,-6
3110323,KOREAN_FOOD,MONDAY,0
3110323,KOREAN_FOOD,TUESDAY,2
3110323,KOREAN_FOOD,WEDNESDAY,2
3110323,KOREAN_FOOD,THURSDAY,3
3110323,KOREAN_FOOD,FRIDAY,3
3110323,KOREAN_FOOD,SATURDAY,-2
3110323,KOREAN_FOOD,SUNDAY,-6
3110323,BUNSIK,MONDAY,5
3110323,BUNSIK,TUESDAY,6
3110323,BUNSIK,WEDNESDAY,6
3110323,BUNSIK,THURSDAY,6
3110323,BUNSIK,FRIDAY,3
3110323,BUNSIK,SATURDAY,-6
3110323,BUNSIK,SUNDAY,-6
3110323,CAFE_BEVERAGE,MONDAY,5
3110323,CAFE_BEVERAGE,TUESDAY,5
3110323,CAFE_BEVERAGE,WEDNESDAY,6
3110323,CAFE_BEVERAGE,THURSDAY,3
3110323,CAFE_BEVERAGE,FRIDAY,-3
3110323,CAFE_BEVERAGE,SATURDAY,-6
3110323,CAFE_BEVERAGE,SUNDAY,-6
3110325,KOREAN_FOOD,MONDAY,-3
3110325,KOREAN_FOOD,TUESDAY,-2
3110325,KOREAN_FOOD,WEDNESDAY,0
3110325,KOREAN_FOOD,THURSDAY,-1
3110325,KOREAN_FOOD,FRIDAY,1
3110325,KOREAN_FOOD,SATURDAY,3
3110325,KOREAN_FOOD,SUNDAY,2
3110325,BUNSIK,MONDAY,1
3110325,BUNSIK,TUESDAY,2
3110325,BUNSIK,WEDNESDAY,0
3110325,BUNSIK,THURSDAY,1
3110325,BUNSIK,FRIDAY,0
3110325,BUNSIK,SATURDAY,-1
3110325,BUNSIK,SUNDAY,-3
3110327,KOREAN_FOOD,MONDAY,-1
3110327,KOREAN_FOOD,TUESDAY,-2
3110327,KOREAN_FOOD,WEDNESDAY,1
3110327,KOREAN_FOOD,THURSDAY,2
3110327,KOREAN_FOOD,FRIDAY,2
3110327,KOREAN_FOOD,SATURDAY,1
3110327,KOREAN_FOOD,SUNDAY,-4
3110327,CAFE_BEVERAGE,MONDAY,-2
3110327,CAFE_BEVERAGE,TUESDAY,-3
3110327,CAFE_BEVERAGE,WEDNESDAY,-1
3110327,CAFE_BEVERAGE,THURSDAY,-1
3110327,CAFE_BEVERAGE,FRIDAY,0
3110327,CAFE_BEVERAGE,SATURDAY,3
3110327,CAFE_BEVERAGE,SUNDAY,3
3110328,KOREAN_FOOD,MONDAY,6
3110328,KOREAN_FOOD,TUESDAY,6
3110328,KOREAN_FOOD,WEDNESDAY,5
3110328,KOREAN_FOOD,THURSDAY,3
3110328,KOREAN_FOOD,FRIDAY,6
3110328,KOREAN_FOOD,SATURDAY,-6
3110328,KOREAN_FOOD,SUNDAY,-6
3110328,CAFE_BEVERAGE,MONDAY,-6
3110328,CAFE_BEVERAGE,TUESDAY,-6
3110328,CAFE_BEVERAGE,WEDNESDAY,-6
3110328,CAFE_BEVERAGE,THURSDAY,6
3110328,CAFE_BEVERAGE,FRIDAY,-6
3110328,CAFE_BEVERAGE,SATURDAY,-6
3110328,CAFE_BEVERAGE,SUNDAY,6
3110329,KOREAN_FOOD,MONDAY,-3
3110329,KOREAN_FOOD,TUESDAY,0
3110329,KOREAN_FOOD,WEDNESDAY,0
3110329,KOREAN_FOOD,THURSDAY,-5
3110329,KOREAN_FOOD,FRIDAY,3
3110329,KOREAN_FOOD,SATURDAY,3
3110329,KOREAN_FOOD,SUNDAY,2
3110330,KOREAN_FOOD,MONDAY,4
3110330,KOREAN_FOOD,TUESDAY,2
3110330,KOREAN_FOOD,WEDNESDAY,3
3110330,KOREAN_FOOD,THURSDAY,5
3110330,KOREAN_FOOD,FRIDAY,3
3110330,KOREAN_FOOD,SATURDAY,-1
3110330,KOREAN_FOOD,SUNDAY,-6
3110330,CAFE_BEVERAGE,MONDAY,0
3110330,CAFE_BEVERAGE,TUESDAY,0
3110330,CAFE_BEVERAGE,WEDNESDAY,0
3110330,CAFE_BEVERAGE,THURSDAY,0
3110330,CAFE_BEVERAGE,FRIDAY,2
3110330,CAFE_BEVERAGE,SATURDAY,-3
3110330,CAFE_BEVERAGE,SUNDAY,1
3110331,KOREAN_FOOD,MONDAY,-1
3110331,KOREAN_FOOD,TUESDAY,1
3110331,KOREAN_FOOD,WEDNESDAY,2
3110331,KOREAN_FOOD,THURSDAY,2
3110331,KOREAN_FOOD,FRIDAY,1
3110331,KOREAN_FOOD,SATURDAY,-2
3110331,KOREAN_FOOD,SUNDAY,-2
3110331,FAST_FOOD,MONDAY,-1
3110331,FAST_FOOD,TUESDAY,-1
3110331,FAST_FOOD,WEDNESDAY,0
3110331,FAST_FOOD,THURSDAY,0
3110331,FAST_FOOD,FRIDAY,2
3110331,FAST_FOOD,SATURDAY,1
3110331,FAST_FOOD,SUNDAY,-1
3110331,CAFE_BEVERAGE,MONDAY,2
3110331,CAFE_BEVERAGE,TUESDAY,3
3110331,CAFE_BEVERAGE,WEDNESDAY,3
3110331,CAFE_BEVERAGE,THURSDAY,4
3110331,CAFE_BEVERAGE,FRIDAY,3
3110331,CAFE_BEVERAGE,SATURDAY,-6
3110331,CAFE_BEVERAGE,SUNDAY,-6
3110332,KOREAN_FOOD,MONDAY,-1
3110332,KOREAN_FOOD,TUESDAY,-1
3110332,KOREAN_FOOD,WEDNESDAY,-2
3110332,KOREAN_FOOD,THURSDAY,-2
3110332,KOREAN_FOOD,FRIDAY,0
3110332,KOREAN_FOOD,SATURDAY,4
3110332,KOREAN_FOOD,SUNDAY,2
3110333,KOREAN_FOOD,MONDAY,0
3110333,KOREAN_FOOD,TUESDAY,-1
3110333,KOREAN_FOOD,WEDNESDAY,0
3110333,KOREAN_FOOD,THURSDAY,0
3110333,KOREAN_FOOD,FRIDAY,1
3110333,KOREAN_FOOD,SATURDAY,0
3110333,KOREAN_FOOD,SUNDAY,-1
3110333,BUNSIK,MONDAY,-6
3110333,BUNSIK,TUESDAY,-2
3110333,BUNSIK,WEDNESDAY,-3
3110333,BUNSIK,THURSDAY,0
3110333,BUNSIK,FRIDAY,2
3110333,BUNSIK,SATURDAY,4
3110333,BUNSIK,SUNDAY,4
3110333,CAFE_BEVERAGE,MONDAY,1
3110333,CAFE_BEVERAGE,TUESDAY,3
3110333,CAFE_BEVERAGE,WEDNESDAY,3
3110333,CAFE_BEVERAGE,THURSDAY,2
3110333,CAFE_BEVERAGE,FRIDAY,3
3110333,CAFE_BEVERAGE,SATURDAY,-6
3110333,CAFE_BEVERAGE,SUNDAY,-6
3110334,KOREAN_FOOD,MONDAY,3
3110334,KOREAN_FOOD,TUESDAY,2
3110334,KOREAN_FOOD,WEDNESDAY,2
3110334,KOREAN_FOOD,THURSDAY,1
3110334,KOREAN_FOOD,FRIDAY,3
3110334,KOREAN_FOOD,SATURDAY,1
3110334,KOREAN_FOOD,SUNDAY,-6
3110335,KOREAN_FOOD,MONDAY,-5
3110335,KOREAN_FOOD,TUESDAY,-3
3110335,KOREAN_FOOD,WEDNESDAY,-2
3110335,KOREAN_FOOD,THURSDAY,-2
3110335,KOREAN_FOOD,FRIDAY,5
3110335,KOREAN_FOOD,SATURDAY,6
3110335,KOREAN_FOOD,SUNDAY,0
3110335,CAFE_BEVERAGE,MONDAY,-3
3110335,CAFE_BEVERAGE,TUESDAY,-2
3110335,CAFE_BEVERAGE,WEDNESDAY,-2
3110335,CAFE_BEVERAGE,THURSDAY,-1
3110335,CAFE_BEVERAGE,FRIDAY,0
3110335,CAFE_BEVERAGE,SATURDAY,5
3110335,CAFE_BEVERAGE,SUNDAY,3
3110336,KOREAN_FOOD,MONDAY,-2
3110336,KOREAN_FOOD,TUESDAY,1
3110336,KOREAN_FOOD,WEDNESDAY,0
3110336,KOREAN_FOOD,THURSDAY,1
3110336,KOREAN_FOOD,FRIDAY,1
3110336,KOREAN_FOOD,SATURDAY,0
3110336,KOREAN_FOOD,SUNDAY,-2
3110337,KOREAN_FOOD,MONDAY,-2
3110337,KOREAN_FOOD,TUESDAY,-4
3110337,KOREAN_FOOD,WEDNESDAY,-2
3110337,KOREAN_FOOD,THURSDAY,-4
3110337,KOREAN_FOOD,FRIDAY,-2
3110337,KOREAN_FOOD,SATURDAY,6
3110337,KOREAN_FOOD,SUNDAY,6
3110337,CAFE_BEVERAGE,MONDAY,-4
3110337,CAFE_BEVERAGE,TUESDAY,-5
3110337,CAFE_BEVERAGE,WEDNESDAY,-3
3110337,CAFE_BEVERAGE,THURSDAY,-3
3110337,CAFE_BEVERAGE,FRIDAY,-3
3110337,CAFE_BEVERAGE,SATURDAY,6
3110337,CAFE_BEVERAGE,SUNDAY,6
3110339,KOREAN_FOOD,MONDAY,0
3110339,KOREAN_FOOD,TUESDAY,-2
3110339,KOREAN_FOOD,WEDNESDAY,-4
3110339,KOREAN_FOOD,THURSDAY,-1
3110339,KOREAN_FOOD,FRIDAY,-2
3110339,KOREAN_FOOD,SATURDAY,6
3110339,KOREAN_FOOD,SUNDAY,3
3110341,KOREAN_FOOD,MONDAY,-6
3110341,KOREAN_FOOD,TUESDAY,-4
3110341,KOREAN_FOOD,WEDNESDAY,-4
3110341,KOREAN_FOOD,THURSDAY,-5
3110341,KOREAN_FOOD,FRIDAY,-4
3110341,KOREAN_FOOD,SATURDAY,6
3110341,KOREAN_FOOD,SUNDAY,6
3110341,BUNSIK,MONDAY,-4
3110341,BUNSIK,TUESDAY,-6
3110341,BUNSIK,WEDNESDAY,-6
3110341,BUNSIK,THURSDAY,-6
3110341,BUNSIK,FRIDAY,-4
3110341,BUNSIK,SATURDAY,6
3110341,BUNSIK,SUNDAY,6
3110341,CAFE_BEVERAGE,MONDAY,-6
3110341,CAFE_BEVERAGE,TUESDAY,-4
3110341,CAFE_BEVERAGE,WEDNESDAY,-1
3110341,CAFE_BEVERAGE,THURSDAY,-5
3110341,CAFE_BEVERAGE,FRIDAY,-5
3110341,CAFE_BEVERAGE,SATURDAY,6
3110341,CAFE_BEVERAGE,SUNDAY,6
3110343,BUNSIK,MONDAY,-6
3110343,BUNSIK,TUESDAY,1
3110343,BUNSIK,WEDNESDAY,1
3110343,BUNSIK,THURSDAY,0
3110343,BUNSIK,FRIDAY,1
3110343,BUNSIK,SATURDAY,5
3110343,BUNSIK,SUNDAY,1
3110345,KOREAN_FOOD,MONDAY,0
3110345,KOREAN_FOOD,TUESDAY,0
3110345,KOREAN_FOOD,WEDNESDAY,0
3110345,KOREAN_FOOD,THURSDAY,0
3110345,KOREAN_FOOD,FRIDAY,1
3110345,KOREAN_FOOD,SATURDAY,1
3110345,KOREAN_FOOD,SUNDAY,-2
3110345,CAFE_BEVERAGE,MONDAY,0
3110345,CAFE_BEVERAGE,TUESDAY,-1
3110345,CAFE_BEVERAGE,WEDNESDAY,0
3110345,CAFE_BEVERAGE,THURSDAY,0
3110345,CAFE_BEVERAGE,FRIDAY,0
3110345,CAFE_BEVERAGE,SATURDAY,0
3110345,CAFE_BEVERAGE,SUNDAY,1
3110346,KOREAN_FOOD,MONDAY,-6
3110346,KOREAN_FOOD,TUESDAY,0
3110346,KOREAN_FOOD,WEDNESDAY,0
3110346,KOREAN_FOOD,THURSDAY,-4
3110346,KOREAN_FOOD,FRIDAY,-1
3110346,KOREAN_FOOD,SATURDAY,4
3110346,KOREAN_FOOD,SUNDAY,6
3110346,BUNSIK,MONDAY,-1
3110346,BUNSIK,TUESDAY,0
3110346,BUNSIK,WEDNESDAY,-1
3110346,BUNSIK,THURSDAY,-1
3110346,BUNSIK,FRIDAY,-5
3110346,BUNSIK,SATURDAY,2
3110346,BUNSIK,SUNDAY,6
3110346,CAFE_BEVERAGE,MONDAY,-1
3110346,CAFE_BEVERAGE,TUESDAY,-1
3110346,CAFE_BEVERAGE,WEDNESDAY,-1
3110346,CAFE_BEVERAGE,THURSDAY,-1
3110346,CAFE_BEVERAGE,FRIDAY,-2
3110346,CAFE_BEVERAGE,SATURDAY,2
3110346,CAFE_BEVERAGE,SUNDAY,3
3110348,KOREAN_FOOD,MONDAY,1
3110348,KOREAN_FOOD,TUESDAY,2
3110348,KOREAN_FOOD,WEDNESDAY,3
3110348,KOREAN_FOOD,THURSDAY,2
3110348,KOREAN_FOOD,FRIDAY,2
3110348,KOREAN_FOOD,SATURDAY,-1
3110348,KOREAN_FOOD,SUNDAY,-6
3110348,CAFE_BEVERAGE,MONDAY,-1
3110348,CAFE_BEVERAGE,TUESDAY,-1
3110348,CAFE_BEVERAGE,WEDNESDAY,0
3110348,CAFE_BEVERAGE,THURSDAY,-1
3110348,CAFE_BEVERAGE,FRIDAY,0
3110348,CAFE_BEVERAGE,SATURDAY,3
3110348,CAFE_BEVERAGE,SUNDAY,0
3110350,KOREAN_FOOD,MONDAY,3
3110350,KOREAN_FOOD,TUESDAY,1
3110350,KOREAN_FOOD,WEDNESDAY,1
3110350,KOREAN_FOOD,THURSDAY,2
3110350,KOREAN_FOOD,FRIDAY,3
3110350,KOREAN_FOOD,SATURDAY,0
3110350,KOREAN_FOOD,SUNDAY,-6
3110350,BUNSIK,MONDAY,5
3110350,BUNSIK,TUESDAY,6
3110350,BUNSIK,WEDNESDAY,6
3110350,BUNSIK,THURSDAY,6
3110350,BUNSIK,FRIDAY,6
3110350,BUNSIK,SATURDAY,-6
3110350,BUNSIK,SUNDAY,-6
3110350,CAFE_BEVERAGE,MONDAY,-3
3110350,CAFE_BEVERAGE,TUESDAY,-1
3110350,CAFE_BEVERAGE,WEDNESDAY,-1
3110350,CAFE_BEVERAGE,THURSDAY,-2
3110350,CAFE_BEVERAGE,FRIDAY,-1
3110350,CAFE_BEVERAGE,SATURDAY,-4
3110350,CAFE_BEVERAGE,SUNDAY,6
3110351,KOREAN_FOOD,MONDAY,2
3110351,KOREAN_FOOD,TUESDAY,3
3110351,KOREAN_FOOD,WEDNESDAY,3
3110351,KOREAN_FOOD,THURSDAY,4
3110351,KOREAN_FOOD,FRIDAY,1
3110351,KOREAN_FOOD,SATURDAY,-5
3110351,KOREAN_FOOD,SUNDAY,-6
3110352,KOREAN_FOOD,MONDAY,0
3110352,KOREAN_FOOD,TUESDAY,0
3110352,KOREAN_FOOD,WEDNESDAY,0
3110352,KOREAN_FOOD,THURSDAY,0
3110352,KOREAN_FOOD,FRIDAY,2
3110352,KOREAN_FOOD,SATURDAY,2
3110352,KOREAN_FOOD,SUNDAY,-4
3110353,KOREAN_FOOD,MONDAY,0
3110353,KOREAN_FOOD,TUESDAY,-2
3110353,KOREAN_FOOD,WEDNESDAY,0
3110353,KOREAN_FOOD,THURSDAY,-4
3110353,KOREAN_FOOD,FRIDAY,-1
3110353,KOREAN_FOOD,SATURDAY,3
3110353,KOREAN_FOOD,SUNDAY,3
3110354,KOREAN_FOOD,MONDAY,-6
3110354,KOREAN_FOOD,TUESDAY,-2
3110354,KOREAN_FOOD,WEDNESDAY,1
3110354,KOREAN_FOOD,THURSDAY,0
3110354,KOREAN_FOOD,FRIDAY,3
3110354,KOREAN_FOOD,SATURDAY,6
3110354,KOREAN_FOOD,SUNDAY,5
3110354,CAFE_BEVERAGE,MONDAY,-2
3110354,CAFE_BEVERAGE,TUESDAY,-2
3110354,CAFE_BEVERAGE,WEDNESDAY,-1
3110354,CAFE_BEVERAGE,THURSDAY,-1
3110354,CAFE_BEVERAGE,FRIDAY,0
3110354,CAFE_BEVERAGE,SATURDAY,4
3110354,CAFE_BEVERAGE,SUNDAY,2
3110355,KOREAN_FOOD,MONDAY,0
3110355,KOREAN_FOOD,TUESDAY,-3
3110355,KOREAN_FOOD,WEDNESDAY,0
3110355,KOREAN_FOOD,THURSDAY,-1
3110355,KOREAN_FOOD,FRIDAY,4
3110355,KOREAN_FOOD,SATURDAY,2
3110355,KOREAN_FOOD,SUNDAY,-1
3110355,CAFE_BEVERAGE,MONDAY,-6
3110355,CAFE_BEVERAGE,TUESDAY,2
3110355,CAFE_BEVERAGE,WEDNESDAY,3
3110355,CAFE_BEVERAGE,THURSDAY,1
3110355,CAFE_BEVERAGE,FRIDAY,3
3110355,CAFE_BEVERAGE,SATURDAY,6
3110355,CAFE_BEVERAGE,SUNDAY,4
3110356,KOREAN_FOOD,MONDAY,-6
3110356,KOREAN_FOOD,TUESDAY,1
3110356,KOREAN_FOOD,WEDNESDAY,-1
3110356,KOREAN_FOOD,THURSDAY,1
3110356,KOREAN_FOOD,FRIDAY,3
3110356,KOREAN_FOOD,SATURDAY,6
3110356,KOREAN_FOOD,SUNDAY,-5
3110357,KOREAN_FOOD,MONDAY,2
3110357,KOREAN_FOOD,TUESDAY,1
3110357,KOREAN_FOOD,WEDNESDAY,-5
3110357,KOREAN_FOOD,THURSDAY,3
3110357,KOREAN_FOOD,FRIDAY,3
3110357,KOREAN_FOOD,SATURDAY,1
3110357,KOREAN_FOOD,SUNDAY,-3
3110357,CHICKEN,MONDAY,-6
3110357,CHICKEN,TUESDAY,3
3110357,CHICKEN,WEDNESDAY,4
3110357,CHICKEN,THURSDAY,3
3110357,CHICKEN,FRIDAY,6
3110357,CHICKEN,SATURDAY,3
3110357,CHICKEN,SUNDAY,-2
3110358,KOREAN_FOOD,MONDAY,-3
3110358,KOREAN_FOOD,TUESDAY,2
3110358,KOREAN_FOOD,WEDNESDAY,2
3110358,KOREAN_FOOD,THURSDAY,3
3110358,KOREAN_FOOD,FRIDAY,6
3110358,KOREAN_FOOD,SATURDAY,2
3110358,KOREAN_FOOD,SUNDAY,-6
3110359,KOREAN_FOOD,MONDAY,-3
3110359,KOREAN_FOOD,TUESDAY,-1
3110359,KOREAN_FOOD,WEDNESDAY,1
3110359,KOREAN_FOOD,THURSDAY,1
3110359,KOREAN_FOOD,FRIDAY,4
3110359,KOREAN_FOOD,SATURDAY,6
3110359,KOREAN_FOOD,SUNDAY,-6
3110360,KOREAN_FOOD,MONDAY,-5
3110360,KOREAN_FOOD,TUESDAY,1
3110360,KOREAN_FOOD,WEDNESDAY,1
3110360,KOREAN_FOOD,THURSDAY,0
3110360,KOREAN_FOOD,FRIDAY,2
3110360,KOREAN_FOOD,SATURDAY,0
3110360,KOREAN_FOOD,SUNDAY,2
3110360,CHINESE_FOOD,MONDAY,-2
3110360,CHINESE_FOOD,TUESDAY,3
3110360,CHINESE_FOOD,WEDNESDAY,3
3110360,CHINESE_FOOD,THURSDAY,-4
3110360,CHINESE_FOOD,FRIDAY,3
3110360,CHINESE_FOOD,SATURDAY,-2
3110360,CHINESE_FOOD,SUNDAY,-1
3110362,KOREAN_FOOD,MONDAY,0
3110362,KOREAN_FOOD,TUESDAY,0
3110362,KOREAN_FOOD,WEDNESDAY,0
3110362,KOREAN_FOOD,THURSDAY,0
3110362,KOREAN_FOOD,FRIDAY,2
3110362,KOREAN_FOOD,SATURDAY,4
3110362,KOREAN_FOOD,SUNDAY,-6
3110364,KOREAN_FOOD,MONDAY,-4
3110364,KOREAN_FOOD,TUESDAY,0
3110364,KOREAN_FOOD,WEDNESDAY,-2
3110364,KOREAN_FOOD,THURSDAY,-1
3110364,KOREAN_FOOD,FRIDAY,3
3110364,KOREAN_FOOD,SATURDAY,3
3110364,KOREAN_FOOD,SUNDAY,1
3110364,BUNSIK,MONDAY,4
3110364,BUNSIK,TUESDAY,-6
3110364,BUNSIK,WEDNESDAY,2
3110364,BUNSIK,THURSDAY,3
3110364,BUNSIK,FRIDAY,3
3110364,BUNSIK,SATURDAY,2
3110364,BUNSIK,SUNDAY,-1
3110365,KOREAN_FOOD,MONDAY,0
3110365,KOREAN_FOOD,TUESDAY,-6
3110365,KOREAN_FOOD,WEDNESDAY,-1
3110365,KOREAN_FOOD,THURSDAY,0
3110365,KOREAN_FOOD,FRIDAY,3
3110365,KOREAN_FOOD,SATURDAY,5
3110365,KOREAN_FOOD,SUNDAY,0
3110366,KOREAN_FOOD,MONDAY,-1
3110366,KOREAN_FOOD,TUESDAY,-1
3110366,KOREAN_FOOD,WEDNESDAY,0
3110366,KOREAN_FOOD,THURSDAY,0
3110366,KOREAN_FOOD,FRIDAY,0
3110366,KOREAN_FOOD,SATURDAY,2
3110366,KOREAN_FOOD,SUNDAY,1
3110366,CHICKEN,MONDAY,-3
3110366,CHICKEN,TUESDAY,-1
3110366,CHICKEN,WEDNESDAY,0
3110366,CHICKEN,THURSDAY,-1
3110366,CHICKEN,FRIDAY,6
3110366,CHICKEN,SATURDAY,6
3110366,CHICKEN,SUNDAY,-6
3110367,KOREAN_FOOD,MONDAY,-2
3110367,KOREAN_FOOD,TUESDAY,-1
3110367,KOREAN_FOOD,WEDNESDAY,-1
3110367,KOREAN_FOOD,THURSDAY,-1
3110367,KOREAN_FOOD,FRIDAY,3
3110367,KOREAN_FOOD,SATURDAY,3
3110367,KOREAN_FOOD,SUNDAY,0
3110367,CAFE_BEVERAGE,MONDAY,0
3110367,CAFE_BEVERAGE,TUESDAY,-1
3110367,CAFE_BEVERAGE,WEDNESDAY,0
3110367,CAFE_BEVERAGE,THURSDAY,0
3110367,CAFE_BEVERAGE,FRIDAY,1
3110367,CAFE_BEVERAGE,SATURDAY,0
3110367,CAFE_BEVERAGE,SUNDAY,-1
3110368,KOREAN_FOOD,MONDAY,2
3110368,KOREAN_FOOD,TUESDAY,2
3110368,KOREAN_FOOD,WEDNESDAY,3
3110368,KOREAN_FOOD,THURSDAY,4
3110368,KOREAN_FOOD,FRIDAY,5
3110368,KOREAN_FOOD,SATURDAY,1
3110368,KOREAN_FOOD,SUNDAY,-6
3110369,KOREAN_FOOD,MONDAY,-1
3110369,KOREAN_FOOD,TUESDAY,-2
3110369,KOREAN_FOOD,WEDNESDAY,0
3110369,KOREAN_FOOD,THURSDAY,0
3110369,KOREAN_FOOD,FRIDAY,2
3110369,KOREAN_FOOD,SATURDAY,3
3110369,KOREAN_FOOD,SUNDAY,-3
3110369,WESTERN_FOOD,MONDAY,4
3110369,WESTERN_FOOD,TUESDAY,6
3110369,WESTERN_FOOD,WEDNESDAY,6
3110369,WESTERN_FOOD,THURSDAY,6
3110369,WESTERN_FOOD,FRIDAY,4
3110369,WESTERN_FOOD,SATURDAY,-6
3110369,WESTERN_FOOD,SUNDAY,-6
3110369,BUNSIK,MONDAY,-2
3110369,BUNSIK,TUESDAY,2
3110369,BUNSIK,WEDNESDAY,2
3110369,BUNSIK,THURSDAY,3
3110369,BUNSIK,FRIDAY,4
3110369,BUNSIK,SATURDAY,5
3110369,BUNSIK,SUNDAY,-6
3110369,CAFE_BEVERAGE,MONDAY,4
3110369,CAFE_BEVERAGE,TUESDAY,5
3110369,CAFE_BEVERAGE,WEDNESDAY,5
3110369,CAFE_BEVERAGE,THURSDAY,4
3110369,CAFE_BEVERAGE,FRIDAY,1
3110369,CAFE_BEVERAGE,SATURDAY,-6
3110369,CAFE_BEVERAGE,SUNDAY,-6
3110370,KOREAN_FOOD,MONDAY,1
3110370,KOREAN_FOOD,TUESDAY,1
3110370,KOREAN_FOOD,WEDNESDAY,1
3110370,KOREAN_FOOD,THURSDAY,-1
3110370,KOREAN_FOOD,FRIDAY,1
3110370,KOREAN_FOOD,SATURDAY,0
3110370,KOREAN_FOOD,SUNDAY,-2
3110371,KOREAN_FOOD,MONDAY,-3
3110371,KOREAN_FOOD,TUESDAY,-1
3110371,KOREAN_FOOD,WEDNESDAY,0
3110371,KOREAN_FOOD,THURSDAY,0
3110371,KOREAN_FOOD,FRIDAY,1
3110371,KOREAN_FOOD,SATURDAY,3
3110371,KOREAN_FOOD,SUNDAY,1
3110371,CHINESE_FOOD,MONDAY,-6
3110371,CHINESE_FOOD,TUESDAY,4
3110371,CHINESE_FOOD,WEDNESDAY,2
3110371,CHINESE_FOOD,THURSDAY,2
3110371,CHINESE_FOOD,FRIDAY,2
3110371,CHINESE_FOOD,SATURDAY,0
3110371,CHINESE_FOOD,SUNDAY,1
3110371,CHICKEN,MONDAY,-2
3110371,CHICKEN,TUESDAY,-1
3110371,CHICKEN,WEDNESDAY,1
3110371,CHICKEN,THURSDAY,0
3110371,CHICKEN,FRIDAY,2
3110371,CHICKEN,SATURDAY,2
3110371,CHICKEN,SUNDAY,-1
3110371,FAST_FOOD,MONDAY,-6
3110371,FAST_FOOD,TUESDAY,-3
3110371,FAST_FOOD,WEDNESDAY,-6
3110371,FAST_FOOD,THURSDAY,6
3110371,FAST_FOOD,FRIDAY,0
3110371,FAST_FOOD,SATURDAY,3
3110371,FAST_FOOD,SUNDAY,6
3110372,KOREAN_FOOD,MONDAY,2
3110372,KOREAN_FOOD,TUESDAY,-4
3110372,KOREAN_FOOD,WEDNESDAY,-6
3110372,KOREAN_FOOD,THURSDAY,1
3110372,KOREAN_FOOD,FRIDAY,2
3110372,KOREAN_FOOD,SATURDAY,5
3110372,KOREAN_FOOD,SUNDAY,2
3110372,BUNSIK,MONDAY,6
3110372,BUNSIK,TUESDAY,3
3110372,BUNSIK,WEDNESDAY,5
3110372,BUNSIK,THURSDAY,6
3110372,BUNSIK,FRIDAY,5
3110372,BUNSIK,SATURDAY,-6
3110372,BUNSIK,SUNDAY,-6
3110372,CAFE_BEVERAGE,MONDAY,-1
3110372,CAFE_BEVERAGE,TUESDAY,-2
3110372,CAFE_BEVERAGE,WEDNESDAY,-1
3110372,CAFE_BEVERAGE,THURSDAY,-1
3110372,CAFE_BEVERAGE,FRIDAY,0
3110372,CAFE_BEVERAGE,SATURDAY,3
3110372,CAFE_BEVERAGE,SUNDAY,3
3110373,KOREAN_FOOD,MONDAY,2
3110373,KOREAN_FOOD,TUESDAY,1
3110373,KOREAN_FOOD,WEDNESDAY,0
3110373,KOREAN_FOOD,THURSDAY,1
3110373,KOREAN_FOOD,FRIDAY,1
3110373,KOREAN_FOOD,SATURDAY,0
3110373,KOREAN_FOOD,SUNDAY,-5
3110373,BUNSIK,MONDAY,3
3110373,BUNSIK,TUESDAY,3
3110373,BUNSIK,WEDNESDAY,-6
3110373,BUNSIK,THURSDAY,-2
3110373,BUNSIK,FRIDAY,4
3110373,BUNSIK,SATURDAY,2
3110373,BUNSIK,SUNDAY,0
3110374,KOREAN_FOOD,MONDAY,4
3110374,KOREAN_FOOD,TUESDAY,5
3110374,KOREAN_FOOD,WEDNESDAY,5
3110374,KOREAN_FOOD,THURSDAY,3
3110374,KOREAN_FOOD,FRIDAY,3
3110374,KOREAN_FOOD,SATURDAY,-6
3110374,KOREAN_FOOD,SUNDAY,-6
3110374,CHINESE_FOOD,MONDAY,1
3110374,CHINESE_FOOD,TUESDAY,3
3110374,CHINESE_FOOD,WEDNESDAY,2
3110374,CHINESE_FOOD,THURSDAY,4
3110374,CHINESE_FOOD,FRIDAY,3
3110374,CHINESE_FOOD,SATURDAY,-2
3110374,CHINESE_FOOD,SUNDAY,-6
3110374,CHICKEN,MONDAY,-4
3110374,CHICKEN,TUESDAY,-1
3110374,CHICKEN,WEDNESDAY,-1
3110374,CHICKEN,THURSDAY,-1
3110374,CHICKEN,FRIDAY,3
3110374,CHICKEN,SATURDAY,5
3110374,CHICKEN,SUNDAY,0
3110374,CAFE_BEVERAGE,MONDAY,3
3110374,CAFE_BEVERAGE,TUESDAY,3
3110374,CAFE_BEVERAGE,WEDNESDAY,1
3110374,CAFE_BEVERAGE,THURSDAY,1
3110374,CAFE_BEVERAGE,FRIDAY,4
3110374,CAFE_BEVERAGE,SATURDAY,-5
3110374,CAFE_BEVERAGE,SUNDAY,-6
3110375,KOREAN_FOOD,MONDAY,-6
3110375,KOREAN_FOOD,TUESDAY,2
3110375,KOREAN_FOOD,WEDNESDAY,2
3110375,KOREAN_FOOD,THURSDAY,2
3110375,KOREAN_FOOD,FRIDAY,1
3110375,KOREAN_FOOD,SATURDAY,1
3110375,KOREAN_FOOD,SUNDAY,1
3110375,CAFE_BEVERAGE,MONDAY,1
3110375,CAFE_BEVERAGE,TUESDAY,1
3110375,CAFE_BEVERAGE,WEDNESDAY,0
3110375,CAFE_BEVERAGE,THURSDAY,1
3110375,CAFE_BEVERAGE,FRIDAY,2
3110375,CAFE_BEVERAGE,SATURDAY,-3
3110375,CAFE_BEVERAGE,SUNDAY,-3
3110376,KOREAN_FOOD,MONDAY,0
3110376,KOREAN_FOOD,TUESDAY,-3
3110376,KOREAN_FOOD,WEDNESDAY,-1
3110376,KOREAN_FOOD,THURSDAY,0
3110376,KOREAN_FOOD,FRIDAY,2
3110376,KOREAN_FOOD,SATURDAY,2
3110376,KOREAN_FOOD,SUNDAY,-1
3110376,CAFE_BEVERAGE,MONDAY,1
3110376,CAFE_BEVERAGE,TUESDAY,0
3110376,CAFE_BEVERAGE,WEDNESDAY,-3
3110376,CAFE_BEVERAGE,THURSDAY,-1
3110376,CAFE_BEVERAGE,FRIDAY,0
3110376,CAFE_BEVERAGE,SATURDAY,1
3110376,CAFE_BEVERAGE,SUNDAY,2
3110377,KOREAN_FOOD,MONDAY,-1
3110377,KOREAN_FOOD,TUESDAY,-2
3110377,KOREAN_FOOD,WEDNESDAY,-3
3110377,KOREAN_FOOD,THURSDAY,-2
3110377,KOREAN_FOOD,FRIDAY,1
3110377,KOREAN_FOOD,SATURDAY,4
3110377,KOREAN_FOOD,SUNDAY,3
3110378,KOREAN_FOOD,MONDAY,-3
3110378,KOREAN_FOOD,TUESDAY,2
3110378,KOREAN_FOOD,WEDNESDAY,1
3110378,KOREAN_FOOD,THURSDAY,1
3110378,KOREAN_FOOD,FRIDAY,3
3110378,KOREAN_FOOD,SATURDAY,4
3110378,KOREAN_FOOD,SUNDAY,-6
3110378,CAFE_BEVERAGE,MONDAY,-3
3110378,CAFE_BEVERAGE,TUESDAY,-1
3110378,CAFE_BEVERAGE,WEDNESDAY,-1
3110378,CAFE_BEVERAGE,THURSDAY,-1
3110378,CAFE_BEVERAGE,FRIDAY,0
3110378,CAFE_BEVERAGE,SATURDAY,4
3110378,CAFE_BEVERAGE,SUNDAY,2
3110378,BAKERY,MONDAY,0
3110378,BAKERY,TUESDAY,0
3110378,BAKERY,WEDNESDAY,0
3110378,BAKERY,THURSDAY,-1
3110378,BAKERY,FRIDAY,0
3110378,BAKERY,SATURDAY,1
3110378,BAKERY,SUNDAY,1
3110381,KOREAN_FOOD,MONDAY,-4
3110381,KOREAN_FOOD,TUESDAY,1
3110381,KOREAN_FOOD,WEDNESDAY,1
3110381,KOREAN_FOOD,THURSDAY,0
3110381,KOREAN_FOOD,FRIDAY,2
3110381,KOREAN_FOOD,SATURDAY,1
3110381,KOREAN_FOOD,SUNDAY,0
3110382,KOREAN_FOOD,MONDAY,-2
3110382,KOREAN_FOOD,TUESDAY,-4
3110382,KOREAN_FOOD,WEDNESDAY,-6
3110382,KOREAN_FOOD,THURSDAY,-2
3110382,KOREAN_FOOD,FRIDAY,2
3110382,KOREAN_FOOD,SATURDAY,6
3110382,KOREAN_FOOD,SUNDAY,3
3110382,BUNSIK,MONDAY,-3
3110382,BUNSIK,TUESDAY,-1
3110382,BUNSIK,WEDNESDAY,0
3110382,BUNSIK,THURSDAY,1
3110382,BUNSIK,FRIDAY,0
3110382,BUNSIK,SATURDAY,2
3110382,BUNSIK,SUNDAY,0
3110383,KOREAN_FOOD,MONDAY,4
3110383,KOREAN_FOOD,TUESDAY,6
3110383,KOREAN_FOOD,WEDNESDAY,4
3110383,KOREAN_FOOD,THURSDAY,5
3110383,KOREAN_FOOD,FRIDAY,-1
3110383,KOREAN_FOOD,SATURDAY,-6
3110383,KOREAN_FOOD,SUNDAY,-6
3110383,CHINESE_FOOD,MONDAY,-6
3110383,CHINESE_FOOD,TUESDAY,2
3110383,CHINESE_FOOD,WEDNESDAY,2
3110383,CHINESE_FOOD,THURSDAY,1
3110383,CHINESE_FOOD,FRIDAY,1
3110383,CHINESE_FOOD,SATURDAY,5
3110383,CHINESE_FOOD,SUNDAY,4
3110383,JAPANESE_FOOD,MONDAY,3
3110383,JAPANESE_FOOD,TUESDAY,3
3110383,JAPANESE_FOOD,WEDNESDAY,1
3110383,JAPANESE_FOOD,THURSDAY,2
3110383,JAPANESE_FOOD,FRIDAY,-3
3110383,JAPANESE_FOOD,SATURDAY,-4
3110383,JAPANESE_FOOD,SUNDAY,-3
3110383,WESTERN_FOOD,MONDAY,6
3110383,WESTERN_FOOD,TUESDAY,6
3110383,WESTERN_FOOD,WEDNESDAY,6
3110383,WESTERN_FOOD,THURSDAY,6
3110383,WESTERN_FOOD,FRIDAY,-2
3110383,WESTERN_FOOD,SATURDAY,-6
3110383,WESTERN_FOOD,SUNDAY,-6
3110383,FAST_FOOD,MONDAY,-1
3110383,FAST_FOOD,TUESDAY,-1
3110383,FAST_FOOD,WEDNESDAY,-1
3110383,FAST_FOOD,THURSDAY,0
3110383,FAST_FOOD,FRIDAY,0
3110383,FAST_FOOD,SATURDAY,1
3110383,FAST_FOOD,SUNDAY,3
3110383,BUNSIK,MONDAY,-6
3110383,BUNSIK,TUESDAY,0
3110383,BUNSIK,WEDNESDAY,-1
3110383,BUNSIK,THURSDAY,0
3110383,BUNSIK,FRIDAY,-2
3110383,BUNSIK,SATURDAY,2
3110383,BUNSIK,SUNDAY,6
3110383,CAFE_BEVERAGE,MONDAY,3
3110383,CAFE_BEVERAGE,TUESDAY,3
3110383,CAFE_BEVERAGE,WEDNESDAY,2
3110383,CAFE_BEVERAGE,THURSDAY,3
3110383,CAFE_BEVERAGE,FRIDAY,-2
3110383,CAFE_BEVERAGE,SATURDAY,-4
3110383,CAFE_BEVERAGE,SUNDAY,-4
3110387,KOREAN_FOOD,MONDAY,1
3110387,KOREAN_FOOD,TUESDAY,2
3110387,KOREAN_FOOD,WEDNESDAY,1
3110387,KOREAN_FOOD,THURSDAY,3
3110387,KOREAN_FOOD,FRIDAY,3
3110387,KOREAN_FOOD,SATURDAY,-2
3110387,KOREAN_FOOD,SUNDAY,-6
3110387,CAFE_BEVERAGE,MONDAY,-6
3110387,CAFE_BEVERAGE,TUESDAY,6
3110387,CAFE_BEVERAGE,WEDNESDAY,4
3110387,CAFE_BEVERAGE,THURSDAY,5
3110387,CAFE_BEVERAGE,FRIDAY,4
3110387,CAFE_BEVERAGE,SATURDAY,-6
3110387,CAFE_BEVERAGE,SUNDAY,-6
3110388,KOREAN_FOOD,MONDAY,-3
3110388,KOREAN_FOOD,TUESDAY,4
3110388,KOREAN_FOOD,WEDNESDAY,5
3110388,KOREAN_FOOD,THURSDAY,5
3110388,KOREAN_FOOD,FRIDAY,3
3110388,KOREAN_FOOD,SATURDAY,-3
3110388,KOREAN_FOOD,SUNDAY,-6
3110388,CAFE_BEVERAGE,MONDAY,-1
3110388,CAFE_BEVERAGE,TUESDAY,-1
3110388,CAFE_BEVERAGE,WEDNESDAY,0
3110388,CAFE_BEVERAGE,THURSDAY,0
3110388,CAFE_BEVERAGE,FRIDAY,1
3110388,CAFE_BEVERAGE,SATURDAY,0
3110388,CAFE_BEVERAGE,SUNDAY,2
3110389,KOREAN_FOOD,MONDAY,-1
3110389,KOREAN_FOOD,TUESDAY,-1
3110389,KOREAN_FOOD,WEDNESDAY,-1
3110389,KOREAN_FOOD,THURSDAY,-1
3110389,KOREAN_FOOD,FRIDAY,0
3110389,KOREAN_FOOD,SATURDAY,3
3110389,KOREAN_FOOD,SUNDAY,1
3110390,KOREAN_FOOD,MONDAY,-1
3110390,KOREAN_FOOD,TUESDAY,0
3110390,KOREAN_FOOD,WEDNESDAY,-1
3110390,KOREAN_FOOD,THURSDAY,-1
3110390,KOREAN_FOOD,FRIDAY,0
3110390,KOREAN_FOOD,SATURDAY,2
3110390,KOREAN_FOOD,SUNDAY,0
3110390,CAFE_BEVERAGE,MONDAY,-1
3110390,CAFE_BEVERAGE,TUESDAY,-2
3110390,CAFE_BEVERAGE,WEDNESDAY,-1
3110390,CAFE_BEVERAGE,THURSDAY,-1
3110390,CAFE_BEVERAGE,FRIDAY,0
3110390,CAFE_BEVERAGE,SATURDAY,2
3110390,CAFE_BEVERAGE,SUNDAY,3
3110391,KOREAN_FOOD,MONDAY,-6
3110391,KOREAN_FOOD,TUESDAY,-1
3110391,KOREAN_FOOD,WEDNESDAY,0
3110391,KOREAN_FOOD,THURSDAY,1
3110391,KOREAN_FOOD,FRIDAY,2
3110391,KOREAN_FOOD,SATURDAY,3
3110391,KOREAN_FOOD,SUNDAY,1
3110394,KOREAN_FOOD,MONDAY,-2
3110394,KOREAN_FOOD,TUESDAY,-6
3110394,KOREAN_FOOD,WEDNESDAY,0
3110394,KOREAN_FOOD,THURSDAY,1
3110394,KOREAN_FOOD,FRIDAY,3
3110394,KOREAN_FOOD,SATURDAY,4
3110394,KOREAN_FOOD,SUNDAY,1
3110394,CAFE_BEVERAGE,MONDAY,-1
3110394,CAFE_BEVERAGE,TUESDAY,-1
3110394,CAFE_BEVERAGE,WEDNESDAY,-1
3110394,CAFE_BEVERAGE,THURSDAY,-1
3110394,CAFE_BEVERAGE,FRIDAY,-1
3110394,CAFE_BEVERAGE,SATURDAY,2
3110394,CAFE_BEVERAGE,SUNDAY,3
3110395,KOREAN_FOOD,MONDAY,1
3110395,KOREAN_FOOD,TUESDAY,2
3110395,KOREAN_FOOD,WEDNESDAY,1
3110395,KOREAN_FOOD,THURSDAY,0
3110395,KOREAN_FOOD,FRIDAY,2
3110395,KOREAN_FOOD,SATURDAY,-6
3110395,KOREAN_FOOD,SUNDAY,2
3110396,KOREAN_FOOD,MONDAY,0
3110396,KOREAN_FOOD,TUESDAY,-1
3110396,KOREAN_FOOD,WEDNESDAY,0
3110396,KOREAN_FOOD,THURSDAY,-1
3110396,KOREAN_FOOD,FRIDAY,3
3110396,KOREAN_FOOD,SATURDAY,3
3110396,KOREAN_FOOD,SUNDAY,-4
3110396,BUNSIK,MONDAY,0
3110396,BUNSIK,TUESDAY,0
3110396,BUNSIK,WEDNESDAY,0
3110396,BUNSIK,THURSDAY,1
3110396,BUNSIK,FRIDAY,0
3110396,BUNSIK,SATURDAY,1
3110396,BUNSIK,SUNDAY,-2
3110396,CAFE_BEVERAGE,MONDAY,-1
3110396,CAFE_BEVERAGE,TUESDAY,0
3110396,CAFE_BEVERAGE,WEDNESDAY,-1
3110396,CAFE_BEVERAGE,THURSDAY,-2
3110396,CAFE_BEVERAGE,FRIDAY,0
3110396,CAFE_BEVERAGE,SATURDAY,2
3110396,CAFE_BEVERAGE,SUNDAY,1
3110396,BAKERY,MONDAY,-2
3110396,BAKERY,TUESDAY,-2
3110396,BAKERY,WEDNESDAY,-2
3110396,BAKERY,THURSDAY,-3
3110396,BAKERY,FRIDAY,-2
3110396,BAKERY,SATURDAY,4
3110396,BAKERY,SUNDAY,6
3110397,KOREAN_FOOD,MONDAY,-5
3110397,KOREAN_FOOD,TUESDAY,-4
3110397,KOREAN_FOOD,WEDNESDAY,-3
3110397,KOREAN_FOOD,THURSDAY,-3
3110397,KOREAN_FOOD,FRIDAY,-1
3110397,KOREAN_FOOD,SATURDAY,6
3110397,KOREAN_FOOD,SUNDAY,6
3110397,CHINESE_FOOD,MONDAY,-1
3110397,CHINESE_FOOD,TUESDAY,-2
3110397,CHINESE_FOOD,WEDNESDAY,-6
3110397,CHINESE_FOOD,THURSDAY,0
3110397,CHINESE_FOOD,FRIDAY,2
3110397,CHINESE_FOOD,SATURDAY,6
3110397,CHINESE_FOOD,SUNDAY,6
3110397,CHICKEN,MONDAY,-3
3110397,CHICKEN,TUESDAY,-6
3110397,CHICKEN,WEDNESDAY,-2
3110397,CHICKEN,THURSDAY,-2
3110397,CHICKEN,FRIDAY,5
3110397,CHICKEN,SATURDAY,6
3110397,CHICKEN,SUNDAY,3
3110397,BUNSIK,MONDAY,-2
3110397,BUNSIK,TUESDAY,-3
3110397,BUNSIK,WEDNESDAY,0
3110397,BUNSIK,THURSDAY,0
3110397,BUNSIK,FRIDAY,1
3110397,BUNSIK,SATURDAY,3
3110397,BUNSIK,SUNDAY,1
3110397,CAFE_BEVERAGE,MONDAY,-3
3110397,CAFE_BEVERAGE,TUESDAY,-4
3110397,CAFE_BEVERAGE,WEDNESDAY,-4
3110397,CAFE_BEVERAGE,THURSDAY,-3
3110397,CAFE_BEVERAGE,FRIDAY,-3
3110397,CAFE_BEVERAGE,SATURDAY,6
3110397,CAFE_BEVERAGE,SUNDAY,6
3110398,KOREAN_FOOD,MONDAY,1
3110398,KOREAN_FOOD,TUESDAY,-2
3110398,KOREAN_FOOD,WEDNESDAY,-1
3110398,KOREAN_FOOD,THURSDAY,0
3110398,KOREAN_FOOD,FRIDAY,2
3110398,KOREAN_FOOD,SATURDAY,1
3110398,KOREAN_FOOD,SUNDAY,-2
3110398,BUNSIK,MONDAY,-6
3110398,BUNSIK,TUESDAY,2
3110398,BUNSIK,WEDNESDAY,3
3110398,BUNSIK,THURSDAY,3
3110398,BUNSIK,FRIDAY,4
3110398,BUNSIK,SATURDAY,3
3110398,BUNSIK,SUNDAY,-6
3110398,CAFE_BEVERAGE,MONDAY,0
3110398,CAFE_BEVERAGE,TUESDAY,2
3110398,CAFE_BEVERAGE,WEDNESDAY,0
3110398,CAFE_BEVERAGE,THURSDAY,1
3110398,CAFE_BEVERAGE,FRIDAY,2
3110398,CAFE_BEVERAGE,SATURDAY,1
3110398,CAFE_BEVERAGE,SUNDAY,-5
3110399,KOREAN_FOOD,MONDAY,-1
3110399,KOREAN_FOOD,TUESDAY,-2
3110399,KOREAN_FOOD,WEDNESDAY,0
3110399,KOREAN_FOOD,THURSDAY,1
3110399,KOREAN_FOOD,FRIDAY,2
3110399,KOREAN_FOOD,SATURDAY,3
3110399,KOREAN_FOOD,SUNDAY,-3
3110399,CAFE_BEVERAGE,MONDAY,0
3110399,CAFE_BEVERAGE,TUESDAY,-1
3110399,CAFE_BEVERAGE,WEDNESDAY,0
3110399,CAFE_BEVERAGE,THURSDAY,-1
3110399,CAFE_BEVERAGE,FRIDAY,1
3110399,CAFE_BEVERAGE,SATURDAY,2
3110399,CAFE_BEVERAGE,SUNDAY,-2
3110399,BAKERY,MONDAY,0
3110399,BAKERY,TUESDAY,-2
3110399,BAKERY,WEDNESDAY,3
3110399,BAKERY,THURSDAY,-1
3110399,BAKERY,FRIDAY,0
3110399,BAKERY,SATURDAY,1
3110399,BAKERY,SUNDAY,-1
3110400,KOREAN_FOOD,MONDAY,3
3110400,KOREAN_FOOD,TUESDAY,2
3110400,KOREAN_FOOD,WEDNESDAY,3
3110400,KOREAN_FOOD,THURSDAY,3
3110400,KOREAN_FOOD,FRIDAY,4
3110400,KOREAN_FOOD,SATURDAY,-6
3110400,KOREAN_FOOD,SUNDAY,-6
3110400,CHICKEN,MONDAY,-6
3110400,CHICKEN,TUESDAY,0
3110400,CHICKEN,WEDNESDAY,0
3110400,CHICKEN,THURSDAY,-1
3110400,CHICKEN,FRIDAY,6
3110400,CHICKEN,SATURDAY,4
3110400,CHICKEN,SUNDAY,3
3110401,KOREAN_FOOD,MONDAY,-1
3110401,KOREAN_FOOD,TUESDAY,-1
3110401,KOREAN_FOOD,WEDNESDAY,0
3110401,KOREAN_FOOD,THURSDAY,-1
3110401,KOREAN_FOOD,FRIDAY,1
3110401,KOREAN_FOOD,SATURDAY,2
3110401,KOREAN_FOOD,SUNDAY,0
3110402,KOREAN_FOOD,MONDAY,-6
3110402,KOREAN_FOOD,TUESDAY,0
3110402,KOREAN_FOOD,WEDNESDAY,0
3110402,KOREAN_FOOD,THURSDAY,0
3110402,KOREAN_FOOD,FRIDAY,2
3110402,KOREAN_FOOD,SATURDAY,5
3110402,KOREAN_FOOD,SUNDAY,-1
3110403,KOREAN_FOOD,MONDAY,-1
3110403,KOREAN_FOOD,TUESDAY,-1
3110403,KOREAN_FOOD,WEDNESDAY,-1
3110403,KOREAN_FOOD,THURSDAY,0
3110403,KOREAN_FOOD,FRIDAY,1
3110403,KOREAN_FOOD,SATURDAY,2
3110403,KOREAN_FOOD,SUNDAY,0
3110403,BUNSIK,MONDAY,5
3110403,BUNSIK,TUESDAY,6
3110403,BUNSIK,WEDNESDAY,4
3110403,BUNSIK,THURSDAY,5
3110403,BUNSIK,FRIDAY,6
3110403,BUNSIK,SATURDAY,-6
3110403,BUNSIK,SUNDAY,-6
3110403,CAFE_BEVERAGE,MONDAY,-1
3110403,CAFE_BEVERAGE,TUESDAY,-1
3110403,CAFE_BEVERAGE,WEDNESDAY,0
3110403,CAFE_BEVERAGE,THURSDAY,-1
3110403,CAFE_BEVERAGE,FRIDAY,0
3110403,CAFE_BEVERAGE,SATURDAY,2
3110403,CAFE_BEVERAGE,SUNDAY,1
3110404,KOREAN_FOOD,MONDAY,-2
3110404,KOREAN_FOOD,TUESDAY,-1
3110404,KOREAN_FOOD,WEDNESDAY,0
3110404,KOREAN_FOOD,THURSDAY,0
3110404,KOREAN_FOOD,FRIDAY,2
3110404,KOREAN_FOOD,SATURDAY,3
3110404,KOREAN_FOOD,SUNDAY,-1
3110404,CHINESE_FOOD,MONDAY,-6
3110404,CHINESE_FOOD,TUESDAY,-4
3110404,CHINESE_FOOD,WEDNESDAY,-1
3110404,CHINESE_FOOD,THURSDAY,-2
3110404,CHINESE_FOOD,FRIDAY,0
3110404,CHINESE_FOOD,SATURDAY,6
3110404,CHINESE_FOOD,SUNDAY,6
3110404,BUNSIK,MONDAY,6
3110404,BUNSIK,TUESDAY,4
3110404,BUNSIK,WEDNESDAY,6
3110404,BUNSIK,THURSDAY,6
3110404,BUNSIK,FRIDAY,5
3110404,BUNSIK,SATURDAY,-6
3110404,BUNSIK,SUNDAY,-6
3110404,CAFE_BEVERAGE,MONDAY,-1
3110404,CAFE_BEVERAGE,TUESDAY,1
3110404,CAFE_BEVERAGE,WEDNESDAY,0
3110404,CAFE_BEVERAGE,THURSDAY,2
3110404,CAFE_BEVERAGE,FRIDAY,1
3110404,CAFE_BEVERAGE,SATURDAY,1
3110404,CAFE_BEVERAGE,SUNDAY,-4
3110404,BAKERY,MONDAY,-2
3110404,BAKERY,TUESDAY,0
3110404,BAKERY,WEDNESDAY,-1
3110404,BAKERY,THURSDAY,0
3110404,BAKERY,FRIDAY,1
3110404,BAKERY,SATURDAY,0
3110404,BAKERY,SUNDAY,2
3110405,KOREAN_FOOD,MONDAY,-1
3110405,KOREAN_FOOD,TUESDAY,-1
3110405,KOREAN_FOOD,WEDNESDAY,1
3110405,KOREAN_FOOD,THURSDAY,1
3110405,KOREAN_FOOD,FRIDAY,2
3110405,KOREAN_FOOD,SATURDAY,0
3110405,KOREAN_FOOD,SUNDAY,-2
3110405,CHINESE_FOOD,MONDAY,-1
3110405,CHINESE_FOOD,TUESDAY,-2
3110405,CHINESE_FOOD,WEDNESDAY,-1
3110405,CHINESE_FOOD,THURSDAY,-2
3110405,CHINESE_FOOD,FRIDAY,-2
3110405,CHINESE_FOOD,SATURDAY,5
3110405,CHINESE_FOOD,SUNDAY,3
3110405,FAST_FOOD,MONDAY,-2
3110405,FAST_FOOD,TUESDAY,-2
3110405,FAST_FOOD,WEDNESDAY,-1
3110405,FAST_FOOD,THURSDAY,-1
3110405,FAST_FOOD,FRIDAY,0
3110405,FAST_FOOD,SATURDAY,3
3110405,FAST_FOOD,SUNDAY,2
3110405,BUNSIK,MONDAY,-1
3110405,BUNSIK,TUESDAY,-4
3110405,BUNSIK,WEDNESDAY,1
3110405,BUNSIK,THURSDAY,1
3110405,BUNSIK,FRIDAY,3
3110405,BUNSIK,SATURDAY,3
3110405,BUNSIK,SUNDAY,-4
3110405,CAFE_BEVERAGE,MONDAY,0
3110405,CAFE_BEVERAGE,TUESDAY,1
3110405,CAFE_BEVERAGE,WEDNESDAY,-1
3110405,CAFE_BEVERAGE,THURSDAY,-1
3110405,CAFE_BEVERAGE,FRIDAY,-2
3110405,CAFE_BEVERAGE,SATURDAY,2
3110405,CAFE_BEVERAGE,SUNDAY,1
3110405,BAKERY,MONDAY,1
3110405,BAKERY,TUESDAY,1
3110405,BAKERY,WEDNESDAY,1
3110405,BAKERY,THURSDAY,0
3110405,BAKERY,FRIDAY,1
3110405,BAKERY,SATURDAY,4
3110405,BAKERY,SUNDAY,-6
3110406,KOREAN_FOOD,MONDAY,-6
3110406,KOREAN_FOOD,TUESDAY,-6
3110406,KOREAN_FOOD,WEDNESDAY,-4
3110406,KOREAN_FOOD,THURSDAY,-5
3110406,KOREAN_FOOD,FRIDAY,-5
3110406,KOREAN_FOOD,SATURDAY,6
3110406,KOREAN_FOOD,SUNDAY,6
3110406,CAFE_BEVERAGE,MONDAY,-5
3110406,CAFE_BEVERAGE,TUESDAY,-4
3110406,CAFE_BEVERAGE,WEDNESDAY,-4
3110406,CAFE_BEVERAGE,THURSDAY,-3
3110406,CAFE_BEVERAGE,FRIDAY,-3
3110406,CAFE_BEVERAGE,SATURDAY,6
3110406,CAFE_BEVERAGE,SUNDAY,6
3110407,KOREAN_FOOD,MONDAY,-2
3110407,KOREAN_FOOD,TUESDAY,-2
3110407,KOREAN_FOOD,WEDNESDAY,-1
3110407,KOREAN_FOOD,THURSDAY,-1
3110407,KOREAN_FOOD,FRIDAY,1
3110407,KOREAN_FOOD,SATURDAY,3
3110407,KOREAN_FOOD,SUNDAY,2
3110407,CAFE_BEVERAGE,MONDAY,-1
3110407,CAFE_BEVERAGE,TUESDAY,0
3110407,CAFE_BEVERAGE,WEDNESDAY,0
3110407,CAFE_BEVERAGE,THURSDAY,0
3110407,CAFE_BEVERAGE,FRIDAY,1
3110407,CAFE_BEVERAGE,SATURDAY,1
3110407,CAFE_BEVERAGE,SUNDAY,-1
3110408,KOREAN_FOOD,MONDAY,1
3110408,KOREAN_FOOD,TUESDAY,2
3110408,KOREAN_FOOD,WEDNESDAY,1
3110408,KOREAN_FOOD,THURSDAY,2
3110408,KOREAN_FOOD,FRIDAY,5
3110408,KOREAN_FOOD,SATURDAY,-3
3110408,KOREAN_FOOD,SUNDAY,-6
3110408,CAFE_BEVERAGE,MONDAY,1
3110408,CAFE_BEVERAGE,TUESDAY,1
3110408,CAFE_BEVERAGE,WEDNESDAY,1
3110408,CAFE_BEVERAGE,THURSDAY,2
3110408,CAFE_BEVERAGE,FRIDAY,2
3110408,CAFE_BEVERAGE,SATURDAY,3
3110408,CAFE_BEVERAGE,SUNDAY,-6
3110409,KOREAN_FOOD,MONDAY,-6
3110409,KOREAN_FOOD,TUESDAY,-1
3110409,KOREAN_FOOD,WEDNESDAY,0
3110409,KOREAN_FOOD,THURSDAY,-3
3110409,KOREAN_FOOD,FRIDAY,5
3110409,KOREAN_FOOD,SATURDAY,6
3110409,KOREAN_FOOD,SUNDAY,1
3110409,CHICKEN,MONDAY,-6
3110409,CHICKEN,TUESDAY,-2
3110409,CHICKEN,WEDNESDAY,-2
3110409,CHICKEN,THURSDAY,-1
3110409,CHICKEN,FRIDAY,6
3110409,CHICKEN,SATURDAY,5
3110409,CHICKEN,SUNDAY,3
3110409,BUNSIK,MONDAY,6
3110409,BUNSIK,TUESDAY,4
3110409,BUNSIK,WEDNESDAY,5
3110409,BUNSIK,THURSDAY,5
3110409,BUNSIK,FRIDAY,3
3110409,BUNSIK,SATURDAY,-5
3110409,BUNSIK,SUNDAY,-6
3110409,CAFE_BEVERAGE,MONDAY,-2
3110409,CAFE_BEVERAGE,TUESDAY,-2
3110409,CAFE_BEVERAGE,WEDNESDAY,-2
3110409,CAFE_BEVERAGE,THURSDAY,-2
3110409,CAFE_BEVERAGE,FRIDAY,-1
3110409,CAFE_BEVERAGE,SATURDAY,4
3110409,CAFE_BEVERAGE,SUNDAY,4
3110409,BAKERY,MONDAY,2
3110409,BAKERY,TUESDAY,3
3110409,BAKERY,WEDNESDAY,2
3110409,BAKERY,THURSDAY,1
3110409,BAKERY,FRIDAY,3
3110409,BAKERY,SATURDAY,2
3110409,BAKERY,SUNDAY,-6
3110410,KOREAN_FOOD,MONDAY,-1
3110410,KOREAN_FOOD,TUESDAY,0
3110410,KOREAN_FOOD,WEDNESDAY,0
3110410,KOREAN_FOOD,THURSDAY,-1
3110410,KOREAN_FOOD,FRIDAY,3
3110410,KOREAN_FOOD,SATURDAY,3
3110410,KOREAN_FOOD,SUNDAY,-3
3110410,CHINESE_FOOD,MONDAY,0
3110410,CHINESE_FOOD,TUESDAY,2
3110410,CHINESE_FOOD,WEDNESDAY,1
3110410,CHINESE_FOOD,THURSDAY,0
3110410,CHINESE_FOOD,FRIDAY,4
3110410,CHINESE_FOOD,SATURDAY,-6
3110410,CHINESE_FOOD,SUNDAY,-1
3110410,CHICKEN,MONDAY,-4
3110410,CHICKEN,TUESDAY,-2
3110410,CHICKEN,WEDNESDAY,-1
3110410,CHICKEN,THURSDAY,-2
3110410,CHICKEN,FRIDAY,4
3110410,CHICKEN,SATURDAY,4
3110410,CHICKEN,SUNDAY,2
3110410,FAST_FOOD,MONDAY,0
3110410,FAST_FOOD,TUESDAY,-2
3110410,FAST_FOOD,WEDNESDAY,1
3110410,FAST_FOOD,THURSDAY,0
3110410,FAST_FOOD,FRIDAY,1
3110410,FAST_FOOD,SATURDAY,0
3110410,FAST_FOOD,SUNDAY,0
3110410,CAFE_BEVERAGE,MONDAY,-1
3110410,CAFE_BEVERAGE,TUESDAY,-1
3110410,CAFE_BEVERAGE,WEDNESDAY,0
3110410,CAFE_BEVERAGE,THURSDAY,-1
3110410,CAFE_BEVERAGE,FRIDAY,1
3110410,CAFE_BEVERAGE,SATURDAY,1
3110410,CAFE_BEVERAGE,SUNDAY,2
3110410,BAKERY,MONDAY,-1
3110410,BAKERY,TUESDAY,-1
3110410,BAKERY,WEDNESDAY,-6
3110410,BAKERY,THURSDAY,1
3110410,BAKERY,FRIDAY,1
3110410,BAKERY,SATURDAY,5
3110410,BAKERY,SUNDAY,5
3110411,KOREAN_FOOD,MONDAY,3
3110411,KOREAN_FOOD,TUESDAY,5
3110411,KOREAN_FOOD,WEDNESDAY,4
3110411,KOREAN_FOOD,THURSDAY,5
3110411,KOREAN_FOOD,FRIDAY,4
3110411,KOREAN_FOOD,SATURDAY,-6
3110411,KOREAN_FOOD,SUNDAY,-6
3110412,KOREAN_FOOD,MONDAY,0
3110412,KOREAN_FOOD,TUESDAY,-1
3110412,KOREAN_FOOD,WEDNESDAY,1
3110412,KOREAN_FOOD,THURSDAY,0
3110412,KOREAN_FOOD,FRIDAY,1
3110412,KOREAN_FOOD,SATURDAY,-1
3110412,KOREAN_FOOD,SUNDAY,-1
3110413,KOREAN_FOOD,MONDAY,-5
3110413,KOREAN_FOOD,TUESDAY,0
3110413,KOREAN_FOOD,WEDNESDAY,2
3110413,KOREAN_FOOD,THURSDAY,1
3110413,KOREAN_FOOD,FRIDAY,3
3110413,KOREAN_FOOD,SATURDAY,2
3110413,KOREAN_FOOD,SUNDAY,-3
3110415,KOREAN_FOOD,MONDAY,1
3110415,KOREAN_FOOD,TUESDAY,1
3110415,KOREAN_FOOD,WEDNESDAY,2
3110415,KOREAN_FOOD,THURSDAY,1
3110415,KOREAN_FOOD,FRIDAY,3
3110415,KOREAN_FOOD,SATURDAY,0
3110415,KOREAN_FOOD,SUNDAY,-6
3110415,CHINESE_FOOD,MONDAY,-3
3110415,CHINESE_FOOD,TUESDAY,-3
3110415,CHINESE_FOOD,WEDNESDAY,-1
3110415,CHINESE_FOOD,THURSDAY,0
3110415,CHINESE_FOOD,FRIDAY,1
3110415,CHINESE_FOOD,SATURDAY,3
3110415,CHINESE_FOOD,SUNDAY,3
3110415,CHICKEN,MONDAY,-5
3110415,CHICKEN,TUESDAY,-4
3110415,CHICKEN,WEDNESDAY,-3
3110415,CHICKEN,THURSDAY,0
3110415,CHICKEN,FRIDAY,4
3110415,CHICKEN,SATURDAY,6
3110415,CHICKEN,SUNDAY,2
3110415,FAST_FOOD,MONDAY,0
3110415,FAST_FOOD,TUESDAY,0
3110415,FAST_FOOD,WEDNESDAY,0
3110415,FAST_FOOD,THURSDAY,1
3110415,FAST_FOOD,FRIDAY,0
3110415,FAST_FOOD,SATURDAY,1
3110415,FAST_FOOD,SUNDAY,-1
3110415,BUNSIK,MONDAY,-3
3110415,BUNSIK,TUESDAY,1
3110415,BUNSIK,WEDNESDAY,1
3110415,BUNSIK,THURSDAY,1
3110415,BUNSIK,FRIDAY,2
3110415,BUNSIK,SATURDAY,2
3110415,BUNSIK,SUNDAY,-3
3110415,CAFE_BEVERAGE,MONDAY,-1
3110415,CAFE_BEVERAGE,TUESDAY,-1
3110415,CAFE_BEVERAGE,WEDNESDAY,-1
3110415,CAFE_BEVERAGE,THURSDAY,-1
3110415,CAFE_BEVERAGE,FRIDAY,0
3110415,CAFE_BEVERAGE,SATURDAY,3
3110415,CAFE_BEVERAGE,SUNDAY,3
3110416,KOREAN_FOOD,MONDAY,-2
3110416,KOREAN_FOOD,TUESDAY,-2
3110416,KOREAN_FOOD,WEDNESDAY,-2
3110416,KOREAN_FOOD,THURSDAY,-1
3110416,KOREAN_FOOD,FRIDAY,1
3110416,KOREAN_FOOD,SATURDAY,4
3110416,KOREAN_FOOD,SUNDAY,3
3110416,CHINESE_FOOD,MONDAY,-6
3110416,CHINESE_FOOD,TUESDAY,2
3110416,CHINESE_FOOD,WEDNESDAY,3
3110416,CHINESE_FOOD,THURSDAY,6
3110416,CHINESE_FOOD,FRIDAY,2
3110416,CHINESE_FOOD,SATURDAY,2
3110416,CHINESE_FOOD,SUNDAY,0
3110416,CAFE_BEVERAGE,MONDAY,-1
3110416,CAFE_BEVERAGE,TUESDAY,-2
3110416,CAFE_BEVERAGE,WEDNESDAY,-2
3110416,CAFE_BEVERAGE,THURSDAY,-3
3110416,CAFE_BEVERAGE,FRIDAY,3
3110416,CAFE_BEVERAGE,SATURDAY,3
3110416,CAFE_BEVERAGE,SUNDAY,2
3110417,KOREAN_FOOD,MONDAY,6
3110417,KOREAN_FOOD,TUESDAY,6
3110417,KOREAN_FOOD,WEDNESDAY,6
3110417,KOREAN_FOOD,THURSDAY,6
3110417,KOREAN_FOOD,FRIDAY,-3
3110417,KOREAN_FOOD,SATURDAY,-6
3110417,KOREAN_FOOD,SUNDAY,-6
3110417,CHICKEN,MONDAY,-2
3110417,CHICKEN,TUESDAY,-2
3110417,CHICKEN,WEDNESDAY,-1
3110417,CHICKEN,THURSDAY,-2
3110417,CHICKEN,FRIDAY,5
3110417,CHICKEN,SATURDAY,6
3110417,CHICKEN,SUNDAY,-2
3110417,BUNSIK,MONDAY,2
3110417,BUNSIK,TUESDAY,6
3110417,BUNSIK,WEDNESDAY,6
3110417,BUNSIK,THURSDAY,6
3110417,BUNSIK,FRIDAY,2
3110417,BUNSIK,SATURDAY,-6
3110417,BUNSIK,SUNDAY,-6
3110418,KOREAN_FOOD,MONDAY,6
3110418,KOREAN_FOOD,TUESDAY,6
3110418,KOREAN_FOOD,WEDNESDAY,6
3110418,KOREAN_FOOD,THURSDAY,6
3110418,KOREAN_FOOD,FRIDAY,1
3110418,KOREAN_FOOD,SATURDAY,-6
3110418,KOREAN_FOOD,SUNDAY,-6
3110418,CHINESE_FOOD,MONDAY,1
3110418,CHINESE_FOOD,TUESDAY,3
3110418,CHINESE_FOOD,WEDNESDAY,3
3110418,CHINESE_FOOD,THURSDAY,1
3110418,CHINESE_FOOD,FRIDAY,0
3110418,CHINESE_FOOD,SATURDAY,-5
3110418,CHINESE_FOOD,SUNDAY,-4
3110418,CAFE_BEVERAGE,MONDAY,1
3110418,CAFE_BEVERAGE,TUESDAY,2
3110418,CAFE_BEVERAGE,WEDNESDAY,0
3110418,CAFE_BEVERAGE,THURSDAY,1
3110418,CAFE_BEVERAGE,FRIDAY,-2
3110418,CAFE_BEVERAGE,SATURDAY,0
3110418,CAFE_BEVERAGE,SUNDAY,-2
3110419,KOREAN_FOOD,MONDAY,-2
3110419,KOREAN_FOOD,TUESDAY,-3
3110419,KOREAN_FOOD,WEDNESDAY,-2
3110419,KOREAN_FOOD,THURSDAY,-1
3110419,KOREAN_FOOD,FRIDAY,0
3110419,KOREAN_FOOD,SATURDAY,4
3110419,KOREAN_FOOD,SUNDAY,4
3110419,JAPANESE_FOOD,MONDAY,6
3110419,JAPANESE_FOOD,TUESDAY,6
3110419,JAPANESE_FOOD,WEDNESDAY,5
3110419,JAPANESE_FOOD,THURSDAY,5
3110419,JAPANESE_FOOD,FRIDAY,-4
3110419,JAPANESE_FOOD,SATURDAY,-6
3110419,JAPANESE_FOOD,SUNDAY,-1
3110419,CHICKEN,MONDAY,-4
3110419,CHICKEN,TUESDAY,-4
3110419,CHICKEN,WEDNESDAY,-3
3110419,CHICKEN,THURSDAY,-2
3110419,CHICKEN,FRIDAY,3
3110419,CHICKEN,SATURDAY,6
3110419,CHICKEN,SUNDAY,4
3110419,BUNSIK,MONDAY,-3
3110419,BUNSIK,TUESDAY,-3
3110419,BUNSIK,WEDNESDAY,-3
3110419,BUNSIK,THURSDAY,-2
3110419,BUNSIK,FRIDAY,-1
3110419,BUNSIK,SATURDAY,6
3110419,BUNSIK,SUNDAY,5
3110419,CAFE_BEVERAGE,MONDAY,-2
3110419,CAFE_BEVERAGE,TUESDAY,-2
3110419,CAFE_BEVERAGE,WEDNESDAY,-2
3110419,CAFE_BEVERAGE,THURSDAY,-2
3110419,CAFE_BEVERAGE,FRIDAY,0
3110419,CAFE_BEVERAGE,SATURDAY,4
3110419,CAFE_BEVERAGE,SUNDAY,3
3110419,BAKERY,MONDAY,0
3110419,BAKERY,TUESDAY,-1
3110419,BAKERY,WEDNESDAY,1
3110419,BAKERY,THURSDAY,-3
3110419,BAKERY,FRIDAY,0
3110419,BAKERY,SATURDAY,2
3110419,BAKERY,SUNDAY,1
3110420,KOREAN_FOOD,MONDAY,3
3110420,KOREAN_FOOD,TUESDAY,4
3110420,KOREAN_FOOD,WEDNESDAY,3
3110420,KOREAN_FOOD,THURSDAY,3
3110420,KOREAN_FOOD,FRIDAY,0
3110420,KOREAN_FOOD,SATURDAY,-5
3110420,KOREAN_FOOD,SUNDAY,-6
3110420,CHICKEN,MONDAY,-4
3110420,CHICKEN,TUESDAY,-1
3110420,CHICKEN,WEDNESDAY,-2
3110420,CHICKEN,THURSDAY,-2
3110420,CHICKEN,FRIDAY,2
3110420,CHICKEN,SATURDAY,6
3110420,CHICKEN,SUNDAY,1
3110420,BUNSIK,MONDAY,4
3110420,BUNSIK,TUESDAY,4
3110420,BUNSIK,WEDNESDAY,4
3110420,BUNSIK,THURSDAY,3
3110420,BUNSIK,FRIDAY,-1
3110420,BUNSIK,SATURDAY,-6
3110420,BUNSIK,SUNDAY,-6
3110420,CAFE_BEVERAGE,MONDAY,3
3110420,CAFE_BEVERAGE,TUESDAY,2
3110420,CAFE_BEVERAGE,WEDNESDAY,2
3110420,CAFE_BEVERAGE,THURSDAY,2
3110420,CAFE_BEVERAGE,FRIDAY,-1
3110420,CAFE_BEVERAGE,SATURDAY,-3
3110420,CAFE_BEVERAGE,SUNDAY,-5
3110421,KOREAN_FOOD,MONDAY,-1
3110421,KOREAN_FOOD,TUESDAY,-2
3110421,KOREAN_FOOD,WEDNESDAY,-2
3110421,KOREAN_FOOD,THURSDAY,-1
3110421,KOREAN_FOOD,FRIDAY,2
3110421,KOREAN_FOOD,SATURDAY,5
3110421,KOREAN_FOOD,SUNDAY,-1
3110421,CHINESE_FOOD,MONDAY,-6
3110421,CHINESE_FOOD,TUESDAY,6
3110421,CHINESE_FOOD,WEDNESDAY,3
3110421,CHINESE_FOOD,THURSDAY,4
3110421,CHINESE_FOOD,FRIDAY,1
3110421,CHINESE_FOOD,SATURDAY,4
3110421,CHINESE_FOOD,SUNDAY,1
3110421,FAST_FOOD,MONDAY,-1
3110421,FAST_FOOD,TUESDAY,0
3110421,FAST_FOOD,WEDNESDAY,-1
3110421,FAST_FOOD,THURSDAY,0
3110421,FAST_FOOD,FRIDAY,1
3110421,FAST_FOOD,SATURDAY,2
3110421,FAST_FOOD,SUNDAY,-1
3110421,BUNSIK,MONDAY,-4
3110421,BUNSIK,TUESDAY,-4
3110421,BUNSIK,WEDNESDAY,-4
3110421,BUNSIK,THURSDAY,-3
3110421,BUNSIK,FRIDAY,0
3110421,BUNSIK,SATURDAY,6
3110421,BUNSIK,SUNDAY,5
3110421,CAFE_BEVERAGE,MONDAY,-3
3110421,CAFE_BEVERAGE,TUESDAY,-2
3110421,CAFE_BEVERAGE,WEDNESDAY,-2
3110421,CAFE_BEVERAGE,THURSDAY,-2
3110421,CAFE_BEVERAGE,FRIDAY,0
3110421,CAFE_BEVERAGE,SATURDAY,6
3110421,CAFE_BEVERAGE,SUNDAY,2
3110423,KOREAN_FOOD,MONDAY,-2
3110423,KOREAN_FOOD,TUESDAY,-1
3110423,KOREAN_FOOD,WEDNESDAY,-1
3110423,KOREAN_FOOD,THURSDAY,-1
3110423,KOREAN_FOOD,FRIDAY,3
3110423,KOREAN_FOOD,SATURDAY,4
3110423,KOREAN_FOOD,SUNDAY,-3
3110423,CHICKEN,MONDAY,-5
3110423,CHICKEN,TUESDAY,-1
3110423,CHICKEN,WEDNESDAY,-1
3110423,CHICKEN,THURSDAY,-4
3110423,CHICKEN,FRIDAY,4
3110423,CHICKEN,SATURDAY,6
3110423,CHICKEN,SUNDAY,1
3110423,CAFE_BEVERAGE,MONDAY,-6
3110423,CAFE_BEVERAGE,TUESDAY,-3
3110423,CAFE_BEVERAGE,WEDNESDAY,-1
3110423,CAFE_BEVERAGE,THURSDAY,-2
3110423,CAFE_BEVERAGE,FRIDAY,-2
3110423,CAFE_BEVERAGE,SATURDAY,6
3110423,CAFE_BEVERAGE,SUNDAY,6
3110424,KOREAN_FOOD,MONDAY,-3
3110424,KOREAN_FOOD,TUESDAY,0
3110424,KOREAN_FOOD,WEDNESDAY,1
3110424,KOREAN_FOOD,THURSDAY,1
3110424,KOREAN_FOOD,FRIDAY,3
3110424,KOREAN_FOOD,SATURDAY,0
3110424,KOREAN_FOOD,SUNDAY,-3
3110424,CHINESE_FOOD,MONDAY,-2
3110424,CHINESE_FOOD,TUESDAY,-1
3110424,CHINESE_FOOD,WEDNESDAY,0
3110424,CHINESE_FOOD,THURSDAY,-2
3110424,CHINESE_FOOD,FRIDAY,0
3110424,CHINESE_FOOD,SATURDAY,3
3110424,CHINESE_FOOD,SUNDAY,3
3110424,BUNSIK,MONDAY,-4
3110424,BUNSIK,TUESDAY,0
3110424,BUNSIK,WEDNESDAY,0
3110424,BUNSIK,THURSDAY,0
3110424,BUNSIK,FRIDAY,1
3110424,BUNSIK,SATURDAY,1
3110424,BUNSIK,SUNDAY,1
3110424,CAFE_BEVERAGE,MONDAY,-1
3110424,CAFE_BEVERAGE,TUESDAY,-1
3110424,CAFE_BEVERAGE,WEDNESDAY,-2
3110424,CAFE_BEVERAGE,THURSDAY,0
3110424,CAFE_BEVERAGE,FRIDAY,1
3110424,CAFE_BEVERAGE,SATURDAY,3
3110424,CAFE_BEVERAGE,SUNDAY,1
3110425,KOREAN_FOOD,MONDAY,-6
3110425,KOREAN_FOOD,TUESDAY,-1
3110425,KOREAN_FOOD,WEDNESDAY,-1
3110425,KOREAN_FOOD,THURSDAY,0
3110425,KOREAN_FOOD,FRIDAY,1
3110425,KOREAN_FOOD,SATURDAY,4
3110425,KOREAN_FOOD,SUNDAY,3
3110425,CHICKEN,MONDAY,-6
3110425,CHICKEN,TUESDAY,-3
3110425,CHICKEN,WEDNESDAY,-3
3110425,CHICKEN,THURSDAY,-2
3110425,CHICKEN,FRIDAY,6
3110425,CHICKEN,SATURDAY,6
3110425,CHICKEN,SUNDAY,1
3110425,CAFE_BEVERAGE,MONDAY,-4
3110425,CAFE_BEVERAGE,TUESDAY,-2
3110425,CAFE_BEVERAGE,WEDNESDAY,-3
3110425,CAFE_BEVERAGE,THURSDAY,-2
3110425,CAFE_BEVERAGE,FRIDAY,0
3110425,CAFE_BEVERAGE,SATURDAY,5
3110425,CAFE_BEVERAGE,SUNDAY,6
3110426,KOREAN_FOOD,MONDAY,-3
3110426,KOREAN_FOOD,TUESDAY,2
3110426,KOREAN_FOOD,WEDNESDAY,0
3110426,KOREAN_FOOD,THURSDAY,0
3110426,KOREAN_FOOD,FRIDAY,2
3110426,KOREAN_FOOD,SATURDAY,3
3110426,KOREAN_FOOD,SUNDAY,-2
3110426,CAFE_BEVERAGE,MONDAY,-6
3110426,CAFE_BEVERAGE,TUESDAY,-2
3110426,CAFE_BEVERAGE,WEDNESDAY,1
3110426,CAFE_BEVERAGE,THURSDAY,-1
3110426,CAFE_BEVERAGE,FRIDAY,-3
3110426,CAFE_BEVERAGE,SATURDAY,-3
3110426,CAFE_BEVERAGE,SUNDAY,6
3110428,KOREAN_FOOD,MONDAY,-1
3110428,KOREAN_FOOD,TUESDAY,-2
3110428,KOREAN_FOOD,WEDNESDAY,0
3110428,KOREAN_FOOD,THURSDAY,-1
3110428,KOREAN_FOOD,FRIDAY,4
3110428,KOREAN_FOOD,SATURDAY,2
3110428,KOREAN_FOOD,SUNDAY,-2
3110428,CAFE_BEVERAGE,MONDAY,-2
3110428,CAFE_BEVERAGE,TUESDAY,-4
3110428,CAFE_BEVERAGE,WEDNESDAY,-3
3110428,CAFE_BEVERAGE,THURSDAY,-2
3110428,CAFE_BEVERAGE,FRIDAY,0
3110428,CAFE_BEVERAGE,SATURDAY,5
3110428,CAFE_BEVERAGE,SUNDAY,5
3110428,BAKERY,MONDAY,1
3110428,BAKERY,TUESDAY,-1
3110428,BAKERY,WEDNESDAY,-6
3110428,BAKERY,THURSDAY,1
3110428,BAKERY,FRIDAY,3
3110428,BAKERY,SATURDAY,6
3110428,BAKERY,SUNDAY,6
3110429,KOREAN_FOOD,MONDAY,2
3110429,KOREAN_FOOD,TUESDAY,0
3110429,KOREAN_FOOD,WEDNESDAY,0
3110429,KOREAN_FOOD,THURSDAY,1
3110429,KOREAN_FOOD,FRIDAY,2
3110429,KOREAN_FOOD,SATURDAY,0
3110429,KOREAN_FOOD,SUNDAY,-4
3110429,CAFE_BEVERAGE,MONDAY,0
3110429,CAFE_BEVERAGE,TUESDAY,0
3110429,CAFE_BEVERAGE,WEDNESDAY,1
3110429,CAFE_BEVERAGE,THURSDAY,1
3110429,CAFE_BEVERAGE,FRIDAY,1
3110429,CAFE_BEVERAGE,SATURDAY,3
3110429,CAFE_BEVERAGE,SUNDAY,-5
3110430,KOREAN_FOOD,MONDAY,-4
3110430,KOREAN_FOOD,TUESDAY,1
3110430,KOREAN_FOOD,WEDNESDAY,-1
3110430,KOREAN_FOOD,THURSDAY,0
3110430,KOREAN_FOOD,FRIDAY,2
3110430,KOREAN_FOOD,SATURDAY,5
3110430,KOREAN_FOOD,SUNDAY,-2
3110431,KOREAN_FOOD,MONDAY,-3
3110431,KOREAN_FOOD,TUESDAY,-1
3110431,KOREAN_FOOD,WEDNESDAY,-2
3110431,KOREAN_FOOD,THURSDAY,-1
3110431,KOREAN_FOOD,FRIDAY,1
3110431,KOREAN_FOOD,SATURDAY,4
3110431,KOREAN_FOOD,SUNDAY,2
3110431,CHINESE_FOOD,MONDAY,-6
3110431,CHINESE_FOOD,TUESDAY,3
3110431,CHINESE_FOOD,WEDNESDAY,-6
3110431,CHINESE_FOOD,THURSDAY,0
3110431,CHINESE_FOOD,FRIDAY,4
3110431,CHINESE_FOOD,SATURDAY,5
3110431,CHINESE_FOOD,SUNDAY,3
3110431,WESTERN_FOOD,MONDAY,1
3110431,WESTERN_FOOD,TUESDAY,4
3110431,WESTERN_FOOD,WEDNESDAY,2
3110431,WESTERN_FOOD,THURSDAY,2
3110431,WESTERN_FOOD,FRIDAY,-1
3110431,WESTERN_FOOD,SATURDAY,-1
3110431,WESTERN_FOOD,SUNDAY,-6
3110431,CHICKEN,MONDAY,-4
3110431,CHICKEN,TUESDAY,-4
3110431,CHICKEN,WEDNESDAY,-2
3110431,CHICKEN,THURSDAY,-2
3110431,CHICKEN,FRIDAY,3
3110431,CHICKEN,SATURDAY,6
3110431,CHICKEN,SUNDAY,3
3110431,FAST_FOOD,MONDAY,-3
3110431,FAST_FOOD,TUESDAY,0
3110431,FAST_FOOD,WEDNESDAY,0
3110431,FAST_FOOD,THURSDAY,0
3110431,FAST_FOOD,FRIDAY,0
3110431,FAST_FOOD,SATURDAY,2
3110431,FAST_FOOD,SUNDAY,1
3110431,BUNSIK,MONDAY,1
3110431,BUNSIK,TUESDAY,0
3110431,BUNSIK,WEDNESDAY,1
3110431,BUNSIK,THURSDAY,1
3110431,BUNSIK,FRIDAY,2
3110431,BUNSIK,SATURDAY,3
3110431,BUNSIK,SUNDAY,-6
3110431,CAFE_BEVERAGE,MONDAY,-2
3110431,CAFE_BEVERAGE,TUESDAY,-2
3110431,CAFE_BEVERAGE,WEDNESDAY,-2
3110431,CAFE_BEVERAGE,THURSDAY,-2
3110431,CAFE_BEVERAGE,FRIDAY,0
3110431,CAFE_BEVERAGE,SATURDAY,5
3110431,CAFE_BEVERAGE,SUNDAY,3
3110431,BAKERY,MONDAY,0
3110431,BAKERY,TUESDAY,-2
3110431,BAKERY,WEDNESDAY,0
3110431,BAKERY,THURSDAY,0
3110431,BAKERY,FRIDAY,1
3110431,BAKERY,SATURDAY,2
3110431,BAKERY,SUNDAY,-1
3110432,KOREAN_FOOD,MONDAY,2
3110432,KOREAN_FOOD,TUESDAY,3
3110432,KOREAN_FOOD,WEDNESDAY,3
3110432,KOREAN_FOOD,THURSDAY,3
3110432,KOREAN_FOOD,FRIDAY,3
3110432,KOREAN_FOOD,SATURDAY,-5
3110432,KOREAN_FOOD,SUNDAY,-6
3110433,KOREAN_FOOD,MONDAY,-1
3110433,KOREAN_FOOD,TUESDAY,-2
3110433,KOREAN_FOOD,WEDNESDAY,-5
3110433,KOREAN_FOOD,THURSDAY,-5
3110433,KOREAN_FOOD,FRIDAY,-1
3110433,KOREAN_FOOD,SATURDAY,6
3110433,KOREAN_FOOD,SUNDAY,6
3110433,CAFE_BEVERAGE,MONDAY,-6
3110433,CAFE_BEVERAGE,TUESDAY,0
3110433,CAFE_BEVERAGE,WEDNESDAY,1
3110433,CAFE_BEVERAGE,THURSDAY,0
3110433,CAFE_BEVERAGE,FRIDAY,2
3110433,CAFE_BEVERAGE,SATURDAY,5
3110433,CAFE_BEVERAGE,SUNDAY,0
3110434,KOREAN_FOOD,MONDAY,1
3110434,KOREAN_FOOD,TUESDAY,1
3110434,KOREAN_FOOD,WEDNESDAY,2
3110434,KOREAN_FOOD,THURSDAY,3
3110434,KOREAN_FOOD,FRIDAY,3
3110434,KOREAN_FOOD,SATURDAY,-2
3110434,KOREAN_FOOD,SUNDAY,-6
3110434,CAFE_BEVERAGE,MONDAY,-4
3110434,CAFE_BEVERAGE,TUESDAY,-3
3110434,CAFE_BEVERAGE,WEDNESDAY,-2
3110434,CAFE_BEVERAGE,THURSDAY,-2
3110434,CAFE_BEVERAGE,FRIDAY,-2
3110434,CAFE_BEVERAGE,SATURDAY,6
3110434,CAFE_BEVERAGE,SUNDAY,6
3110435,KOREAN_FOOD,MONDAY,4
3110435,KOREAN_FOOD,TUESDAY,5
3110435,KOREAN_FOOD,WEDNESDAY,3
3110435,KOREAN_FOOD,THURSDAY,3
3110435,KOREAN_FOOD,FRIDAY,3
3110435,KOREAN_FOOD,SATURDAY,-5
3110435,KOREAN_FOOD,SUNDAY,-6
3110435,CHICKEN,MONDAY,-5
3110435,CHICKEN,TUESDAY,-3
3110435,CHICKEN,WEDNESDAY,-3
3110435,CHICKEN,THURSDAY,-3
3110435,CHICKEN,FRIDAY,4
3110435,CHICKEN,SATURDAY,4
3110435,CHICKEN,SUNDAY,6
3110435,FAST_FOOD,MONDAY,1
3110435,FAST_FOOD,TUESDAY,0
3110435,FAST_FOOD,WEDNESDAY,0
3110435,FAST_FOOD,THURSDAY,0
3110435,FAST_FOOD,FRIDAY,-1
3110435,FAST_FOOD,SATURDAY,0
3110435,FAST_FOOD,SUNDAY,0
3110435,BUNSIK,MONDAY,-4
3110435,BUNSIK,TUESDAY,0
3110435,BUNSIK,WEDNESDAY,-2
3110435,BUNSIK,THURSDAY,0
3110435,BUNSIK,FRIDAY,0
3110435,BUNSIK,SATURDAY,0
3110435,BUNSIK,SUNDAY,6
3110435,CAFE_BEVERAGE,MONDAY,1
3110435,CAFE_BEVERAGE,TUESDAY,1
3110435,CAFE_BEVERAGE,WEDNESDAY,1
3110435,CAFE_BEVERAGE,THURSDAY,1
3110435,CAFE_BEVERAGE,FRIDAY,0
3110435,CAFE_BEVERAGE,SATURDAY,-2
3110435,CAFE_BEVERAGE,SUNDAY,-2
3110436,KOREAN_FOOD,MONDAY,-3
3110436,KOREAN_FOOD,TUESDAY,-2
3110436,KOREAN_FOOD,WEDNESDAY,-1
3110436,KOREAN_FOOD,THURSDAY,-4
3110436,KOREAN_FOOD,FRIDAY,1
3110436,KOREAN_FOOD,SATURDAY,5
3110436,KOREAN_FOOD,SUNDAY,3
3110437,KOREAN_FOOD,MONDAY,-1
3110437,KOREAN_FOOD,TUESDAY,0
3110437,KOREAN_FOOD,WEDNESDAY,1
3110437,KOREAN_FOOD,THURSDAY,0
3110437,KOREAN_FOOD,FRIDAY,1
3110437,KOREAN_FOOD,SATURDAY,1
3110437,KOREAN_FOOD,SUNDAY,-2
3110437,BUNSIK,MONDAY,0
3110437,BUNSIK,TUESDAY,-4
3110437,BUNSIK,WEDNESDAY,6
3110437,BUNSIK,THURSDAY,2
3110437,BUNSIK,FRIDAY,4
3110437,BUNSIK,SATURDAY,6
3110437,BUNSIK,SUNDAY,-6
3110438,KOREAN_FOOD,MONDAY,0
3110438,KOREAN_FOOD,TUESDAY,0
3110438,KOREAN_FOOD,WEDNESDAY,0
3110438,KOREAN_FOOD,THURSDAY,0
3110438,KOREAN_FOOD,FRIDAY,1
3110438,KOREAN_FOOD,SATURDAY,0
3110438,KOREAN_FOOD,SUNDAY,0
3110438,CHINESE_FOOD,MONDAY,1
3110438,CHINESE_FOOD,TUESDAY,-2
3110438,CHINESE_FOOD,WEDNESDAY,-2
3110438,CHINESE_FOOD,THURSDAY,1
3110438,CHINESE_FOOD,FRIDAY,2
3110438,CHINESE_FOOD,SATURDAY,2
3110438,CHINESE_FOOD,SUNDAY,-2
3110438,JAPANESE_FOOD,MONDAY,3
3110438,JAPANESE_FOOD,TUESDAY,2
3110438,JAPANESE_FOOD,WEDNESDAY,4
3110438,JAPANESE_FOOD,THURSDAY,3
3110438,JAPANESE_FOOD,FRIDAY,4
3110438,JAPANESE_FOOD,SATURDAY,-4
3110438,JAPANESE_FOOD,SUNDAY,-6
3110438,WESTERN_FOOD,MONDAY,2
3110438,WESTERN_FOOD,TUESDAY,4
3110438,WESTERN_FOOD,WEDNESDAY,3
3110438,WESTERN_FOOD,THURSDAY,2
3110438,WESTERN_FOOD,FRIDAY,5
3110438,WESTERN_FOOD,SATURDAY,4
3110438,WESTERN_FOOD,SUNDAY,-6
3110438,CHICKEN,MONDAY,-4
3110438,CHICKEN,TUESDAY,-1
3110438,CHICKEN,WEDNESDAY,0
3110438,CHICKEN,THURSDAY,0
3110438,CHICKEN,FRIDAY,5
3110438,CHICKEN,SATURDAY,2
3110438,CHICKEN,SUNDAY,-2
3110438,FAST_FOOD,MONDAY,0
3110438,FAST_FOOD,TUESDAY,2
3110438,FAST_FOOD,WEDNESDAY,1
3110438,FAST_FOOD,THURSDAY,1
3110438,FAST_FOOD,FRIDAY,0
3110438,FAST_FOOD,SATURDAY,-3
3110438,FAST_FOOD,SUNDAY,-1
3110438,BUNSIK,MONDAY,0
3110438,BUNSIK,TUESDAY,-1
3110438,BUNSIK,WEDNESDAY,0
3110438,BUNSIK,THURSDAY,1
3110438,BUNSIK,FRIDAY,-6
3110438,BUNSIK,SATURDAY,3
3110438,BUNSIK,SUNDAY,5
3110438,CAFE_BEVERAGE,MONDAY,-3
3110438,CAFE_BEVERAGE,TUESDAY,-1
3110438,CAFE_BEVERAGE,WEDNESDAY,-1
3110438,CAFE_BEVERAGE,THURSDAY,-1
3110438,CAFE_BEVERAGE,FRIDAY,0
3110438,CAFE_BEVERAGE,SATURDAY,3
3110438,CAFE_BEVERAGE,SUNDAY,2
3110439,KOREAN_FOOD,MONDAY,1
3110439,KOREAN_FOOD,TUESDAY,0
3110439,KOREAN_FOOD,WEDNESDAY,0
3110439,KOREAN_FOOD,THURSDAY,0
3110439,KOREAN_FOOD,FRIDAY,-1
3110439,KOREAN_FOOD,SATURDAY,-1
3110439,KOREAN_FOOD,SUNDAY,0
3110439,CAFE_BEVERAGE,MONDAY,-1
3110439,CAFE_BEVERAGE,TUESDAY,0
3110439,CAFE_BEVERAGE,WEDNESDAY,-1
3110439,CAFE_BEVERAGE,THURSDAY,-3
3110439,CAFE_BEVERAGE,FRIDAY,-1
3110439,CAFE_BEVERAGE,SATURDAY,4
3110439,CAFE_BEVERAGE,SUNDAY,2
3110441,KOREAN_FOOD,MONDAY,-3
3110441,KOREAN_FOOD,TUESDAY,3
3110441,KOREAN_FOOD,WEDNESDAY,1
3110441,KOREAN_FOOD,THURSDAY,1
3110441,KOREAN_FOOD,FRIDAY,5
3110441,KOREAN_FOOD,SATURDAY,3
3110441,KOREAN_FOOD,SUNDAY,-6
3110441,CHICKEN,MONDAY,-1
3110441,CHICKEN,TUESDAY,-1
3110441,CHICKEN,WEDNESDAY,2
3110441,CHICKEN,THURSDAY,1
3110441,CHICKEN,FRIDAY,4
3110441,CHICKEN,SATURDAY,0
3110441,CHICKEN,SUNDAY,-5
3110441,BUNSIK,MONDAY,-6
3110441,BUNSIK,TUESDAY,2
3110441,BUNSIK,WEDNESDAY,0
3110441,BUNSIK,THURSDAY,1
3110441,BUNSIK,FRIDAY,2
3110441,BUNSIK,SATURDAY,5
3110441,BUNSIK,SUNDAY,-2
3110441,CAFE_BEVERAGE,MONDAY,-6
3110441,CAFE_BEVERAGE,TUESDAY,0
3110441,CAFE_BEVERAGE,WEDNESDAY,-1
3110441,CAFE_BEVERAGE,THURSDAY,-1
3110441,CAFE_BEVERAGE,FRIDAY,0
3110441,CAFE_BEVERAGE,SATURDAY,6
3110441,CAFE_BEVERAGE,SUNDAY,5
3110442,WESTERN_FOOD,MONDAY,3
3110442,WESTERN_FOOD,TUESDAY,6
3110442,WESTERN_FOOD,WEDNESDAY,6
3110442,WESTERN_FOOD,THURSDAY,6
3110442,WESTERN_FOOD,FRIDAY,-1
3110442,WESTERN_FOOD,SATURDAY,-6
3110442,WESTERN_FOOD,SUNDAY,-6
3110442,CAFE_BEVERAGE,MONDAY,0
3110442,CAFE_BEVERAGE,TUESDAY,1
3110442,CAFE_BEVERAGE,WEDNESDAY,2
3110442,CAFE_BEVERAGE,THURSDAY,0
3110442,CAFE_BEVERAGE,FRIDAY,-1
3110442,CAFE_BEVERAGE,SATURDAY,-2
3110442,CAFE_BEVERAGE,SUNDAY,0
3110442,BAKERY,MONDAY,-1
3110442,BAKERY,TUESDAY,0
3110442,BAKERY,WEDNESDAY,0
3110442,BAKERY,THURSDAY,-1
3110442,BAKERY,FRIDAY,0
3110442,BAKERY,SATURDAY,1
3110442,BAKERY,SUNDAY,1
3110444,KOREAN_FOOD,MONDAY,-2
3110444,KOREAN_FOOD,TUESDAY,-1
3110444,KOREAN_FOOD,WEDNESDAY,0
3110444,KOREAN_FOOD,THURSDAY,-1
3110444,KOREAN_FOOD,FRIDAY,1
3110444,KOREAN_FOOD,SATURDAY,5
3110444,KOREAN_FOOD,SUNDAY,-2
3110446,CAFE_BEVERAGE,MONDAY,-2
3110446,CAFE_BEVERAGE,TUESDAY,3
3110446,CAFE_BEVERAGE,WEDNESDAY,4
3110446,CAFE_BEVERAGE,THURSDAY,3
3110446,CAFE_BEVERAGE,FRIDAY,4
3110446,CAFE_BEVERAGE,SATURDAY,-6
3110446,CAFE_BEVERAGE,SUNDAY,-4
3110449,KOREAN_FOOD,MONDAY,4
3110449,KOREAN_FOOD,TUESDAY,2
3110449,KOREAN_FOOD,WEDNESDAY,1
3110449,KOREAN_FOOD,THURSDAY,1
3110449,KOREAN_FOOD,FRIDAY,2
3110449,KOREAN_FOOD,SATURDAY,2
3110449,KOREAN_FOOD,SUNDAY,-6
3110449,FAST_FOOD,MONDAY,-5
3110449,FAST_FOOD,TUESDAY,-2
3110449,FAST_FOOD,WEDNESDAY,-5
3110449,FAST_FOOD,THURSDAY,-5
3110449,FAST_FOOD,FRIDAY,0
3110449,FAST_FOOD,SATURDAY,6
3110449,FAST_FOOD,SUNDAY,6
3110449,BUNSIK,MONDAY,5
3110449,BUNSIK,TUESDAY,6
3110449,BUNSIK,WEDNESDAY,6
3110449,BUNSIK,THURSDAY,6
3110449,BUNSIK,FRIDAY,5
3110449,BUNSIK,SATURDAY,-6
3110449,BUNSIK,SUNDAY,-6
3110449,CAFE_BEVERAGE,MONDAY,-3
3110449,CAFE_BEVERAGE,TUESDAY,-1
3110449,CAFE_BEVERAGE,WEDNESDAY,0
3110449,CAFE_BEVERAGE,THURSDAY,-1
3110449,CAFE_BEVERAGE,FRIDAY,0
3110449,CAFE_BEVERAGE,SATURDAY,3
3110449,CAFE_BEVERAGE,SUNDAY,1
3110450,KOREAN_FOOD,MONDAY,2
3110450,KOREAN_FOOD,TUESDAY,3
3110450,KOREAN_FOOD,WEDNESDAY,-2
3110450,KOREAN_FOOD,THURSDAY,2
3110450,KOREAN_FOOD,FRIDAY,5
3110450,KOREAN_FOOD,SATURDAY,1
3110450,KOREAN_FOOD,SUNDAY,-6
3110450,CHINESE_FOOD,MONDAY,-1
3110450,CHINESE_FOOD,TUESDAY,-1
3110450,CHINESE_FOOD,WEDNESDAY,0
3110450,CHINESE_FOOD,THURSDAY,-2
3110450,CHINESE_FOOD,FRIDAY,-1
3110450,CHINESE_FOOD,SATURDAY,3
3110450,CHINESE_FOOD,SUNDAY,3
3110450,FAST_FOOD,MONDAY,0
3110450,FAST_FOOD,TUESDAY,2
3110450,FAST_FOOD,WEDNESDAY,2
3110450,FAST_FOOD,THURSDAY,3
3110450,FAST_FOOD,FRIDAY,3
3110450,FAST_FOOD,SATURDAY,4
3110450,FAST_FOOD,SUNDAY,-6
3110450,BUNSIK,MONDAY,-1
3110450,BUNSIK,TUESDAY,2
3110450,BUNSIK,WEDNESDAY,3
3110450,BUNSIK,THURSDAY,-6
3110450,BUNSIK,FRIDAY,2
3110450,BUNSIK,SATURDAY,4
3110450,BUNSIK,SUNDAY,2
3110450,CAFE_BEVERAGE,MONDAY,4
3110450,CAFE_BEVERAGE,TUESDAY,5
3110450,CAFE_BEVERAGE,WEDNESDAY,4
3110450,CAFE_BEVERAGE,THURSDAY,6
3110450,CAFE_BEVERAGE,FRIDAY,5
3110450,CAFE_BEVERAGE,SATURDAY,-6
3110450,CAFE_BEVERAGE,SUNDAY,-6
3110450,BAKERY,MONDAY,2
3110450,BAKERY,TUESDAY,4
3110450,BAKERY,WEDNESDAY,2
3110450,BAKERY,THURSDAY,2
3110450,BAKERY,FRIDAY,2
3110450,BAKERY,SATURDAY,2
3110450,BAKERY,SUNDAY,-6
3110451,KOREAN_FOOD,MONDAY,-3
3110451,KOREAN_FOOD,TUESDAY,2
3110451,KOREAN_FOOD,WEDNESDAY,2
3110451,KOREAN_FOOD,THURSDAY,1
3110451,KOREAN_FOOD,FRIDAY,2
3110451,KOREAN_FOOD,SATURDAY,-1
3110451,KOREAN_FOOD,SUNDAY,-3
3110451,BUNSIK,MONDAY,6
3110451,BUNSIK,TUESDAY,2
3110451,BUNSIK,WEDNESDAY,4
3110451,BUNSIK,THURSDAY,3
3110451,BUNSIK,FRIDAY,1
3110451,BUNSIK,SATURDAY,1
3110451,BUNSIK,SUNDAY,-6
3110452,KOREAN_FOOD,MONDAY,0
3110452,KOREAN_FOOD,TUESDAY,-1
3110452,KOREAN_FOOD,WEDNESDAY,-1
3110452,KOREAN_FOOD,THURSDAY,0
3110452,KOREAN_FOOD,FRIDAY,1
3110452,KOREAN_FOOD,SATURDAY,1
3110452,KOREAN_FOOD,SUNDAY,0
3110452,CHICKEN,MONDAY,-6
3110452,CHICKEN,TUESDAY,-1
3110452,CHICKEN,WEDNESDAY,-1
3110452,CHICKEN,THURSDAY,-1
3110452,CHICKEN,FRIDAY,4
3110452,CHICKEN,SATURDAY,6
3110452,CHICKEN,SUNDAY,3
3110452,BUNSIK,MONDAY,2
3110452,BUNSIK,TUESDAY,1
3110452,BUNSIK,WEDNESDAY,2
3110452,BUNSIK,THURSDAY,2
3110452,BUNSIK,FRIDAY,3
3110452,BUNSIK,SATURDAY,2
3110452,BUNSIK,SUNDAY,-6
3110453,KOREAN_FOOD,MONDAY,-1
3110453,KOREAN_FOOD,TUESDAY,-3
3110453,KOREAN_FOOD,WEDNESDAY,-1
3110453,KOREAN_FOOD,THURSDAY,-2
3110453,KOREAN_FOOD,FRIDAY,1
3110453,KOREAN_FOOD,SATURDAY,4
3110453,KOREAN_FOOD,SUNDAY,1
3110455,KOREAN_FOOD,MONDAY,-4
3110455,KOREAN_FOOD,TUESDAY,-3
3110455,KOREAN_FOOD,WEDNESDAY,-2
3110455,KOREAN_FOOD,THURSDAY,0
3110455,KOREAN_FOOD,FRIDAY,3
3110455,KOREAN_FOOD,SATURDAY,4
3110455,KOREAN_FOOD,SUNDAY,1
3110455,FAST_FOOD,MONDAY,-1
3110455,FAST_FOOD,TUESDAY,1
3110455,FAST_FOOD,WEDNESDAY,-4
3110455,FAST_FOOD,THURSDAY,0
3110455,FAST_FOOD,FRIDAY,1
3110455,FAST_FOOD,SATURDAY,2
3110455,FAST_FOOD,SUNDAY,1
3110455,BUNSIK,MONDAY,1
3110455,BUNSIK,TUESDAY,2
3110455,BUNSIK,WEDNESDAY,3
3110455,BUNSIK,THURSDAY,4
3110455,BUNSIK,FRIDAY,4
3110455,BUNSIK,SATURDAY,0
3110455,BUNSIK,SUNDAY,-6
3110455,CAFE_BEVERAGE,MONDAY,-1
3110455,CAFE_BEVERAGE,TUESDAY,-2
3110455,CAFE_BEVERAGE,WEDNESDAY,0
3110455,CAFE_BEVERAGE,THURSDAY,-1
3110455,CAFE_BEVERAGE,FRIDAY,1
3110455,CAFE_BEVERAGE,SATURDAY,2
3110455,CAFE_BEVERAGE,SUNDAY,1
3110455,BAKERY,MONDAY,1
3110455,BAKERY,TUESDAY,0
3110455,BAKERY,WEDNESDAY,0
3110455,BAKERY,THURSDAY,0
3110455,BAKERY,FRIDAY,1
3110455,BAKERY,SATURDAY,0
3110455,BAKERY,SUNDAY,-2
3110456,KOREAN_FOOD,MONDAY,-1
3110456,KOREAN_FOOD,TUESDAY,2
3110456,KOREAN_FOOD,WEDNESDAY,-1
3110456,KOREAN_FOOD,THURSDAY,1
3110456,KOREAN_FOOD,FRIDAY,2
3110456,KOREAN_FOOD,SATURDAY,2
3110456,KOREAN_FOOD,SUNDAY,-5
3110456,CHINESE_FOOD,MONDAY,2
3110456,CHINESE_FOOD,TUESDAY,-6
3110456,CHINESE_FOOD,WEDNESDAY,0
3110456,CHINESE_FOOD,THURSDAY,2
3110456,CHINESE_FOOD,FRIDAY,3
3110456,CHINESE_FOOD,SATURDAY,4
3110456,CHINESE_FOOD,SUNDAY,6
3110456,FAST_FOOD,MONDAY,3
3110456,FAST_FOOD,TUESDAY,4
3110456,FAST_FOOD,WEDNESDAY,3
3110456,FAST_FOOD,THURSDAY,3
3110456,FAST_FOOD,FRIDAY,3
3110456,FAST_FOOD,SATURDAY,2
3110456,FAST_FOOD,SUNDAY,-6
3110456,BUNSIK,MONDAY,0
3110456,BUNSIK,TUESDAY,6
3110456,BUNSIK,WEDNESDAY,6
3110456,BUNSIK,THURSDAY,5
3110456,BUNSIK,FRIDAY,6
3110456,BUNSIK,SATURDAY,-4
3110456,BUNSIK,SUNDAY,-6
3110456,CAFE_BEVERAGE,MONDAY,-2
3110456,CAFE_BEVERAGE,TUESDAY,0
3110456,CAFE_BEVERAGE,WEDNESDAY,1
3110456,CAFE_BEVERAGE,THURSDAY,-2
3110456,CAFE_BEVERAGE,FRIDAY,0
3110456,CAFE_BEVERAGE,SATURDAY,-2
3110456,CAFE_BEVERAGE,SUNDAY,5
3110457,KOREAN_FOOD,MONDAY,0
3110457,KOREAN_FOOD,TUESDAY,-1
3110457,KOREAN_FOOD,WEDNESDAY,0
3110457,KOREAN_FOOD,THURSDAY,0
3110457,KOREAN_FOOD,FRIDAY,0
3110457,KOREAN_FOOD,SATURDAY,1
3110457,KOREAN_FOOD,SUNDAY,1
3110457,CAFE_BEVERAGE,MONDAY,-1
3110457,CAFE_BEVERAGE,TUESDAY,-1
3110457,CAFE_BEVERAGE,WEDNESDAY,0
3110457,CAFE_BEVERAGE,THURSDAY,-1
3110457,CAFE_BEVERAGE,FRIDAY,0
3110457,CAFE_BEVERAGE,SATURDAY,2
3110457,CAFE_BEVERAGE,SUNDAY,0
3110458,KOREAN_FOOD,MONDAY,2
3110458,KOREAN_FOOD,TUESDAY,3
3110458,KOREAN_FOOD,WEDNESDAY,2
3110458,KOREAN_FOOD,THURSDAY,4
3110458,KOREAN_FOOD,FRIDAY,6
3110458,KOREAN_FOOD,SATURDAY,3
3110458,KOREAN_FOOD,SUNDAY,-6
3110458,BUNSIK,MONDAY,4
3110458,BUNSIK,TUESDAY,3
3110458,BUNSIK,WEDNESDAY,3
3110458,BUNSIK,THURSDAY,3
3110458,BUNSIK,FRIDAY,6
3110458,BUNSIK,SATURDAY,-5
3110458,BUNSIK,SUNDAY,-6
3110458,CAFE_BEVERAGE,MONDAY,-2
3110458,CAFE_BEVERAGE,TUESDAY,0
3110458,CAFE_BEVERAGE,WEDNESDAY,-3
3110458,CAFE_BEVERAGE,THURSDAY,1
3110458,CAFE_BEVERAGE,FRIDAY,2
3110458,CAFE_BEVERAGE,SATURDAY,2
3110458,CAFE_BEVERAGE,SUNDAY,1
3110458,BAKERY,MONDAY,1
3110458,BAKERY,TUESDAY,2
3110458,BAKERY,WEDNESDAY,2
3110458,BAKERY,THURSDAY,1
3110458,BAKERY,FRIDAY,2
3110458,BAKERY,SATURDAY,0
3110458,BAKERY,SUNDAY,-6
3110459,KOREAN_FOOD,MONDAY,-6
3110459,KOREAN_FOOD,TUESDAY,0
3110459,KOREAN_FOOD,WEDNESDAY,0
3110459,KOREAN_FOOD,THURSDAY,0
3110459,KOREAN_FOOD,FRIDAY,3
3110459,KOREAN_FOOD,SATURDAY,3
3110459,KOREAN_FOOD,SUNDAY,1
3110459,BUNSIK,MONDAY,-1
3110459,BUNSIK,TUESDAY,-1
3110459,BUNSIK,WEDNESDAY,0
3110459,BUNSIK,THURSDAY,0
3110459,BUNSIK,FRIDAY,2
3110459,BUNSIK,SATURDAY,4
3110459,BUNSIK,SUNDAY,-4
3110460,KOREAN_FOOD,MONDAY,0
3110460,KOREAN_FOOD,TUESDAY,-1
3110460,KOREAN_FOOD,WEDNESDAY,-1
3110460,KOREAN_FOOD,THURSDAY,0
3110460,KOREAN_FOOD,FRIDAY,1
3110460,KOREAN_FOOD,SATURDAY,2
3110460,KOREAN_FOOD,SUNDAY,-2
3110460,BUNSIK,MONDAY,1
3110460,BUNSIK,TUESDAY,-4
3110460,BUNSIK,WEDNESDAY,2
3110460,BUNSIK,THURSDAY,3
3110460,BUNSIK,FRIDAY,2
3110460,BUNSIK,SATURDAY,4
3110460,BUNSIK,SUNDAY,-6
3110460,CAFE_BEVERAGE,MONDAY,0
3110460,CAFE_BEVERAGE,TUESDAY,-1
3110460,CAFE_BEVERAGE,WEDNESDAY,0
3110460,CAFE_BEVERAGE,THURSDAY,-1
3110460,CAFE_BEVERAGE,FRIDAY,0
3110460,CAFE_BEVERAGE,SATURDAY,2
3110460,CAFE_BEVERAGE,SUNDAY,-1
3110461,KOREAN_FOOD,MONDAY,-2
3110461,KOREAN_FOOD,TUESDAY,1
3110461,KOREAN_FOOD,WEDNESDAY,0
3110461,KOREAN_FOOD,THURSDAY,0
3110461,KOREAN_FOOD,FRIDAY,3
3110461,KOREAN_FOOD,SATURDAY,4
3110461,KOREAN_FOOD,SUNDAY,-6
3110463,KOREAN_FOOD,MONDAY,-2
3110463,KOREAN_FOOD,TUESDAY,-1
3110463,KOREAN_FOOD,WEDNESDAY,0
3110463,KOREAN_FOOD,THURSDAY,-1
3110463,KOREAN_FOOD,FRIDAY,1
3110463,KOREAN_FOOD,SATURDAY,2
3110463,KOREAN_FOOD,SUNDAY,1
3110463,CAFE_BEVERAGE,MONDAY,-1
3110463,CAFE_BEVERAGE,TUESDAY,-2
3110463,CAFE_BEVERAGE,WEDNESDAY,-2
3110463,CAFE_BEVERAGE,THURSDAY,-2
3110463,CAFE_BEVERAGE,FRIDAY,-2
3110463,CAFE_BEVERAGE,SATURDAY,6
3110463,CAFE_BEVERAGE,SUNDAY,3
3110464,KOREAN_FOOD,MONDAY,-4
3110464,KOREAN_FOOD,TUESDAY,-2
3110464,KOREAN_FOOD,WEDNESDAY,-2
3110464,KOREAN_FOOD,THURSDAY,-2
3110464,KOREAN_FOOD,FRIDAY,2
3110464,KOREAN_FOOD,SATURDAY,6
3110464,KOREAN_FOOD,SUNDAY,3
3110464,CAFE_BEVERAGE,MONDAY,-2
3110464,CAFE_BEVERAGE,TUESDAY,-1
3110464,CAFE_BEVERAGE,WEDNESDAY,-3
3110464,CAFE_BEVERAGE,THURSDAY,-2
3110464,CAFE_BEVERAGE,FRIDAY,1
3110464,CAFE_BEVERAGE,SATURDAY,4
3110464,CAFE_BEVERAGE,SUNDAY,3
3110465,KOREAN_FOOD,MONDAY,-5
3110465,KOREAN_FOOD,TUESDAY,-3
3110465,KOREAN_FOOD,WEDNESDAY,0
3110465,KOREAN_FOOD,THURSDAY,0
3110465,KOREAN_FOOD,FRIDAY,3
3110465,KOREAN_FOOD,SATURDAY,6
3110465,KOREAN_FOOD,SUNDAY,-1
3110465,BUNSIK,MONDAY,-1
3110465,BUNSIK,TUESDAY,0
3110465,BUNSIK,WEDNESDAY,0
3110465,BUNSIK,THURSDAY,0
3110465,BUNSIK,FRIDAY,1
3110465,BUNSIK,SATURDAY,0
3110465,BUNSIK,SUNDAY,0
3110465,CAFE_BEVERAGE,MONDAY,-3
3110465,CAFE_BEVERAGE,TUESDAY,-2
3110465,CAFE_BEVERAGE,WEDNESDAY,-1
3110465,CAFE_BEVERAGE,THURSDAY,-1
3110465,CAFE_BEVERAGE,FRIDAY,1
3110465,CAFE_BEVERAGE,SATURDAY,4
3110465,CAFE_BEVERAGE,SUNDAY,1
3110465,BAKERY,MONDAY,2
3110465,BAKERY,TUESDAY,2
3110465,BAKERY,WEDNESDAY,2
3110465,BAKERY,THURSDAY,1
3110465,BAKERY,FRIDAY,4
3110465,BAKERY,SATURDAY,6
3110465,BAKERY,SUNDAY,-6
3110466,KOREAN_FOOD,MONDAY,2
3110466,KOREAN_FOOD,TUESDAY,2
3110466,KOREAN_FOOD,WEDNESDAY,1
3110466,KOREAN_FOOD,THURSDAY,2
3110466,KOREAN_FOOD,FRIDAY,1
3110466,KOREAN_FOOD,SATURDAY,1
3110466,KOREAN_FOOD,SUNDAY,-6
3110467,KOREAN_FOOD,MONDAY,-1
3110467,KOREAN_FOOD,TUESDAY,-1
3110467,KOREAN_FOOD,WEDNESDAY,0
3110467,KOREAN_FOOD,THURSDAY,0
3110467,KOREAN_FOOD,FRIDAY,1
3110467,KOREAN_FOOD,SATURDAY,1
3110467,KOREAN_FOOD,SUNDAY,-1
3110467,BUNSIK,MONDAY,-6
3110467,BUNSIK,TUESDAY,0
3110467,BUNSIK,WEDNESDAY,0
3110467,BUNSIK,THURSDAY,-1
3110467,BUNSIK,FRIDAY,1
3110467,BUNSIK,SATURDAY,6
3110467,BUNSIK,SUNDAY,6
3110467,CAFE_BEVERAGE,MONDAY,-4
3110467,CAFE_BEVERAGE,TUESDAY,-3
3110467,CAFE_BEVERAGE,WEDNESDAY,-6
3110467,CAFE_BEVERAGE,THURSDAY,-3
3110467,CAFE_BEVERAGE,FRIDAY,-2
3110467,CAFE_BEVERAGE,SATURDAY,4
3110467,CAFE_BEVERAGE,SUNDAY,6
3110468,KOREAN_FOOD,MONDAY,-1
3110468,KOREAN_FOOD,TUESDAY,-1
3110468,KOREAN_FOOD,WEDNESDAY,0
3110468,KOREAN_FOOD,THURSDAY,0
3110468,KOREAN_FOOD,FRIDAY,1
3110468,KOREAN_FOOD,SATURDAY,0
3110468,KOREAN_FOOD,SUNDAY,2
3110468,CHINESE_FOOD,MONDAY,3
3110468,CHINESE_FOOD,TUESDAY,3
3110468,CHINESE_FOOD,WEDNESDAY,1
3110468,CHINESE_FOOD,THURSDAY,2
3110468,CHINESE_FOOD,FRIDAY,2
3110468,CHINESE_FOOD,SATURDAY,6
3110468,CHINESE_FOOD,SUNDAY,-6
3110468,CHICKEN,MONDAY,-2
3110468,CHICKEN,TUESDAY,-3
3110468,CHICKEN,WEDNESDAY,-2
3110468,CHICKEN,THURSDAY,-3
3110468,CHICKEN,FRIDAY,4
3110468,CHICKEN,SATURDAY,4
3110468,CHICKEN,SUNDAY,2
3110468,BUNSIK,MONDAY,1
3110468,BUNSIK,TUESDAY,1
3110468,BUNSIK,WEDNESDAY,0
3110468,BUNSIK,THURSDAY,0
3110468,BUNSIK,FRIDAY,1
3110468,BUNSIK,SATURDAY,1
3110468,BUNSIK,SUNDAY,-5
3110468,CAFE_BEVERAGE,MONDAY,-6
3110468,CAFE_BEVERAGE,TUESDAY,0
3110468,CAFE_BEVERAGE,WEDNESDAY,-1
3110468,CAFE_BEVERAGE,THURSDAY,1
3110468,CAFE_BEVERAGE,FRIDAY,1
3110468,CAFE_BEVERAGE,SATURDAY,3
3110468,CAFE_BEVERAGE,SUNDAY,3
3110469,KOREAN_FOOD,MONDAY,-2
3110469,KOREAN_FOOD,TUESDAY,-1
3110469,KOREAN_FOOD,WEDNESDAY,-2
3110469,KOREAN_FOOD,THURSDAY,1
3110469,KOREAN_FOOD,FRIDAY,2
3110469,KOREAN_FOOD,SATURDAY,3
3110469,KOREAN_FOOD,SUNDAY,-1
3110469,CHINESE_FOOD,MONDAY,3
3110469,CHINESE_FOOD,TUESDAY,1
3110469,CHINESE_FOOD,WEDNESDAY,-6
3110469,CHINESE_FOOD,THURSDAY,-1
3110469,CHINESE_FOOD,FRIDAY,2
3110469,CHINESE_FOOD,SATURDAY,4
3110469,CHINESE_FOOD,SUNDAY,6
3110469,BUNSIK,MONDAY,-6
3110469,BUNSIK,TUESDAY,2
3110469,BUNSIK,WEDNESDAY,6
3110469,BUNSIK,THURSDAY,0
3110469,BUNSIK,FRIDAY,2
3110469,BUNSIK,SATURDAY,3
3110469,BUNSIK,SUNDAY,2
3110469,CAFE_BEVERAGE,MONDAY,-1
3110469,CAFE_BEVERAGE,TUESDAY,-2
3110469,CAFE_BEVERAGE,WEDNESDAY,-2
3110469,CAFE_BEVERAGE,THURSDAY,0
3110469,CAFE_BEVERAGE,FRIDAY,0
3110469,CAFE_BEVERAGE,SATURDAY,5
3110469,CAFE_BEVERAGE,SUNDAY,0
3110469,BAKERY,MONDAY,2
3110469,BAKERY,TUESDAY,0
3110469,BAKERY,WEDNESDAY,1
3110469,BAKERY,THURSDAY,0
3110469,BAKERY,FRIDAY,2
3110469,BAKERY,SATURDAY,6
3110469,BAKERY,SUNDAY,-6
3110470,KOREAN_FOOD,MONDAY,-3
3110470,KOREAN_FOOD,TUESDAY,-6
3110470,KOREAN_FOOD,WEDNESDAY,-1
3110470,KOREAN_FOOD,THURSDAY,-1
3110470,KOREAN_FOOD,FRIDAY,0
3110470,KOREAN_FOOD,SATURDAY,6
3110470,KOREAN_FOOD,SUNDAY,6
3110471,KOREAN_FOOD,MONDAY,-1
3110471,KOREAN_FOOD,TUESDAY,3
3110471,KOREAN_FOOD,WEDNESDAY,1
3110471,KOREAN_FOOD,THURSDAY,3
3110471,KOREAN_FOOD,FRIDAY,3
3110471,KOREAN_FOOD,SATURDAY,1
3110471,KOREAN_FOOD,SUNDAY,-6
3110471,BAKERY,MONDAY,-1
3110471,BAKERY,TUESDAY,2
3110471,BAKERY,WEDNESDAY,3
3110471,BAKERY,THURSDAY,2
3110471,BAKERY,FRIDAY,5
3110471,BAKERY,SATURDAY,6
3110471,BAKERY,SUNDAY,-6
3110472,KOREAN_FOOD,MONDAY,2
3110472,KOREAN_FOOD,TUESDAY,1
3110472,KOREAN_FOOD,WEDNESDAY,2
3110472,KOREAN_FOOD,THURSDAY,1
3110472,KOREAN_FOOD,FRIDAY,3
3110472,KOREAN_FOOD,SATURDAY,2
3110472,KOREAN_FOOD,SUNDAY,-6
3110472,CAFE_BEVERAGE,MONDAY,-2
3110472,CAFE_BEVERAGE,TUESDAY,-1
3110472,CAFE_BEVERAGE,WEDNESDAY,-2
3110472,CAFE_BEVERAGE,THURSDAY,0
3110472,CAFE_BEVERAGE,FRIDAY,0
3110472,CAFE_BEVERAGE,SATURDAY,4
3110472,CAFE_BEVERAGE,SUNDAY,0
3110473,KOREAN_FOOD,MONDAY,1
3110473,KOREAN_FOOD,TUESDAY,2
3110473,KOREAN_FOOD,WEDNESDAY,1
3110473,KOREAN_FOOD,THURSDAY,0
3110473,KOREAN_FOOD,FRIDAY,1
3110473,KOREAN_FOOD,SATURDAY,1
3110473,KOREAN_FOOD,SUNDAY,-5
3110473,CHINESE_FOOD,MONDAY,-1
3110473,CHINESE_FOOD,TUESDAY,-1
3110473,CHINESE_FOOD,WEDNESDAY,-1
3110473,CHINESE_FOOD,THURSDAY,-2
3110473,CHINESE_FOOD,FRIDAY,-1
3110473,CHINESE_FOOD,SATURDAY,4
3110473,CHINESE_FOOD,SUNDAY,2
3110473,FAST_FOOD,MONDAY,-5
3110473,FAST_FOOD,TUESDAY,-1
3110473,FAST_FOOD,WEDNESDAY,-2
3110473,FAST_FOOD,THURSDAY,-3
3110473,FAST_FOOD,FRIDAY,0
3110473,FAST_FOOD,SATURDAY,6
3110473,FAST_FOOD,SUNDAY,5
3110473,BUNSIK,MONDAY,5
3110473,BUNSIK,TUESDAY,2
3110473,BUNSIK,WEDNESDAY,4
3110473,BUNSIK,THURSDAY,6
3110473,BUNSIK,FRIDAY,6
3110473,BUNSIK,SATURDAY,-5
3110473,BUNSIK,SUNDAY,-6
3110473,CAFE_BEVERAGE,MONDAY,-1
3110473,CAFE_BEVERAGE,TUESDAY,-6
3110473,CAFE_BEVERAGE,WEDNESDAY,-4
3110473,CAFE_BEVERAGE,THURSDAY,-1
3110473,CAFE_BEVERAGE,FRIDAY,2
3110473,CAFE_BEVERAGE,SATURDAY,6
3110473,CAFE_BEVERAGE,SUNDAY,5
3110475,KOREAN_FOOD,MONDAY,0
3110475,KOREAN_FOOD,TUESDAY,-2
3110475,KOREAN_FOOD,WEDNESDAY,-3
3110475,KOREAN_FOOD,THURSDAY,-1
3110475,KOREAN_FOOD,FRIDAY,3
3110475,KOREAN_FOOD,SATURDAY,3
3110475,KOREAN_FOOD,SUNDAY,0
3110475,CAFE_BEVERAGE,MONDAY,1
3110475,CAFE_BEVERAGE,TUESDAY,-2
3110475,CAFE_BEVERAGE,WEDNESDAY,-4
3110475,CAFE_BEVERAGE,THURSDAY,-2
3110475,CAFE_BEVERAGE,FRIDAY,0
3110475,CAFE_BEVERAGE,SATURDAY,6
3110475,CAFE_BEVERAGE,SUNDAY,1
3110476,KOREAN_FOOD,MONDAY,-6
3110476,KOREAN_FOOD,TUESDAY,-2
3110476,KOREAN_FOOD,WEDNESDAY,-1
3110476,KOREAN_FOOD,THURSDAY,-1
3110476,KOREAN_FOOD,FRIDAY,3
3110476,KOREAN_FOOD,SATURDAY,6
3110476,KOREAN_FOOD,SUNDAY,1
3110477,KOREAN_FOOD,MONDAY,1
3110477,KOREAN_FOOD,TUESDAY,0
3110477,KOREAN_FOOD,WEDNESDAY,0
3110477,KOREAN_FOOD,THURSDAY,0
3110477,KOREAN_FOOD,FRIDAY,3
3110477,KOREAN_FOOD,SATURDAY,4
3110477,KOREAN_FOOD,SUNDAY,-6
3110477,CAFE_BEVERAGE,MONDAY,4
3110477,CAFE_BEVERAGE,TUESDAY,3
3110477,CAFE_BEVERAGE,WEDNESDAY,5
3110477,CAFE_BEVERAGE,THURSDAY,3
3110477,CAFE_BEVERAGE,FRIDAY,4
3110477,CAFE_BEVERAGE,SATURDAY,-6
3110477,CAFE_BEVERAGE,SUNDAY,-6
3110478,KOREAN_FOOD,MONDAY,0
3110478,KOREAN_FOOD,TUESDAY,2
3110478,KOREAN_FOOD,WEDNESDAY,1
3110478,KOREAN_FOOD,THURSDAY,2
3110478,KOREAN_FOOD,FRIDAY,2
3110478,KOREAN_FOOD,SATURDAY,-1
3110478,KOREAN_FOOD,SUNDAY,-6
3110479,KOREAN_FOOD,MONDAY,1
3110479,KOREAN_FOOD,TUESDAY,-2
3110479,KOREAN_FOOD,WEDNESDAY,0
3110479,KOREAN_FOOD,THURSDAY,1
3110479,KOREAN_FOOD,FRIDAY,2
3110479,KOREAN_FOOD,SATURDAY,2
3110479,KOREAN_FOOD,SUNDAY,-3
3110480,KOREAN_FOOD,MONDAY,-4
3110480,KOREAN_FOOD,TUESDAY,2
3110480,KOREAN_FOOD,WEDNESDAY,3
3110480,KOREAN_FOOD,THURSDAY,1
3110480,KOREAN_FOOD,FRIDAY,3
3110480,KOREAN_FOOD,SATURDAY,1
3110480,KOREAN_FOOD,SUNDAY,-6
3110480,BUNSIK,MONDAY,1
3110480,BUNSIK,TUESDAY,4
3110480,BUNSIK,WEDNESDAY,4
3110480,BUNSIK,THURSDAY,6
3110480,BUNSIK,FRIDAY,6
3110480,BUNSIK,SATURDAY,-3
3110480,BUNSIK,SUNDAY,-6
3110481,KOREAN_FOOD,MONDAY,1
3110481,KOREAN_FOOD,TUESDAY,0
3110481,KOREAN_FOOD,WEDNESDAY,1
3110481,KOREAN_FOOD,THURSDAY,1
3110481,KOREAN_FOOD,FRIDAY,2
3110481,KOREAN_FOOD,SATURDAY,0
3110481,KOREAN_FOOD,SUNDAY,-4
3110481,BUNSIK,MONDAY,4
3110481,BUNSIK,TUESDAY,-6
3110481,BUNSIK,WEDNESDAY,2
3110481,BUNSIK,THURSDAY,2
3110481,BUNSIK,FRIDAY,3
3110481,BUNSIK,SATURDAY,6
3110481,BUNSIK,SUNDAY,0
3110481,CAFE_BEVERAGE,MONDAY,0
3110481,CAFE_BEVERAGE,TUESDAY,0
3110481,CAFE_BEVERAGE,WEDNESDAY,0
3110481,CAFE_BEVERAGE,THURSDAY,1
3110481,CAFE_BEVERAGE,FRIDAY,0
3110481,CAFE_BEVERAGE,SATURDAY,1
3110481,CAFE_BEVERAGE,SUNDAY,-3
3110482,KOREAN_FOOD,MONDAY,2
3110482,KOREAN_FOOD,TUESDAY,5
3110482,KOREAN_FOOD,WEDNESDAY,2
3110482,KOREAN_FOOD,THURSDAY,1
3110482,KOREAN_FOOD,FRIDAY,3
3110482,KOREAN_FOOD,SATURDAY,-3
3110482,KOREAN_FOOD,SUNDAY,-6
3110483,KOREAN_FOOD,MONDAY,-1
3110483,KOREAN_FOOD,TUESDAY,0
3110483,KOREAN_FOOD,WEDNESDAY,-1
3110483,KOREAN_FOOD,THURSDAY,-1
3110483,KOREAN_FOOD,FRIDAY,2
3110483,KOREAN_FOOD,SATURDAY,2
3110483,KOREAN_FOOD,SUNDAY,-1
3110484,KOREAN_FOOD,MONDAY,-4
3110484,KOREAN_FOOD,TUESDAY,-2
3110484,KOREAN_FOOD,WEDNESDAY,-2
3110484,KOREAN_FOOD,THURSDAY,-2
3110484,KOREAN_FOOD,FRIDAY,0
3110484,KOREAN_FOOD,SATURDAY,5
3110484,KOREAN_FOOD,SUNDAY,4
3110485,KOREAN_FOOD,MONDAY,-4
3110485,KOREAN_FOOD,TUESDAY,2
3110485,KOREAN_FOOD,WEDNESDAY,-1
3110485,KOREAN_FOOD,THURSDAY,2
3110485,KOREAN_FOOD,FRIDAY,1
3110485,KOREAN_FOOD,SATURDAY,3
3110485,KOREAN_FOOD,SUNDAY,-2
3110485,CAFE_BEVERAGE,MONDAY,-2
3110485,CAFE_BEVERAGE,TUESDAY,-1
3110485,CAFE_BEVERAGE,WEDNESDAY,-1
3110485,CAFE_BEVERAGE,THURSDAY,0
3110485,CAFE_BEVERAGE,FRIDAY,0
3110485,CAFE_BEVERAGE,SATURDAY,3
3110485,CAFE_BEVERAGE,SUNDAY,2
3110486,KOREAN_FOOD,MONDAY,1
3110486,KOREAN_FOOD,TUESDAY,1
3110486,KOREAN_FOOD,WEDNESDAY,1
3110486,KOREAN_FOOD,THURSDAY,1
3110486,KOREAN_FOOD,FRIDAY,3
3110486,KOREAN_FOOD,SATURDAY,-1
3110486,KOREAN_FOOD,SUNDAY,-4
3110486,CAFE_BEVERAGE,MONDAY,1
3110486,CAFE_BEVERAGE,TUESDAY,2
3110486,CAFE_BEVERAGE,WEDNESDAY,2
3110486,CAFE_BEVERAGE,THURSDAY,2
3110486,CAFE_BEVERAGE,FRIDAY,2
3110486,CAFE_BEVERAGE,SATURDAY,-4
3110486,CAFE_BEVERAGE,SUNDAY,-5
3110487,KOREAN_FOOD,MONDAY,1
3110487,KOREAN_FOOD,TUESDAY,0
3110487,KOREAN_FOOD,WEDNESDAY,-2
3110487,KOREAN_FOOD,THURSDAY,0
3110487,KOREAN_FOOD,FRIDAY,1
3110487,KOREAN_FOOD,SATURDAY,0
3110487,KOREAN_FOOD,SUNDAY,-1
3110487,CAFE_BEVERAGE,MONDAY,0
3110487,CAFE_BEVERAGE,TUESDAY,0
3110487,CAFE_BEVERAGE,WEDNESDAY,0
3110487,CAFE_BEVERAGE,THURSDAY,-1
3110487,CAFE_BEVERAGE,FRIDAY,1
3110487,CAFE_BEVERAGE,SATURDAY,1
3110487,CAFE_BEVERAGE,SUNDAY,-2
3110488,KOREAN_FOOD,MONDAY,0
3110488,KOREAN_FOOD,TUESDAY,0
3110488,KOREAN_FOOD,WEDNESDAY,0
3110488,KOREAN_FOOD,THURSDAY,1
3110488,KOREAN_FOOD,FRIDAY,2
3110488,KOREAN_FOOD,SATURDAY,1
3110488,KOREAN_FOOD,SUNDAY,-4
3110488,FAST_FOOD,MONDAY,-2
3110488,FAST_FOOD,TUESDAY,-1
3110488,FAST_FOOD,WEDNESDAY,-2
3110488,FAST_FOOD,THURSDAY,-1
3110488,FAST_FOOD,FRIDAY,5
3110488,FAST_FOOD,SATURDAY,0
3110488,FAST_FOOD,SUNDAY,0
3110488,CAFE_BEVERAGE,MONDAY,-6
3110488,CAFE_BEVERAGE,TUESDAY,0
3110488,CAFE_BEVERAGE,WEDNESDAY,-1
3110488,CAFE_BEVERAGE,THURSDAY,-1
3110488,CAFE_BEVERAGE,FRIDAY,-2
3110488,CAFE_BEVERAGE,SATURDAY,2
3110488,CAFE_BEVERAGE,SUNDAY,6
3110489,KOREAN_FOOD,MONDAY,-1
3110489,KOREAN_FOOD,TUESDAY,0
3110489,KOREAN_FOOD,WEDNESDAY,-1
3110489,KOREAN_FOOD,THURSDAY,-1
3110489,KOREAN_FOOD,FRIDAY,2
3110489,KOREAN_FOOD,SATURDAY,3
3110489,KOREAN_FOOD,SUNDAY,-3
3110489,BAKERY,MONDAY,-6
3110489,BAKERY,TUESDAY,-2
3110489,BAKERY,WEDNESDAY,-2
3110489,BAKERY,THURSDAY,-2
3110489,BAKERY,FRIDAY,-1
3110489,BAKERY,SATURDAY,6
3110489,BAKERY,SUNDAY,6
3110490,KOREAN_FOOD,MONDAY,6
3110490,KOREAN_FOOD,TUESDAY,5
3110490,KOREAN_FOOD,WEDNESDAY,4
3110490,KOREAN_FOOD,THURSDAY,4
3110490,KOREAN_FOOD,FRIDAY,6
3110490,KOREAN_FOOD,SATURDAY,-6
3110490,KOREAN_FOOD,SUNDAY,-6
3110491,KOREAN_FOOD,MONDAY,-1
3110491,KOREAN_FOOD,TUESDAY,-6
3110491,KOREAN_FOOD,WEDNESDAY,-6
3110491,KOREAN_FOOD,THURSDAY,-1
3110491,KOREAN_FOOD,FRIDAY,-2
3110491,KOREAN_FOOD,SATURDAY,6
3110491,KOREAN_FOOD,SUNDAY,6
3110492,CAFE_BEVERAGE,MONDAY,-6
3110492,CAFE_BEVERAGE,TUESDAY,-6
3110492,CAFE_BEVERAGE,WEDNESDAY,-6
3110492,CAFE_BEVERAGE,THURSDAY,-6
3110492,CAFE_BEVERAGE,FRIDAY,-5
3110492,CAFE_BEVERAGE,SATURDAY,6
3110492,CAFE_BEVERAGE,SUNDAY,6
3110495,KOREAN_FOOD,MONDAY,0
3110495,KOREAN_FOOD,TUESDAY,0
3110495,KOREAN_FOOD,WEDNESDAY,-1
3110495,KOREAN_FOOD,THURSDAY,1
3110495,KOREAN_FOOD,FRIDAY,3
3110495,KOREAN_FOOD,SATURDAY,5
3110495,KOREAN_FOOD,SUNDAY,-6
3110495,CHINESE_FOOD,MONDAY,-2
3110495,CHINESE_FOOD,TUESDAY,-2
3110495,CHINESE_FOOD,WEDNESDAY,-1
3110495,CHINESE_FOOD,THURSDAY,-2
3110495,CHINESE_FOOD,FRIDAY,-1
3110495,CHINESE_FOOD,SATURDAY,3
3110495,CHINESE_FOOD,SUNDAY,5
3110495,CHICKEN,MONDAY,-3
3110495,CHICKEN,TUESDAY,-6
3110495,CHICKEN,WEDNESDAY,0
3110495,CHICKEN,THURSDAY,-2
3110495,CHICKEN,FRIDAY,3
3110495,CHICKEN,SATURDAY,4
3110495,CHICKEN,SUNDAY,4
3110495,BUNSIK,MONDAY,-2
3110495,BUNSIK,TUESDAY,-4
3110495,BUNSIK,WEDNESDAY,-2
3110495,BUNSIK,THURSDAY,-2
3110495,BUNSIK,FRIDAY,1
3110495,BUNSIK,SATURDAY,5
3110495,BUNSIK,SUNDAY,4
3110495,CAFE_BEVERAGE,MONDAY,-3
3110495,CAFE_BEVERAGE,TUESDAY,-2
3110495,CAFE_BEVERAGE,WEDNESDAY,-2
3110495,CAFE_BEVERAGE,THURSDAY,-2
3110495,CAFE_BEVERAGE,FRIDAY,0
3110495,CAFE_BEVERAGE,SATURDAY,5
3110495,CAFE_BEVERAGE,SUNDAY,4
3110495,BAKERY,MONDAY,-1
3110495,BAKERY,TUESDAY,0
3110495,BAKERY,WEDNESDAY,3
3110495,BAKERY,THURSDAY,-1
3110495,BAKERY,FRIDAY,-1
3110495,BAKERY,SATURDAY,0
3110495,BAKERY,SUNDAY,-2
3110496,KOREAN_FOOD,MONDAY,0
3110496,KOREAN_FOOD,TUESDAY,-1
3110496,KOREAN_FOOD,WEDNESDAY,-1
3110496,KOREAN_FOOD,THURSDAY,-1
3110496,KOREAN_FOOD,FRIDAY,0
3110496,KOREAN_FOOD,SATURDAY,1
3110496,KOREAN_FOOD,SUNDAY,2
3110496,BUNSIK,MONDAY,0
3110496,BUNSIK,TUESDAY,-1
3110496,BUNSIK,WEDNESDAY,-1
3110496,BUNSIK,THURSDAY,-1
3110496,BUNSIK,FRIDAY,-1
3110496,BUNSIK,SATURDAY,0
3110496,BUNSIK,SUNDAY,4
3110496,CAFE_BEVERAGE,MONDAY,-1
3110496,CAFE_BEVERAGE,TUESDAY,-2
3110496,CAFE_BEVERAGE,WEDNESDAY,-1
3110496,CAFE_BEVERAGE,THURSDAY,-1
3110496,CAFE_BEVERAGE,FRIDAY,0
3110496,CAFE_BEVERAGE,SATURDAY,3
3110496,CAFE_BEVERAGE,SUNDAY,2
3110496,BAKERY,MONDAY,2
3110496,BAKERY,TUESDAY,0
3110496,BAKERY,WEDNESDAY,0
3110496,BAKERY,THURSDAY,-1
3110496,BAKERY,FRIDAY,0
3110496,BAKERY,SATURDAY,1
3110496,BAKERY,SUNDAY,-1
3110498,KOREAN_FOOD,MONDAY,-6
3110498,KOREAN_FOOD,TUESDAY,-4
3110498,KOREAN_FOOD,WEDNESDAY,-3
3110498,KOREAN_FOOD,THURSDAY,-3
3110498,KOREAN_FOOD,FRIDAY,3
3110498,KOREAN_FOOD,SATURDAY,6
3110498,KOREAN_FOOD,SUNDAY,5
3110498,CAFE_BEVERAGE,MONDAY,-2
3110498,CAFE_BEVERAGE,TUESDAY,-3
3110498,CAFE_BEVERAGE,WEDNESDAY,-3
3110498,CAFE_BEVERAGE,THURSDAY,-2
3110498,CAFE_BEVERAGE,FRIDAY,-1
3110498,CAFE_BEVERAGE,SATURDAY,5
3110498,CAFE_BEVERAGE,SUNDAY,5
3110500,CAFE_BEVERAGE,MONDAY,-6
3110500,CAFE_BEVERAGE,TUESDAY,1
3110500,CAFE_BEVERAGE,WEDNESDAY,1
3110500,CAFE_BEVERAGE,THURSDAY,3
3110500,CAFE_BEVERAGE,FRIDAY,3
3110500,CAFE_BEVERAGE,SATURDAY,4
3110500,CAFE_BEVERAGE,SUNDAY,-5
3110502,KOREAN_FOOD,MONDAY,-2
3110502,KOREAN_FOOD,TUESDAY,1
3110502,KOREAN_FOOD,WEDNESDAY,2
3110502,KOREAN_FOOD,THURSDAY,2
3110502,KOREAN_FOOD,FRIDAY,4
3110502,KOREAN_FOOD,SATURDAY,0
3110502,KOREAN_FOOD,SUNDAY,-6
3110502,CHINESE_FOOD,MONDAY,-6
3110502,CHINESE_FOOD,TUESDAY,-2
3110502,CHINESE_FOOD,WEDNESDAY,-1
3110502,CHINESE_FOOD,THURSDAY,1
3110502,CHINESE_FOOD,FRIDAY,0
3110502,CHINESE_FOOD,SATURDAY,6
3110502,CHINESE_FOOD,SUNDAY,6
3110502,CHICKEN,MONDAY,-6
3110502,CHICKEN,TUESDAY,0
3110502,CHICKEN,WEDNESDAY,1
3110502,CHICKEN,THURSDAY,1
3110502,CHICKEN,FRIDAY,6
3110502,CHICKEN,SATURDAY,5
3110502,CHICKEN,SUNDAY,2
3110502,BUNSIK,MONDAY,2
3110502,BUNSIK,TUESDAY,1
3110502,BUNSIK,WEDNESDAY,1
3110502,BUNSIK,THURSDAY,3
3110502,BUNSIK,FRIDAY,4
3110502,BUNSIK,SATURDAY,4
3110502,BUNSIK,SUNDAY,-6
3110502,CAFE_BEVERAGE,MONDAY,-6
3110502,CAFE_BEVERAGE,TUESDAY,0
3110502,CAFE_BEVERAGE,WEDNESDAY,0
3110502,CAFE_BEVERAGE,THURSDAY,-1
3110502,CAFE_BEVERAGE,FRIDAY,1
3110502,CAFE_BEVERAGE,SATURDAY,6
3110502,CAFE_BEVERAGE,SUNDAY,2
3110503,KOREAN_FOOD,MONDAY,3
3110503,KOREAN_FOOD,TUESDAY,4
3110503,KOREAN_FOOD,WEDNESDAY,4
3110503,KOREAN_FOOD,THURSDAY,4
3110503,KOREAN_FOOD,FRIDAY,0
3110503,KOREAN_FOOD,SATURDAY,-6
3110503,KOREAN_FOOD,SUNDAY,-6
3110503,JAPANESE_FOOD,MONDAY,-2
3110503,JAPANESE_FOOD,TUESDAY,2
3110503,JAPANESE_FOOD,WEDNESDAY,2
3110503,JAPANESE_FOOD,THURSDAY,3
3110503,JAPANESE_FOOD,FRIDAY,0
3110503,JAPANESE_FOOD,SATURDAY,1
3110503,JAPANESE_FOOD,SUNDAY,-6
3110503,CHICKEN,MONDAY,-6
3110503,CHICKEN,TUESDAY,-1
3110503,CHICKEN,WEDNESDAY,2
3110503,CHICKEN,THURSDAY,-1
3110503,CHICKEN,FRIDAY,3
3110503,CHICKEN,SATURDAY,3
3110503,CHICKEN,SUNDAY,0
3110503,BUNSIK,MONDAY,3
3110503,BUNSIK,TUESDAY,3
3110503,BUNSIK,WEDNESDAY,2
3110503,BUNSIK,THURSDAY,3
3110503,BUNSIK,FRIDAY,-1
3110503,BUNSIK,SATURDAY,-3
3110503,BUNSIK,SUNDAY,-6
3110503,CAFE_BEVERAGE,MONDAY,0
3110503,CAFE_BEVERAGE,TUESDAY,2
3110503,CAFE_BEVERAGE,WEDNESDAY,3
3110503,CAFE_BEVERAGE,THURSDAY,1
3110503,CAFE_BEVERAGE,FRIDAY,-2
3110503,CAFE_BEVERAGE,SATURDAY,0
3110503,CAFE_BEVERAGE,SUNDAY,-3
3110503,BAKERY,MONDAY,1
3110503,BAKERY,TUESDAY,1
3110503,BAKERY,WEDNESDAY,5
3110503,BAKERY,THURSDAY,2
3110503,BAKERY,FRIDAY,1
3110503,BAKERY,SATURDAY,-3
3110503,BAKERY,SUNDAY,-6
3110506,BUNSIK,MONDAY,-6
3110506,BUNSIK,TUESDAY,6
3110506,BUNSIK,WEDNESDAY,6
3110506,BUNSIK,THURSDAY,5
3110506,BUNSIK,FRIDAY,4
3110506,BUNSIK,SATURDAY,-1
3110506,BUNSIK,SUNDAY,-4
3110507,KOREAN_FOOD,MONDAY,1
3110507,KOREAN_FOOD,TUESDAY,0
3110507,KOREAN_FOOD,WEDNESDAY,1
3110507,KOREAN_FOOD,THURSDAY,1
3110507,KOREAN_FOOD,FRIDAY,0
3110507,KOREAN_FOOD,SATURDAY,2
3110507,KOREAN_FOOD,SUNDAY,-6
3110507,CHINESE_FOOD,MONDAY,2
3110507,CHINESE_FOOD,TUESDAY,4
3110507,CHINESE_FOOD,WEDNESDAY,3
3110507,CHINESE_FOOD,THURSDAY,2
3110507,CHINESE_FOOD,FRIDAY,-3
3110507,CHINESE_FOOD,SATURDAY,-2
3110507,CHINESE_FOOD,SUNDAY,-6
3110507,JAPANESE_FOOD,MONDAY,5
3110507,JAPANESE_FOOD,TUESDAY,5
3110507,JAPANESE_FOOD,WEDNESDAY,5
3110507,JAPANESE_FOOD,THURSDAY,5
3110507,JAPANESE_FOOD,FRIDAY,-1
3110507,JAPANESE_FOOD,SATURDAY,-5
3110507,JAPANESE_FOOD,SUNDAY,-6
3110507,WESTERN_FOOD,MONDAY,2
3110507,WESTERN_FOOD,TUESDAY,3
3110507,WESTERN_FOOD,WEDNESDAY,2
3110507,WESTERN_FOOD,THURSDAY,1
3110507,WESTERN_FOOD,FRIDAY,-1
3110507,WESTERN_FOOD,SATURDAY,1
3110507,WESTERN_FOOD,SUNDAY,-6
3110507,CHICKEN,MONDAY,-3
3110507,CHICKEN,TUESDAY,-2
3110507,CHICKEN,WEDNESDAY,-3
3110507,CHICKEN,THURSDAY,-2
3110507,CHICKEN,FRIDAY,3
3110507,CHICKEN,SATURDAY,5
3110507,CHICKEN,SUNDAY,2
3110507,FAST_FOOD,MONDAY,1
3110507,FAST_FOOD,TUESDAY,1
3110507,FAST_FOOD,WEDNESDAY,2
3110507,FAST_FOOD,THURSDAY,2
3110507,FAST_FOOD,FRIDAY,-2
3110507,FAST_FOOD,SATURDAY,-1
3110507,FAST_FOOD,SUNDAY,-3
3110507,BUNSIK,MONDAY,-4
3110507,BUNSIK,TUESDAY,0
3110507,BUNSIK,WEDNESDAY,-1
3110507,BUNSIK,THURSDAY,-1
3110507,BUNSIK,FRIDAY,-2
3110507,BUNSIK,SATURDAY,5
3110507,BUNSIK,SUNDAY,3
3110507,CAFE_BEVERAGE,MONDAY,1
3110507,CAFE_BEVERAGE,TUESDAY,1
3110507,CAFE_BEVERAGE,WEDNESDAY,2
3110507,CAFE_BEVERAGE,THURSDAY,1
3110507,CAFE_BEVERAGE,FRIDAY,-2
3110507,CAFE_BEVERAGE,SATURDAY,0
3110507,CAFE_BEVERAGE,SUNDAY,-3
3110507,BAKERY,MONDAY,0
3110507,BAKERY,TUESDAY,-1
3110507,BAKERY,WEDNESDAY,-1
3110507,BAKERY,THURSDAY,-1
3110507,BAKERY,FRIDAY,-1
3110507,BAKERY,SATURDAY,2
3110507,BAKERY,SUNDAY,1
3110508,BUNSIK,MONDAY,-1
3110508,BUNSIK,TUESDAY,-3
3110508,BUNSIK,WEDNESDAY,-6
3110508,BUNSIK,THURSDAY,0
3110508,BUNSIK,FRIDAY,1
3110508,BUNSIK,SATURDAY,6
3110508,BUNSIK,SUNDAY,6
3110508,CAFE_BEVERAGE,MONDAY,-4
3110508,CAFE_BEVERAGE,TUESDAY,-3
3110508,CAFE_BEVERAGE,WEDNESDAY,-3
3110508,CAFE_BEVERAGE,THURSDAY,-3
3110508,CAFE_BEVERAGE,FRIDAY,-1
3110508,CAFE_BEVERAGE,SATURDAY,6
3110508,CAFE_BEVERAGE,SUNDAY,6
3110509,KOREAN_FOOD,MONDAY,1
3110509,KOREAN_FOOD,TUESDAY,1
3110509,KOREAN_FOOD,WEDNESDAY,1
3110509,KOREAN_FOOD,THURSDAY,0
3110509,KOREAN_FOOD,FRIDAY,1
3110509,KOREAN_FOOD,SATURDAY,-1
3110509,KOREAN_FOOD,SUNDAY,-2
3110509,CHINESE_FOOD,MONDAY,3
3110509,CHINESE_FOOD,TUESDAY,2
3110509,CHINESE_FOOD,WEDNESDAY,0
3110509,CHINESE_FOOD,THURSDAY,1
3110509,CHINESE_FOOD,FRIDAY,1
3110509,CHINESE_FOOD,SATURDAY,0
3110509,CHINESE_FOOD,SUNDAY,-6
3110509,CHICKEN,MONDAY,-2
3110509,CHICKEN,TUESDAY,-6
3110509,CHICKEN,WEDNESDAY,3
3110509,CHICKEN,THURSDAY,4
3110509,CHICKEN,FRIDAY,5
3110509,CHICKEN,SATURDAY,2
3110509,CHICKEN,SUNDAY,-6
3110509,FAST_FOOD,MONDAY,-1
3110509,FAST_FOOD,TUESDAY,0
3110509,FAST_FOOD,WEDNESDAY,0
3110509,FAST_FOOD,THURSDAY,1
3110509,FAST_FOOD,FRIDAY,1
3110509,FAST_FOOD,SATURDAY,0
3110509,FAST_FOOD,SUNDAY,-1
3110509,CAFE_BEVERAGE,MONDAY,-2
3110509,CAFE_BEVERAGE,TUESDAY,-1
3110509,CAFE_BEVERAGE,WEDNESDAY,-1
3110509,CAFE_BEVERAGE,THURSDAY,-1
3110509,CAFE_BEVERAGE,FRIDAY,0
3110509,CAFE_BEVERAGE,SATURDAY,3
3110509,CAFE_BEVERAGE,SUNDAY,1
3110510,KOREAN_FOOD,MONDAY,2
3110510,KOREAN_FOOD,TUESDAY,3
3110510,KOREAN_FOOD,WEDNESDAY,4
3110510,KOREAN_FOOD,THURSDAY,4
3110510,KOREAN_FOOD,FRIDAY,4
3110510,KOREAN_FOOD,SATURDAY,-6
3110510,KOREAN_FOOD,SUNDAY,-6
3110510,CAFE_BEVERAGE,MONDAY,0
3110510,CAFE_BEVERAGE,TUESDAY,-6
3110510,CAFE_BEVERAGE,WEDNESDAY,-1
3110510,CAFE_BEVERAGE,THURSDAY,-3
3110510,CAFE_BEVERAGE,FRIDAY,1
3110510,CAFE_BEVERAGE,SATURDAY,6
3110510,CAFE_BEVERAGE,SUNDAY,3
3110511,BUNSIK,MONDAY,6
3110511,BUNSIK,TUESDAY,6
3110511,BUNSIK,WEDNESDAY,6
3110511,BUNSIK,THURSDAY,6
3110511,BUNSIK,FRIDAY,-1
3110511,BUNSIK,SATURDAY,-6
3110511,BUNSIK,SUNDAY,-6
3110511,CAFE_BEVERAGE,MONDAY,5
3110511,CAFE_BEVERAGE,TUESDAY,6
3110511,CAFE_BEVERAGE,WEDNESDAY,6
3110511,CAFE_BEVERAGE,THURSDAY,5
3110511,CAFE_BEVERAGE,FRIDAY,3
3110511,CAFE_BEVERAGE,SATURDAY,-6
3110511,CAFE_BEVERAGE,SUNDAY,-6
3110513,KOREAN_FOOD,MONDAY,-6
3110513,KOREAN_FOOD,TUESDAY,0
3110513,KOREAN_FOOD,WEDNESDAY,-1
3110513,KOREAN_FOOD,THURSDAY,-2
3110513,KOREAN_FOOD,FRIDAY,1
3110513,KOREAN_FOOD,SATURDAY,6
3110513,KOREAN_FOOD,SUNDAY,6
3110513,CAFE_BEVERAGE,MONDAY,-3
3110513,CAFE_BEVERAGE,TUESDAY,-1
3110513,CAFE_BEVERAGE,WEDNESDAY,-2
3110513,CAFE_BEVERAGE,THURSDAY,-2
3110513,CAFE_BEVERAGE,FRIDAY,-2
3110513,CAFE_BEVERAGE,SATURDAY,5
3110513,CAFE_BEVERAGE,SUNDAY,5
3110514,KOREAN_FOOD,MONDAY,1
3110514,KOREAN_FOOD,TUESDAY,1
3110514,KOREAN_FOOD,WEDNESDAY,0
3110514,KOREAN_FOOD,THURSDAY,1
3110514,KOREAN_FOOD,FRIDAY,0
3110514,KOREAN_FOOD,SATURDAY,-2
3110514,KOREAN_FOOD,SUNDAY,-1
3110516,KOREAN_FOOD,MONDAY,4
3110516,KOREAN_FOOD,TUESDAY,2
3110516,KOREAN_FOOD,WEDNESDAY,3
3110516,KOREAN_FOOD,THURSDAY,2
3110516,KOREAN_FOOD,FRIDAY,4
3110516,KOREAN_FOOD,SATURDAY,1
3110516,KOREAN_FOOD,SUNDAY,-6
3110517,KOREAN_FOOD,MONDAY,-6
3110517,KOREAN_FOOD,TUESDAY,2
3110517,KOREAN_FOOD,WEDNESDAY,2
3110517,KOREAN_FOOD,THURSDAY,2
3110517,KOREAN_FOOD,FRIDAY,2
3110517,KOREAN_FOOD,SATURDAY,3
3110517,KOREAN_FOOD,SUNDAY,1
3110517,BAKERY,MONDAY,0
3110517,BAKERY,TUESDAY,0
3110517,BAKERY,WEDNESDAY,-2
3110517,BAKERY,THURSDAY,0
3110517,BAKERY,FRIDAY,1
3110517,BAKERY,SATURDAY,1
3110517,BAKERY,SUNDAY,0
3110519,KOREAN_FOOD,MONDAY,1
3110519,KOREAN_FOOD,TUESDAY,0
3110519,KOREAN_FOOD,WEDNESDAY,0
3110519,KOREAN_FOOD,THURSDAY,1
3110519,KOREAN_FOOD,FRIDAY,2
3110519,KOREAN_FOOD,SATURDAY,2
3110519,KOREAN_FOOD,SUNDAY,-6
3110520,KOREAN_FOOD,MONDAY,1
3110520,KOREAN_FOOD,TUESDAY,1
3110520,KOREAN_FOOD,WEDNESDAY,0
3110520,KOREAN_FOOD,THURSDAY,-1
3110520,KOREAN_FOOD,FRIDAY,-1
3110520,KOREAN_FOOD,SATURDAY,0
3110520,KOREAN_FOOD,SUNDAY,1
3110520,WESTERN_FOOD,MONDAY,-3
3110520,WESTERN_FOOD,TUESDAY,-6
3110520,WESTERN_FOOD,WEDNESDAY,0
3110520,WESTERN_FOOD,THURSDAY,3
3110520,WESTERN_FOOD,FRIDAY,4
3110520,WESTERN_FOOD,SATURDAY,5
3110520,WESTERN_FOOD,SUNDAY,-3
3110520,BUNSIK,MONDAY,-5
3110520,BUNSIK,TUESDAY,-2
3110520,BUNSIK,WEDNESDAY,-2
3110520,BUNSIK,THURSDAY,-2
3110520,BUNSIK,FRIDAY,-1
3110520,BUNSIK,SATURDAY,6
3110520,BUNSIK,SUNDAY,5
3110520,CAFE_BEVERAGE,MONDAY,-1
3110520,CAFE_BEVERAGE,TUESDAY,0
3110520,CAFE_BEVERAGE,WEDNESDAY,0
3110520,CAFE_BEVERAGE,THURSDAY,1
3110520,CAFE_BEVERAGE,FRIDAY,-1
3110520,CAFE_BEVERAGE,SATURDAY,1
3110520,CAFE_BEVERAGE,SUNDAY,0
3110521,KOREAN_FOOD,MONDAY,-2
3110521,KOREAN_FOOD,TUESDAY,-2
3110521,KOREAN_FOOD,WEDNESDAY,-6
3110521,KOREAN_FOOD,THURSDAY,-1
3110521,KOREAN_FOOD,FRIDAY,2
3110521,KOREAN_FOOD,SATURDAY,5
3110521,KOREAN_FOOD,SUNDAY,4
3110521,CAFE_BEVERAGE,MONDAY,-1
3110521,CAFE_BEVERAGE,TUESDAY,-2
3110521,CAFE_BEVERAGE,WEDNESDAY,-3
3110521,CAFE_BEVERAGE,THURSDAY,-1
3110521,CAFE_BEVERAGE,FRIDAY,-1
3110521,CAFE_BEVERAGE,SATURDAY,3
3110521,CAFE_BEVERAGE,SUNDAY,4
3110524,KOREAN_FOOD,MONDAY,6
3110524,KOREAN_FOOD,TUESDAY,6
3110524,KOREAN_FOOD,WEDNESDAY,6
3110524,KOREAN_FOOD,THURSDAY,6
3110524,KOREAN_FOOD,FRIDAY,4
3110524,KOREAN_FOOD,SATURDAY,-6
3110524,KOREAN_FOOD,SUNDAY,-6
3110524,WESTERN_FOOD,MONDAY,2
3110524,WESTERN_FOOD,TUESDAY,5
3110524,WESTERN_FOOD,WEDNESDAY,5
3110524,WESTERN_FOOD,THURSDAY,5
3110524,WESTERN_FOOD,FRIDAY,5
3110524,WESTERN_FOOD,SATURDAY,-6
3110524,WESTERN_FOOD,SUNDAY,-6
3110524,CAFE_BEVERAGE,MONDAY,2
3110524,CAFE_BEVERAGE,TUESDAY,4
3110524,CAFE_BEVERAGE,WEDNESDAY,2
3110524,CAFE_BEVERAGE,THURSDAY,5
3110524,CAFE_BEVERAGE,FRIDAY,3
3110524,CAFE_BEVERAGE,SATURDAY,-5
3110524,CAFE_BEVERAGE,SUNDAY,-6
3110524,BAKERY,MONDAY,2
3110524,BAKERY,TUESDAY,3
3110524,BAKERY,WEDNESDAY,3
3110524,BAKERY,THURSDAY,4
3110524,BAKERY,FRIDAY,1
3110524,BAKERY,SATURDAY,-4
3110524,BAKERY,SUNDAY,-6
3110525,KOREAN_FOOD,MONDAY,2
3110525,KOREAN_FOOD,TUESDAY,3
3110525,KOREAN_FOOD,WEDNESDAY,3
3110525,KOREAN_FOOD,THURSDAY,2
3110525,KOREAN_FOOD,FRIDAY,3
3110525,KOREAN_FOOD,SATURDAY,1
3110525,KOREAN_FOOD,SUNDAY,-6
3110525,BUNSIK,MONDAY,3
3110525,BUNSIK,TUESDAY,4
3110525,BUNSIK,WEDNESDAY,5
3110525,BUNSIK,THURSDAY,5
3110525,BUNSIK,FRIDAY,4
3110525,BUNSIK,SATURDAY,-6
3110525,BUNSIK,SUNDAY,-6
3110525,CAFE_BEVERAGE,MONDAY,-2
3110525,CAFE_BEVERAGE,TUESDAY,-2
3110525,CAFE_BEVERAGE,WEDNESDAY,-3
3110525,CAFE_BEVERAGE,THURSDAY,-3
3110525,CAFE_BEVERAGE,FRIDAY,-1
3110525,CAFE_BEVERAGE,SATURDAY,5
3110525,CAFE_BEVERAGE,SUNDAY,5
3110526,KOREAN_FOOD,MONDAY,5
3110526,KOREAN_FOOD,TUESDAY,6
3110526,KOREAN_FOOD,WEDNESDAY,5
3110526,KOREAN_FOOD,THURSDAY,6
3110526,KOREAN_FOOD,FRIDAY,1
3110526,KOREAN_FOOD,SATURDAY,-6
3110526,KOREAN_FOOD,SUNDAY,-6
3110526,CAFE_BEVERAGE,MONDAY,6
3110526,CAFE_BEVERAGE,TUESDAY,6
3110526,CAFE_BEVERAGE,WEDNESDAY,6
3110526,CAFE_BEVERAGE,THURSDAY,6
3110526,CAFE_BEVERAGE,FRIDAY,2
3110526,CAFE_BEVERAGE,SATURDAY,-6
3110526,CAFE_BEVERAGE,SUNDAY,-6
3110527,KOREAN_FOOD,MONDAY,2
3110527,KOREAN_FOOD,TUESDAY,0
3110527,KOREAN_FOOD,WEDNESDAY,1
3110527,KOREAN_FOOD,THURSDAY,0
3110527,KOREAN_FOOD,FRIDAY,2
3110527,KOREAN_FOOD,SATURDAY,-3
3110527,KOREAN_FOOD,SUNDAY,-1
3110528,KOREAN_FOOD,MONDAY,2
3110528,KOREAN_FOOD,TUESDAY,2
3110528,KOREAN_FOOD,WEDNESDAY,-3
3110528,KOREAN_FOOD,THURSDAY,3
3110528,KOREAN_FOOD,FRIDAY,4
3110528,KOREAN_FOOD,SATURDAY,2
3110528,KOREAN_FOOD,SUNDAY,-6
3110528,BUNSIK,MONDAY,-6
3110528,BUNSIK,TUESDAY,2
3110528,BUNSIK,WEDNESDAY,3
3110528,BUNSIK,THURSDAY,2
3110528,BUNSIK,FRIDAY,1
3110528,BUNSIK,SATURDAY,1
3110528,BUNSIK,SUNDAY,-1
3110528,CAFE_BEVERAGE,MONDAY,-3
3110528,CAFE_BEVERAGE,TUESDAY,-1
3110528,CAFE_BEVERAGE,WEDNESDAY,0
3110528,CAFE_BEVERAGE,THURSDAY,0
3110528,CAFE_BEVERAGE,FRIDAY,-3
3110528,CAFE_BEVERAGE,SATURDAY,-1
3110528,CAFE_BEVERAGE,SUNDAY,6
3110529,KOREAN_FOOD,MONDAY,-1
3110529,KOREAN_FOOD,TUESDAY,0
3110529,KOREAN_FOOD,WEDNESDAY,0
3110529,KOREAN_FOOD,THURSDAY,-5
3110529,KOREAN_FOOD,FRIDAY,4
3110529,KOREAN_FOOD,SATURDAY,3
3110529,KOREAN_FOOD,SUNDAY,-1
3110529,BUNSIK,MONDAY,0
3110529,BUNSIK,TUESDAY,-4
3110529,BUNSIK,WEDNESDAY,-1
3110529,BUNSIK,THURSDAY,-1
3110529,BUNSIK,FRIDAY,1
3110529,BUNSIK,SATURDAY,4
3110529,BUNSIK,SUNDAY,2
3110529,CAFE_BEVERAGE,MONDAY,-6
3110529,CAFE_BEVERAGE,TUESDAY,1
3110529,CAFE_BEVERAGE,WEDNESDAY,-1
3110529,CAFE_BEVERAGE,THURSDAY,1
3110529,CAFE_BEVERAGE,FRIDAY,4
3110529,CAFE_BEVERAGE,SATURDAY,6
3110529,CAFE_BEVERAGE,SUNDAY,4
3110529,BAKERY,MONDAY,-1
3110529,BAKERY,TUESDAY,-1
3110529,BAKERY,WEDNESDAY,0
3110529,BAKERY,THURSDAY,-3
3110529,BAKERY,FRIDAY,1
3110529,BAKERY,SATURDAY,5
3110529,BAKERY,SUNDAY,-1
3110530,KOREAN_FOOD,MONDAY,-3
3110530,KOREAN_FOOD,TUESDAY,0
3110530,KOREAN_FOOD,WEDNESDAY,-2
3110530,KOREAN_FOOD,THURSDAY,0
3110530,KOREAN_FOOD,FRIDAY,3
3110530,KOREAN_FOOD,SATURDAY,6
3110530,KOREAN_FOOD,SUNDAY,-5
3110532,KOREAN_FOOD,MONDAY,2
3110532,KOREAN_FOOD,TUESDAY,1
3110532,KOREAN_FOOD,WEDNESDAY,2
3110532,KOREAN_FOOD,THURSDAY,1
3110532,KOREAN_FOOD,FRIDAY,4
3110532,KOREAN_FOOD,SATURDAY,-5
3110532,KOREAN_FOOD,SUNDAY,-5
3110532,BAKERY,MONDAY,1
3110532,BAKERY,TUESDAY,1
3110532,BAKERY,WEDNESDAY,1
3110532,BAKERY,THURSDAY,1
3110532,BAKERY,FRIDAY,4
3110532,BAKERY,SATURDAY,4
3110532,BAKERY,SUNDAY,-6
3110535,KOREAN_FOOD,MONDAY,1
3110535,KOREAN_FOOD,TUESDAY,0
3110535,KOREAN_FOOD,WEDNESDAY,4
3110535,KOREAN_FOOD,THURSDAY,3
3110535,KOREAN_FOOD,FRIDAY,1
3110535,KOREAN_FOOD,SATURDAY,-4
3110535,KOREAN_FOOD,SUNDAY,-5
3110536,FAST_FOOD,MONDAY,-1
3110536,FAST_FOOD,TUESDAY,2
3110536,FAST_FOOD,WEDNESDAY,1
3110536,FAST_FOOD,THURSDAY,4
3110536,FAST_FOOD,FRIDAY,1
3110536,FAST_FOOD,SATURDAY,-3
3110536,FAST_FOOD,SUNDAY,-4
3110537,KOREAN_FOOD,MONDAY,6
3110537,KOREAN_FOOD,TUESDAY,6
3110537,KOREAN_FOOD,WEDNESDAY,6
3110537,KOREAN_FOOD,THURSDAY,6
3110537,KOREAN_FOOD,FRIDAY,6
3110537,KOREAN_FOOD,SATURDAY,-6
3110537,KOREAN_FOOD,SUNDAY,-6
3110537,CAFE_BEVERAGE,MONDAY,3
3110537,CAFE_BEVERAGE,TUESDAY,5
3110537,CAFE_BEVERAGE,WEDNESDAY,4
3110537,CAFE_BEVERAGE,THURSDAY,5
3110537,CAFE_BEVERAGE,FRIDAY,4
3110537,CAFE_BEVERAGE,SATURDAY,-6
3110537,CAFE_BEVERAGE,SUNDAY,-6
3110538,KOREAN_FOOD,MONDAY,6
3110538,KOREAN_FOOD,TUESDAY,6
3110538,KOREAN_FOOD,WEDNESDAY,6
3110538,KOREAN_FOOD,THURSDAY,6
3110538,KOREAN_FOOD,FRIDAY,6
3110538,KOREAN_FOOD,SATURDAY,-6
3110538,KOREAN_FOOD,SUNDAY,-6
3110538,WESTERN_FOOD,MONDAY,2
3110538,WESTERN_FOOD,TUESDAY,4
3110538,WESTERN_FOOD,WEDNESDAY,6
3110538,WESTERN_FOOD,THURSDAY,6
3110538,WESTERN_FOOD,FRIDAY,6
3110538,WESTERN_FOOD,SATURDAY,-6
3110538,WESTERN_FOOD,SUNDAY,-6
3110538,CAFE_BEVERAGE,MONDAY,3
3110538,CAFE_BEVERAGE,TUESDAY,6
3110538,CAFE_BEVERAGE,WEDNESDAY,5
3110538,CAFE_BEVERAGE,THURSDAY,6
3110538,CAFE_BEVERAGE,FRIDAY,6
3110538,CAFE_BEVERAGE,SATURDAY,-6
3110538,CAFE_BEVERAGE,SUNDAY,-6
3110539,KOREAN_FOOD,MONDAY,6
3110539,KOREAN_FOOD,TUESDAY,6
3110539,KOREAN_FOOD,WEDNESDAY,6
3110539,KOREAN_FOOD,THURSDAY,6
3110539,KOREAN_FOOD,FRIDAY,6
3110539,KOREAN_FOOD,SATURDAY,-6
3110539,KOREAN_FOOD,SUNDAY,-6
3110539,JAPANESE_FOOD,MONDAY,6
3110539,JAPANESE_FOOD,TUESDAY,6
3110539,JAPANESE_FOOD,WEDNESDAY,6
3110539,JAPANESE_FOOD,THURSDAY,6
3110539,JAPANESE_FOOD,FRIDAY,6
3110539,JAPANESE_FOOD,SATURDAY,-6
3110539,JAPANESE_FOOD,SUNDAY,-6
3110539,CAFE_BEVERAGE,MONDAY,6
3110539,CAFE_BEVERAGE,TUESDAY,6
3110539,CAFE_BEVERAGE,WEDNESDAY,6
3110539,CAFE_BEVERAGE,THURSDAY,6
3110539,CAFE_BEVERAGE,FRIDAY,6
3110539,CAFE_BEVERAGE,SATURDAY,-6
3110539,CAFE_BEVERAGE,SUNDAY,-6
3110540,KOREAN_FOOD,MONDAY,-6
3110540,KOREAN_FOOD,TUESDAY,-2
3110540,KOREAN_FOOD,WEDNESDAY,1
3110540,KOREAN_FOOD,THURSDAY,0
3110540,KOREAN_FOOD,FRIDAY,5
3110540,KOREAN_FOOD,SATURDAY,6
3110540,KOREAN_FOOD,SUNDAY,-2
3110541,KOREAN_FOOD,MONDAY,-4
3110541,KOREAN_FOOD,TUESDAY,-1
3110541,KOREAN_FOOD,WEDNESDAY,-2
3110541,KOREAN_FOOD,THURSDAY,-1
3110541,KOREAN_FOOD,FRIDAY,1
3110541,KOREAN_FOOD,SATURDAY,6
3110541,KOREAN_FOOD,SUNDAY,1
3110541,BUNSIK,MONDAY,3
3110541,BUNSIK,TUESDAY,3
3110541,BUNSIK,WEDNESDAY,4
3110541,BUNSIK,THURSDAY,5
3110541,BUNSIK,FRIDAY,6
3110541,BUNSIK,SATURDAY,-2
3110541,BUNSIK,SUNDAY,-6
3110541,CAFE_BEVERAGE,MONDAY,-1
3110541,CAFE_BEVERAGE,TUESDAY,-6
3110541,CAFE_BEVERAGE,WEDNESDAY,-5
3110541,CAFE_BEVERAGE,THURSDAY,1
3110541,CAFE_BEVERAGE,FRIDAY,2
3110541,CAFE_BEVERAGE,SATURDAY,6
3110541,CAFE_BEVERAGE,SUNDAY,2
3110541,BAKERY,MONDAY,-6
3110541,BAKERY,TUESDAY,-6
3110541,BAKERY,WEDNESDAY,1
3110541,BAKERY,THURSDAY,1
3110541,BAKERY,FRIDAY,3
3110541,BAKERY,SATURDAY,6
3110541,BAKERY,SUNDAY,6
3110542,KOREAN_FOOD,MONDAY,2
3110542,KOREAN_FOOD,TUESDAY,1
3110542,KOREAN_FOOD,WEDNESDAY,2
3110542,KOREAN_FOOD,THURSDAY,2
3110542,KOREAN_FOOD,FRIDAY,3
3110542,KOREAN_FOOD,SATURDAY,0
3110542,KOREAN_FOOD,SUNDAY,-6
3110542,CHINESE_FOOD,MONDAY,-6
3110542,CHINESE_FOOD,TUESDAY,-6
3110542,CHINESE_FOOD,WEDNESDAY,1
3110542,CHINESE_FOOD,THURSDAY,2
3110542,CHINESE_FOOD,FRIDAY,4
3110542,CHINESE_FOOD,SATURDAY,3
3110542,CHINESE_FOOD,SUNDAY,4
3110542,FAST_FOOD,MONDAY,-1
3110542,FAST_FOOD,TUESDAY,-1
3110542,FAST_FOOD,WEDNESDAY,-1
3110542,FAST_FOOD,THURSDAY,-1
3110542,FAST_FOOD,FRIDAY,0
3110542,FAST_FOOD,SATURDAY,1
3110542,FAST_FOOD,SUNDAY,1
3110542,CAFE_BEVERAGE,MONDAY,-1
3110542,CAFE_BEVERAGE,TUESDAY,-1
3110542,CAFE_BEVERAGE,WEDNESDAY,-1
3110542,CAFE_BEVERAGE,THURSDAY,0
3110542,CAFE_BEVERAGE,FRIDAY,1
3110542,CAFE_BEVERAGE,SATURDAY,3
3110542,CAFE_BEVERAGE,SUNDAY,0
3110544,KOREAN_FOOD,MONDAY,-3
3110544,KOREAN_FOOD,TUESDAY,-2
3110544,KOREAN_FOOD,WEDNESDAY,-2
3110544,KOREAN_FOOD,THURSDAY,-1
3110544,KOREAN_FOOD,FRIDAY,2
3110544,KOREAN_FOOD,SATURDAY,6
3110544,KOREAN_FOOD,SUNDAY,1
3110544,WESTERN_FOOD,MONDAY,-6
3110544,WESTERN_FOOD,TUESDAY,-3
3110544,WESTERN_FOOD,WEDNESDAY,-2
3110544,WESTERN_FOOD,THURSDAY,-3
3110544,WESTERN_FOOD,FRIDAY,0
3110544,WESTERN_FOOD,SATURDAY,6
3110544,WESTERN_FOOD,SUNDAY,3
3110544,CHICKEN,MONDAY,-6
3110544,CHICKEN,TUESDAY,-4
3110544,CHICKEN,WEDNESDAY,-2
3110544,CHICKEN,THURSDAY,-1
3110544,CHICKEN,FRIDAY,3
3110544,CHICKEN,SATURDAY,6
3110544,CHICKEN,SUNDAY,4
3110544,FAST_FOOD,MONDAY,-2
3110544,FAST_FOOD,TUESDAY,-2
3110544,FAST_FOOD,WEDNESDAY,-6
3110544,FAST_FOOD,THURSDAY,-1
3110544,FAST_FOOD,FRIDAY,1
3110544,FAST_FOOD,SATURDAY,6
3110544,FAST_FOOD,SUNDAY,3
3110544,BUNSIK,MONDAY,-3
3110544,BUNSIK,TUESDAY,-4
3110544,BUNSIK,WEDNESDAY,-3
3110544,BUNSIK,THURSDAY,-1
3110544,BUNSIK,FRIDAY,0
3110544,BUNSIK,SATURDAY,6
3110544,BUNSIK,SUNDAY,5
3110544,CAFE_BEVERAGE,MONDAY,-4
3110544,CAFE_BEVERAGE,TUESDAY,-5
3110544,CAFE_BEVERAGE,WEDNESDAY,-3
3110544,CAFE_BEVERAGE,THURSDAY,-3
3110544,CAFE_BEVERAGE,FRIDAY,-1
3110544,CAFE_BEVERAGE,SATURDAY,6
3110544,CAFE_BEVERAGE,SUNDAY,6
3110544,BAKERY,MONDAY,-3
3110544,BAKERY,TUESDAY,-3
3110544,BAKERY,WEDNESDAY,-3
3110544,BAKERY,THURSDAY,-2
3110544,BAKERY,FRIDAY,-2
3110544,BAKERY,SATURDAY,6
3110544,BAKERY,SUNDAY,4
3110545,KOREAN_FOOD,MONDAY,2
3110545,KOREAN_FOOD,TUESDAY,1
3110545,KOREAN_FOOD,WEDNESDAY,1
3110545,KOREAN_FOOD,THURSDAY,1
3110545,KOREAN_FOOD,FRIDAY,2
3110545,KOREAN_FOOD,SATURDAY,-2
3110545,KOREAN_FOOD,SUNDAY,-5
3110545,JAPANESE_FOOD,MONDAY,0
3110545,JAPANESE_FOOD,TUESDAY,1
3110545,JAPANESE_FOOD,WEDNESDAY,1
3110545,JAPANESE_FOOD,THURSDAY,1
3110545,JAPANESE_FOOD,FRIDAY,2
3110545,JAPANESE_FOOD,SATURDAY,3
3110545,JAPANESE_FOOD,SUNDAY,-6
3110545,CHICKEN,MONDAY,-5
3110545,CHICKEN,TUESDAY,-5
3110545,CHICKEN,WEDNESDAY,-2
3110545,CHICKEN,THURSDAY,-1
3110545,CHICKEN,FRIDAY,3
3110545,CHICKEN,SATURDAY,4
3110545,CHICKEN,SUNDAY,4
3110545,BUNSIK,MONDAY,1
3110545,BUNSIK,TUESDAY,2
3110545,BUNSIK,WEDNESDAY,2
3110545,BUNSIK,THURSDAY,2
3110545,BUNSIK,FRIDAY,2
3110545,BUNSIK,SATURDAY,-1
3110545,BUNSIK,SUNDAY,-6
3110545,CAFE_BEVERAGE,MONDAY,-1
3110545,CAFE_BEVERAGE,TUESDAY,-1
3110545,CAFE_BEVERAGE,WEDNESDAY,-1
3110545,CAFE_BEVERAGE,THURSDAY,-1
3110545,CAFE_BEVERAGE,FRIDAY,0
3110545,CAFE_BEVERAGE,SATURDAY,2
3110545,CAFE_BEVERAGE,SUNDAY,0
3110545,BAKERY,MONDAY,1
3110545,BAKERY,TUESDAY,1
3110545,BAKERY,WEDNESDAY,1
3110545,BAKERY,THURSDAY,1
3110545,BAKERY,FRIDAY,1
3110545,BAKERY,SATURDAY,0
3110545,BAKERY,SUNDAY,-6
3110546,KOREAN_FOOD,MONDAY,-6
3110546,KOREAN_FOOD,TUESDAY,-1
3110546,KOREAN_FOOD,WEDNESDAY,-2
3110546,KOREAN_FOOD,THURSDAY,-1
3110546,KOREAN_FOOD,FRIDAY,0
3110546,KOREAN_FOOD,SATURDAY,5
3110546,KOREAN_FOOD,SUNDAY,6
3110546,CAFE_BEVERAGE,MONDAY,-2
3110546,CAFE_BEVERAGE,TUESDAY,0
3110546,CAFE_BEVERAGE,WEDNESDAY,0
3110546,CAFE_BEVERAGE,THURSDAY,-1
3110546,CAFE_BEVERAGE,FRIDAY,4
3110546,CAFE_BEVERAGE,SATURDAY,1
3110546,CAFE_BEVERAGE,SUNDAY,-3
3110547,KOREAN_FOOD,MONDAY,0
3110547,KOREAN_FOOD,TUESDAY,-1
3110547,KOREAN_FOOD,WEDNESDAY,-1
3110547,KOREAN_FOOD,THURSDAY,-1
3110547,KOREAN_FOOD,FRIDAY,2
3110547,KOREAN_FOOD,SATURDAY,4
3110547,KOREAN_FOOD,SUNDAY,-2
3110547,BUNSIK,MONDAY,1
3110547,BUNSIK,TUESDAY,1
3110547,BUNSIK,WEDNESDAY,2
3110547,BUNSIK,THURSDAY,0
3110547,BUNSIK,FRIDAY,2
3110547,BUNSIK,SATURDAY,3
3110547,BUNSIK,SUNDAY,-6
3110547,CAFE_BEVERAGE,MONDAY,-2
3110547,CAFE_BEVERAGE,TUESDAY,-1
3110547,CAFE_BEVERAGE,WEDNESDAY,-1
3110547,CAFE_BEVERAGE,THURSDAY,0
3110547,CAFE_BEVERAGE,FRIDAY,0
3110547,CAFE_BEVERAGE,SATURDAY,4
3110547,CAFE_BEVERAGE,SUNDAY,0
3110548,KOREAN_FOOD,MONDAY,-3
3110548,KOREAN_FOOD,TUESDAY,-1
3110548,KOREAN_FOOD,WEDNESDAY,0
3110548,KOREAN_FOOD,THURSDAY,0
3110548,KOREAN_FOOD,FRIDAY,1
3110548,KOREAN_FOOD,SATURDAY,4
3110548,KOREAN_FOOD,SUNDAY,-1
3110548,CAFE_BEVERAGE,MONDAY,-2
3110548,CAFE_BEVERAGE,TUESDAY,-4
3110548,CAFE_BEVERAGE,WEDNESDAY,0
3110548,CAFE_BEVERAGE,THURSDAY,-1
3110548,CAFE_BEVERAGE,FRIDAY,1
3110548,CAFE_BEVERAGE,SATURDAY,3
3110548,CAFE_BEVERAGE,SUNDAY,2
3110549,KOREAN_FOOD,MONDAY,-3
3110549,KOREAN_FOOD,TUESDAY,0
3110549,KOREAN_FOOD,WEDNESDAY,1
3110549,KOREAN_FOOD,THURSDAY,1
3110549,KOREAN_FOOD,FRIDAY,2
3110549,KOREAN_FOOD,SATURDAY,1
3110549,KOREAN_FOOD,SUNDAY,-2
3110550,KOREAN_FOOD,MONDAY,0
3110550,KOREAN_FOOD,TUESDAY,0
3110550,KOREAN_FOOD,WEDNESDAY,1
3110550,KOREAN_FOOD,THURSDAY,1
3110550,KOREAN_FOOD,FRIDAY,4
3110550,KOREAN_FOOD,SATURDAY,0
3110550,KOREAN_FOOD,SUNDAY,-6
3110550,CHINESE_FOOD,MONDAY,-1
3110550,CHINESE_FOOD,TUESDAY,-1
3110550,CHINESE_FOOD,WEDNESDAY,1
3110550,CHINESE_FOOD,THURSDAY,2
3110550,CHINESE_FOOD,FRIDAY,6
3110550,CHINESE_FOOD,SATURDAY,6
3110550,CHINESE_FOOD,SUNDAY,-6
3110550,JAPANESE_FOOD,MONDAY,-1
3110550,JAPANESE_FOOD,TUESDAY,-1
3110550,JAPANESE_FOOD,WEDNESDAY,0
3110550,JAPANESE_FOOD,THURSDAY,-1
3110550,JAPANESE_FOOD,FRIDAY,4
3110550,JAPANESE_FOOD,SATURDAY,6
3110550,JAPANESE_FOOD,SUNDAY,-6
3110550,WESTERN_FOOD,MONDAY,-6
3110550,WESTERN_FOOD,TUESDAY,-5
3110550,WESTERN_FOOD,WEDNESDAY,-3
3110550,WESTERN_FOOD,THURSDAY,-4
3110550,WESTERN_FOOD,FRIDAY,2
3110550,WESTERN_FOOD,SATURDAY,6
3110550,WESTERN_FOOD,SUNDAY,5
3110550,CHICKEN,MONDAY,-3
3110550,CHICKEN,TUESDAY,-1
3110550,CHICKEN,WEDNESDAY,-1
3110550,CHICKEN,THURSDAY,0
3110550,CHICKEN,FRIDAY,4
3110550,CHICKEN,SATURDAY,6
3110550,CHICKEN,SUNDAY,-6
3110550,FAST_FOOD,MONDAY,-2
3110550,FAST_FOOD,TUESDAY,0
3110550,FAST_FOOD,WEDNESDAY,1
3110550,FAST_FOOD,THURSDAY,0
3110550,FAST_FOOD,FRIDAY,1
3110550,FAST_FOOD,SATURDAY,1
3110550,FAST_FOOD,SUNDAY,-1
3110550,BUNSIK,MONDAY,3
3110550,BUNSIK,TUESDAY,5
3110550,BUNSIK,WEDNESDAY,4
3110550,BUNSIK,THURSDAY,5
3110550,BUNSIK,FRIDAY,4
3110550,BUNSIK,SATURDAY,-2
3110550,BUNSIK,SUNDAY,-6
3110550,CAFE_BEVERAGE,MONDAY,-2
3110550,CAFE_BEVERAGE,TUESDAY,-2
3110550,CAFE_BEVERAGE,WEDNESDAY,1
3110550,CAFE_BEVERAGE,THURSDAY,-1
3110550,CAFE_BEVERAGE,FRIDAY,3
3110550,CAFE_BEVERAGE,SATURDAY,3
3110550,CAFE_BEVERAGE,SUNDAY,-2
3110550,BAKERY,MONDAY,-6
3110550,BAKERY,TUESDAY,-1
3110550,BAKERY,WEDNESDAY,2
3110550,BAKERY,THURSDAY,2
3110550,BAKERY,FRIDAY,5
3110550,BAKERY,SATURDAY,6
3110550,BAKERY,SUNDAY,5
3110551,KOREAN_FOOD,MONDAY,-1
3110551,KOREAN_FOOD,TUESDAY,-1
3110551,KOREAN_FOOD,WEDNESDAY,0
3110551,KOREAN_FOOD,THURSDAY,0
3110551,KOREAN_FOOD,FRIDAY,2
3110551,KOREAN_FOOD,SATURDAY,4
3110551,KOREAN_FOOD,SUNDAY,-4
3110551,WESTERN_FOOD,MONDAY,5
3110551,WESTERN_FOOD,TUESDAY,6
3110551,WESTERN_FOOD,WEDNESDAY,3
3110551,WESTERN_FOOD,THURSDAY,5
3110551,WESTERN_FOOD,FRIDAY,5
3110551,WESTERN_FOOD,SATURDAY,-6
3110551,WESTERN_FOOD,SUNDAY,-6
3110551,CAFE_BEVERAGE,MONDAY,0
3110551,CAFE_BEVERAGE,TUESDAY,0
3110551,CAFE_BEVERAGE,WEDNESDAY,2
3110551,CAFE_BEVERAGE,THURSDAY,0
3110551,CAFE_BEVERAGE,FRIDAY,0
3110551,CAFE_BEVERAGE,SATURDAY,0
3110551,CAFE_BEVERAGE,SUNDAY,-1
3110552,KOREAN_FOOD,MONDAY,3
3110552,KOREAN_FOOD,TUESDAY,5
3110552,KOREAN_FOOD,WEDNESDAY,3
3110552,KOREAN_FOOD,THURSDAY,4
3110552,KOREAN_FOOD,FRIDAY,3
3110552,KOREAN_FOOD,SATURDAY,-6
3110552,KOREAN_FOOD,SUNDAY,-6
3110553,KOREAN_FOOD,MONDAY,0
3110553,KOREAN_FOOD,TUESDAY,0
3110553,KOREAN_FOOD,WEDNESDAY,0
3110553,KOREAN_FOOD,THURSDAY,2
3110553,KOREAN_FOOD,FRIDAY,3
3110553,KOREAN_FOOD,SATURDAY,0
3110553,KOREAN_FOOD,SUNDAY,-4
3110553,CHICKEN,MONDAY,-4
3110553,CHICKEN,TUESDAY,0
3110553,CHICKEN,WEDNESDAY,2
3110553,CHICKEN,THURSDAY,0
3110553,CHICKEN,FRIDAY,4
3110553,CHICKEN,SATURDAY,1
3110553,CHICKEN,SUNDAY,-3
3110553,CAFE_BEVERAGE,MONDAY,0
3110553,CAFE_BEVERAGE,TUESDAY,1
3110553,CAFE_BEVERAGE,WEDNESDAY,1
3110553,CAFE_BEVERAGE,THURSDAY,0
3110553,CAFE_BEVERAGE,FRIDAY,1
3110553,CAFE_BEVERAGE,SATURDAY,-4
3110553,CAFE_BEVERAGE,SUNDAY,1
3110554,KOREAN_FOOD,MONDAY,3
3110554,KOREAN_FOOD,TUESDAY,3
3110554,KOREAN_FOOD,WEDNESDAY,3
3110554,KOREAN_FOOD,THURSDAY,3
3110554,KOREAN_FOOD,FRIDAY,4
3110554,KOREAN_FOOD,SATURDAY,-2
3110554,KOREAN_FOOD,SUNDAY,-6
3110554,CAFE_BEVERAGE,MONDAY,0
3110554,CAFE_BEVERAGE,TUESDAY,1
3110554,CAFE_BEVERAGE,WEDNESDAY,1
3110554,CAFE_BEVERAGE,THURSDAY,1
3110554,CAFE_BEVERAGE,FRIDAY,3
3110554,CAFE_BEVERAGE,SATURDAY,0
3110554,CAFE_BEVERAGE,SUNDAY,-6
3110554,BAKERY,MONDAY,3
3110554,BAKERY,TUESDAY,4
3110554,BAKERY,WEDNESDAY,4
3110554,BAKERY,THURSDAY,4
3110554,BAKERY,FRIDAY,5
3110554,BAKERY,SATURDAY,0
3110554,BAKERY,SUNDAY,-6
3110555,KOREAN_FOOD,MONDAY,2
3110555,KOREAN_FOOD,TUESDAY,2
3110555,KOREAN_FOOD,WEDNESDAY,1
3110555,KOREAN_FOOD,THURSDAY,2
3110555,KOREAN_FOOD,FRIDAY,3
3110555,KOREAN_FOOD,SATURDAY,-2
3110555,KOREAN_FOOD,SUNDAY,-6
3110557,KOREAN_FOOD,MONDAY,5
3110557,KOREAN_FOOD,TUESDAY,5
3110557,KOREAN_FOOD,WEDNESDAY,4
3110557,KOREAN_FOOD,THURSDAY,4
3110557,KOREAN_FOOD,FRIDAY,4
3110557,KOREAN_FOOD,SATURDAY,-6
3110557,KOREAN_FOOD,SUNDAY,-6
3110557,FAST_FOOD,MONDAY,-2
3110557,FAST_FOOD,TUESDAY,-5
3110557,FAST_FOOD,WEDNESDAY,-3
3110557,FAST_FOOD,THURSDAY,2
3110557,FAST_FOOD,FRIDAY,0
3110557,FAST_FOOD,SATURDAY,3
3110557,FAST_FOOD,SUNDAY,5
3110557,BUNSIK,MONDAY,6
3110557,BUNSIK,TUESDAY,5
3110557,BUNSIK,WEDNESDAY,6
3110557,BUNSIK,THURSDAY,3
3110557,BUNSIK,FRIDAY,6
3110557,BUNSIK,SATURDAY,-6
3110557,BUNSIK,SUNDAY,-6
3110557,CAFE_BEVERAGE,MONDAY,-1
3110557,CAFE_BEVERAGE,TUESDAY,2
3110557,CAFE_BEVERAGE,WEDNESDAY,3
3110557,CAFE_BEVERAGE,THURSDAY,3
3110557,CAFE_BEVERAGE,FRIDAY,3
3110557,CAFE_BEVERAGE,SATURDAY,-3
3110557,CAFE_BEVERAGE,SUNDAY,-6
3110558,KOREAN_FOOD,MONDAY,0
3110558,KOREAN_FOOD,TUESDAY,-1
3110558,KOREAN_FOOD,WEDNESDAY,1
3110558,KOREAN_FOOD,THURSDAY,1
3110558,KOREAN_FOOD,FRIDAY,3
3110558,KOREAN_FOOD,SATURDAY,1
3110558,KOREAN_FOOD,SUNDAY,-4
3110558,BUNSIK,MONDAY,5
3110558,BUNSIK,TUESDAY,6
3110558,BUNSIK,WEDNESDAY,6
3110558,BUNSIK,THURSDAY,6
3110558,BUNSIK,FRIDAY,4
3110558,BUNSIK,SATURDAY,-6
3110558,BUNSIK,SUNDAY,-6
3110558,CAFE_BEVERAGE,MONDAY,3
3110558,CAFE_BEVERAGE,TUESDAY,2
3110558,CAFE_BEVERAGE,WEDNESDAY,1
3110558,CAFE_BEVERAGE,THURSDAY,4
3110558,CAFE_BEVERAGE,FRIDAY,2
3110558,CAFE_BEVERAGE,SATURDAY,-3
3110558,CAFE_BEVERAGE,SUNDAY,-6
3110559,KOREAN_FOOD,MONDAY,-1
3110559,KOREAN_FOOD,TUESDAY,0
3110559,KOREAN_FOOD,WEDNESDAY,2
3110559,KOREAN_FOOD,THURSDAY,1
3110559,KOREAN_FOOD,FRIDAY,3
3110559,KOREAN_FOOD,SATURDAY,1
3110559,KOREAN_FOOD,SUNDAY,-6
3110559,JAPANESE_FOOD,MONDAY,-1
3110559,JAPANESE_FOOD,TUESDAY,0
3110559,JAPANESE_FOOD,WEDNESDAY,-1
3110559,JAPANESE_FOOD,THURSDAY,-1
3110559,JAPANESE_FOOD,FRIDAY,1
3110559,JAPANESE_FOOD,SATURDAY,1
3110559,JAPANESE_FOOD,SUNDAY,0
3110559,WESTERN_FOOD,MONDAY,-6
3110559,WESTERN_FOOD,TUESDAY,-4
3110559,WESTERN_FOOD,WEDNESDAY,-2
3110559,WESTERN_FOOD,THURSDAY,-3
3110559,WESTERN_FOOD,FRIDAY,1
3110559,WESTERN_FOOD,SATURDAY,6
3110559,WESTERN_FOOD,SUNDAY,6
3110559,BUNSIK,MONDAY,1
3110559,BUNSIK,TUESDAY,1
3110559,BUNSIK,WEDNESDAY,0
3110559,BUNSIK,THURSDAY,1
3110559,BUNSIK,FRIDAY,2
3110559,BUNSIK,SATURDAY,-5
3110559,BUNSIK,SUNDAY,0
3110559,CAFE_BEVERAGE,MONDAY,-4
3110559,CAFE_BEVERAGE,TUESDAY,-2
3110559,CAFE_BEVERAGE,WEDNESDAY,-3
3110559,CAFE_BEVERAGE,THURSDAY,-1
3110559,CAFE_BEVERAGE,FRIDAY,1
3110559,CAFE_BEVERAGE,SATURDAY,6
3110559,CAFE_BEVERAGE,SUNDAY,3
3110560,KOREAN_FOOD,MONDAY,4
3110560,KOREAN_FOOD,TUESDAY,3
3110560,KOREAN_FOOD,WEDNESDAY,4
3110560,KOREAN_FOOD,THURSDAY,4
3110560,KOREAN_FOOD,FRIDAY,3
3110560,KOREAN_FOOD,SATURDAY,-5
3110560,KOREAN_FOOD,SUNDAY,-6
3110561,KOREAN_FOOD,MONDAY,-5
3110561,KOREAN_FOOD,TUESDAY,0
3110561,KOREAN_FOOD,WEDNESDAY,0
3110561,KOREAN_FOOD,THURSDAY,1
3110561,KOREAN_FOOD,FRIDAY,6
3110561,KOREAN_FOOD,SATURDAY,5
3110561,KOREAN_FOOD,SUNDAY,-6
3110561,WESTERN_FOOD,MONDAY,-6
3110561,WESTERN_FOOD,TUESDAY,-6
3110561,WESTERN_FOOD,WEDNESDAY,-6
3110561,WESTERN_FOOD,THURSDAY,-6
3110561,WESTERN_FOOD,FRIDAY,2
3110561,WESTERN_FOOD,SATURDAY,6
3110561,WESTERN_FOOD,SUNDAY,6
3110561,CAFE_BEVERAGE,MONDAY,-2
3110561,CAFE_BEVERAGE,TUESDAY,-2
3110561,CAFE_BEVERAGE,WEDNESDAY,-1
3110561,CAFE_BEVERAGE,THURSDAY,-2
3110561,CAFE_BEVERAGE,FRIDAY,0
3110561,CAFE_BEVERAGE,SATURDAY,4
3110561,CAFE_BEVERAGE,SUNDAY,4
3110562,KOREAN_FOOD,MONDAY,1
3110562,KOREAN_FOOD,TUESDAY,-6
3110562,KOREAN_FOOD,WEDNESDAY,-6
3110562,KOREAN_FOOD,THURSDAY,4
3110562,KOREAN_FOOD,FRIDAY,5
3110562,KOREAN_FOOD,SATURDAY,6
3110562,KOREAN_FOOD,SUNDAY,6
3110562,JAPANESE_FOOD,MONDAY,-6
3110562,JAPANESE_FOOD,TUESDAY,-6
3110562,JAPANESE_FOOD,WEDNESDAY,-4
3110562,JAPANESE_FOOD,THURSDAY,-3
3110562,JAPANESE_FOOD,FRIDAY,2
3110562,JAPANESE_FOOD,SATURDAY,6
3110562,JAPANESE_FOOD,SUNDAY,6
3110562,WESTERN_FOOD,MONDAY,-6
3110562,WESTERN_FOOD,TUESDAY,-6
3110562,WESTERN_FOOD,WEDNESDAY,-6
3110562,WESTERN_FOOD,THURSDAY,-6
3110562,WESTERN_FOOD,FRIDAY,-2
3110562,WESTERN_FOOD,SATURDAY,6
3110562,WESTERN_FOOD,SUNDAY,6
3110562,CAFE_BEVERAGE,MONDAY,-5
3110562,CAFE_BEVERAGE,TUESDAY,-5
3110562,CAFE_BEVERAGE,WEDNESDAY,-5
3110562,CAFE_BEVERAGE,THURSDAY,-5
3110562,CAFE_BEVERAGE,FRIDAY,-2
3110562,CAFE_BEVERAGE,SATURDAY,6
3110562,CAFE_BEVERAGE,SUNDAY,6
3110564,KOREAN_FOOD,MONDAY,-4
3110564,KOREAN_FOOD,TUESDAY,-4
3110564,KOREAN_FOOD,WEDNESDAY,-4
3110564,KOREAN_FOOD,THURSDAY,-4
3110564,KOREAN_FOOD,FRIDAY,1
3110564,KOREAN_FOOD,SATURDAY,6
3110564,KOREAN_FOOD,SUNDAY,5
3110564,CHINESE_FOOD,MONDAY,-6
3110564,CHINESE_FOOD,TUESDAY,-6
3110564,CHINESE_FOOD,WEDNESDAY,-1
3110564,CHINESE_FOOD,THURSDAY,-1
3110564,CHINESE_FOOD,FRIDAY,3
3110564,CHINESE_FOOD,SATURDAY,6
3110564,CHINESE_FOOD,SUNDAY,5
3110564,JAPANESE_FOOD,MONDAY,-3
3110564,JAPANESE_FOOD,TUESDAY,-3
3110564,JAPANESE_FOOD,WEDNESDAY,-3
3110564,JAPANESE_FOOD,THURSDAY,-2
3110564,JAPANESE_FOOD,FRIDAY,0
3110564,JAPANESE_FOOD,SATURDAY,6
3110564,JAPANESE_FOOD,SUNDAY,1
3110564,WESTERN_FOOD,MONDAY,-6
3110564,WESTERN_FOOD,TUESDAY,-6
3110564,WESTERN_FOOD,WEDNESDAY,-5
3110564,WESTERN_FOOD,THURSDAY,-4
3110564,WESTERN_FOOD,FRIDAY,-1
3110564,WESTERN_FOOD,SATURDAY,6
3110564,WESTERN_FOOD,SUNDAY,6
3110564,BUNSIK,MONDAY,-6
3110564,BUNSIK,TUESDAY,-5
3110564,BUNSIK,WEDNESDAY,-1
3110564,BUNSIK,THURSDAY,0
3110564,BUNSIK,FRIDAY,3
3110564,BUNSIK,SATURDAY,6
3110564,BUNSIK,SUNDAY,-6
3110564,CAFE_BEVERAGE,MONDAY,-3
3110564,CAFE_BEVERAGE,TUESDAY,-3
3110564,CAFE_BEVERAGE,WEDNESDAY,-4
3110564,CAFE_BEVERAGE,THURSDAY,-3
3110564,CAFE_BEVERAGE,FRIDAY,1
3110564,CAFE_BEVERAGE,SATURDAY,6
3110564,CAFE_BEVERAGE,SUNDAY,3
3110565,KOREAN_FOOD,MONDAY,-1
3110565,KOREAN_FOOD,TUESDAY,1
3110565,KOREAN_FOOD,WEDNESDAY,3
3110565,KOREAN_FOOD,THURSDAY,-6
3110565,KOREAN_FOOD,FRIDAY,2
3110565,KOREAN_FOOD,SATURDAY,6
3110565,KOREAN_FOOD,SUNDAY,4
3110566,KOREAN_FOOD,MONDAY,-2
3110566,KOREAN_FOOD,TUESDAY,-3
3110566,KOREAN_FOOD,WEDNESDAY,-1
3110566,KOREAN_FOOD,THURSDAY,0
3110566,KOREAN_FOOD,FRIDAY,5
3110566,KOREAN_FOOD,SATURDAY,5
3110566,KOREAN_FOOD,SUNDAY,-5
3110566,JAPANESE_FOOD,MONDAY,-3
3110566,JAPANESE_FOOD,TUESDAY,-4
3110566,JAPANESE_FOOD,WEDNESDAY,-3
3110566,JAPANESE_FOOD,THURSDAY,-5
3110566,JAPANESE_FOOD,FRIDAY,1
3110566,JAPANESE_FOOD,SATURDAY,6
3110566,JAPANESE_FOOD,SUNDAY,6
3110566,WESTERN_FOOD,MONDAY,-4
3110566,WESTERN_FOOD,TUESDAY,-3
3110566,WESTERN_FOOD,WEDNESDAY,-6
3110566,WESTERN_FOOD,THURSDAY,0
3110566,WESTERN_FOOD,FRIDAY,3
3110566,WESTERN_FOOD,SATURDAY,6
3110566,WESTERN_FOOD,SUNDAY,4
3110566,FAST_FOOD,MONDAY,-1
3110566,FAST_FOOD,TUESDAY,1
3110566,FAST_FOOD,WEDNESDAY,0
3110566,FAST_FOOD,THURSDAY,2
3110566,FAST_FOOD,FRIDAY,-1
3110566,FAST_FOOD,SATURDAY,0
3110566,FAST_FOOD,SUNDAY,-2
3110566,BUNSIK,MONDAY,-3
3110566,BUNSIK,TUESDAY,-4
3110566,BUNSIK,WEDNESDAY,0
3110566,BUNSIK,THURSDAY,0
3110566,BUNSIK,FRIDAY,0
3110566,BUNSIK,SATURDAY,5
3110566,BUNSIK,SUNDAY,1
3110566,CAFE_BEVERAGE,MONDAY,-3
3110566,CAFE_BEVERAGE,TUESDAY,-3
3110566,CAFE_BEVERAGE,WEDNESDAY,-3
3110566,CAFE_BEVERAGE,THURSDAY,-1
3110566,CAFE_BEVERAGE,FRIDAY,1
3110566,CAFE_BEVERAGE,SATURDAY,6
3110566,CAFE_BEVERAGE,SUNDAY,2
3110567,CAFE_BEVERAGE,MONDAY,2
3110567,CAFE_BEVERAGE,TUESDAY,4
3110567,CAFE_BEVERAGE,WEDNESDAY,4
3110567,CAFE_BEVERAGE,THURSDAY,6
3110567,CAFE_BEVERAGE,FRIDAY,4
3110567,CAFE_BEVERAGE,SATURDAY,0
3110567,CAFE_BEVERAGE,SUNDAY,-6
3110568,KOREAN_FOOD,MONDAY,6
3110568,KOREAN_FOOD,TUESDAY,4
3110568,KOREAN_FOOD,WEDNESDAY,4
3110568,KOREAN_FOOD,THURSDAY,4
3110568,KOREAN_FOOD,FRIDAY,4
3110568,KOREAN_FOOD,SATURDAY,-6
3110568,KOREAN_FOOD,SUNDAY,-6
3110568,CAFE_BEVERAGE,MONDAY,2
3110568,CAFE_BEVERAGE,TUESDAY,2
3110568,CAFE_BEVERAGE,WEDNESDAY,4
3110568,CAFE_BEVERAGE,THURSDAY,3
3110568,CAFE_BEVERAGE,FRIDAY,3
3110568,CAFE_BEVERAGE,SATURDAY,-3
3110568,CAFE_BEVERAGE,SUNDAY,-6
3110569,KOREAN_FOOD,MONDAY,-2
3110569,KOREAN_FOOD,TUESDAY,-1
3110569,KOREAN_FOOD,WEDNESDAY,0
3110569,KOREAN_FOOD,THURSDAY,-1
3110569,KOREAN_FOOD,FRIDAY,3
3110569,KOREAN_FOOD,SATURDAY,4
3110569,KOREAN_FOOD,SUNDAY,-3
3110569,JAPANESE_FOOD,MONDAY,-3
3110569,JAPANESE_FOOD,TUESDAY,-4
3110569,JAPANESE_FOOD,WEDNESDAY,-2
3110569,JAPANESE_FOOD,THURSDAY,0
3110569,JAPANESE_FOOD,FRIDAY,1
3110569,JAPANESE_FOOD,SATURDAY,5
3110569,JAPANESE_FOOD,SUNDAY,4
3110569,WESTERN_FOOD,MONDAY,-6
3110569,WESTERN_FOOD,TUESDAY,-5
3110569,WESTERN_FOOD,WEDNESDAY,-1
3110569,WESTERN_FOOD,THURSDAY,-1
3110569,WESTERN_FOOD,FRIDAY,2
3110569,WESTERN_FOOD,SATURDAY,6
3110569,WESTERN_FOOD,SUNDAY,3
3110569,FAST_FOOD,MONDAY,-6
3110569,FAST_FOOD,TUESDAY,0
3110569,FAST_FOOD,WEDNESDAY,-6
3110569,FAST_FOOD,THURSDAY,2
3110569,FAST_FOOD,FRIDAY,2
3110569,FAST_FOOD,SATURDAY,0
3110569,FAST_FOOD,SUNDAY,6
3110569,BUNSIK,MONDAY,-2
3110569,BUNSIK,TUESDAY,-4
3110569,BUNSIK,WEDNESDAY,1
3110569,BUNSIK,THURSDAY,0
3110569,BUNSIK,FRIDAY,1
3110569,BUNSIK,SATURDAY,5
3110569,BUNSIK,SUNDAY,-2
3110569,CAFE_BEVERAGE,MONDAY,-3
3110569,CAFE_BEVERAGE,TUESDAY,-2
3110569,CAFE_BEVERAGE,WEDNESDAY,-2
3110569,CAFE_BEVERAGE,THURSDAY,-1
3110569,CAFE_BEVERAGE,FRIDAY,0
3110569,CAFE_BEVERAGE,SATURDAY,4
3110569,CAFE_BEVERAGE,SUNDAY,4
3110569,BAKERY,MONDAY,-2
3110569,BAKERY,TUESDAY,0
3110569,BAKERY,WEDNESDAY,0
3110569,BAKERY,THURSDAY,0
3110569,BAKERY,FRIDAY,1
3110569,BAKERY,SATURDAY,4
3110569,BAKERY,SUNDAY,-3
3110570,KOREAN_FOOD,MONDAY,2
3110570,KOREAN_FOOD,TUESDAY,1
3110570,KOREAN_FOOD,WEDNESDAY,3
3110570,KOREAN_FOOD,THURSDAY,3
3110570,KOREAN_FOOD,FRIDAY,4
3110570,KOREAN_FOOD,SATURDAY,-3
3110570,KOREAN_FOOD,SUNDAY,-6
3110570,CAFE_BEVERAGE,MONDAY,1
3110570,CAFE_BEVERAGE,TUESDAY,2
3110570,CAFE_BEVERAGE,WEDNESDAY,2
3110570,CAFE_BEVERAGE,THURSDAY,2
3110570,CAFE_BEVERAGE,FRIDAY,2
3110570,CAFE_BEVERAGE,SATURDAY,-4
3110570,CAFE_BEVERAGE,SUNDAY,-5
3110571,BUNSIK,MONDAY,3
3110571,BUNSIK,TUESDAY,6
3110571,BUNSIK,WEDNESDAY,6
3110571,BUNSIK,THURSDAY,6
3110571,BUNSIK,FRIDAY,1
3110571,BUNSIK,SATURDAY,-6
3110571,BUNSIK,SUNDAY,-6
3110571,CAFE_BEVERAGE,MONDAY,-1
3110571,CAFE_BEVERAGE,TUESDAY,-3
3110571,CAFE_BEVERAGE,WEDNESDAY,-1
3110571,CAFE_BEVERAGE,THURSDAY,-1
3110571,CAFE_BEVERAGE,FRIDAY,1
3110571,CAFE_BEVERAGE,SATURDAY,3
3110571,CAFE_BEVERAGE,SUNDAY,3
3110572,KOREAN_FOOD,MONDAY,2
3110572,KOREAN_FOOD,TUESDAY,3
3110572,KOREAN_FOOD,WEDNESDAY,2
3110572,KOREAN_FOOD,THURSDAY,2
3110572,KOREAN_FOOD,FRIDAY,2
3110572,KOREAN_FOOD,SATURDAY,-4
3110572,KOREAN_FOOD,SUNDAY,-6
3110572,CHINESE_FOOD,MONDAY,3
3110572,CHINESE_FOOD,TUESDAY,6
3110572,CHINESE_FOOD,WEDNESDAY,4
3110572,CHINESE_FOOD,THURSDAY,6
3110572,CHINESE_FOOD,FRIDAY,4
3110572,CHINESE_FOOD,SATURDAY,-2
3110572,CHINESE_FOOD,SUNDAY,-6
3110572,WESTERN_FOOD,MONDAY,-1
3110572,WESTERN_FOOD,TUESDAY,1
3110572,WESTERN_FOOD,WEDNESDAY,1
3110572,WESTERN_FOOD,THURSDAY,1
3110572,WESTERN_FOOD,FRIDAY,1
3110572,WESTERN_FOOD,SATURDAY,0
3110572,WESTERN_FOOD,SUNDAY,-3
3110572,BUNSIK,MONDAY,0
3110572,BUNSIK,TUESDAY,1
3110572,BUNSIK,WEDNESDAY,1
3110572,BUNSIK,THURSDAY,1
3110572,BUNSIK,FRIDAY,1
3110572,BUNSIK,SATURDAY,-1
3110572,BUNSIK,SUNDAY,-4
3110572,CAFE_BEVERAGE,MONDAY,-1
3110572,CAFE_BEVERAGE,TUESDAY,0
3110572,CAFE_BEVERAGE,WEDNESDAY,0
3110572,CAFE_BEVERAGE,THURSDAY,0
3110572,CAFE_BEVERAGE,FRIDAY,-1
3110572,CAFE_BEVERAGE,SATURDAY,1
3110572,CAFE_BEVERAGE,SUNDAY,0
3110572,BAKERY,MONDAY,0
3110572,BAKERY,TUESDAY,-1
3110572,BAKERY,WEDNESDAY,0
3110572,BAKERY,THURSDAY,0
3110572,BAKERY,FRIDAY,-1
3110572,BAKERY,SATURDAY,1
3110572,BAKERY,SUNDAY,1
3110573,KOREAN_FOOD,MONDAY,-1
3110573,KOREAN_FOOD,TUESDAY,1
3110573,KOREAN_FOOD,WEDNESDAY,1
3110573,KOREAN_FOOD,THURSDAY,2
3110573,KOREAN_FOOD,FRIDAY,3
3110573,KOREAN_FOOD,SATURDAY,6
3110573,KOREAN_FOOD,SUNDAY,-6
3110575,KOREAN_FOOD,MONDAY,6
3110575,KOREAN_FOOD,TUESDAY,6
3110575,KOREAN_FOOD,WEDNESDAY,6
3110575,KOREAN_FOOD,THURSDAY,5
3110575,KOREAN_FOOD,FRIDAY,1
3110575,KOREAN_FOOD,SATURDAY,-6
3110575,KOREAN_FOOD,SUNDAY,-6
3110576,KOREAN_FOOD,MONDAY,-1
3110576,KOREAN_FOOD,TUESDAY,1
3110576,KOREAN_FOOD,WEDNESDAY,2
3110576,KOREAN_FOOD,THURSDAY,2
3110576,KOREAN_FOOD,FRIDAY,3
3110576,KOREAN_FOOD,SATURDAY,-1
3110576,KOREAN_FOOD,SUNDAY,-6
3110576,WESTERN_FOOD,MONDAY,-3
3110576,WESTERN_FOOD,TUESDAY,-1
3110576,WESTERN_FOOD,WEDNESDAY,1
3110576,WESTERN_FOOD,THURSDAY,1
3110576,WESTERN_FOOD,FRIDAY,2
3110576,WESTERN_FOOD,SATURDAY,0
3110576,WESTERN_FOOD,SUNDAY,0
3110576,CHICKEN,MONDAY,2
3110576,CHICKEN,TUESDAY,3
3110576,CHICKEN,WEDNESDAY,2
3110576,CHICKEN,THURSDAY,4
3110576,CHICKEN,FRIDAY,4
3110576,CHICKEN,SATURDAY,-1
3110576,CHICKEN,SUNDAY,-6
3110576,BUNSIK,MONDAY,-1
3110576,BUNSIK,TUESDAY,-1
3110576,BUNSIK,WEDNESDAY,-1
3110576,BUNSIK,THURSDAY,-2
3110576,BUNSIK,FRIDAY,1
3110576,BUNSIK,SATURDAY,6
3110576,BUNSIK,SUNDAY,-2
3110576,CAFE_BEVERAGE,MONDAY,1
3110576,CAFE_BEVERAGE,TUESDAY,1
3110576,CAFE_BEVERAGE,WEDNESDAY,1
3110576,CAFE_BEVERAGE,THURSDAY,1
3110576,CAFE_BEVERAGE,FRIDAY,2
3110576,CAFE_BEVERAGE,SATURDAY,-1
3110576,CAFE_BEVERAGE,SUNDAY,-6
3110576,BAKERY,MONDAY,-3
3110576,BAKERY,TUESDAY,-2
3110576,BAKERY,WEDNESDAY,2
3110576,BAKERY,THURSDAY,3
3110576,BAKERY,FRIDAY,3
3110576,BAKERY,SATURDAY,1
3110576,BAKERY,SUNDAY,-3
3110577,KOREAN_FOOD,MONDAY,1
3110577,KOREAN_FOOD,TUESDAY,2
3110577,KOREAN_FOOD,WEDNESDAY,2
3110577,KOREAN_FOOD,THURSDAY,3
3110577,KOREAN_FOOD,FRIDAY,3
3110577,KOREAN_FOOD,SATURDAY,-2
3110577,KOREAN_FOOD,SUNDAY,-6
3110577,BUNSIK,MONDAY,3
3110577,BUNSIK,TUESDAY,-1
3110577,BUNSIK,WEDNESDAY,3
3110577,BUNSIK,THURSDAY,5
3110577,BUNSIK,FRIDAY,4
3110577,BUNSIK,SATURDAY,1
3110577,BUNSIK,SUNDAY,-6
3110578,KOREAN_FOOD,MONDAY,1
3110578,KOREAN_FOOD,TUESDAY,2
3110578,KOREAN_FOOD,WEDNESDAY,1
3110578,KOREAN_FOOD,THURSDAY,2
3110578,KOREAN_FOOD,FRIDAY,2
3110578,KOREAN_FOOD,SATURDAY,-2
3110578,KOREAN_FOOD,SUNDAY,-6
3110578,CHINESE_FOOD,MONDAY,-1
3110578,CHINESE_FOOD,TUESDAY,-1
3110578,CHINESE_FOOD,WEDNESDAY,-1
3110578,CHINESE_FOOD,THURSDAY,-1
3110578,CHINESE_FOOD,FRIDAY,2
3110578,CHINESE_FOOD,SATURDAY,1
3110578,CHINESE_FOOD,SUNDAY,0
3110578,CHICKEN,MONDAY,-2
3110578,CHICKEN,TUESDAY,-2
3110578,CHICKEN,WEDNESDAY,0
3110578,CHICKEN,THURSDAY,1
3110578,CHICKEN,FRIDAY,6
3110578,CHICKEN,SATURDAY,6
3110578,CHICKEN,SUNDAY,-6
3110578,BUNSIK,MONDAY,0
3110578,BUNSIK,TUESDAY,0
3110578,BUNSIK,WEDNESDAY,2
3110578,BUNSIK,THURSDAY,2
3110578,BUNSIK,FRIDAY,2
3110578,BUNSIK,SATURDAY,2
3110578,BUNSIK,SUNDAY,-6
3110578,CAFE_BEVERAGE,MONDAY,0
3110578,CAFE_BEVERAGE,TUESDAY,1
3110578,CAFE_BEVERAGE,WEDNESDAY,1
3110578,CAFE_BEVERAGE,THURSDAY,1
3110578,CAFE_BEVERAGE,FRIDAY,1
3110578,CAFE_BEVERAGE,SATURDAY,0
3110578,CAFE_BEVERAGE,SUNDAY,-5
3110578,BAKERY,MONDAY,2
3110578,BAKERY,TUESDAY,2
3110578,BAKERY,WEDNESDAY,2
3110578,BAKERY,THURSDAY,2
3110578,BAKERY,FRIDAY,2
3110578,BAKERY,SATURDAY,0
3110578,BAKERY,SUNDAY,-6
3110579,KOREAN_FOOD,MONDAY,6
3110579,KOREAN_FOOD,TUESDAY,6
3110579,KOREAN_FOOD,WEDNESDAY,6
3110579,KOREAN_FOOD,THURSDAY,6
3110579,KOREAN_FOOD,FRIDAY,6
3110579,KOREAN_FOOD,SATURDAY,-6
3110579,KOREAN_FOOD,SUNDAY,-6
3110579,BUNSIK,MONDAY,6
3110579,BUNSIK,TUESDAY,6
3110579,BUNSIK,WEDNESDAY,5
3110579,BUNSIK,THURSDAY,5
3110579,BUNSIK,FRIDAY,5
3110579,BUNSIK,SATURDAY,-6
3110579,BUNSIK,SUNDAY,-6
3110579,CAFE_BEVERAGE,MONDAY,6
3110579,CAFE_BEVERAGE,TUESDAY,6
3110579,CAFE_BEVERAGE,WEDNESDAY,5
3110579,CAFE_BEVERAGE,THURSDAY,6
3110579,CAFE_BEVERAGE,FRIDAY,6
3110579,CAFE_BEVERAGE,SATURDAY,-6
3110579,CAFE_BEVERAGE,SUNDAY,-6
3110580,KOREAN_FOOD,MONDAY,2
3110580,KOREAN_FOOD,TUESDAY,3
3110580,KOREAN_FOOD,WEDNESDAY,2
3110580,KOREAN_FOOD,THURSDAY,2
3110580,KOREAN_FOOD,FRIDAY,2
3110580,KOREAN_FOOD,SATURDAY,-3
3110580,KOREAN_FOOD,SUNDAY,-6
3110582,KOREAN_FOOD,MONDAY,2
3110582,KOREAN_FOOD,TUESDAY,2
3110582,KOREAN_FOOD,WEDNESDAY,1
3110582,KOREAN_FOOD,THURSDAY,0
3110582,KOREAN_FOOD,FRIDAY,3
3110582,KOREAN_FOOD,SATURDAY,-2
3110582,KOREAN_FOOD,SUNDAY,-6
3110582,BUNSIK,MONDAY,0
3110582,BUNSIK,TUESDAY,3
3110582,BUNSIK,WEDNESDAY,3
3110582,BUNSIK,THURSDAY,3
3110582,BUNSIK,FRIDAY,4
3110582,BUNSIK,SATURDAY,-3
3110582,BUNSIK,SUNDAY,-6
3110582,CAFE_BEVERAGE,MONDAY,-2
3110582,CAFE_BEVERAGE,TUESDAY,-3
3110582,CAFE_BEVERAGE,WEDNESDAY,0
3110582,CAFE_BEVERAGE,THURSDAY,-3
3110582,CAFE_BEVERAGE,FRIDAY,-1
3110582,CAFE_BEVERAGE,SATURDAY,5
3110582,CAFE_BEVERAGE,SUNDAY,4
3110583,KOREAN_FOOD,MONDAY,6
3110583,KOREAN_FOOD,TUESDAY,6
3110583,KOREAN_FOOD,WEDNESDAY,6
3110583,KOREAN_FOOD,THURSDAY,6
3110583,KOREAN_FOOD,FRIDAY,6
3110583,KOREAN_FOOD,SATURDAY,-6
3110583,KOREAN_FOOD,SUNDAY,-6
3110585,KOREAN_FOOD,MONDAY,3
3110585,KOREAN_FOOD,TUESDAY,3
3110585,KOREAN_FOOD,WEDNESDAY,3
3110585,KOREAN_FOOD,THURSDAY,3
3110585,KOREAN_FOOD,FRIDAY,3
3110585,KOREAN_FOOD,SATURDAY,-6
3110585,KOREAN_FOOD,SUNDAY,-6
3110586,KOREAN_FOOD,MONDAY,3
3110586,KOREAN_FOOD,TUESDAY,4
3110586,KOREAN_FOOD,WEDNESDAY,4
3110586,KOREAN_FOOD,THURSDAY,4
3110586,KOREAN_FOOD,FRIDAY,4
3110586,KOREAN_FOOD,SATURDAY,-6
3110586,KOREAN_FOOD,SUNDAY,-6
3110586,CHINESE_FOOD,MONDAY,0
3110586,CHINESE_FOOD,TUESDAY,1
3110586,CHINESE_FOOD,WEDNESDAY,3
3110586,CHINESE_FOOD,THURSDAY,2
3110586,CHINESE_FOOD,FRIDAY,4
3110586,CHINESE_FOOD,SATURDAY,-4
3110586,CHINESE_FOOD,SUNDAY,-6
3110586,WESTERN_FOOD,MONDAY,6
3110586,WESTERN_FOOD,TUESDAY,6
3110586,WESTERN_FOOD,WEDNESDAY,6
3110586,WESTERN_FOOD,THURSDAY,6
3110586,WESTERN_FOOD,FRIDAY,6
3110586,WESTERN_FOOD,SATURDAY,-6
3110586,WESTERN_FOOD,SUNDAY,-6
3110586,BUNSIK,MONDAY,2
3110586,BUNSIK,TUESDAY,1
3110586,BUNSIK,WEDNESDAY,3
3110586,BUNSIK,THURSDAY,4
3110586,BUNSIK,FRIDAY,2
3110586,BUNSIK,SATURDAY,-6
3110586,BUNSIK,SUNDAY,-5
3110586,CAFE_BEVERAGE,MONDAY,2
3110586,CAFE_BEVERAGE,TUESDAY,4
3110586,CAFE_BEVERAGE,WEDNESDAY,5
3110586,CAFE_BEVERAGE,THURSDAY,5
3110586,CAFE_BEVERAGE,FRIDAY,4
3110586,CAFE_BEVERAGE,SATURDAY,-6
3110586,CAFE_BEVERAGE,SUNDAY,-6
3110587,KOREAN_FOOD,MONDAY,4
3110587,KOREAN_FOOD,TUESDAY,4
3110587,KOREAN_FOOD,WEDNESDAY,4
3110587,KOREAN_FOOD,THURSDAY,3
3110587,KOREAN_FOOD,FRIDAY,6
3110587,KOREAN_FOOD,SATURDAY,-6
3110587,KOREAN_FOOD,SUNDAY,-6
3110587,CAFE_BEVERAGE,MONDAY,1
3110587,CAFE_BEVERAGE,TUESDAY,0
3110587,CAFE_BEVERAGE,WEDNESDAY,2
3110587,CAFE_BEVERAGE,THURSDAY,2
3110587,CAFE_BEVERAGE,FRIDAY,3
3110587,CAFE_BEVERAGE,SATURDAY,-2
3110587,CAFE_BEVERAGE,SUNDAY,-6
3110588,KOREAN_FOOD,MONDAY,0
3110588,KOREAN_FOOD,TUESDAY,3
3110588,KOREAN_FOOD,WEDNESDAY,3
3110588,KOREAN_FOOD,THURSDAY,5
3110588,KOREAN_FOOD,FRIDAY,3
3110588,KOREAN_FOOD,SATURDAY,-6
3110588,KOREAN_FOOD,SUNDAY,-6
3110588,CHICKEN,MONDAY,-2
3110588,CHICKEN,TUESDAY,0
3110588,CHICKEN,WEDNESDAY,-1
3110588,CHICKEN,THURSDAY,2
3110588,CHICKEN,FRIDAY,5
3110588,CHICKEN,SATURDAY,-3
3110588,CHICKEN,SUNDAY,-2
3110588,CAFE_BEVERAGE,MONDAY,3
3110588,CAFE_BEVERAGE,TUESDAY,2
3110588,CAFE_BEVERAGE,WEDNESDAY,1
3110588,CAFE_BEVERAGE,THURSDAY,1
3110588,CAFE_BEVERAGE,FRIDAY,0
3110588,CAFE_BEVERAGE,SATURDAY,-3
3110588,CAFE_BEVERAGE,SUNDAY,-4
3110590,KOREAN_FOOD,MONDAY,-2
3110590,KOREAN_FOOD,TUESDAY,0
3110590,KOREAN_FOOD,WEDNESDAY,2
3110590,KOREAN_FOOD,THURSDAY,4
3110590,KOREAN_FOOD,FRIDAY,5
3110590,KOREAN_FOOD,SATURDAY,6
3110590,KOREAN_FOOD,SUNDAY,-6
3110590,BUNSIK,MONDAY,3
3110590,BUNSIK,TUESDAY,3
3110590,BUNSIK,WEDNESDAY,-6
3110590,BUNSIK,THURSDAY,4
3110590,BUNSIK,FRIDAY,3
3110590,BUNSIK,SATURDAY,2
3110590,BUNSIK,SUNDAY,1
3110591,KOREAN_FOOD,MONDAY,3
3110591,KOREAN_FOOD,TUESDAY,4
3110591,KOREAN_FOOD,WEDNESDAY,5
3110591,KOREAN_FOOD,THURSDAY,5
3110591,KOREAN_FOOD,FRIDAY,5
3110591,KOREAN_FOOD,SATURDAY,-4
3110591,KOREAN_FOOD,SUNDAY,-6
3110591,CAFE_BEVERAGE,MONDAY,-1
3110591,CAFE_BEVERAGE,TUESDAY,1
3110591,CAFE_BEVERAGE,WEDNESDAY,-1
3110591,CAFE_BEVERAGE,THURSDAY,0
3110591,CAFE_BEVERAGE,FRIDAY,2
3110591,CAFE_BEVERAGE,SATURDAY,2
3110591,CAFE_BEVERAGE,SUNDAY,-4
3110592,KOREAN_FOOD,MONDAY,-2
3110592,KOREAN_FOOD,TUESDAY,1
3110592,KOREAN_FOOD,WEDNESDAY,1
3110592,KOREAN_FOOD,THURSDAY,1
3110592,KOREAN_FOOD,FRIDAY,1
3110592,KOREAN_FOOD,SATURDAY,-1
3110592,KOREAN_FOOD,SUNDAY,-1
3110593,KOREAN_FOOD,MONDAY,1
3110593,KOREAN_FOOD,TUESDAY,1
3110593,KOREAN_FOOD,WEDNESDAY,-1
3110593,KOREAN_FOOD,THURSDAY,1
3110593,KOREAN_FOOD,FRIDAY,2
3110593,KOREAN_FOOD,SATURDAY,1
3110593,KOREAN_FOOD,SUNDAY,-5
3110593,BUNSIK,MONDAY,2
3110593,BUNSIK,TUESDAY,1
3110593,BUNSIK,WEDNESDAY,0
3110593,BUNSIK,THURSDAY,1
3110593,BUNSIK,FRIDAY,2
3110593,BUNSIK,SATURDAY,-1
3110593,BUNSIK,SUNDAY,-4
3110593,CAFE_BEVERAGE,MONDAY,0
3110593,CAFE_BEVERAGE,TUESDAY,0
3110593,CAFE_BEVERAGE,WEDNESDAY,-1
3110593,CAFE_BEVERAGE,THURSDAY,-1
3110593,CAFE_BEVERAGE,FRIDAY,-1
3110593,CAFE_BEVERAGE,SATURDAY,2
3110593,CAFE_BEVERAGE,SUNDAY,1
3110593,BAKERY,MONDAY,0
3110593,BAKERY,TUESDAY,0
3110593,BAKERY,WEDNESDAY,0
3110593,BAKERY,THURSDAY,0
3110593,BAKERY,FRIDAY,1
3110593,BAKERY,SATURDAY,1
3110593,BAKERY,SUNDAY,-2
3110594,KOREAN_FOOD,MONDAY,1
3110594,KOREAN_FOOD,TUESDAY,-6
3110594,KOREAN_FOOD,WEDNESDAY,2
3110594,KOREAN_FOOD,THURSDAY,2
3110594,KOREAN_FOOD,FRIDAY,4
3110594,KOREAN_FOOD,SATURDAY,2
3110594,KOREAN_FOOD,SUNDAY,-3
3110594,CAFE_BEVERAGE,MONDAY,4
3110594,CAFE_BEVERAGE,TUESDAY,6
3110594,CAFE_BEVERAGE,WEDNESDAY,5
3110594,CAFE_BEVERAGE,THURSDAY,6
3110594,CAFE_BEVERAGE,FRIDAY,6
3110594,CAFE_BEVERAGE,SATURDAY,-6
3110594,CAFE_BEVERAGE,SUNDAY,-6
3110595,KOREAN_FOOD,MONDAY,-1
3110595,KOREAN_FOOD,TUESDAY,-1
3110595,KOREAN_FOOD,WEDNESDAY,-1
3110595,KOREAN_FOOD,THURSDAY,0
3110595,KOREAN_FOOD,FRIDAY,1
3110595,KOREAN_FOOD,SATURDAY,2
3110595,KOREAN_FOOD,SUNDAY,-1
3110595,CAFE_BEVERAGE,MONDAY,2
3110595,CAFE_BEVERAGE,TUESDAY,0
3110595,CAFE_BEVERAGE,WEDNESDAY,1
3110595,CAFE_BEVERAGE,THURSDAY,1
3110595,CAFE_BEVERAGE,FRIDAY,3
3110595,CAFE_BEVERAGE,SATURDAY,-1
3110595,CAFE_BEVERAGE,SUNDAY,-6
3110596,CAFE_BEVERAGE,MONDAY,-3
3110596,CAFE_BEVERAGE,TUESDAY,-3
3110596,CAFE_BEVERAGE,WEDNESDAY,-3
3110596,CAFE_BEVERAGE,THURSDAY,-2
3110596,CAFE_BEVERAGE,FRIDAY,-2
3110596,CAFE_BEVERAGE,SATURDAY,5
3110596,CAFE_BEVERAGE,SUNDAY,6
3110597,KOREAN_FOOD,MONDAY,0
3110597,KOREAN_FOOD,TUESDAY,0
3110597,KOREAN_FOOD,WEDNESDAY,-1
3110597,KOREAN_FOOD,THURSDAY,0
3110597,KOREAN_FOOD,FRIDAY,1
3110597,KOREAN_FOOD,SATURDAY,1
3110597,KOREAN_FOOD,SUNDAY,-2
3110597,BUNSIK,MONDAY,-2
3110597,BUNSIK,TUESDAY,0
3110597,BUNSIK,WEDNESDAY,0
3110597,BUNSIK,THURSDAY,-1
3110597,BUNSIK,FRIDAY,0
3110597,BUNSIK,SATURDAY,4
3110597,BUNSIK,SUNDAY,0
3110598,KOREAN_FOOD,MONDAY,0
3110598,KOREAN_FOOD,TUESDAY,-1
3110598,KOREAN_FOOD,WEDNESDAY,-1
3110598,KOREAN_FOOD,THURSDAY,0
3110598,KOREAN_FOOD,FRIDAY,2
3110598,KOREAN_FOOD,SATURDAY,2
3110598,KOREAN_FOOD,SUNDAY,-3
3110598,CHICKEN,MONDAY,-5
3110598,CHICKEN,TUESDAY,-1
3110598,CHICKEN,WEDNESDAY,-3
3110598,CHICKEN,THURSDAY,-2
3110598,CHICKEN,FRIDAY,6
3110598,CHICKEN,SATURDAY,5
3110598,CHICKEN,SUNDAY,0
3110598,BUNSIK,MONDAY,1
3110598,BUNSIK,TUESDAY,1
3110598,BUNSIK,WEDNESDAY,-6
3110598,BUNSIK,THURSDAY,1
3110598,BUNSIK,FRIDAY,3
3110598,BUNSIK,SATURDAY,5
3110598,BUNSIK,SUNDAY,-3
3110598,CAFE_BEVERAGE,MONDAY,0
3110598,CAFE_BEVERAGE,TUESDAY,0
3110598,CAFE_BEVERAGE,WEDNESDAY,-1
3110598,CAFE_BEVERAGE,THURSDAY,1
3110598,CAFE_BEVERAGE,FRIDAY,0
3110598,CAFE_BEVERAGE,SATURDAY,6
3110598,CAFE_BEVERAGE,SUNDAY,-6
3110598,BAKERY,MONDAY,0
3110598,BAKERY,TUESDAY,-1
3110598,BAKERY,WEDNESDAY,0
3110598,BAKERY,THURSDAY,-1
3110598,BAKERY,FRIDAY,0
3110598,BAKERY,SATURDAY,3
3110598,BAKERY,SUNDAY,0
3110599,KOREAN_FOOD,MONDAY,6
3110599,KOREAN_FOOD,TUESDAY,2
3110599,KOREAN_FOOD,WEDNESDAY,2
3110599,KOREAN_FOOD,THURSDAY,3
3110599,KOREAN_FOOD,FRIDAY,4
3110599,KOREAN_FOOD,SATURDAY,-3
3110599,KOREAN_FOOD,SUNDAY,-6
3110599,CHINESE_FOOD,MONDAY,-3
3110599,CHINESE_FOOD,TUESDAY,-6
3110599,CHINESE_FOOD,WEDNESDAY,4
3110599,CHINESE_FOOD,THURSDAY,2
3110599,CHINESE_FOOD,FRIDAY,3
3110599,CHINESE_FOOD,SATURDAY,4
3110599,CHINESE_FOOD,SUNDAY,2
3110599,BUNSIK,MONDAY,4
3110599,BUNSIK,TUESDAY,3
3110599,BUNSIK,WEDNESDAY,2
3110599,BUNSIK,THURSDAY,2
3110599,BUNSIK,FRIDAY,-1
3110599,BUNSIK,SATURDAY,0
3110599,BUNSIK,SUNDAY,-6
3110599,CAFE_BEVERAGE,MONDAY,-6
3110599,CAFE_BEVERAGE,TUESDAY,2
3110599,CAFE_BEVERAGE,WEDNESDAY,2
3110599,CAFE_BEVERAGE,THURSDAY,-2
3110599,CAFE_BEVERAGE,FRIDAY,3
3110599,CAFE_BEVERAGE,SATURDAY,1
3110599,CAFE_BEVERAGE,SUNDAY,4
3110600,KOREAN_FOOD,MONDAY,-3
3110600,KOREAN_FOOD,TUESDAY,0
3110600,KOREAN_FOOD,WEDNESDAY,0
3110600,KOREAN_FOOD,THURSDAY,1
3110600,KOREAN_FOOD,FRIDAY,2
3110600,KOREAN_FOOD,SATURDAY,3
3110600,KOREAN_FOOD,SUNDAY,-3
3110601,KOREAN_FOOD,MONDAY,-1
3110601,KOREAN_FOOD,TUESDAY,0
3110601,KOREAN_FOOD,WEDNESDAY,-1
3110601,KOREAN_FOOD,THURSDAY,0
3110601,KOREAN_FOOD,FRIDAY,1
3110601,KOREAN_FOOD,SATURDAY,2
3110601,KOREAN_FOOD,SUNDAY,-1
3110601,CHICKEN,MONDAY,0
3110601,CHICKEN,TUESDAY,1
3110601,CHICKEN,WEDNESDAY,-6
3110601,CHICKEN,THURSDAY,-4
3110601,CHICKEN,FRIDAY,5
3110601,CHICKEN,SATURDAY,6
3110601,CHICKEN,SUNDAY,4
3110601,CAFE_BEVERAGE,MONDAY,-2
3110601,CAFE_BEVERAGE,TUESDAY,-1
3110601,CAFE_BEVERAGE,WEDNESDAY,-2
3110601,CAFE_BEVERAGE,THURSDAY,-1
3110601,CAFE_BEVERAGE,FRIDAY,0
3110601,CAFE_BEVERAGE,SATURDAY,3
3110601,CAFE_BEVERAGE,SUNDAY,3
3110603,CAFE_BEVERAGE,MONDAY,-1
3110603,CAFE_BEVERAGE,TUESDAY,-2
3110603,CAFE_BEVERAGE,WEDNESDAY,-1
3110603,CAFE_BEVERAGE,THURSDAY,-4
3110603,CAFE_BEVERAGE,FRIDAY,0
3110603,CAFE_BEVERAGE,SATURDAY,1
3110603,CAFE_BEVERAGE,SUNDAY,6
3110604,KOREAN_FOOD,MONDAY,1
3110604,KOREAN_FOOD,TUESDAY,3
3110604,KOREAN_FOOD,WEDNESDAY,3
3110604,KOREAN_FOOD,THURSDAY,2
3110604,KOREAN_FOOD,FRIDAY,5
3110604,KOREAN_FOOD,SATURDAY,-2
3110604,KOREAN_FOOD,SUNDAY,-6
3110605,KOREAN_FOOD,MONDAY,-3
3110605,KOREAN_FOOD,TUESDAY,-1
3110605,KOREAN_FOOD,WEDNESDAY,-1
3110605,KOREAN_FOOD,THURSDAY,-1
3110605,KOREAN_FOOD,FRIDAY,1
3110605,KOREAN_FOOD,SATURDAY,3
3110605,KOREAN_FOOD,SUNDAY,1
3110606,KOREAN_FOOD,MONDAY,-2
3110606,KOREAN_FOOD,TUESDAY,-2
3110606,KOREAN_FOOD,WEDNESDAY,-2
3110606,KOREAN_FOOD,THURSDAY,-1
3110606,KOREAN_FOOD,FRIDAY,1
3110606,KOREAN_FOOD,SATURDAY,3
3110606,KOREAN_FOOD,SUNDAY,2
3110606,CHICKEN,MONDAY,-1
3110606,CHICKEN,TUESDAY,-5
3110606,CHICKEN,WEDNESDAY,-2
3110606,CHICKEN,THURSDAY,-1
3110606,CHICKEN,FRIDAY,5
3110606,CHICKEN,SATURDAY,6
3110606,CHICKEN,SUNDAY,-2
3110606,FAST_FOOD,MONDAY,-3
3110606,FAST_FOOD,TUESDAY,-2
3110606,FAST_FOOD,WEDNESDAY,-2
3110606,FAST_FOOD,THURSDAY,-1
3110606,FAST_FOOD,FRIDAY,0
3110606,FAST_FOOD,SATURDAY,4
3110606,FAST_FOOD,SUNDAY,4
3110606,BUNSIK,MONDAY,-1
3110606,BUNSIK,TUESDAY,-2
3110606,BUNSIK,WEDNESDAY,-2
3110606,BUNSIK,THURSDAY,-2
3110606,BUNSIK,FRIDAY,-1
3110606,BUNSIK,SATURDAY,3
3110606,BUNSIK,SUNDAY,5
3110606,CAFE_BEVERAGE,MONDAY,-2
3110606,CAFE_BEVERAGE,TUESDAY,-2
3110606,CAFE_BEVERAGE,WEDNESDAY,-2
3110606,CAFE_BEVERAGE,THURSDAY,-2
3110606,CAFE_BEVERAGE,FRIDAY,0
3110606,CAFE_BEVERAGE,SATURDAY,5
3110606,CAFE_BEVERAGE,SUNDAY,4
3110607,KOREAN_FOOD,MONDAY,0
3110607,KOREAN_FOOD,TUESDAY,1
3110607,KOREAN_FOOD,WEDNESDAY,-1
3110607,KOREAN_FOOD,THURSDAY,1
3110607,KOREAN_FOOD,FRIDAY,3
3110607,KOREAN_FOOD,SATURDAY,2
3110607,KOREAN_FOOD,SUNDAY,-5
3110608,CAFE_BEVERAGE,MONDAY,-4
3110608,CAFE_BEVERAGE,TUESDAY,-2
3110608,CAFE_BEVERAGE,WEDNESDAY,-2
3110608,CAFE_BEVERAGE,THURSDAY,-2
3110608,CAFE_BEVERAGE,FRIDAY,-2
3110608,CAFE_BEVERAGE,SATURDAY,4
3110608,CAFE_BEVERAGE,SUNDAY,6
3110611,KOREAN_FOOD,MONDAY,5
3110611,KOREAN_FOOD,TUESDAY,2
3110611,KOREAN_FOOD,WEDNESDAY,5
3110611,KOREAN_FOOD,THURSDAY,5
3110611,KOREAN_FOOD,FRIDAY,5
3110611,KOREAN_FOOD,SATURDAY,-3
3110611,KOREAN_FOOD,SUNDAY,-6
3110612,KOREAN_FOOD,MONDAY,-6
3110612,KOREAN_FOOD,TUESDAY,1
3110612,KOREAN_FOOD,WEDNESDAY,0
3110612,KOREAN_FOOD,THURSDAY,1
3110612,KOREAN_FOOD,FRIDAY,4
3110612,KOREAN_FOOD,SATURDAY,3
3110612,KOREAN_FOOD,SUNDAY,-2
3110612,BUNSIK,MONDAY,3
3110612,BUNSIK,TUESDAY,3
3110612,BUNSIK,WEDNESDAY,1
3110612,BUNSIK,THURSDAY,3
3110612,BUNSIK,FRIDAY,2
3110612,BUNSIK,SATURDAY,-2
3110612,BUNSIK,SUNDAY,-6
3110612,CAFE_BEVERAGE,MONDAY,0
3110612,CAFE_BEVERAGE,TUESDAY,0
3110612,CAFE_BEVERAGE,WEDNESDAY,0
3110612,CAFE_BEVERAGE,THURSDAY,1
3110612,CAFE_BEVERAGE,FRIDAY,1
3110612,CAFE_BEVERAGE,SATURDAY,3
3110612,CAFE_BEVERAGE,SUNDAY,-4
3110613,KOREAN_FOOD,MONDAY,-2
3110613,KOREAN_FOOD,TUESDAY,-1
3110613,KOREAN_FOOD,WEDNESDAY,-1
3110613,KOREAN_FOOD,THURSDAY,0
3110613,KOREAN_FOOD,FRIDAY,1
3110613,KOREAN_FOOD,SATURDAY,2
3110613,KOREAN_FOOD,SUNDAY,1
3110614,KOREAN_FOOD,MONDAY,0
3110614,KOREAN_FOOD,TUESDAY,0
3110614,KOREAN_FOOD,WEDNESDAY,1
3110614,KOREAN_FOOD,THURSDAY,1
3110614,KOREAN_FOOD,FRIDAY,3
3110614,KOREAN_FOOD,SATURDAY,1
3110614,KOREAN_FOOD,SUNDAY,-5
3110615,KOREAN_FOOD,MONDAY,-5
3110615,KOREAN_FOOD,TUESDAY,2
3110615,KOREAN_FOOD,WEDNESDAY,2
3110615,KOREAN_FOOD,THURSDAY,2
3110615,KOREAN_FOOD,FRIDAY,3
3110615,KOREAN_FOOD,SATURDAY,1
3110615,KOREAN_FOOD,SUNDAY,-6
3110615,CAFE_BEVERAGE,MONDAY,1
3110615,CAFE_BEVERAGE,TUESDAY,3
3110615,CAFE_BEVERAGE,WEDNESDAY,4
3110615,CAFE_BEVERAGE,THURSDAY,5
3110615,CAFE_BEVERAGE,FRIDAY,5
3110615,CAFE_BEVERAGE,SATURDAY,-6
3110615,CAFE_BEVERAGE,SUNDAY,-6
3110616,KOREAN_FOOD,MONDAY,6
3110616,KOREAN_FOOD,TUESDAY,6
3110616,KOREAN_FOOD,WEDNESDAY,6
3110616,KOREAN_FOOD,THURSDAY,6
3110616,KOREAN_FOOD,FRIDAY,4
3110616,KOREAN_FOOD,SATURDAY,-6
3110616,KOREAN_FOOD,SUNDAY,-6
3110618,KOREAN_FOOD,MONDAY,0
3110618,KOREAN_FOOD,TUESDAY,-1
3110618,KOREAN_FOOD,WEDNESDAY,-1
3110618,KOREAN_FOOD,THURSDAY,-1
3110618,KOREAN_FOOD,FRIDAY,3
3110618,KOREAN_FOOD,SATURDAY,4
3110618,KOREAN_FOOD,SUNDAY,-3
3110618,CAFE_BEVERAGE,MONDAY,-1
3110618,CAFE_BEVERAGE,TUESDAY,-6
3110618,CAFE_BEVERAGE,WEDNESDAY,1
3110618,CAFE_BEVERAGE,THURSDAY,2
3110618,CAFE_BEVERAGE,FRIDAY,4
3110618,CAFE_BEVERAGE,SATURDAY,6
3110618,CAFE_BEVERAGE,SUNDAY,-5
3110619,KOREAN_FOOD,MONDAY,3
3110619,KOREAN_FOOD,TUESDAY,4
3110619,KOREAN_FOOD,WEDNESDAY,3
3110619,KOREAN_FOOD,THURSDAY,4
3110619,KOREAN_FOOD,FRIDAY,6
3110619,KOREAN_FOOD,SATURDAY,0
3110619,KOREAN_FOOD,SUNDAY,-6
3110620,KOREAN_FOOD,MONDAY,-2
3110620,KOREAN_FOOD,TUESDAY,3
3110620,KOREAN_FOOD,WEDNESDAY,2
3110620,KOREAN_FOOD,THURSDAY,2
3110620,KOREAN_FOOD,FRIDAY,3
3110620,KOREAN_FOOD,SATURDAY,-1
3110620,KOREAN_FOOD,SUNDAY,-6
3110620,CHICKEN,MONDAY,-2
3110620,CHICKEN,TUESDAY,-2
3110620,CHICKEN,WEDNESDAY,-2
3110620,CHICKEN,THURSDAY,-2
3110620,CHICKEN,FRIDAY,3
3110620,CHICKEN,SATURDAY,3
3110620,CHICKEN,SUNDAY,2
3110620,BUNSIK,MONDAY,4
3110620,BUNSIK,TUESDAY,-1
3110620,BUNSIK,WEDNESDAY,5
3110620,BUNSIK,THURSDAY,4
3110620,BUNSIK,FRIDAY,5
3110620,BUNSIK,SATURDAY,-4
3110620,BUNSIK,SUNDAY,-6
3110620,CAFE_BEVERAGE,MONDAY,-2
3110620,CAFE_BEVERAGE,TUESDAY,-2
3110620,CAFE_BEVERAGE,WEDNESDAY,-2
3110620,CAFE_BEVERAGE,THURSDAY,-1
3110620,CAFE_BEVERAGE,FRIDAY,-1
3110620,CAFE_BEVERAGE,SATURDAY,4
3110620,CAFE_BEVERAGE,SUNDAY,4
3110620,BAKERY,MONDAY,0
3110620,BAKERY,TUESDAY,0
3110620,BAKERY,WEDNESDAY,-1
3110620,BAKERY,THURSDAY,-1
3110620,BAKERY,FRIDAY,-1
3110620,BAKERY,SATURDAY,2
3110620,BAKERY,SUNDAY,0
3110621,KOREAN_FOOD,MONDAY,-1
3110621,KOREAN_FOOD,TUESDAY,-2
3110621,KOREAN_FOOD,WEDNESDAY,-1
3110621,KOREAN_FOOD,THURSDAY,-1
3110621,KOREAN_FOOD,FRIDAY,0
3110621,KOREAN_FOOD,SATURDAY,5
3110621,KOREAN_FOOD,SUNDAY,-1
3110621,WESTERN_FOOD,MONDAY,-6
3110621,WESTERN_FOOD,TUESDAY,-6
3110621,WESTERN_FOOD,WEDNESDAY,-4
3110621,WESTERN_FOOD,THURSDAY,-4
3110621,WESTERN_FOOD,FRIDAY,-2
3110621,WESTERN_FOOD,SATURDAY,6
3110621,WESTERN_FOOD,SUNDAY,6
3110621,CAFE_BEVERAGE,MONDAY,0
3110621,CAFE_BEVERAGE,TUESDAY,0
3110621,CAFE_BEVERAGE,WEDNESDAY,0
3110621,CAFE_BEVERAGE,THURSDAY,-1
3110621,CAFE_BEVERAGE,FRIDAY,0
3110621,CAFE_BEVERAGE,SATURDAY,4
3110621,CAFE_BEVERAGE,SUNDAY,-3
3110622,KOREAN_FOOD,MONDAY,-1
3110622,KOREAN_FOOD,TUESDAY,-1
3110622,KOREAN_FOOD,WEDNESDAY,0
3110622,KOREAN_FOOD,THURSDAY,-1
3110622,KOREAN_FOOD,FRIDAY,3
3110622,KOREAN_FOOD,SATURDAY,2
3110622,KOREAN_FOOD,SUNDAY,-1
3110622,CAFE_BEVERAGE,MONDAY,0
3110622,CAFE_BEVERAGE,TUESDAY,0
3110622,CAFE_BEVERAGE,WEDNESDAY,0
3110622,CAFE_BEVERAGE,THURSDAY,0
3110622,CAFE_BEVERAGE,FRIDAY,1
3110622,CAFE_BEVERAGE,SATURDAY,-1
3110622,CAFE_BEVERAGE,SUNDAY,0
3110623,KOREAN_FOOD,MONDAY,0
3110623,KOREAN_FOOD,TUESDAY,1
3110623,KOREAN_FOOD,WEDNESDAY,1
3110623,KOREAN_FOOD,THURSDAY,1
3110623,KOREAN_FOOD,FRIDAY,3
3110623,KOREAN_FOOD,SATURDAY,0
3110623,KOREAN_FOOD,SUNDAY,-6
3110625,KOREAN_FOOD,MONDAY,-4
3110625,KOREAN_FOOD,TUESDAY,-1
3110625,KOREAN_FOOD,WEDNESDAY,0
3110625,KOREAN_FOOD,THURSDAY,0
3110625,KOREAN_FOOD,FRIDAY,4
3110625,KOREAN_FOOD,SATURDAY,1
3110625,KOREAN_FOOD,SUNDAY,0
3110625,CHINESE_FOOD,MONDAY,3
3110625,CHINESE_FOOD,TUESDAY,1
3110625,CHINESE_FOOD,WEDNESDAY,-6
3110625,CHINESE_FOOD,THURSDAY,2
3110625,CHINESE_FOOD,FRIDAY,1
3110625,CHINESE_FOOD,SATURDAY,3
3110625,CHINESE_FOOD,SUNDAY,0
3110625,WESTERN_FOOD,MONDAY,3
3110625,WESTERN_FOOD,TUESDAY,2
3110625,WESTERN_FOOD,WEDNESDAY,2
3110625,WESTERN_FOOD,THURSDAY,3
3110625,WESTERN_FOOD,FRIDAY,3
3110625,WESTERN_FOOD,SATURDAY,0
3110625,WESTERN_FOOD,SUNDAY,-6
3110625,BUNSIK,MONDAY,3
3110625,BUNSIK,TUESDAY,2
3110625,BUNSIK,WEDNESDAY,3
3110625,BUNSIK,THURSDAY,2
3110625,BUNSIK,FRIDAY,4
3110625,BUNSIK,SATURDAY,-6
3110625,BUNSIK,SUNDAY,-6
3110625,CAFE_BEVERAGE,MONDAY,-2
3110625,CAFE_BEVERAGE,TUESDAY,0
3110625,CAFE_BEVERAGE,WEDNESDAY,-1
3110625,CAFE_BEVERAGE,THURSDAY,0
3110625,CAFE_BEVERAGE,FRIDAY,0
3110625,CAFE_BEVERAGE,SATURDAY,2
3110625,CAFE_BEVERAGE,SUNDAY,0
3110625,BAKERY,MONDAY,-3
3110625,BAKERY,TUESDAY,2
3110625,BAKERY,WEDNESDAY,1
3110625,BAKERY,THURSDAY,0
3110625,BAKERY,FRIDAY,1
3110625,BAKERY,SATURDAY,5
3110625,BAKERY,SUNDAY,-5
3110627,KOREAN_FOOD,MONDAY,-6
3110627,KOREAN_FOOD,TUESDAY,-1
3110627,KOREAN_FOOD,WEDNESDAY,0
3110627,KOREAN_FOOD,THURSDAY,-1
3110627,KOREAN_FOOD,FRIDAY,1
3110627,KOREAN_FOOD,SATURDAY,5
3110627,KOREAN_FOOD,SUNDAY,2
3110627,CHICKEN,MONDAY,-5
3110627,CHICKEN,TUESDAY,-2
3110627,CHICKEN,WEDNESDAY,-2
3110627,CHICKEN,THURSDAY,0
3110627,CHICKEN,FRIDAY,4
3110627,CHICKEN,SATURDAY,4
3110627,CHICKEN,SUNDAY,1
3110627,BUNSIK,MONDAY,3
3110627,BUNSIK,TUESDAY,2
3110627,BUNSIK,WEDNESDAY,3
3110627,BUNSIK,THURSDAY,2
3110627,BUNSIK,FRIDAY,2
3110627,BUNSIK,SATURDAY,-2
3110627,BUNSIK,SUNDAY,-6
3110627,CAFE_BEVERAGE,MONDAY,-1
3110627,CAFE_BEVERAGE,TUESDAY,0
3110627,CAFE_BEVERAGE,WEDNESDAY,0
3110627,CAFE_BEVERAGE,THURSDAY,1
3110627,CAFE_BEVERAGE,FRIDAY,1
3110627,CAFE_BEVERAGE,SATURDAY,2
3110627,CAFE_BEVERAGE,SUNDAY,-4
3110627,BAKERY,MONDAY,0
3110627,BAKERY,TUESDAY,1
3110627,BAKERY,WEDNESDAY,1
3110627,BAKERY,THURSDAY,-1
3110627,BAKERY,FRIDAY,0
3110627,BAKERY,SATURDAY,1
3110627,BAKERY,SUNDAY,-2
3110630,KOREAN_FOOD,MONDAY,1
3110630,KOREAN_FOOD,TUESDAY,1
3110630,KOREAN_FOOD,WEDNESDAY,1
3110630,KOREAN_FOOD,THURSDAY,2
3110630,KOREAN_FOOD,FRIDAY,2
3110630,KOREAN_FOOD,SATURDAY,2
3110630,KOREAN_FOOD,SUNDAY,-6
3110630,CAFE_BEVERAGE,MONDAY,-1
3110630,CAFE_BEVERAGE,TUESDAY,-1
3110630,CAFE_BEVERAGE,WEDNESDAY,-1
3110630,CAFE_BEVERAGE,THURSDAY,0
3110630,CAFE_BEVERAGE,FRIDAY,0
3110630,CAFE_BEVERAGE,SATURDAY,1
3110630,CAFE_BEVERAGE,SUNDAY,3
3110632,KOREAN_FOOD,MONDAY,-1
3110632,KOREAN_FOOD,TUESDAY,0
3110632,KOREAN_FOOD,WEDNESDAY,0
3110632,KOREAN_FOOD,THURSDAY,1
3110632,KOREAN_FOOD,FRIDAY,2
3110632,KOREAN_FOOD,SATURDAY,2
3110632,KOREAN_FOOD,SUNDAY,-4
3110632,CHICKEN,MONDAY,-1
3110632,CHICKEN,TUESDAY,-2
3110632,CHICKEN,WEDNESDAY,-2
3110632,CHICKEN,THURSDAY,-6
3110632,CHICKEN,FRIDAY,5
3110632,CHICKEN,SATURDAY,4
3110632,CHICKEN,SUNDAY,1
3110632,CAFE_BEVERAGE,MONDAY,-1
3110632,CAFE_BEVERAGE,TUESDAY,0
3110632,CAFE_BEVERAGE,WEDNESDAY,0
3110632,CAFE_BEVERAGE,THURSDAY,0
3110632,CAFE_BEVERAGE,FRIDAY,1
3110632,CAFE_BEVERAGE,SATURDAY,2
3110632,CAFE_BEVERAGE,SUNDAY,-3
3110632,BAKERY,MONDAY,-2
3110632,BAKERY,TUESDAY,-1
3110632,BAKERY,WEDNESDAY,-1
3110632,BAKERY,THURSDAY,-1
3110632,BAKERY,FRIDAY,0
3110632,BAKERY,SATURDAY,4
3110632,BAKERY,SUNDAY,0
3110633,KOREAN_FOOD,MONDAY,0
3110633,KOREAN_FOOD,TUESDAY,0
3110633,KOREAN_FOOD,WEDNESDAY,1
3110633,KOREAN_FOOD,THURSDAY,0
3110633,KOREAN_FOOD,FRIDAY,3
3110633,KOREAN_FOOD,SATURDAY,5
3110633,KOREAN_FOOD,SUNDAY,-6
3110633,BUNSIK,MONDAY,-3
3110633,BUNSIK,TUESDAY,-3
3110633,BUNSIK,WEDNESDAY,-1
3110633,BUNSIK,THURSDAY,-2
3110633,BUNSIK,FRIDAY,-2
3110633,BUNSIK,SATURDAY,4
3110633,BUNSIK,SUNDAY,6
3110634,KOREAN_FOOD,MONDAY,1
3110634,KOREAN_FOOD,TUESDAY,2
3110634,KOREAN_FOOD,WEDNESDAY,2
3110634,KOREAN_FOOD,THURSDAY,2
3110634,KOREAN_FOOD,FRIDAY,2
3110634,KOREAN_FOOD,SATURDAY,-3
3110634,KOREAN_FOOD,SUNDAY,-6
3110634,CHINESE_FOOD,MONDAY,1
3110634,CHINESE_FOOD,TUESDAY,2
3110634,CHINESE_FOOD,WEDNESDAY,1
3110634,CHINESE_FOOD,THURSDAY,2
3110634,CHINESE_FOOD,FRIDAY,5
3110634,CHINESE_FOOD,SATURDAY,-2
3110634,CHINESE_FOOD,SUNDAY,-6
3110634,CHICKEN,MONDAY,-2
3110634,CHICKEN,TUESDAY,0
3110634,CHICKEN,WEDNESDAY,0
3110634,CHICKEN,THURSDAY,1
3110634,CHICKEN,FRIDAY,6
3110634,CHICKEN,SATURDAY,6
3110634,CHICKEN,SUNDAY,-6
3110634,BUNSIK,MONDAY,-1
3110634,BUNSIK,TUESDAY,1
3110634,BUNSIK,WEDNESDAY,-1
3110634,BUNSIK,THURSDAY,2
3110634,BUNSIK,FRIDAY,2
3110634,BUNSIK,SATURDAY,3
3110634,BUNSIK,SUNDAY,-6
3110634,CAFE_BEVERAGE,MONDAY,0
3110634,CAFE_BEVERAGE,TUESDAY,-1
3110634,CAFE_BEVERAGE,WEDNESDAY,0
3110634,CAFE_BEVERAGE,THURSDAY,0
3110634,CAFE_BEVERAGE,FRIDAY,-2
3110634,CAFE_BEVERAGE,SATURDAY,0
3110634,CAFE_BEVERAGE,SUNDAY,3
3110635,KOREAN_FOOD,MONDAY,1
3110635,KOREAN_FOOD,TUESDAY,2
3110635,KOREAN_FOOD,WEDNESDAY,0
3110635,KOREAN_FOOD,THURSDAY,2
3110635,KOREAN_FOOD,FRIDAY,3
3110635,KOREAN_FOOD,SATURDAY,-2
3110635,KOREAN_FOOD,SUNDAY,-5
3110636,KOREAN_FOOD,MONDAY,-1
3110636,KOREAN_FOOD,TUESDAY,-1
3110636,KOREAN_FOOD,WEDNESDAY,-2
3110636,KOREAN_FOOD,THURSDAY,-1
3110636,KOREAN_FOOD,FRIDAY,0
3110636,KOREAN_FOOD,SATURDAY,1
3110636,KOREAN_FOOD,SUNDAY,3
3110636,CHINESE_FOOD,MONDAY,-1
3110636,CHINESE_FOOD,TUESDAY,-6
3110636,CHINESE_FOOD,WEDNESDAY,-1
3110636,CHINESE_FOOD,THURSDAY,-1
3110636,CHINESE_FOOD,FRIDAY,1
3110636,CHINESE_FOOD,SATURDAY,3
3110636,CHINESE_FOOD,SUNDAY,5
3110636,CAFE_BEVERAGE,MONDAY,-1
3110636,CAFE_BEVERAGE,TUESDAY,-1
3110636,CAFE_BEVERAGE,WEDNESDAY,0
3110636,CAFE_BEVERAGE,THURSDAY,-1
3110636,CAFE_BEVERAGE,FRIDAY,1
3110636,CAFE_BEVERAGE,SATURDAY,2
3110636,CAFE_BEVERAGE,SUNDAY,0
3110637,KOREAN_FOOD,MONDAY,1
3110637,KOREAN_FOOD,TUESDAY,1
3110637,KOREAN_FOOD,WEDNESDAY,1
3110637,KOREAN_FOOD,THURSDAY,1
3110637,KOREAN_FOOD,FRIDAY,1
3110637,KOREAN_FOOD,SATURDAY,-2
3110637,KOREAN_FOOD,SUNDAY,-4
3110638,KOREAN_FOOD,MONDAY,-3
3110638,KOREAN_FOOD,TUESDAY,-2
3110638,KOREAN_FOOD,WEDNESDAY,-1
3110638,KOREAN_FOOD,THURSDAY,-1
3110638,KOREAN_FOOD,FRIDAY,2
3110638,KOREAN_FOOD,SATURDAY,3
3110638,KOREAN_FOOD,SUNDAY,2
3110638,CHINESE_FOOD,MONDAY,0
3110638,CHINESE_FOOD,TUESDAY,0
3110638,CHINESE_FOOD,WEDNESDAY,-1
3110638,CHINESE_FOOD,THURSDAY,0
3110638,CHINESE_FOOD,FRIDAY,0
3110638,CHINESE_FOOD,SATURDAY,0
3110638,CHINESE_FOOD,SUNDAY,2
3110638,CHICKEN,MONDAY,-5
3110638,CHICKEN,TUESDAY,-1
3110638,CHICKEN,WEDNESDAY,-2
3110638,CHICKEN,THURSDAY,-3
3110638,CHICKEN,FRIDAY,2
3110638,CHICKEN,SATURDAY,6
3110638,CHICKEN,SUNDAY,2
3110638,BUNSIK,MONDAY,0
3110638,BUNSIK,TUESDAY,0
3110638,BUNSIK,WEDNESDAY,-1
3110638,BUNSIK,THURSDAY,-1
3110638,BUNSIK,FRIDAY,0
3110638,BUNSIK,SATURDAY,2
3110638,BUNSIK,SUNDAY,-1
3110638,CAFE_BEVERAGE,MONDAY,-3
3110638,CAFE_BEVERAGE,TUESDAY,-2
3110638,CAFE_BEVERAGE,WEDNESDAY,-1
3110638,CAFE_BEVERAGE,THURSDAY,-2
3110638,CAFE_BEVERAGE,FRIDAY,0
3110638,CAFE_BEVERAGE,SATURDAY,4
3110638,CAFE_BEVERAGE,SUNDAY,4
3110638,BAKERY,MONDAY,1
3110638,BAKERY,TUESDAY,0
3110638,BAKERY,WEDNESDAY,0
3110638,BAKERY,THURSDAY,-6
3110638,BAKERY,FRIDAY,3
3110638,BAKERY,SATURDAY,5
3110638,BAKERY,SUNDAY,3
3110639,KOREAN_FOOD,MONDAY,-6
3110639,KOREAN_FOOD,TUESDAY,3
3110639,KOREAN_FOOD,WEDNESDAY,3
3110639,KOREAN_FOOD,THURSDAY,2
3110639,KOREAN_FOOD,FRIDAY,4
3110639,KOREAN_FOOD,SATURDAY,0
3110639,KOREAN_FOOD,SUNDAY,-4
3110640,KOREAN_FOOD,MONDAY,2
3110640,KOREAN_FOOD,TUESDAY,2
3110640,KOREAN_FOOD,WEDNESDAY,2
3110640,KOREAN_FOOD,THURSDAY,2
3110640,KOREAN_FOOD,FRIDAY,3
3110640,KOREAN_FOOD,SATURDAY,0
3110640,KOREAN_FOOD,SUNDAY,-6
3110640,BUNSIK,MONDAY,-1
3110640,BUNSIK,TUESDAY,-2
3110640,BUNSIK,WEDNESDAY,-3
3110640,BUNSIK,THURSDAY,0
3110640,BUNSIK,FRIDAY,1
3110640,BUNSIK,SATURDAY,3
3110640,BUNSIK,SUNDAY,2
3110640,CAFE_BEVERAGE,MONDAY,-2
3110640,CAFE_BEVERAGE,TUESDAY,-1
3110640,CAFE_BEVERAGE,WEDNESDAY,0
3110640,CAFE_BEVERAGE,THURSDAY,0
3110640,CAFE_BEVERAGE,FRIDAY,1
3110640,CAFE_BEVERAGE,SATURDAY,2
3110640,CAFE_BEVERAGE,SUNDAY,1
3110640,BAKERY,MONDAY,0
3110640,BAKERY,TUESDAY,0
3110640,BAKERY,WEDNESDAY,1
3110640,BAKERY,THURSDAY,-1
3110640,BAKERY,FRIDAY,0
3110640,BAKERY,SATURDAY,2
3110640,BAKERY,SUNDAY,-1
3110641,KOREAN_FOOD,MONDAY,2
3110641,KOREAN_FOOD,TUESDAY,1
3110641,KOREAN_FOOD,WEDNESDAY,1
3110641,KOREAN_FOOD,THURSDAY,2
3110641,KOREAN_FOOD,FRIDAY,5
3110641,KOREAN_FOOD,SATURDAY,3
3110641,KOREAN_FOOD,SUNDAY,-6
3110641,CAFE_BEVERAGE,MONDAY,-1
3110641,CAFE_BEVERAGE,TUESDAY,0
3110641,CAFE_BEVERAGE,WEDNESDAY,0
3110641,CAFE_BEVERAGE,THURSDAY,1
3110641,CAFE_BEVERAGE,FRIDAY,2
3110641,CAFE_BEVERAGE,SATURDAY,0
3110641,CAFE_BEVERAGE,SUNDAY,0
3110643,KOREAN_FOOD,MONDAY,5
3110643,KOREAN_FOOD,TUESDAY,5
3110643,KOREAN_FOOD,WEDNESDAY,4
3110643,KOREAN_FOOD,THURSDAY,5
3110643,KOREAN_FOOD,FRIDAY,4
3110643,KOREAN_FOOD,SATURDAY,-6
3110643,KOREAN_FOOD,SUNDAY,-6
3110643,CHINESE_FOOD,MONDAY,-6
3110643,CHINESE_FOOD,TUESDAY,1
3110643,CHINESE_FOOD,WEDNESDAY,1
3110643,CHINESE_FOOD,THURSDAY,1
3110643,CHINESE_FOOD,FRIDAY,2
3110643,CHINESE_FOOD,SATURDAY,2
3110643,CHINESE_FOOD,SUNDAY,0
3110643,CAFE_BEVERAGE,MONDAY,5
3110643,CAFE_BEVERAGE,TUESDAY,5
3110643,CAFE_BEVERAGE,WEDNESDAY,6
3110643,CAFE_BEVERAGE,THURSDAY,6
3110643,CAFE_BEVERAGE,FRIDAY,6
3110643,CAFE_BEVERAGE,SATURDAY,-6
3110643,CAFE_BEVERAGE,SUNDAY,-6
3110644,KOREAN_FOOD,MONDAY,6
3110644,KOREAN_FOOD,TUESDAY,4
3110644,KOREAN_FOOD,WEDNESDAY,3
3110644,KOREAN_FOOD,THURSDAY,5
3110644,KOREAN_FOOD,FRIDAY,4
3110644,KOREAN_FOOD,SATURDAY,-6
3110644,KOREAN_FOOD,SUNDAY,-6
3110645,KOREAN_FOOD,MONDAY,0
3110645,KOREAN_FOOD,TUESDAY,1
3110645,KOREAN_FOOD,WEDNESDAY,1
3110645,KOREAN_FOOD,THURSDAY,1
3110645,KOREAN_FOOD,FRIDAY,0
3110645,KOREAN_FOOD,SATURDAY,1
3110645,KOREAN_FOOD,SUNDAY,-3
3110645,JAPANESE_FOOD,MONDAY,-2
3110645,JAPANESE_FOOD,TUESDAY,-1
3110645,JAPANESE_FOOD,WEDNESDAY,1
3110645,JAPANESE_FOOD,THURSDAY,-1
3110645,JAPANESE_FOOD,FRIDAY,3
3110645,JAPANESE_FOOD,SATURDAY,1
3110645,JAPANESE_FOOD,SUNDAY,-1
3110645,FAST_FOOD,MONDAY,-2
3110645,FAST_FOOD,TUESDAY,1
3110645,FAST_FOOD,WEDNESDAY,1
3110645,FAST_FOOD,THURSDAY,1
3110645,FAST_FOOD,FRIDAY,4
3110645,FAST_FOOD,SATURDAY,1
3110645,FAST_FOOD,SUNDAY,-6
3110645,BUNSIK,MONDAY,0
3110645,BUNSIK,TUESDAY,4
3110645,BUNSIK,WEDNESDAY,4
3110645,BUNSIK,THURSDAY,4
3110645,BUNSIK,FRIDAY,6
3110645,BUNSIK,SATURDAY,-4
3110645,BUNSIK,SUNDAY,-6
3110645,CAFE_BEVERAGE,MONDAY,-1
3110645,CAFE_BEVERAGE,TUESDAY,-1
3110645,CAFE_BEVERAGE,WEDNESDAY,0
3110645,CAFE_BEVERAGE,THURSDAY,0
3110645,CAFE_BEVERAGE,FRIDAY,1
3110645,CAFE_BEVERAGE,SATURDAY,3
3110645,CAFE_BEVERAGE,SUNDAY,-3
3110645,BAKERY,MONDAY,0
3110645,BAKERY,TUESDAY,0
3110645,BAKERY,WEDNESDAY,1
3110645,BAKERY,THURSDAY,0
3110645,BAKERY,FRIDAY,2
3110645,BAKERY,SATURDAY,2
3110645,BAKERY,SUNDAY,-4
3110646,KOREAN_FOOD,MONDAY,-2
3110646,KOREAN_FOOD,TUESDAY,-1
3110646,KOREAN_FOOD,WEDNESDAY,1
3110646,KOREAN_FOOD,THURSDAY,0
3110646,KOREAN_FOOD,FRIDAY,1
3110646,KOREAN_FOOD,SATURDAY,1
3110646,KOREAN_FOOD,SUNDAY,-1
3110646,CHICKEN,MONDAY,-6
3110646,CHICKEN,TUESDAY,-2
3110646,CHICKEN,WEDNESDAY,-4
3110646,CHICKEN,THURSDAY,-2
3110646,CHICKEN,FRIDAY,6
3110646,CHICKEN,SATURDAY,6
3110646,CHICKEN,SUNDAY,6
3110646,BUNSIK,MONDAY,1
3110646,BUNSIK,TUESDAY,-4
3110646,BUNSIK,WEDNESDAY,2
3110646,BUNSIK,THURSDAY,-3
3110646,BUNSIK,FRIDAY,0
3110646,BUNSIK,SATURDAY,3
3110646,BUNSIK,SUNDAY,0
3110646,CAFE_BEVERAGE,MONDAY,-1
3110646,CAFE_BEVERAGE,TUESDAY,-2
3110646,CAFE_BEVERAGE,WEDNESDAY,-1
3110646,CAFE_BEVERAGE,THURSDAY,-2
3110646,CAFE_BEVERAGE,FRIDAY,0
3110646,CAFE_BEVERAGE,SATURDAY,3
3110646,CAFE_BEVERAGE,SUNDAY,3
3110647,KOREAN_FOOD,MONDAY,-6
3110647,KOREAN_FOOD,TUESDAY,1
3110647,KOREAN_FOOD,WEDNESDAY,-1
3110647,KOREAN_FOOD,THURSDAY,0
3110647,KOREAN_FOOD,FRIDAY,1
3110647,KOREAN_FOOD,SATURDAY,4
3110647,KOREAN_FOOD,SUNDAY,4
3110648,KOREAN_FOOD,MONDAY,2
3110648,KOREAN_FOOD,TUESDAY,3
3110648,KOREAN_FOOD,WEDNESDAY,3
3110648,KOREAN_FOOD,THURSDAY,3
3110648,KOREAN_FOOD,FRIDAY,3
3110648,KOREAN_FOOD,SATURDAY,-6
3110648,KOREAN_FOOD,SUNDAY,-6
3110648,CHINESE_FOOD,MONDAY,2
3110648,CHINESE_FOOD,TUESDAY,4
3110648,CHINESE_FOOD,WEDNESDAY,5
3110648,CHINESE_FOOD,THURSDAY,5
3110648,CHINESE_FOOD,FRIDAY,5
3110648,CHINESE_FOOD,SATURDAY,-6
3110648,CHINESE_FOOD,SUNDAY,-6
3110648,BUNSIK,MONDAY,2
3110648,BUNSIK,TUESDAY,2
3110648,BUNSIK,WEDNESDAY,2
3110648,BUNSIK,THURSDAY,2
3110648,BUNSIK,FRIDAY,3
3110648,BUNSIK,SATURDAY,-6
3110648,BUNSIK,SUNDAY,-4
3110648,CAFE_BEVERAGE,MONDAY,2
3110648,CAFE_BEVERAGE,TUESDAY,2
3110648,CAFE_BEVERAGE,WEDNESDAY,2
3110648,CAFE_BEVERAGE,THURSDAY,2
3110648,CAFE_BEVERAGE,FRIDAY,3
3110648,CAFE_BEVERAGE,SATURDAY,-5
3110648,CAFE_BEVERAGE,SUNDAY,-6
3110648,BAKERY,MONDAY,1
3110648,BAKERY,TUESDAY,1
3110648,BAKERY,WEDNESDAY,4
3110648,BAKERY,THURSDAY,1
3110648,BAKERY,FRIDAY,1
3110648,BAKERY,SATURDAY,-4
3110648,BAKERY,SUNDAY,-4
3110649,KOREAN_FOOD,MONDAY,1
3110649,KOREAN_FOOD,TUESDAY,3
3110649,KOREAN_FOOD,WEDNESDAY,2
3110649,KOREAN_FOOD,THURSDAY,1
3110649,KOREAN_FOOD,FRIDAY,3
3110649,KOREAN_FOOD,SATURDAY,3
3110649,KOREAN_FOOD,SUNDAY,-6
3110649,FAST_FOOD,MONDAY,-1
3110649,FAST_FOOD,TUESDAY,0
3110649,FAST_FOOD,WEDNESDAY,0
3110649,FAST_FOOD,THURSDAY,-1
3110649,FAST_FOOD,FRIDAY,1
3110649,FAST_FOOD,SATURDAY,2
3110649,FAST_FOOD,SUNDAY,0
3110649,CAFE_BEVERAGE,MONDAY,-3
3110649,CAFE_BEVERAGE,TUESDAY,-1
3110649,CAFE_BEVERAGE,WEDNESDAY,-1
3110649,CAFE_BEVERAGE,THURSDAY,-2
3110649,CAFE_BEVERAGE,FRIDAY,0
3110649,CAFE_BEVERAGE,SATURDAY,4
3110649,CAFE_BEVERAGE,SUNDAY,2
3110650,KOREAN_FOOD,MONDAY,0
3110650,KOREAN_FOOD,TUESDAY,0
3110650,KOREAN_FOOD,WEDNESDAY,0
3110650,KOREAN_FOOD,THURSDAY,0
3110650,KOREAN_FOOD,FRIDAY,1
3110650,KOREAN_FOOD,SATURDAY,-1
3110650,KOREAN_FOOD,SUNDAY,1
3110651,KOREAN_FOOD,MONDAY,1
3110651,KOREAN_FOOD,TUESDAY,1
3110651,KOREAN_FOOD,WEDNESDAY,1
3110651,KOREAN_FOOD,THURSDAY,0
3110651,KOREAN_FOOD,FRIDAY,2
3110651,KOREAN_FOOD,SATURDAY,2
3110651,KOREAN_FOOD,SUNDAY,-6
3110651,CHINESE_FOOD,MONDAY,1
3110651,CHINESE_FOOD,TUESDAY,-6
3110651,CHINESE_FOOD,WEDNESDAY,3
3110651,CHINESE_FOOD,THURSDAY,1
3110651,CHINESE_FOOD,FRIDAY,1
3110651,CHINESE_FOOD,SATURDAY,4
3110651,CHINESE_FOOD,SUNDAY,6
3110651,CAFE_BEVERAGE,MONDAY,-6
3110651,CAFE_BEVERAGE,TUESDAY,1
3110651,CAFE_BEVERAGE,WEDNESDAY,1
3110651,CAFE_BEVERAGE,THURSDAY,3
3110651,CAFE_BEVERAGE,FRIDAY,3
3110651,CAFE_BEVERAGE,SATURDAY,6
3110651,CAFE_BEVERAGE,SUNDAY,-3
3110652,KOREAN_FOOD,MONDAY,2
3110652,KOREAN_FOOD,TUESDAY,2
3110652,KOREAN_FOOD,WEDNESDAY,2
3110652,KOREAN_FOOD,THURSDAY,3
3110652,KOREAN_FOOD,FRIDAY,2
3110652,KOREAN_FOOD,SATURDAY,-2
3110652,KOREAN_FOOD,SUNDAY,-6
3110652,CAFE_BEVERAGE,MONDAY,-1
3110652,CAFE_BEVERAGE,TUESDAY,0
3110652,CAFE_BEVERAGE,WEDNESDAY,0
3110652,CAFE_BEVERAGE,THURSDAY,1
3110652,CAFE_BEVERAGE,FRIDAY,2
3110652,CAFE_BEVERAGE,SATURDAY,0
3110652,CAFE_BEVERAGE,SUNDAY,-1
3110653,KOREAN_FOOD,MONDAY,2
3110653,KOREAN_FOOD,TUESDAY,1
3110653,KOREAN_FOOD,WEDNESDAY,1
3110653,KOREAN_FOOD,THURSDAY,1
3110653,KOREAN_FOOD,FRIDAY,2
3110653,KOREAN_FOOD,SATURDAY,0
3110653,KOREAN_FOOD,SUNDAY,-6
3110654,KOREAN_FOOD,MONDAY,-2
3110654,KOREAN_FOOD,TUESDAY,-3
3110654,KOREAN_FOOD,WEDNESDAY,-1
3110654,KOREAN_FOOD,THURSDAY,-1
3110654,KOREAN_FOOD,FRIDAY,1
3110654,KOREAN_FOOD,SATURDAY,3
3110654,KOREAN_FOOD,SUNDAY,2
3110654,CHINESE_FOOD,MONDAY,0
3110654,CHINESE_FOOD,TUESDAY,-6
3110654,CHINESE_FOOD,WEDNESDAY,-3
3110654,CHINESE_FOOD,THURSDAY,-2
3110654,CHINESE_FOOD,FRIDAY,1
3110654,CHINESE_FOOD,SATURDAY,4
3110654,CHINESE_FOOD,SUNDAY,6
3110654,CHICKEN,MONDAY,-4
3110654,CHICKEN,TUESDAY,-1
3110654,CHICKEN,WEDNESDAY,-3
3110654,CHICKEN,THURSDAY,-2
3110654,CHICKEN,FRIDAY,2
3110654,CHICKEN,SATURDAY,5
3110654,CHICKEN,SUNDAY,2
3110654,BUNSIK,MONDAY,1
3110654,BUNSIK,TUESDAY,-4
3110654,BUNSIK,WEDNESDAY,-2
3110654,BUNSIK,THURSDAY,-1
3110654,BUNSIK,FRIDAY,0
3110654,BUNSIK,SATURDAY,6
3110654,BUNSIK,SUNDAY,0
3110654,CAFE_BEVERAGE,MONDAY,-3
3110654,CAFE_BEVERAGE,TUESDAY,-1
3110654,CAFE_BEVERAGE,WEDNESDAY,-2
3110654,CAFE_BEVERAGE,THURSDAY,-2
3110654,CAFE_BEVERAGE,FRIDAY,-1
3110654,CAFE_BEVERAGE,SATURDAY,3
3110654,CAFE_BEVERAGE,SUNDAY,5
3110655,KOREAN_FOOD,MONDAY,-3
3110655,KOREAN_FOOD,TUESDAY,0
3110655,KOREAN_FOOD,WEDNESDAY,1
3110655,KOREAN_FOOD,THURSDAY,1
3110655,KOREAN_FOOD,FRIDAY,2
3110655,KOREAN_FOOD,SATURDAY,1
3110655,KOREAN_FOOD,SUNDAY,-3
3110655,CAFE_BEVERAGE,MONDAY,-2
3110655,CAFE_BEVERAGE,TUESDAY,-2
3110655,CAFE_BEVERAGE,WEDNESDAY,-1
3110655,CAFE_BEVERAGE,THURSDAY,-1
3110655,CAFE_BEVERAGE,FRIDAY,0
3110655,CAFE_BEVERAGE,SATURDAY,4
3110655,CAFE_BEVERAGE,SUNDAY,1
3110656,KOREAN_FOOD,MONDAY,-2
3110656,KOREAN_FOOD,TUESDAY,-2
3110656,KOREAN_FOOD,WEDNESDAY,-1
3110656,KOREAN_FOOD,THURSDAY,-2
3110656,KOREAN_FOOD,FRIDAY,2
3110656,KOREAN_FOOD,SATURDAY,4
3110656,KOREAN_FOOD,SUNDAY,1
3110656,CHINESE_FOOD,MONDAY,1
3110656,CHINESE_FOOD,TUESDAY,-1
3110656,CHINESE_FOOD,WEDNESDAY,-3
3110656,CHINESE_FOOD,THURSDAY,-2
3110656,CHINESE_FOOD,FRIDAY,1
3110656,CHINESE_FOOD,SATURDAY,3
3110656,CHINESE_FOOD,SUNDAY,1
3110656,BUNSIK,MONDAY,1
3110656,BUNSIK,TUESDAY,2
3110656,BUNSIK,WEDNESDAY,2
3110656,BUNSIK,THURSDAY,2
3110656,BUNSIK,FRIDAY,3
3110656,BUNSIK,SATURDAY,6
3110656,BUNSIK,SUNDAY,-6
3110656,CAFE_BEVERAGE,MONDAY,-1
3110656,CAFE_BEVERAGE,TUESDAY,-1
3110656,CAFE_BEVERAGE,WEDNESDAY,-2
3110656,CAFE_BEVERAGE,THURSDAY,-4
3110656,CAFE_BEVERAGE,FRIDAY,-2
3110656,CAFE_BEVERAGE,SATURDAY,4
3110656,CAFE_BEVERAGE,SUNDAY,6
3110657,KOREAN_FOOD,MONDAY,5
3110657,KOREAN_FOOD,TUESDAY,4
3110657,KOREAN_FOOD,WEDNESDAY,4
3110657,KOREAN_FOOD,THURSDAY,5
3110657,KOREAN_FOOD,FRIDAY,5
3110657,KOREAN_FOOD,SATURDAY,-6
3110657,KOREAN_FOOD,SUNDAY,-6
3110657,CHICKEN,MONDAY,-2
3110657,CHICKEN,TUESDAY,-2
3110657,CHICKEN,WEDNESDAY,0
3110657,CHICKEN,THURSDAY,-1
3110657,CHICKEN,FRIDAY,4
3110657,CHICKEN,SATURDAY,2
3110657,CHICKEN,SUNDAY,-1
3110657,CAFE_BEVERAGE,MONDAY,2
3110657,CAFE_BEVERAGE,TUESDAY,1
3110657,CAFE_BEVERAGE,WEDNESDAY,2
3110657,CAFE_BEVERAGE,THURSDAY,2
3110657,CAFE_BEVERAGE,FRIDAY,3
3110657,CAFE_BEVERAGE,SATURDAY,-4
3110657,CAFE_BEVERAGE,SUNDAY,-5
3110658,KOREAN_FOOD,MONDAY,-1
3110658,KOREAN_FOOD,TUESDAY,-1
3110658,KOREAN_FOOD,WEDNESDAY,-2
3110658,KOREAN_FOOD,THURSDAY,-2
3110658,KOREAN_FOOD,FRIDAY,1
3110658,KOREAN_FOOD,SATURDAY,4
3110658,KOREAN_FOOD,SUNDAY,2
3110659,KOREAN_FOOD,MONDAY,0
3110659,KOREAN_FOOD,TUESDAY,-1
3110659,KOREAN_FOOD,WEDNESDAY,0
3110659,KOREAN_FOOD,THURSDAY,0
3110659,KOREAN_FOOD,FRIDAY,2
3110659,KOREAN_FOOD,SATURDAY,2
3110659,KOREAN_FOOD,SUNDAY,-2
3110659,CHICKEN,MONDAY,-4
3110659,CHICKEN,TUESDAY,1
3110659,CHICKEN,WEDNESDAY,2
3110659,CHICKEN,THURSDAY,2
3110659,CHICKEN,FRIDAY,6
3110659,CHICKEN,SATURDAY,6
3110659,CHICKEN,SUNDAY,-6
3110659,BUNSIK,MONDAY,0
3110659,BUNSIK,TUESDAY,4
3110659,BUNSIK,WEDNESDAY,2
3110659,BUNSIK,THURSDAY,2
3110659,BUNSIK,FRIDAY,4
3110659,BUNSIK,SATURDAY,-3
3110659,BUNSIK,SUNDAY,-6
3110659,CAFE_BEVERAGE,MONDAY,-2
3110659,CAFE_BEVERAGE,TUESDAY,-1
3110659,CAFE_BEVERAGE,WEDNESDAY,0
3110659,CAFE_BEVERAGE,THURSDAY,-1
3110659,CAFE_BEVERAGE,FRIDAY,0
3110659,CAFE_BEVERAGE,SATURDAY,3
3110659,CAFE_BEVERAGE,SUNDAY,0
3110659,BAKERY,MONDAY,-6
3110659,BAKERY,TUESDAY,2
3110659,BAKERY,WEDNESDAY,2
3110659,BAKERY,THURSDAY,2
3110659,BAKERY,FRIDAY,4
3110659,BAKERY,SATURDAY,4
3110659,BAKERY,SUNDAY,-6
3110660,KOREAN_FOOD,MONDAY,0
3110660,KOREAN_FOOD,TUESDAY,0
3110660,KOREAN_FOOD,WEDNESDAY,0
3110660,KOREAN_FOOD,THURSDAY,1
3110660,KOREAN_FOOD,FRIDAY,2
3110660,KOREAN_FOOD,SATURDAY,-1
3110660,KOREAN_FOOD,SUNDAY,-2
3110660,CHINESE_FOOD,MONDAY,3
3110660,CHINESE_FOOD,TUESDAY,3
3110660,CHINESE_FOOD,WEDNESDAY,4
3110660,CHINESE_FOOD,THURSDAY,4
3110660,CHINESE_FOOD,FRIDAY,5
3110660,CHINESE_FOOD,SATURDAY,-6
3110660,CHINESE_FOOD,SUNDAY,-6
3110660,JAPANESE_FOOD,MONDAY,0
3110660,JAPANESE_FOOD,TUESDAY,-2
3110660,JAPANESE_FOOD,WEDNESDAY,2
3110660,JAPANESE_FOOD,THURSDAY,2
3110660,JAPANESE_FOOD,FRIDAY,2
3110660,JAPANESE_FOOD,SATURDAY,-6
3110660,JAPANESE_FOOD,SUNDAY,3
3110660,FAST_FOOD,MONDAY,2
3110660,FAST_FOOD,TUESDAY,1
3110660,FAST_FOOD,WEDNESDAY,0
3110660,FAST_FOOD,THURSDAY,2
3110660,FAST_FOOD,FRIDAY,1
3110660,FAST_FOOD,SATURDAY,3
3110660,FAST_FOOD,SUNDAY,-6
3110660,BUNSIK,MONDAY,-3
3110660,BUNSIK,TUESDAY,2
3110660,BUNSIK,WEDNESDAY,1
3110660,BUNSIK,THURSDAY,1
3110660,BUNSIK,FRIDAY,3
3110660,BUNSIK,SATURDAY,0
3110660,BUNSIK,SUNDAY,-5
3110660,CAFE_BEVERAGE,MONDAY,-1
3110660,CAFE_BEVERAGE,TUESDAY,-1
3110660,CAFE_BEVERAGE,WEDNESDAY,-1
3110660,CAFE_BEVERAGE,THURSDAY,-1
3110660,CAFE_BEVERAGE,FRIDAY,0
3110660,CAFE_BEVERAGE,SATURDAY,0
3110660,CAFE_BEVERAGE,SUNDAY,3
3110660,BAKERY,MONDAY,0
3110660,BAKERY,TUESDAY,0
3110660,BAKERY,WEDNESDAY,0
3110660,BAKERY,THURSDAY,-1
3110660,BAKERY,FRIDAY,1
3110660,BAKERY,SATURDAY,1
3110660,BAKERY,SUNDAY,-1
3110662,KOREAN_FOOD,MONDAY,-3
3110662,KOREAN_FOOD,TUESDAY,-1
3110662,KOREAN_FOOD,WEDNESDAY,-1
3110662,KOREAN_FOOD,THURSDAY,-1
3110662,KOREAN_FOOD,FRIDAY,3
3110662,KOREAN_FOOD,SATURDAY,3
3110662,KOREAN_FOOD,SUNDAY,0
3110662,FAST_FOOD,MONDAY,-6
3110662,FAST_FOOD,TUESDAY,2
3110662,FAST_FOOD,WEDNESDAY,1
3110662,FAST_FOOD,THURSDAY,2
3110662,FAST_FOOD,FRIDAY,3
3110662,FAST_FOOD,SATURDAY,3
3110662,FAST_FOOD,SUNDAY,4
3110662,BAKERY,MONDAY,0
3110662,BAKERY,TUESDAY,-1
3110662,BAKERY,WEDNESDAY,0
3110662,BAKERY,THURSDAY,0
3110662,BAKERY,FRIDAY,1
3110662,BAKERY,SATURDAY,2
3110662,BAKERY,SUNDAY,-2
3110663,KOREAN_FOOD,MONDAY,4
3110663,KOREAN_FOOD,TUESDAY,4
3110663,KOREAN_FOOD,WEDNESDAY,4
3110663,KOREAN_FOOD,THURSDAY,4
3110663,KOREAN_FOOD,FRIDAY,4
3110663,KOREAN_FOOD,SATURDAY,-5
3110663,KOREAN_FOOD,SUNDAY,-6
3110663,CAFE_BEVERAGE,MONDAY,-1
3110663,CAFE_BEVERAGE,TUESDAY,0
3110663,CAFE_BEVERAGE,WEDNESDAY,0
3110663,CAFE_BEVERAGE,THURSDAY,0
3110663,CAFE_BEVERAGE,FRIDAY,1
3110663,CAFE_BEVERAGE,SATURDAY,2
3110663,CAFE_BEVERAGE,SUNDAY,-2
3110664,KOREAN_FOOD,MONDAY,-2
3110664,KOREAN_FOOD,TUESDAY,0
3110664,KOREAN_FOOD,WEDNESDAY,0
3110664,KOREAN_FOOD,THURSDAY,0
3110664,KOREAN_FOOD,FRIDAY,3
3110664,KOREAN_FOOD,SATURDAY,2
3110664,KOREAN_FOOD,SUNDAY,-4
3110665,KOREAN_FOOD,MONDAY,3
3110665,KOREAN_FOOD,TUESDAY,4
3110665,KOREAN_FOOD,WEDNESDAY,4
3110665,KOREAN_FOOD,THURSDAY,3
3110665,KOREAN_FOOD,FRIDAY,6
3110665,KOREAN_FOOD,SATURDAY,-5
3110665,KOREAN_FOOD,SUNDAY,-6
3110665,BUNSIK,MONDAY,6
3110665,BUNSIK,TUESDAY,4
3110665,BUNSIK,WEDNESDAY,3
3110665,BUNSIK,THURSDAY,3
3110665,BUNSIK,FRIDAY,4
3110665,BUNSIK,SATURDAY,-5
3110665,BUNSIK,SUNDAY,-6
3110667,KOREAN_FOOD,MONDAY,-2
3110667,KOREAN_FOOD,TUESDAY,-1
3110667,KOREAN_FOOD,WEDNESDAY,0
3110667,KOREAN_FOOD,THURSDAY,-1
3110667,KOREAN_FOOD,FRIDAY,0
3110667,KOREAN_FOOD,SATURDAY,1
3110667,KOREAN_FOOD,SUNDAY,1
3110667,FAST_FOOD,MONDAY,0
3110667,FAST_FOOD,TUESDAY,0
3110667,FAST_FOOD,WEDNESDAY,0
3110667,FAST_FOOD,THURSDAY,1
3110667,FAST_FOOD,FRIDAY,1
3110667,FAST_FOOD,SATURDAY,-1
3110667,FAST_FOOD,SUNDAY,-1
3110667,BUNSIK,MONDAY,0
3110667,BUNSIK,TUESDAY,0
3110667,BUNSIK,WEDNESDAY,0
3110667,BUNSIK,THURSDAY,0
3110667,BUNSIK,FRIDAY,0
3110667,BUNSIK,SATURDAY,0
3110667,BUNSIK,SUNDAY,-2
3110667,CAFE_BEVERAGE,MONDAY,-1
3110667,CAFE_BEVERAGE,TUESDAY,-1
3110667,CAFE_BEVERAGE,WEDNESDAY,-1
3110667,CAFE_BEVERAGE,THURSDAY,-1
3110667,CAFE_BEVERAGE,FRIDAY,0
3110667,CAFE_BEVERAGE,SATURDAY,2
3110667,CAFE_BEVERAGE,SUNDAY,3
3110668,KOREAN_FOOD,MONDAY,2
3110668,KOREAN_FOOD,TUESDAY,-1
3110668,KOREAN_FOOD,WEDNESDAY,0
3110668,KOREAN_FOOD,THURSDAY,1
3110668,KOREAN_FOOD,FRIDAY,1
3110668,KOREAN_FOOD,SATURDAY,0
3110668,KOREAN_FOOD,SUNDAY,-3
3110668,BUNSIK,MONDAY,-1
3110668,BUNSIK,TUESDAY,0
3110668,BUNSIK,WEDNESDAY,0
3110668,BUNSIK,THURSDAY,-1
3110668,BUNSIK,FRIDAY,2
3110668,BUNSIK,SATURDAY,3
3110668,BUNSIK,SUNDAY,-2
3110668,CAFE_BEVERAGE,MONDAY,1
3110668,CAFE_BEVERAGE,TUESDAY,4
3110668,CAFE_BEVERAGE,WEDNESDAY,6
3110668,CAFE_BEVERAGE,THURSDAY,4
3110668,CAFE_BEVERAGE,FRIDAY,6
3110668,CAFE_BEVERAGE,SATURDAY,-6
3110668,CAFE_BEVERAGE,SUNDAY,-6
3110670,KOREAN_FOOD,MONDAY,2
3110670,KOREAN_FOOD,TUESDAY,3
3110670,KOREAN_FOOD,WEDNESDAY,1
3110670,KOREAN_FOOD,THURSDAY,1
3110670,KOREAN_FOOD,FRIDAY,3
3110670,KOREAN_FOOD,SATURDAY,1
3110670,KOREAN_FOOD,SUNDAY,-6
3110671,KOREAN_FOOD,MONDAY,3
3110671,KOREAN_FOOD,TUESDAY,2
3110671,KOREAN_FOOD,WEDNESDAY,3
3110671,KOREAN_FOOD,THURSDAY,2
3110671,KOREAN_FOOD,FRIDAY,3
3110671,KOREAN_FOOD,SATURDAY,-5
3110671,KOREAN_FOOD,SUNDAY,-6
3110671,CHINESE_FOOD,MONDAY,2
3110671,CHINESE_FOOD,TUESDAY,2
3110671,CHINESE_FOOD,WEDNESDAY,5
3110671,CHINESE_FOOD,THURSDAY,6
3110671,CHINESE_FOOD,FRIDAY,6
3110671,CHINESE_FOOD,SATURDAY,-6
3110671,CHINESE_FOOD,SUNDAY,-1
3110671,JAPANESE_FOOD,MONDAY,5
3110671,JAPANESE_FOOD,TUESDAY,6
3110671,JAPANESE_FOOD,WEDNESDAY,6
3110671,JAPANESE_FOOD,THURSDAY,6
3110671,JAPANESE_FOOD,FRIDAY,6
3110671,JAPANESE_FOOD,SATURDAY,-6
3110671,JAPANESE_FOOD,SUNDAY,-6
3110671,WESTERN_FOOD,MONDAY,2
3110671,WESTERN_FOOD,TUESDAY,2
3110671,WESTERN_FOOD,WEDNESDAY,4
3110671,WESTERN_FOOD,THURSDAY,4
3110671,WESTERN_FOOD,FRIDAY,3
3110671,WESTERN_FOOD,SATURDAY,0
3110671,WESTERN_FOOD,SUNDAY,-6
3110671,BUNSIK,MONDAY,5
3110671,BUNSIK,TUESDAY,5
3110671,BUNSIK,WEDNESDAY,6
3110671,BUNSIK,THURSDAY,6
3110671,BUNSIK,FRIDAY,4
3110671,BUNSIK,SATURDAY,-6
3110671,BUNSIK,SUNDAY,-6
3110671,CAFE_BEVERAGE,MONDAY,1
3110671,CAFE_BEVERAGE,TUESDAY,1
3110671,CAFE_BEVERAGE,WEDNESDAY,2
3110671,CAFE_BEVERAGE,THURSDAY,2
3110671,CAFE_BEVERAGE,FRIDAY,2
3110671,CAFE_BEVERAGE,SATURDAY,-4
3110671,CAFE_BEVERAGE,SUNDAY,-5
3110673,KOREAN_FOOD,MONDAY,-3
3110673,KOREAN_FOOD,TUESDAY,-2
3110673,KOREAN_FOOD,WEDNESDAY,0
3110673,KOREAN_FOOD,THURSDAY,-1
3110673,KOREAN_FOOD,FRIDAY,5
3110673,KOREAN_FOOD,SATURDAY,6
3110673,KOREAN_FOOD,SUNDAY,-6
3110674,KOREAN_FOOD,MONDAY,6
3110674,KOREAN_FOOD,TUESDAY,4
3110674,KOREAN_FOOD,WEDNESDAY,4
3110674,KOREAN_FOOD,THURSDAY,5
3110674,KOREAN_FOOD,FRIDAY,4
3110674,KOREAN_FOOD,SATURDAY,-6
3110674,KOREAN_FOOD,SUNDAY,-6
3110675,KOREAN_FOOD,MONDAY,-3
3110675,KOREAN_FOOD,TUESDAY,-2
3110675,KOREAN_FOOD,WEDNESDAY,-2
3110675,KOREAN_FOOD,THURSDAY,0
3110675,KOREAN_FOOD,FRIDAY,2
3110675,KOREAN_FOOD,SATURDAY,5
3110675,KOREAN_FOOD,SUNDAY,0
3110675,BUNSIK,MONDAY,5
3110675,BUNSIK,TUESDAY,4
3110675,BUNSIK,WEDNESDAY,5
3110675,BUNSIK,THURSDAY,4
3110675,BUNSIK,FRIDAY,4
3110675,BUNSIK,SATURDAY,-5
3110675,BUNSIK,SUNDAY,-6
3110677,KOREAN_FOOD,MONDAY,-1
3110677,KOREAN_FOOD,TUESDAY,2
3110677,KOREAN_FOOD,WEDNESDAY,1
3110677,KOREAN_FOOD,THURSDAY,2
3110677,KOREAN_FOOD,FRIDAY,3
3110677,KOREAN_FOOD,SATURDAY,1
3110677,KOREAN_FOOD,SUNDAY,-6
3110678,KOREAN_FOOD,MONDAY,5
3110678,KOREAN_FOOD,TUESDAY,2
3110678,KOREAN_FOOD,WEDNESDAY,1
3110678,KOREAN_FOOD,THURSDAY,2
3110678,KOREAN_FOOD,FRIDAY,4
3110678,KOREAN_FOOD,SATURDAY,3
3110678,KOREAN_FOOD,SUNDAY,-6
3110679,KOREAN_FOOD,MONDAY,-6
3110679,KOREAN_FOOD,TUESDAY,1
3110679,KOREAN_FOOD,WEDNESDAY,2
3110679,KOREAN_FOOD,THURSDAY,1
3110679,KOREAN_FOOD,FRIDAY,3
3110679,KOREAN_FOOD,SATURDAY,2
3110679,KOREAN_FOOD,SUNDAY,-2
3110680,KOREAN_FOOD,MONDAY,2
3110680,KOREAN_FOOD,TUESDAY,2
3110680,KOREAN_FOOD,WEDNESDAY,2
3110680,KOREAN_FOOD,THURSDAY,3
3110680,KOREAN_FOOD,FRIDAY,4
3110680,KOREAN_FOOD,SATURDAY,-1
3110680,KOREAN_FOOD,SUNDAY,-6
3110681,KOREAN_FOOD,MONDAY,-2
3110681,KOREAN_FOOD,TUESDAY,0
3110681,KOREAN_FOOD,WEDNESDAY,1
3110681,KOREAN_FOOD,THURSDAY,0
3110681,KOREAN_FOOD,FRIDAY,2
3110681,KOREAN_FOOD,SATURDAY,-1
3110681,KOREAN_FOOD,SUNDAY,0
3110684,KOREAN_FOOD,MONDAY,-6
3110684,KOREAN_FOOD,TUESDAY,5
3110684,KOREAN_FOOD,WEDNESDAY,2
3110684,KOREAN_FOOD,THURSDAY,4
3110684,KOREAN_FOOD,FRIDAY,4
3110684,KOREAN_FOOD,SATURDAY,-1
3110684,KOREAN_FOOD,SUNDAY,-6
3110684,BUNSIK,MONDAY,6
3110684,BUNSIK,TUESDAY,6
3110684,BUNSIK,WEDNESDAY,5
3110684,BUNSIK,THURSDAY,5
3110684,BUNSIK,FRIDAY,6
3110684,BUNSIK,SATURDAY,-6
3110684,BUNSIK,SUNDAY,-6
3110684,CAFE_BEVERAGE,MONDAY,1
3110684,CAFE_BEVERAGE,TUESDAY,2
3110684,CAFE_BEVERAGE,WEDNESDAY,1
3110684,CAFE_BEVERAGE,THURSDAY,2
3110684,CAFE_BEVERAGE,FRIDAY,2
3110684,CAFE_BEVERAGE,SATURDAY,-3
3110684,CAFE_BEVERAGE,SUNDAY,-6
3110685,KOREAN_FOOD,MONDAY,3
3110685,KOREAN_FOOD,TUESDAY,5
3110685,KOREAN_FOOD,WEDNESDAY,3
3110685,KOREAN_FOOD,THURSDAY,3
3110685,KOREAN_FOOD,FRIDAY,5
3110685,KOREAN_FOOD,SATURDAY,-4
3110685,KOREAN_FOOD,SUNDAY,-6
3110686,KOREAN_FOOD,MONDAY,3
3110686,KOREAN_FOOD,TUESDAY,3
3110686,KOREAN_FOOD,WEDNESDAY,4
3110686,KOREAN_FOOD,THURSDAY,3
3110686,KOREAN_FOOD,FRIDAY,5
3110686,KOREAN_FOOD,SATURDAY,2
3110686,KOREAN_FOOD,SUNDAY,-6
3110686,BUNSIK,MONDAY,3
3110686,BUNSIK,TUESDAY,2
3110686,BUNSIK,WEDNESDAY,5
3110686,BUNSIK,THURSDAY,3
3110686,BUNSIK,FRIDAY,5
3110686,BUNSIK,SATURDAY,3
3110686,BUNSIK,SUNDAY,-6
3110687,KOREAN_FOOD,MONDAY,-5
3110687,KOREAN_FOOD,TUESDAY,-1
3110687,KOREAN_FOOD,WEDNESDAY,0
3110687,KOREAN_FOOD,THURSDAY,1
3110687,KOREAN_FOOD,FRIDAY,6
3110687,KOREAN_FOOD,SATURDAY,3
3110687,KOREAN_FOOD,SUNDAY,-6
3110688,KOREAN_FOOD,MONDAY,-3
3110688,KOREAN_FOOD,TUESDAY,-1
3110688,KOREAN_FOOD,WEDNESDAY,-1
3110688,KOREAN_FOOD,THURSDAY,-2
3110688,KOREAN_FOOD,FRIDAY,1
3110688,KOREAN_FOOD,SATURDAY,4
3110688,KOREAN_FOOD,SUNDAY,1
3110689,KOREAN_FOOD,MONDAY,-3
3110689,KOREAN_FOOD,TUESDAY,-1
3110689,KOREAN_FOOD,WEDNESDAY,-1
3110689,KOREAN_FOOD,THURSDAY,-1
3110689,KOREAN_FOOD,FRIDAY,2
3110689,KOREAN_FOOD,SATURDAY,3
3110689,KOREAN_FOOD,SUNDAY,1
3110690,KOREAN_FOOD,MONDAY,-2
3110690,KOREAN_FOOD,TUESDAY,-3
3110690,KOREAN_FOOD,WEDNESDAY,-3
3110690,KOREAN_FOOD,THURSDAY,-2
3110690,KOREAN_FOOD,FRIDAY,2
3110690,KOREAN_FOOD,SATURDAY,5
3110690,KOREAN_FOOD,SUNDAY,2
3110690,CHINESE_FOOD,MONDAY,0
3110690,CHINESE_FOOD,TUESDAY,-1
3110690,CHINESE_FOOD,WEDNESDAY,-4
3110690,CHINESE_FOOD,THURSDAY,-4
3110690,CHINESE_FOOD,FRIDAY,0
3110690,CHINESE_FOOD,SATURDAY,5
3110690,CHINESE_FOOD,SUNDAY,5
3110690,CHICKEN,MONDAY,-2
3110690,CHICKEN,TUESDAY,-5
3110690,CHICKEN,WEDNESDAY,-6
3110690,CHICKEN,THURSDAY,-3
3110690,CHICKEN,FRIDAY,4
3110690,CHICKEN,SATURDAY,6
3110690,CHICKEN,SUNDAY,2
3110690,BUNSIK,MONDAY,1
3110690,BUNSIK,TUESDAY,1
3110690,BUNSIK,WEDNESDAY,2
3110690,BUNSIK,THURSDAY,0
3110690,BUNSIK,FRIDAY,2
3110690,BUNSIK,SATURDAY,2
3110690,BUNSIK,SUNDAY,-6
3110690,CAFE_BEVERAGE,MONDAY,-3
3110690,CAFE_BEVERAGE,TUESDAY,-1
3110690,CAFE_BEVERAGE,WEDNESDAY,0
3110690,CAFE_BEVERAGE,THURSDAY,-1
3110690,CAFE_BEVERAGE,FRIDAY,-1
3110690,CAFE_BEVERAGE,SATURDAY,3
3110690,CAFE_BEVERAGE,SUNDAY,3
3110691,KOREAN_FOOD,MONDAY,0
3110691,KOREAN_FOOD,TUESDAY,-1
3110691,KOREAN_FOOD,WEDNESDAY,-1
3110691,KOREAN_FOOD,THURSDAY,-2
3110691,KOREAN_FOOD,FRIDAY,1
3110691,KOREAN_FOOD,SATURDAY,5
3110691,KOREAN_FOOD,SUNDAY,-2
3110692,KOREAN_FOOD,MONDAY,-6
3110692,KOREAN_FOOD,TUESDAY,-1
3110692,KOREAN_FOOD,WEDNESDAY,-1
3110692,KOREAN_FOOD,THURSDAY,1
3110692,KOREAN_FOOD,FRIDAY,4
3110692,KOREAN_FOOD,SATURDAY,6
3110692,KOREAN_FOOD,SUNDAY,2
3110693,KOREAN_FOOD,MONDAY,-6
3110693,KOREAN_FOOD,TUESDAY,1
3110693,KOREAN_FOOD,WEDNESDAY,1
3110693,KOREAN_FOOD,THURSDAY,2
3110693,KOREAN_FOOD,FRIDAY,4
3110693,KOREAN_FOOD,SATURDAY,6
3110693,KOREAN_FOOD,SUNDAY,-3
3110694,KOREAN_FOOD,MONDAY,2
3110694,KOREAN_FOOD,TUESDAY,2
3110694,KOREAN_FOOD,WEDNESDAY,1
3110694,KOREAN_FOOD,THURSDAY,1
3110694,KOREAN_FOOD,FRIDAY,2
3110694,KOREAN_FOOD,SATURDAY,-2
3110694,KOREAN_FOOD,SUNDAY,-5
3110694,BUNSIK,MONDAY,1
3110694,BUNSIK,TUESDAY,1
3110694,BUNSIK,WEDNESDAY,-2
3110694,BUNSIK,THURSDAY,-1
3110694,BUNSIK,FRIDAY,1
3110694,BUNSIK,SATURDAY,3
3110694,BUNSIK,SUNDAY,-2
3110694,CAFE_BEVERAGE,MONDAY,0
3110694,CAFE_BEVERAGE,TUESDAY,0
3110694,CAFE_BEVERAGE,WEDNESDAY,0
3110694,CAFE_BEVERAGE,THURSDAY,1
3110694,CAFE_BEVERAGE,FRIDAY,2
3110694,CAFE_BEVERAGE,SATURDAY,-1
3110694,CAFE_BEVERAGE,SUNDAY,-2
3110694,BAKERY,MONDAY,-3
3110694,BAKERY,TUESDAY,-2
3110694,BAKERY,WEDNESDAY,-1
3110694,BAKERY,THURSDAY,1
3110694,BAKERY,FRIDAY,3
3110694,BAKERY,SATURDAY,3
3110694,BAKERY,SUNDAY,0
3110695,KOREAN_FOOD,MONDAY,-1
3110695,KOREAN_FOOD,TUESDAY,1
3110695,KOREAN_FOOD,WEDNESDAY,-1
3110695,KOREAN_FOOD,THURSDAY,-1
3110695,KOREAN_FOOD,FRIDAY,1
3110695,KOREAN_FOOD,SATURDAY,2
3110695,KOREAN_FOOD,SUNDAY,-1
3110695,CHINESE_FOOD,MONDAY,-6
3110695,CHINESE_FOOD,TUESDAY,-6
3110695,CHINESE_FOOD,WEDNESDAY,0
3110695,CHINESE_FOOD,THURSDAY,1
3110695,CHINESE_FOOD,FRIDAY,1
3110695,CHINESE_FOOD,SATURDAY,6
3110695,CHINESE_FOOD,SUNDAY,6
3110695,CHICKEN,MONDAY,-6
3110695,CHICKEN,TUESDAY,-3
3110695,CHICKEN,WEDNESDAY,1
3110695,CHICKEN,THURSDAY,0
3110695,CHICKEN,FRIDAY,5
3110695,CHICKEN,SATURDAY,6
3110695,CHICKEN,SUNDAY,3
3110695,CAFE_BEVERAGE,MONDAY,0
3110695,CAFE_BEVERAGE,TUESDAY,1
3110695,CAFE_BEVERAGE,WEDNESDAY,0
3110695,CAFE_BEVERAGE,THURSDAY,0
3110695,CAFE_BEVERAGE,FRIDAY,0
3110695,CAFE_BEVERAGE,SATURDAY,5
3110695,CAFE_BEVERAGE,SUNDAY,-5
3110696,KOREAN_FOOD,MONDAY,-1
3110696,KOREAN_FOOD,TUESDAY,-1
3110696,KOREAN_FOOD,WEDNESDAY,-1
3110696,KOREAN_FOOD,THURSDAY,-1
3110696,KOREAN_FOOD,FRIDAY,-1
3110696,KOREAN_FOOD,SATURDAY,3
3110696,KOREAN_FOOD,SUNDAY,2
3110697,CAFE_BEVERAGE,MONDAY,-2
3110697,CAFE_BEVERAGE,TUESDAY,-4
3110697,CAFE_BEVERAGE,WEDNESDAY,-3
3110697,CAFE_BEVERAGE,THURSDAY,-2
3110697,CAFE_BEVERAGE,FRIDAY,-1
3110697,CAFE_BEVERAGE,SATURDAY,6
3110697,CAFE_BEVERAGE,SUNDAY,5
3110698,KOREAN_FOOD,MONDAY,-1
3110698,KOREAN_FOOD,TUESDAY,-3
3110698,KOREAN_FOOD,WEDNESDAY,-2
3110698,KOREAN_FOOD,THURSDAY,-1
3110698,KOREAN_FOOD,FRIDAY,3
3110698,KOREAN_FOOD,SATURDAY,6
3110698,KOREAN_FOOD,SUNDAY,-3
3110699,KOREAN_FOOD,MONDAY,-4
3110699,KOREAN_FOOD,TUESDAY,-1
3110699,KOREAN_FOOD,WEDNESDAY,0
3110699,KOREAN_FOOD,THURSDAY,-1
3110699,KOREAN_FOOD,FRIDAY,3
3110699,KOREAN_FOOD,SATURDAY,6
3110699,KOREAN_FOOD,SUNDAY,-4
3110699,BUNSIK,MONDAY,4
3110699,BUNSIK,TUESDAY,4
3110699,BUNSIK,WEDNESDAY,3
3110699,BUNSIK,THURSDAY,2
3110699,BUNSIK,FRIDAY,3
3110699,BUNSIK,SATURDAY,-3
3110699,BUNSIK,SUNDAY,-6
3110699,CAFE_BEVERAGE,MONDAY,-1
3110699,CAFE_BEVERAGE,TUESDAY,-2
3110699,CAFE_BEVERAGE,WEDNESDAY,0
3110699,CAFE_BEVERAGE,THURSDAY,-1
3110699,CAFE_BEVERAGE,FRIDAY,1
3110699,CAFE_BEVERAGE,SATURDAY,6
3110699,CAFE_BEVERAGE,SUNDAY,-2
3110700,KOREAN_FOOD,MONDAY,2
3110700,KOREAN_FOOD,TUESDAY,3
3110700,KOREAN_FOOD,WEDNESDAY,3
3110700,KOREAN_FOOD,THURSDAY,2
3110700,KOREAN_FOOD,FRIDAY,3
3110700,KOREAN_FOOD,SATURDAY,-2
3110700,KOREAN_FOOD,SUNDAY,-6
3110701,KOREAN_FOOD,MONDAY,0
3110701,KOREAN_FOOD,TUESDAY,1
3110701,KOREAN_FOOD,WEDNESDAY,1
3110701,KOREAN_FOOD,THURSDAY,1
3110701,KOREAN_FOOD,FRIDAY,2
3110701,KOREAN_FOOD,SATURDAY,-1
3110701,KOREAN_FOOD,SUNDAY,-3
3110701,CAFE_BEVERAGE,MONDAY,-6
3110701,CAFE_BEVERAGE,TUESDAY,-5
3110701,CAFE_BEVERAGE,WEDNESDAY,-4
3110701,CAFE_BEVERAGE,THURSDAY,-5
3110701,CAFE_BEVERAGE,FRIDAY,-5
3110701,CAFE_BEVERAGE,SATURDAY,0
3110701,CAFE_BEVERAGE,SUNDAY,6
3110702,KOREAN_FOOD,MONDAY,-1
3110702,KOREAN_FOOD,TUESDAY,1
3110702,KOREAN_FOOD,WEDNESDAY,-1
3110702,KOREAN_FOOD,THURSDAY,-1
3110702,KOREAN_FOOD,FRIDAY,4
3110702,KOREAN_FOOD,SATURDAY,4
3110702,KOREAN_FOOD,SUNDAY,-6
3110702,CAFE_BEVERAGE,MONDAY,1
3110702,CAFE_BEVERAGE,TUESDAY,-6
3110702,CAFE_BEVERAGE,WEDNESDAY,-6
3110702,CAFE_BEVERAGE,THURSDAY,-3
3110702,CAFE_BEVERAGE,FRIDAY,-2
3110702,CAFE_BEVERAGE,SATURDAY,6
3110702,CAFE_BEVERAGE,SUNDAY,6
3110703,KOREAN_FOOD,MONDAY,1
3110703,KOREAN_FOOD,TUESDAY,-1
3110703,KOREAN_FOOD,WEDNESDAY,1
3110703,KOREAN_FOOD,THURSDAY,0
3110703,KOREAN_FOOD,FRIDAY,2
3110703,KOREAN_FOOD,SATURDAY,2
3110703,KOREAN_FOOD,SUNDAY,-5
3110703,BUNSIK,MONDAY,1
3110703,BUNSIK,TUESDAY,1
3110703,BUNSIK,WEDNESDAY,1
3110703,BUNSIK,THURSDAY,1
3110703,BUNSIK,FRIDAY,1
3110703,BUNSIK,SATURDAY,0
3110703,BUNSIK,SUNDAY,-6
3110703,CAFE_BEVERAGE,MONDAY,-2
3110703,CAFE_BEVERAGE,TUESDAY,-2
3110703,CAFE_BEVERAGE,WEDNESDAY,-2
3110703,CAFE_BEVERAGE,THURSDAY,-2
3110703,CAFE_BEVERAGE,FRIDAY,0
3110703,CAFE_BEVERAGE,SATURDAY,5
3110703,CAFE_BEVERAGE,SUNDAY,2
3110703,BAKERY,MONDAY,-1
3110703,BAKERY,TUESDAY,-1
3110703,BAKERY,WEDNESDAY,2
3110703,BAKERY,THURSDAY,-1
3110703,BAKERY,FRIDAY,1
3110703,BAKERY,SATURDAY,1
3110703,BAKERY,SUNDAY,-1
3110704,KOREAN_FOOD,MONDAY,-1
3110704,KOREAN_FOOD,TUESDAY,-2
3110704,KOREAN_FOOD,WEDNESDAY,-1
3110704,KOREAN_FOOD,THURSDAY,-1
3110704,KOREAN_FOOD,FRIDAY,-1
3110704,KOREAN_FOOD,SATURDAY,2
3110704,KOREAN_FOOD,SUNDAY,4
3110706,KOREAN_FOOD,MONDAY,-2
3110706,KOREAN_FOOD,TUESDAY,1
3110706,KOREAN_FOOD,WEDNESDAY,1
3110706,KOREAN_FOOD,THURSDAY,1
3110706,KOREAN_FOOD,FRIDAY,2
3110706,KOREAN_FOOD,SATURDAY,0
3110706,KOREAN_FOOD,SUNDAY,-3
3110706,CHINESE_FOOD,MONDAY,-3
3110706,CHINESE_FOOD,TUESDAY,1
3110706,CHINESE_FOOD,WEDNESDAY,0
3110706,CHINESE_FOOD,THURSDAY,1
3110706,CHINESE_FOOD,FRIDAY,0
3110706,CHINESE_FOOD,SATURDAY,0
3110706,CHINESE_FOOD,SUNDAY,2
3110706,JAPANESE_FOOD,MONDAY,-4
3110706,JAPANESE_FOOD,TUESDAY,1
3110706,JAPANESE_FOOD,WEDNESDAY,1
3110706,JAPANESE_FOOD,THURSDAY,1
3110706,JAPANESE_FOOD,FRIDAY,2
3110706,JAPANESE_FOOD,SATURDAY,1
3110706,JAPANESE_FOOD,SUNDAY,-2
3110706,CHICKEN,MONDAY,-6
3110706,CHICKEN,TUESDAY,-3
3110706,CHICKEN,WEDNESDAY,-3
3110706,CHICKEN,THURSDAY,-2
3110706,CHICKEN,FRIDAY,2
3110706,CHICKEN,SATURDAY,6
3110706,CHICKEN,SUNDAY,6
3110706,FAST_FOOD,MONDAY,-3
3110706,FAST_FOOD,TUESDAY,0
3110706,FAST_FOOD,WEDNESDAY,0
3110706,FAST_FOOD,THURSDAY,0
3110706,FAST_FOOD,FRIDAY,1
3110706,FAST_FOOD,SATURDAY,1
3110706,FAST_FOOD,SUNDAY,1
3110706,BUNSIK,MONDAY,-4
3110706,BUNSIK,TUESDAY,0
3110706,BUNSIK,WEDNESDAY,0
3110706,BUNSIK,THURSDAY,1
3110706,BUNSIK,FRIDAY,2
3110706,BUNSIK,SATURDAY,3
3110706,BUNSIK,SUNDAY,-2
3110706,CAFE_BEVERAGE,MONDAY,-3
3110706,CAFE_BEVERAGE,TUESDAY,0
3110706,CAFE_BEVERAGE,WEDNESDAY,-1
3110706,CAFE_BEVERAGE,THURSDAY,-1
3110706,CAFE_BEVERAGE,FRIDAY,0
3110706,CAFE_BEVERAGE,SATURDAY,3
3110706,CAFE_BEVERAGE,SUNDAY,2
3110707,KOREAN_FOOD,MONDAY,2
3110707,KOREAN_FOOD,TUESDAY,3
3110707,KOREAN_FOOD,WEDNESDAY,5
3110707,KOREAN_FOOD,THURSDAY,3
3110707,KOREAN_FOOD,FRIDAY,4
3110707,KOREAN_FOOD,SATURDAY,-6
3110707,KOREAN_FOOD,SUNDAY,-6
3110708,BUNSIK,MONDAY,1
3110708,BUNSIK,TUESDAY,-1
3110708,BUNSIK,WEDNESDAY,-2
3110708,BUNSIK,THURSDAY,0
3110708,BUNSIK,FRIDAY,1
3110708,BUNSIK,SATURDAY,0
3110708,BUNSIK,SUNDAY,0
3110709,KOREAN_FOOD,MONDAY,-1
3110709,KOREAN_FOOD,TUESDAY,-1
3110709,KOREAN_FOOD,WEDNESDAY,-2
3110709,KOREAN_FOOD,THURSDAY,-1
3110709,KOREAN_FOOD,FRIDAY,1
3110709,KOREAN_FOOD,SATURDAY,2
3110709,KOREAN_FOOD,SUNDAY,3
3110710,KOREAN_FOOD,MONDAY,3
3110710,KOREAN_FOOD,TUESDAY,2
3110710,KOREAN_FOOD,WEDNESDAY,3
3110710,KOREAN_FOOD,THURSDAY,2
3110710,KOREAN_FOOD,FRIDAY,2
3110710,KOREAN_FOOD,SATURDAY,-4
3110710,KOREAN_FOOD,SUNDAY,-6
3110710,CHINESE_FOOD,MONDAY,-1
3110710,CHINESE_FOOD,TUESDAY,-3
3110710,CHINESE_FOOD,WEDNESDAY,-2
3110710,CHINESE_FOOD,THURSDAY,-5
3110710,CHINESE_FOOD,FRIDAY,0
3110710,CHINESE_FOOD,SATURDAY,4
3110710,CHINESE_FOOD,SUNDAY,6
3110710,BUNSIK,MONDAY,2
3110710,BUNSIK,TUESDAY,2
3110710,BUNSIK,WEDNESDAY,2
3110710,BUNSIK,THURSDAY,3
3110710,BUNSIK,FRIDAY,2
3110710,BUNSIK,SATURDAY,-3
3110710,BUNSIK,SUNDAY,-6
3110711,KOREAN_FOOD,MONDAY,3
3110711,KOREAN_FOOD,TUESDAY,5
3110711,KOREAN_FOOD,WEDNESDAY,3
3110711,KOREAN_FOOD,THURSDAY,4
3110711,KOREAN_FOOD,FRIDAY,4
3110711,KOREAN_FOOD,SATURDAY,-6
3110711,KOREAN_FOOD,SUNDAY,-6
3110711,CHINESE_FOOD,MONDAY,-5
3110711,CHINESE_FOOD,TUESDAY,-1
3110711,CHINESE_FOOD,WEDNESDAY,-4
3110711,CHINESE_FOOD,THURSDAY,-2
3110711,CHINESE_FOOD,FRIDAY,-2
3110711,CHINESE_FOOD,SATURDAY,4
3110711,CHINESE_FOOD,SUNDAY,6
3110711,CAFE_BEVERAGE,MONDAY,3
3110711,CAFE_BEVERAGE,TUESDAY,5
3110711,CAFE_BEVERAGE,WEDNESDAY,6
3110711,CAFE_BEVERAGE,THURSDAY,6
3110711,CAFE_BEVERAGE,FRIDAY,6
3110711,CAFE_BEVERAGE,SATURDAY,-6
3110711,CAFE_BEVERAGE,SUNDAY,-6
3110712,KOREAN_FOOD,MONDAY,-1
3110712,KOREAN_FOOD,TUESDAY,0
3110712,KOREAN_FOOD,WEDNESDAY,-5
3110712,KOREAN_FOOD,THURSDAY,0
3110712,KOREAN_FOOD,FRIDAY,0
3110712,KOREAN_FOOD,SATURDAY,3
3110712,KOREAN_FOOD,SUNDAY,3
3110712,CHINESE_FOOD,MONDAY,-3
3110712,CHINESE_FOOD,TUESDAY,-2
3110712,CHINESE_FOOD,WEDNESDAY,-5
3110712,CHINESE_FOOD,THURSDAY,-5
3110712,CHINESE_FOOD,FRIDAY,-3
3110712,CHINESE_FOOD,SATURDAY,6
3110712,CHINESE_FOOD,SUNDAY,6
3110713,KOREAN_FOOD,MONDAY,1
3110713,KOREAN_FOOD,TUESDAY,1
3110713,KOREAN_FOOD,WEDNESDAY,1
3110713,KOREAN_FOOD,THURSDAY,1
3110713,KOREAN_FOOD,FRIDAY,2
3110713,KOREAN_FOOD,SATURDAY,-2
3110713,KOREAN_FOOD,SUNDAY,-4
3110713,CHINESE_FOOD,MONDAY,-6
3110713,CHINESE_FOOD,TUESDAY,2
3110713,CHINESE_FOOD,WEDNESDAY,-2
3110713,CHINESE_FOOD,THURSDAY,1
3110713,CHINESE_FOOD,FRIDAY,4
3110713,CHINESE_FOOD,SATURDAY,2
3110713,CHINESE_FOOD,SUNDAY,3
3110713,BUNSIK,MONDAY,4
3110713,BUNSIK,TUESDAY,5
3110713,BUNSIK,WEDNESDAY,5
3110713,BUNSIK,THURSDAY,5
3110713,BUNSIK,FRIDAY,3
3110713,BUNSIK,SATURDAY,-6
3110713,BUNSIK,SUNDAY,-6
3110713,CAFE_BEVERAGE,MONDAY,0
3110713,CAFE_BEVERAGE,TUESDAY,1
3110713,CAFE_BEVERAGE,WEDNESDAY,1
3110713,CAFE_BEVERAGE,THURSDAY,0
3110713,CAFE_BEVERAGE,FRIDAY,2
3110713,CAFE_BEVERAGE,SATURDAY,-4
3110713,CAFE_BEVERAGE,SUNDAY,1
3110714,KOREAN_FOOD,MONDAY,-1
3110714,KOREAN_FOOD,TUESDAY,-2
3110714,KOREAN_FOOD,WEDNESDAY,0
3110714,KOREAN_FOOD,THURSDAY,-1
3110714,KOREAN_FOOD,FRIDAY,1
3110714,KOREAN_FOOD,SATURDAY,2
3110714,KOREAN_FOOD,SUNDAY,1
3110714,CHINESE_FOOD,MONDAY,-2
3110714,CHINESE_FOOD,TUESDAY,-2
3110714,CHINESE_FOOD,WEDNESDAY,-2
3110714,CHINESE_FOOD,THURSDAY,-2
3110714,CHINESE_FOOD,FRIDAY,-1
3110714,CHINESE_FOOD,SATURDAY,4
3110714,CHINESE_FOOD,SUNDAY,5
3110714,FAST_FOOD,MONDAY,-1
3110714,FAST_FOOD,TUESDAY,0
3110714,FAST_FOOD,WEDNESDAY,1
3110714,FAST_FOOD,THURSDAY,0
3110714,FAST_FOOD,FRIDAY,1
3110714,FAST_FOOD,SATURDAY,1
3110714,FAST_FOOD,SUNDAY,0
3110714,BUNSIK,MONDAY,-3
3110714,BUNSIK,TUESDAY,2
3110714,BUNSIK,WEDNESDAY,-3
3110714,BUNSIK,THURSDAY,1
3110714,BUNSIK,FRIDAY,1
3110714,BUNSIK,SATURDAY,3
3110714,BUNSIK,SUNDAY,-1
3110714,CAFE_BEVERAGE,MONDAY,-2
3110714,CAFE_BEVERAGE,TUESDAY,-2
3110714,CAFE_BEVERAGE,WEDNESDAY,-2
3110714,CAFE_BEVERAGE,THURSDAY,-1
3110714,CAFE_BEVERAGE,FRIDAY,-1
3110714,CAFE_BEVERAGE,SATURDAY,4
3110714,CAFE_BEVERAGE,SUNDAY,4
3110714,BAKERY,MONDAY,1
3110714,BAKERY,TUESDAY,0
3110714,BAKERY,WEDNESDAY,1
3110714,BAKERY,THURSDAY,-1
3110714,BAKERY,FRIDAY,0
3110714,BAKERY,SATURDAY,1
3110714,BAKERY,SUNDAY,0
3110715,KOREAN_FOOD,MONDAY,3
3110715,KOREAN_FOOD,TUESDAY,4
3110715,KOREAN_FOOD,WEDNESDAY,4
3110715,KOREAN_FOOD,THURSDAY,4
3110715,KOREAN_FOOD,FRIDAY,6
3110715,KOREAN_FOOD,SATURDAY,-3
3110715,KOREAN_FOOD,SUNDAY,-6
3110716,KOREAN_FOOD,MONDAY,1
3110716,KOREAN_FOOD,TUESDAY,2
3110716,KOREAN_FOOD,WEDNESDAY,3
3110716,KOREAN_FOOD,THURSDAY,2
3110716,KOREAN_FOOD,FRIDAY,3
3110716,KOREAN_FOOD,SATURDAY,-4
3110716,KOREAN_FOOD,SUNDAY,-6
3110716,FAST_FOOD,MONDAY,0
3110716,FAST_FOOD,TUESDAY,1
3110716,FAST_FOOD,WEDNESDAY,0
3110716,FAST_FOOD,THURSDAY,1
3110716,FAST_FOOD,FRIDAY,1
3110716,FAST_FOOD,SATURDAY,-1
3110716,FAST_FOOD,SUNDAY,-1
3110716,CAFE_BEVERAGE,MONDAY,1
3110716,CAFE_BEVERAGE,TUESDAY,1
3110716,CAFE_BEVERAGE,WEDNESDAY,1
3110716,CAFE_BEVERAGE,THURSDAY,1
3110716,CAFE_BEVERAGE,FRIDAY,3
3110716,CAFE_BEVERAGE,SATURDAY,-2
3110716,CAFE_BEVERAGE,SUNDAY,-4
3110717,KOREAN_FOOD,MONDAY,2
3110717,KOREAN_FOOD,TUESDAY,3
3110717,KOREAN_FOOD,WEDNESDAY,3
3110717,KOREAN_FOOD,THURSDAY,3
3110717,KOREAN_FOOD,FRIDAY,4
3110717,KOREAN_FOOD,SATURDAY,-5
3110717,KOREAN_FOOD,SUNDAY,-6
3110717,CHINESE_FOOD,MONDAY,-1
3110717,CHINESE_FOOD,TUESDAY,-1
3110717,CHINESE_FOOD,WEDNESDAY,0
3110717,CHINESE_FOOD,THURSDAY,0
3110717,CHINESE_FOOD,FRIDAY,1
3110717,CHINESE_FOOD,SATURDAY,-1
3110717,CHINESE_FOOD,SUNDAY,1
3110717,CHICKEN,MONDAY,-5
3110717,CHICKEN,TUESDAY,1
3110717,CHICKEN,WEDNESDAY,2
3110717,CHICKEN,THURSDAY,1
3110717,CHICKEN,FRIDAY,6
3110717,CHICKEN,SATURDAY,0
3110717,CHICKEN,SUNDAY,-5
3110717,BUNSIK,MONDAY,5
3110717,BUNSIK,TUESDAY,5
3110717,BUNSIK,WEDNESDAY,4
3110717,BUNSIK,THURSDAY,5
3110717,BUNSIK,FRIDAY,3
3110717,BUNSIK,SATURDAY,-6
3110717,BUNSIK,SUNDAY,-6
3110717,CAFE_BEVERAGE,MONDAY,3
3110717,CAFE_BEVERAGE,TUESDAY,3
3110717,CAFE_BEVERAGE,WEDNESDAY,3
3110717,CAFE_BEVERAGE,THURSDAY,4
3110717,CAFE_BEVERAGE,FRIDAY,4
3110717,CAFE_BEVERAGE,SATURDAY,-5
3110717,CAFE_BEVERAGE,SUNDAY,-6
3110717,BAKERY,MONDAY,1
3110717,BAKERY,TUESDAY,2
3110717,BAKERY,WEDNESDAY,3
3110717,BAKERY,THURSDAY,1
3110717,BAKERY,FRIDAY,5
3110717,BAKERY,SATURDAY,0
3110717,BAKERY,SUNDAY,-6
3110718,KOREAN_FOOD,MONDAY,-3
3110718,KOREAN_FOOD,TUESDAY,-2
3110718,KOREAN_FOOD,WEDNESDAY,-1
3110718,KOREAN_FOOD,THURSDAY,0
3110718,KOREAN_FOOD,FRIDAY,5
3110718,KOREAN_FOOD,SATURDAY,4
3110718,KOREAN_FOOD,SUNDAY,-3
3110718,CHINESE_FOOD,MONDAY,-5
3110718,CHINESE_FOOD,TUESDAY,-3
3110718,CHINESE_FOOD,WEDNESDAY,-2
3110718,CHINESE_FOOD,THURSDAY,-4
3110718,CHINESE_FOOD,FRIDAY,4
3110718,CHINESE_FOOD,SATURDAY,6
3110718,CHINESE_FOOD,SUNDAY,3
3110718,JAPANESE_FOOD,MONDAY,-1
3110718,JAPANESE_FOOD,TUESDAY,3
3110718,JAPANESE_FOOD,WEDNESDAY,3
3110718,JAPANESE_FOOD,THURSDAY,5
3110718,JAPANESE_FOOD,FRIDAY,6
3110718,JAPANESE_FOOD,SATURDAY,5
3110718,JAPANESE_FOOD,SUNDAY,-6
3110718,CHICKEN,MONDAY,-2
3110718,CHICKEN,TUESDAY,-2
3110718,CHICKEN,WEDNESDAY,-1
3110718,CHICKEN,THURSDAY,1
3110718,CHICKEN,FRIDAY,6
3110718,CHICKEN,SATURDAY,3
3110718,CHICKEN,SUNDAY,-6
3110718,CAFE_BEVERAGE,MONDAY,-2
3110718,CAFE_BEVERAGE,TUESDAY,-3
3110718,CAFE_BEVERAGE,WEDNESDAY,-2
3110718,CAFE_BEVERAGE,THURSDAY,-2
3110718,CAFE_BEVERAGE,FRIDAY,0
3110718,CAFE_BEVERAGE,SATURDAY,6
3110718,CAFE_BEVERAGE,SUNDAY,1
3110719,FAST_FOOD,MONDAY,2
3110719,FAST_FOOD,TUESDAY,3
3110719,FAST_FOOD,WEDNESDAY,3
3110719,FAST_FOOD,THURSDAY,4
3110719,FAST_FOOD,FRIDAY,4
3110719,FAST_FOOD,SATURDAY,-6
3110719,FAST_FOOD,SUNDAY,2
3110720,KOREAN_FOOD,MONDAY,-1
3110720,KOREAN_FOOD,TUESDAY,-2
3110720,KOREAN_FOOD,WEDNESDAY,-1
3110720,KOREAN_FOOD,THURSDAY,0
3110720,KOREAN_FOOD,FRIDAY,0
3110720,KOREAN_FOOD,SATURDAY,2
3110720,KOREAN_FOOD,SUNDAY,3
3110720,CHINESE_FOOD,MONDAY,-3
3110720,CHINESE_FOOD,TUESDAY,-3
3110720,CHINESE_FOOD,WEDNESDAY,-6
3110720,CHINESE_FOOD,THURSDAY,-4
3110720,CHINESE_FOOD,FRIDAY,-2
3110720,CHINESE_FOOD,SATURDAY,6
3110720,CHINESE_FOOD,SUNDAY,6
3110720,CAFE_BEVERAGE,MONDAY,-6
3110720,CAFE_BEVERAGE,TUESDAY,-4
3110720,CAFE_BEVERAGE,WEDNESDAY,-4
3110720,CAFE_BEVERAGE,THURSDAY,-2
3110720,CAFE_BEVERAGE,FRIDAY,-1
3110720,CAFE_BEVERAGE,SATURDAY,6
3110720,CAFE_BEVERAGE,SUNDAY,6
3110721,KOREAN_FOOD,MONDAY,1
3110721,KOREAN_FOOD,TUESDAY,2
3110721,KOREAN_FOOD,WEDNESDAY,0
3110721,KOREAN_FOOD,THURSDAY,2
3110721,KOREAN_FOOD,FRIDAY,1
3110721,KOREAN_FOOD,SATURDAY,-3
3110721,KOREAN_FOOD,SUNDAY,-4
3110721,CAFE_BEVERAGE,MONDAY,-3
3110721,CAFE_BEVERAGE,TUESDAY,-1
3110721,CAFE_BEVERAGE,WEDNESDAY,1
3110721,CAFE_BEVERAGE,THURSDAY,2
3110721,CAFE_BEVERAGE,FRIDAY,5
3110721,CAFE_BEVERAGE,SATURDAY,-3
3110721,CAFE_BEVERAGE,SUNDAY,-1
3110722,KOREAN_FOOD,MONDAY,3
3110722,KOREAN_FOOD,TUESDAY,3
3110722,KOREAN_FOOD,WEDNESDAY,4
3110722,KOREAN_FOOD,THURSDAY,4
3110722,KOREAN_FOOD,FRIDAY,6
3110722,KOREAN_FOOD,SATURDAY,-5
3110722,KOREAN_FOOD,SUNDAY,-6
3110722,CHINESE_FOOD,MONDAY,3
3110722,CHINESE_FOOD,TUESDAY,6
3110722,CHINESE_FOOD,WEDNESDAY,6
3110722,CHINESE_FOOD,THURSDAY,6
3110722,CHINESE_FOOD,FRIDAY,6
3110722,CHINESE_FOOD,SATURDAY,-6
3110722,CHINESE_FOOD,SUNDAY,-6
3110722,BUNSIK,MONDAY,5
3110722,BUNSIK,TUESDAY,6
3110722,BUNSIK,WEDNESDAY,6
3110722,BUNSIK,THURSDAY,6
3110722,BUNSIK,FRIDAY,6
3110722,BUNSIK,SATURDAY,-6
3110722,BUNSIK,SUNDAY,-6
3110722,CAFE_BEVERAGE,MONDAY,2
3110722,CAFE_BEVERAGE,TUESDAY,2
3110722,CAFE_BEVERAGE,WEDNESDAY,3
3110722,CAFE_BEVERAGE,THURSDAY,2
3110722,CAFE_BEVERAGE,FRIDAY,1
3110722,CAFE_BEVERAGE,SATURDAY,-5
3110722,CAFE_BEVERAGE,SUNDAY,-5
3110723,KOREAN_FOOD,MONDAY,1
3110723,KOREAN_FOOD,TUESDAY,4
3110723,KOREAN_FOOD,WEDNESDAY,5
3110723,KOREAN_FOOD,THURSDAY,6
3110723,KOREAN_FOOD,FRIDAY,6
3110723,KOREAN_FOOD,SATURDAY,-6
3110723,KOREAN_FOOD,SUNDAY,-6
3110724,KOREAN_FOOD,MONDAY,5
3110724,KOREAN_FOOD,TUESDAY,4
3110724,KOREAN_FOOD,WEDNESDAY,5
3110724,KOREAN_FOOD,THURSDAY,6
3110724,KOREAN_FOOD,FRIDAY,6
3110724,KOREAN_FOOD,SATURDAY,-6
3110724,KOREAN_FOOD,SUNDAY,-6
3110724,BUNSIK,MONDAY,-2
3110724,BUNSIK,TUESDAY,3
3110724,BUNSIK,WEDNESDAY,3
3110724,BUNSIK,THURSDAY,4
3110724,BUNSIK,FRIDAY,4
3110724,BUNSIK,SATURDAY,-5
3110724,BUNSIK,SUNDAY,-6
3110725,KOREAN_FOOD,MONDAY,-1
3110725,KOREAN_FOOD,TUESDAY,-1
3110725,KOREAN_FOOD,WEDNESDAY,0
3110725,KOREAN_FOOD,THURSDAY,0
3110725,KOREAN_FOOD,FRIDAY,3
3110725,KOREAN_FOOD,SATURDAY,1
3110725,KOREAN_FOOD,SUNDAY,-2
3110725,CHINESE_FOOD,MONDAY,-2
3110725,CHINESE_FOOD,TUESDAY,-1
3110725,CHINESE_FOOD,WEDNESDAY,-1
3110725,CHINESE_FOOD,THURSDAY,-1
3110725,CHINESE_FOOD,FRIDAY,3
3110725,CHINESE_FOOD,SATURDAY,0
3110725,CHINESE_FOOD,SUNDAY,1
3110725,CHICKEN,MONDAY,-5
3110725,CHICKEN,TUESDAY,-2
3110725,CHICKEN,WEDNESDAY,-2
3110725,CHICKEN,THURSDAY,-2
3110725,CHICKEN,FRIDAY,4
3110725,CHICKEN,SATURDAY,3
3110725,CHICKEN,SUNDAY,3
3110725,CAFE_BEVERAGE,MONDAY,0
3110725,CAFE_BEVERAGE,TUESDAY,1
3110725,CAFE_BEVERAGE,WEDNESDAY,2
3110725,CAFE_BEVERAGE,THURSDAY,1
3110725,CAFE_BEVERAGE,FRIDAY,3
3110725,CAFE_BEVERAGE,SATURDAY,-1
3110725,CAFE_BEVERAGE,SUNDAY,-6
3110726,BUNSIK,MONDAY,-6
3110726,BUNSIK,TUESDAY,6
3110726,BUNSIK,WEDNESDAY,4
3110726,BUNSIK,THURSDAY,6
3110726,BUNSIK,FRIDAY,4
3110726,BUNSIK,SATURDAY,5
3110726,BUNSIK,SUNDAY,-6
3110726,CAFE_BEVERAGE,MONDAY,-4
3110726,CAFE_BEVERAGE,TUESDAY,-3
3110726,CAFE_BEVERAGE,WEDNESDAY,-3
3110726,CAFE_BEVERAGE,THURSDAY,-3
3110726,CAFE_BEVERAGE,FRIDAY,-1
3110726,CAFE_BEVERAGE,SATURDAY,6
3110726,CAFE_BEVERAGE,SUNDAY,6
3110727,KOREAN_FOOD,MONDAY,1
3110727,KOREAN_FOOD,TUESDAY,1
3110727,KOREAN_FOOD,WEDNESDAY,1
3110727,KOREAN_FOOD,THURSDAY,2
3110727,KOREAN_FOOD,FRIDAY,3
3110727,KOREAN_FOOD,SATURDAY,-3
3110727,KOREAN_FOOD,SUNDAY,-6
3110728,KOREAN_FOOD,MONDAY,2
3110728,KOREAN_FOOD,TUESDAY,4
3110728,KOREAN_FOOD,WEDNESDAY,4
3110728,KOREAN_FOOD,THURSDAY,5
3110728,KOREAN_FOOD,FRIDAY,5
3110728,KOREAN_FOOD,SATURDAY,-6
3110728,KOREAN_FOOD,SUNDAY,-6
3110729,KOREAN_FOOD,MONDAY,-3
3110729,KOREAN_FOOD,TUESDAY,-1
3110729,KOREAN_FOOD,WEDNESDAY,0
3110729,KOREAN_FOOD,THURSDAY,0
3110729,KOREAN_FOOD,FRIDAY,3
3110729,KOREAN_FOOD,SATURDAY,2
3110729,KOREAN_FOOD,SUNDAY,-1
3110729,CHICKEN,MONDAY,-2
3110729,CHICKEN,TUESDAY,-1
3110729,CHICKEN,WEDNESDAY,-1
3110729,CHICKEN,THURSDAY,0
3110729,CHICKEN,FRIDAY,3
3110729,CHICKEN,SATURDAY,3
3110729,CHICKEN,SUNDAY,0
3110729,BUNSIK,MONDAY,1
3110729,BUNSIK,TUESDAY,1
3110729,BUNSIK,WEDNESDAY,0
3110729,BUNSIK,THURSDAY,-1
3110729,BUNSIK,FRIDAY,0
3110729,BUNSIK,SATURDAY,3
3110729,BUNSIK,SUNDAY,-5
3110730,KOREAN_FOOD,MONDAY,2
3110730,KOREAN_FOOD,TUESDAY,3
3110730,KOREAN_FOOD,WEDNESDAY,5
3110730,KOREAN_FOOD,THURSDAY,3
3110730,KOREAN_FOOD,FRIDAY,5
3110730,KOREAN_FOOD,SATURDAY,-5
3110730,KOREAN_FOOD,SUNDAY,-6
3110730,CAFE_BEVERAGE,MONDAY,-1
3110730,CAFE_BEVERAGE,TUESDAY,-2
3110730,CAFE_BEVERAGE,WEDNESDAY,0
3110730,CAFE_BEVERAGE,THURSDAY,-2
3110730,CAFE_BEVERAGE,FRIDAY,0
3110730,CAFE_BEVERAGE,SATURDAY,3
3110730,CAFE_BEVERAGE,SUNDAY,3
3110731,KOREAN_FOOD,MONDAY,1
3110731,KOREAN_FOOD,TUESDAY,2
3110731,KOREAN_FOOD,WEDNESDAY,2
3110731,KOREAN_FOOD,THURSDAY,3
3110731,KOREAN_FOOD,FRIDAY,4
3110731,KOREAN_FOOD,SATURDAY,-4
3110731,KOREAN_FOOD,SUNDAY,-6
3110731,CHINESE_FOOD,MONDAY,0
3110731,CHINESE_FOOD,TUESDAY,1
3110731,CHINESE_FOOD,WEDNESDAY,1
3110731,CHINESE_FOOD,THURSDAY,1
3110731,CHINESE_FOOD,FRIDAY,3
3110731,CHINESE_FOOD,SATURDAY,1
3110731,CHINESE_FOOD,SUNDAY,-6
3110731,BUNSIK,MONDAY,4
3110731,BUNSIK,TUESDAY,5
3110731,BUNSIK,WEDNESDAY,5
3110731,BUNSIK,THURSDAY,4
3110731,BUNSIK,FRIDAY,6
3110731,BUNSIK,SATURDAY,-6
3110731,BUNSIK,SUNDAY,-6
3110731,CAFE_BEVERAGE,MONDAY,2
3110731,CAFE_BEVERAGE,TUESDAY,3
3110731,CAFE_BEVERAGE,WEDNESDAY,3
3110731,CAFE_BEVERAGE,THURSDAY,3
3110731,CAFE_BEVERAGE,FRIDAY,4
3110731,CAFE_BEVERAGE,SATURDAY,-6
3110731,CAFE_BEVERAGE,SUNDAY,-6
3110731,BAKERY,MONDAY,1
3110731,BAKERY,TUESDAY,1
3110731,BAKERY,WEDNESDAY,1
3110731,BAKERY,THURSDAY,2
3110731,BAKERY,FRIDAY,2
3110731,BAKERY,SATURDAY,-3
3110731,BAKERY,SUNDAY,-5
3110732,KOREAN_FOOD,MONDAY,1
3110732,KOREAN_FOOD,TUESDAY,1
3110732,KOREAN_FOOD,WEDNESDAY,1
3110732,KOREAN_FOOD,THURSDAY,3
3110732,KOREAN_FOOD,FRIDAY,2
3110732,KOREAN_FOOD,SATURDAY,-3
3110732,KOREAN_FOOD,SUNDAY,-4
3110732,BUNSIK,MONDAY,0
3110732,BUNSIK,TUESDAY,-1
3110732,BUNSIK,WEDNESDAY,-1
3110732,BUNSIK,THURSDAY,2
3110732,BUNSIK,FRIDAY,-1
3110732,BUNSIK,SATURDAY,2
3110732,BUNSIK,SUNDAY,-2
3110732,CAFE_BEVERAGE,MONDAY,2
3110732,CAFE_BEVERAGE,TUESDAY,4
3110732,CAFE_BEVERAGE,WEDNESDAY,3
3110732,CAFE_BEVERAGE,THURSDAY,4
3110732,CAFE_BEVERAGE,FRIDAY,4
3110732,CAFE_BEVERAGE,SATURDAY,-1
3110732,CAFE_BEVERAGE,SUNDAY,-6
3110733,KOREAN_FOOD,MONDAY,-1
3110733,KOREAN_FOOD,TUESDAY,-1
3110733,KOREAN_FOOD,WEDNESDAY,-1
3110733,KOREAN_FOOD,THURSDAY,1
3110733,KOREAN_FOOD,FRIDAY,0
3110733,KOREAN_FOOD,SATURDAY,1
3110733,KOREAN_FOOD,SUNDAY,2
3110735,KOREAN_FOOD,MONDAY,-1
3110735,KOREAN_FOOD,TUESDAY,1
3110735,KOREAN_FOOD,WEDNESDAY,0
3110735,KOREAN_FOOD,THURSDAY,1
3110735,KOREAN_FOOD,FRIDAY,1
3110735,KOREAN_FOOD,SATURDAY,3
3110735,KOREAN_FOOD,SUNDAY,-5
3110735,CAFE_BEVERAGE,MONDAY,-6
3110735,CAFE_BEVERAGE,TUESDAY,-2
3110735,CAFE_BEVERAGE,WEDNESDAY,-2
3110735,CAFE_BEVERAGE,THURSDAY,-1
3110735,CAFE_BEVERAGE,FRIDAY,-1
3110735,CAFE_BEVERAGE,SATURDAY,6
3110735,CAFE_BEVERAGE,SUNDAY,6
3110736,KOREAN_FOOD,MONDAY,0
3110736,KOREAN_FOOD,TUESDAY,3
3110736,KOREAN_FOOD,WEDNESDAY,0
3110736,KOREAN_FOOD,THURSDAY,1
3110736,KOREAN_FOOD,FRIDAY,3
3110736,KOREAN_FOOD,SATURDAY,1
3110736,KOREAN_FOOD,SUNDAY,-6
3110736,CHINESE_FOOD,MONDAY,-2
3110736,CHINESE_FOOD,TUESDAY,-3
3110736,CHINESE_FOOD,WEDNESDAY,-2
3110736,CHINESE_FOOD,THURSDAY,-2
3110736,CHINESE_FOOD,FRIDAY,-1
3110736,CHINESE_FOOD,SATURDAY,4
3110736,CHINESE_FOOD,SUNDAY,5
3110737,KOREAN_FOOD,MONDAY,2
3110737,KOREAN_FOOD,TUESDAY,1
3110737,KOREAN_FOOD,WEDNESDAY,3
3110737,KOREAN_FOOD,THURSDAY,3
3110737,KOREAN_FOOD,FRIDAY,2
3110737,KOREAN_FOOD,SATURDAY,-3
3110737,KOREAN_FOOD,SUNDAY,-6
3110738,KOREAN_FOOD,MONDAY,0
3110738,KOREAN_FOOD,TUESDAY,-2
3110738,KOREAN_FOOD,WEDNESDAY,0
3110738,KOREAN_FOOD,THURSDAY,1
3110738,KOREAN_FOOD,FRIDAY,1
3110738,KOREAN_FOOD,SATURDAY,4
3110738,KOREAN_FOOD,SUNDAY,-4
3110738,CHINESE_FOOD,MONDAY,-4
3110738,CHINESE_FOOD,TUESDAY,0
3110738,CHINESE_FOOD,WEDNESDAY,-4
3110738,CHINESE_FOOD,THURSDAY,-2
3110738,CHINESE_FOOD,FRIDAY,-1
3110738,CHINESE_FOOD,SATURDAY,4
3110738,CHINESE_FOOD,SUNDAY,6
3110738,BUNSIK,MONDAY,4
3110738,BUNSIK,TUESDAY,2
3110738,BUNSIK,WEDNESDAY,1
3110738,BUNSIK,THURSDAY,2
3110738,BUNSIK,FRIDAY,4
3110738,BUNSIK,SATURDAY,0
3110738,BUNSIK,SUNDAY,-6
3110738,CAFE_BEVERAGE,MONDAY,-1
3110738,CAFE_BEVERAGE,TUESDAY,-2
3110738,CAFE_BEVERAGE,WEDNESDAY,-3
3110738,CAFE_BEVERAGE,THURSDAY,0
3110738,CAFE_BEVERAGE,FRIDAY,0
3110738,CAFE_BEVERAGE,SATURDAY,3
3110738,CAFE_BEVERAGE,SUNDAY,3
3110740,KOREAN_FOOD,MONDAY,0
3110740,KOREAN_FOOD,TUESDAY,1
3110740,KOREAN_FOOD,WEDNESDAY,1
3110740,KOREAN_FOOD,THURSDAY,1
3110740,KOREAN_FOOD,FRIDAY,1
3110740,KOREAN_FOOD,SATURDAY,0
3110740,KOREAN_FOOD,SUNDAY,-4
3110741,KOREAN_FOOD,MONDAY,-1
3110741,KOREAN_FOOD,TUESDAY,-3
3110741,KOREAN_FOOD,WEDNESDAY,0
3110741,KOREAN_FOOD,THURSDAY,-1
3110741,KOREAN_FOOD,FRIDAY,1
3110741,KOREAN_FOOD,SATURDAY,3
3110741,KOREAN_FOOD,SUNDAY,1
3110741,BUNSIK,MONDAY,-4
3110741,BUNSIK,TUESDAY,-1
3110741,BUNSIK,WEDNESDAY,1
3110741,BUNSIK,THURSDAY,0
3110741,BUNSIK,FRIDAY,0
3110741,BUNSIK,SATURDAY,2
3110741,BUNSIK,SUNDAY,2
3110741,BAKERY,MONDAY,0
3110741,BAKERY,TUESDAY,0
3110741,BAKERY,WEDNESDAY,0
3110741,BAKERY,THURSDAY,-4
3110741,BAKERY,FRIDAY,2
3110741,BAKERY,SATURDAY,2
3110741,BAKERY,SUNDAY,0
3110742,KOREAN_FOOD,MONDAY,1
3110742,KOREAN_FOOD,TUESDAY,3
3110742,KOREAN_FOOD,WEDNESDAY,3
3110742,KOREAN_FOOD,THURSDAY,3
3110742,KOREAN_FOOD,FRIDAY,4
3110742,KOREAN_FOOD,SATURDAY,-3
3110742,KOREAN_FOOD,SUNDAY,-6
3110742,CAFE_BEVERAGE,MONDAY,-2
3110742,CAFE_BEVERAGE,TUESDAY,-1
3110742,CAFE_BEVERAGE,WEDNESDAY,0
3110742,CAFE_BEVERAGE,THURSDAY,-1
3110742,CAFE_BEVERAGE,FRIDAY,0
3110742,CAFE_BEVERAGE,SATURDAY,2
3110742,CAFE_BEVERAGE,SUNDAY,2
3110743,KOREAN_FOOD,MONDAY,-1
3110743,KOREAN_FOOD,TUESDAY,-3
3110743,KOREAN_FOOD,WEDNESDAY,-2
3110743,KOREAN_FOOD,THURSDAY,-1
3110743,KOREAN_FOOD,FRIDAY,-1
3110743,KOREAN_FOOD,SATURDAY,3
3110743,KOREAN_FOOD,SUNDAY,4
3110743,BUNSIK,MONDAY,0
3110743,BUNSIK,TUESDAY,1
3110743,BUNSIK,WEDNESDAY,1
3110743,BUNSIK,THURSDAY,1
3110743,BUNSIK,FRIDAY,3
3110743,BUNSIK,SATURDAY,6
3110743,BUNSIK,SUNDAY,-6
3110744,KOREAN_FOOD,MONDAY,-3
3110744,KOREAN_FOOD,TUESDAY,-1
3110744,KOREAN_FOOD,WEDNESDAY,-1
3110744,KOREAN_FOOD,THURSDAY,-1
3110744,KOREAN_FOOD,FRIDAY,1
3110744,KOREAN_FOOD,SATURDAY,3
3110744,KOREAN_FOOD,SUNDAY,2
3110744,CHINESE_FOOD,MONDAY,-6
3110744,CHINESE_FOOD,TUESDAY,-1
3110744,CHINESE_FOOD,WEDNESDAY,-2
3110744,CHINESE_FOOD,THURSDAY,-2
3110744,CHINESE_FOOD,FRIDAY,1
3110744,CHINESE_FOOD,SATURDAY,6
3110744,CHINESE_FOOD,SUNDAY,6
3110744,BUNSIK,MONDAY,-4
3110744,BUNSIK,TUESDAY,2
3110744,BUNSIK,WEDNESDAY,1
3110744,BUNSIK,THURSDAY,2
3110744,BUNSIK,FRIDAY,2
3110744,BUNSIK,SATURDAY,1
3110744,BUNSIK,SUNDAY,-5
3110744,CAFE_BEVERAGE,MONDAY,-2
3110744,CAFE_BEVERAGE,TUESDAY,-1
3110744,CAFE_BEVERAGE,WEDNESDAY,-1
3110744,CAFE_BEVERAGE,THURSDAY,1
3110744,CAFE_BEVERAGE,FRIDAY,0
3110744,CAFE_BEVERAGE,SATURDAY,3
3110744,CAFE_BEVERAGE,SUNDAY,1
3110745,KOREAN_FOOD,MONDAY,-1
3110745,KOREAN_FOOD,TUESDAY,1
3110745,KOREAN_FOOD,WEDNESDAY,2
3110745,KOREAN_FOOD,THURSDAY,1
3110745,KOREAN_FOOD,FRIDAY,1
3110745,KOREAN_FOOD,SATURDAY,1
3110745,KOREAN_FOOD,SUNDAY,-5
3110745,CAFE_BEVERAGE,MONDAY,-2
3110745,CAFE_BEVERAGE,TUESDAY,-2
3110745,CAFE_BEVERAGE,WEDNESDAY,-2
3110745,CAFE_BEVERAGE,THURSDAY,-1
3110745,CAFE_BEVERAGE,FRIDAY,-1
3110745,CAFE_BEVERAGE,SATURDAY,3
3110745,CAFE_BEVERAGE,SUNDAY,4
3110746,KOREAN_FOOD,MONDAY,-5
3110746,KOREAN_FOOD,TUESDAY,0
3110746,KOREAN_FOOD,WEDNESDAY,0
3110746,KOREAN_FOOD,THURSDAY,0
3110746,KOREAN_FOOD,FRIDAY,3
3110746,KOREAN_FOOD,SATURDAY,6
3110746,KOREAN_FOOD,SUNDAY,-3
3110747,KOREAN_FOOD,MONDAY,-3
3110747,KOREAN_FOOD,TUESDAY,0
3110747,KOREAN_FOOD,WEDNESDAY,1
3110747,KOREAN_FOOD,THURSDAY,1
3110747,KOREAN_FOOD,FRIDAY,3
3110747,KOREAN_FOOD,SATURDAY,3
3110747,KOREAN_FOOD,SUNDAY,-6
3110747,BUNSIK,MONDAY,-2
3110747,BUNSIK,TUESDAY,-3
3110747,BUNSIK,WEDNESDAY,-3
3110747,BUNSIK,THURSDAY,-1
3110747,BUNSIK,FRIDAY,-2
3110747,BUNSIK,SATURDAY,6
3110747,BUNSIK,SUNDAY,5
3110747,CAFE_BEVERAGE,MONDAY,-2
3110747,CAFE_BEVERAGE,TUESDAY,-4
3110747,CAFE_BEVERAGE,WEDNESDAY,-4
3110747,CAFE_BEVERAGE,THURSDAY,-2
3110747,CAFE_BEVERAGE,FRIDAY,-1
3110747,CAFE_BEVERAGE,SATURDAY,6
3110747,CAFE_BEVERAGE,SUNDAY,6
3110748,KOREAN_FOOD,MONDAY,2
3110748,KOREAN_FOOD,TUESDAY,1
3110748,KOREAN_FOOD,WEDNESDAY,1
3110748,KOREAN_FOOD,THURSDAY,1
3110748,KOREAN_FOOD,FRIDAY,1
3110748,KOREAN_FOOD,SATURDAY,-2
3110748,KOREAN_FOOD,SUNDAY,-4
3110748,BUNSIK,MONDAY,6
3110748,BUNSIK,TUESDAY,6
3110748,BUNSIK,WEDNESDAY,6
3110748,BUNSIK,THURSDAY,6
3110748,BUNSIK,FRIDAY,6
3110748,BUNSIK,SATURDAY,-6
3110748,BUNSIK,SUNDAY,-6
3110748,BAKERY,MONDAY,-1
3110748,BAKERY,TUESDAY,-1
3110748,BAKERY,WEDNESDAY,0
3110748,BAKERY,THURSDAY,0
3110748,BAKERY,FRIDAY,1
3110748,BAKERY,SATURDAY,3
3110748,BAKERY,SUNDAY,-3
3110749,KOREAN_FOOD,MONDAY,2
3110749,KOREAN_FOOD,TUESDAY,0
3110749,KOREAN_FOOD,WEDNESDAY,3
3110749,KOREAN_FOOD,THURSDAY,1
3110749,KOREAN_FOOD,FRIDAY,3
3110749,KOREAN_FOOD,SATURDAY,-3
3110749,KOREAN_FOOD,SUNDAY,-6
3110749,CAFE_BEVERAGE,MONDAY,-3
3110749,CAFE_BEVERAGE,TUESDAY,1
3110749,CAFE_BEVERAGE,WEDNESDAY,1
3110749,CAFE_BEVERAGE,THURSDAY,0
3110749,CAFE_BEVERAGE,FRIDAY,2
3110749,CAFE_BEVERAGE,SATURDAY,2
3110749,CAFE_BEVERAGE,SUNDAY,-3
3110750,KOREAN_FOOD,MONDAY,-6
3110750,KOREAN_FOOD,TUESDAY,-2
3110750,KOREAN_FOOD,WEDNESDAY,1
3110750,KOREAN_FOOD,THURSDAY,0
3110750,KOREAN_FOOD,FRIDAY,2
3110750,KOREAN_FOOD,SATURDAY,5
3110750,KOREAN_FOOD,SUNDAY,1
3110750,BUNSIK,MONDAY,-6
3110750,BUNSIK,TUESDAY,0
3110750,BUNSIK,WEDNESDAY,1
3110750,BUNSIK,THURSDAY,1
3110750,BUNSIK,FRIDAY,3
3110750,BUNSIK,SATURDAY,5
3110750,BUNSIK,SUNDAY,-3
3110750,CAFE_BEVERAGE,MONDAY,-2
3110750,CAFE_BEVERAGE,TUESDAY,-2
3110750,CAFE_BEVERAGE,WEDNESDAY,-2
3110750,CAFE_BEVERAGE,THURSDAY,-2
3110750,CAFE_BEVERAGE,FRIDAY,-1
3110750,CAFE_BEVERAGE,SATURDAY,6
3110750,CAFE_BEVERAGE,SUNDAY,4
3110751,KOREAN_FOOD,MONDAY,1
3110751,KOREAN_FOOD,TUESDAY,2
3110751,KOREAN_FOOD,WEDNESDAY,2
3110751,KOREAN_FOOD,THURSDAY,4
3110751,KOREAN_FOOD,FRIDAY,2
3110751,KOREAN_FOOD,SATURDAY,-4
3110751,KOREAN_FOOD,SUNDAY,-6
3110751,CHINESE_FOOD,MONDAY,-2
3110751,CHINESE_FOOD,TUESDAY,-5
3110751,CHINESE_FOOD,WEDNESDAY,0
3110751,CHINESE_FOOD,THURSDAY,0
3110751,CHINESE_FOOD,FRIDAY,1
3110751,CHINESE_FOOD,SATURDAY,5
3110751,CHINESE_FOOD,SUNDAY,2
3110752,KOREAN_FOOD,MONDAY,-1
3110752,KOREAN_FOOD,TUESDAY,0
3110752,KOREAN_FOOD,WEDNESDAY,-2
3110752,KOREAN_FOOD,THURSDAY,-1
3110752,KOREAN_FOOD,FRIDAY,1
3110752,KOREAN_FOOD,SATURDAY,4
3110752,KOREAN_FOOD,SUNDAY,0
3110752,CHICKEN,MONDAY,1
3110752,CHICKEN,TUESDAY,1
3110752,CHICKEN,WEDNESDAY,2
3110752,CHICKEN,THURSDAY,1
3110752,CHICKEN,FRIDAY,6
3110752,CHICKEN,SATURDAY,4
3110752,CHICKEN,SUNDAY,-6
3110752,BUNSIK,MONDAY,-6
3110752,BUNSIK,TUESDAY,2
3110752,BUNSIK,WEDNESDAY,1
3110752,BUNSIK,THURSDAY,3
3110752,BUNSIK,FRIDAY,3
3110752,BUNSIK,SATURDAY,3
3110752,BUNSIK,SUNDAY,0
3110753,KOREAN_FOOD,MONDAY,-5
3110753,KOREAN_FOOD,TUESDAY,0
3110753,KOREAN_FOOD,WEDNESDAY,-2
3110753,KOREAN_FOOD,THURSDAY,0
3110753,KOREAN_FOOD,FRIDAY,2
3110753,KOREAN_FOOD,SATURDAY,3
3110753,KOREAN_FOOD,SUNDAY,2
3110753,FAST_FOOD,MONDAY,-1
3110753,FAST_FOOD,TUESDAY,-1
3110753,FAST_FOOD,WEDNESDAY,-2
3110753,FAST_FOOD,THURSDAY,-1
3110753,FAST_FOOD,FRIDAY,1
3110753,FAST_FOOD,SATURDAY,3
3110753,FAST_FOOD,SUNDAY,1
3110753,BUNSIK,MONDAY,0
3110753,BUNSIK,TUESDAY,1
3110753,BUNSIK,WEDNESDAY,3
3110753,BUNSIK,THURSDAY,2
3110753,BUNSIK,FRIDAY,3
3110753,BUNSIK,SATURDAY,3
3110753,BUNSIK,SUNDAY,-6
3110753,CAFE_BEVERAGE,MONDAY,-1
3110753,CAFE_BEVERAGE,TUESDAY,-1
3110753,CAFE_BEVERAGE,WEDNESDAY,-2
3110753,CAFE_BEVERAGE,THURSDAY,-1
3110753,CAFE_BEVERAGE,FRIDAY,0
3110753,CAFE_BEVERAGE,SATURDAY,5
3110753,CAFE_BEVERAGE,SUNDAY,1
3110754,KOREAN_FOOD,MONDAY,0
3110754,KOREAN_FOOD,TUESDAY,-1
3110754,KOREAN_FOOD,WEDNESDAY,-4
3110754,KOREAN_FOOD,THURSDAY,0
3110754,KOREAN_FOOD,FRIDAY,1
3110754,KOREAN_FOOD,SATURDAY,4
3110754,KOREAN_FOOD,SUNDAY,0
3110755,KOREAN_FOOD,MONDAY,-1
3110755,KOREAN_FOOD,TUESDAY,0
3110755,KOREAN_FOOD,WEDNESDAY,1
3110755,KOREAN_FOOD,THURSDAY,2
3110755,KOREAN_FOOD,FRIDAY,4
3110755,KOREAN_FOOD,SATURDAY,-1
3110755,KOREAN_FOOD,SUNDAY,-4
3110755,CAFE_BEVERAGE,MONDAY,-6
3110755,CAFE_BEVERAGE,TUESDAY,-1
3110755,CAFE_BEVERAGE,WEDNESDAY,0
3110755,CAFE_BEVERAGE,THURSDAY,0
3110755,CAFE_BEVERAGE,FRIDAY,1
3110755,CAFE_BEVERAGE,SATURDAY,3
3110755,CAFE_BEVERAGE,SUNDAY,3
3110757,KOREAN_FOOD,MONDAY,1
3110757,KOREAN_FOOD,TUESDAY,1
3110757,KOREAN_FOOD,WEDNESDAY,2
3110757,KOREAN_FOOD,THURSDAY,2
3110757,KOREAN_FOOD,FRIDAY,3
3110757,KOREAN_FOOD,SATURDAY,-3
3110757,KOREAN_FOOD,SUNDAY,-5
3110757,BUNSIK,MONDAY,4
3110757,BUNSIK,TUESDAY,4
3110757,BUNSIK,WEDNESDAY,3
3110757,BUNSIK,THURSDAY,3
3110757,BUNSIK,FRIDAY,3
3110757,BUNSIK,SATURDAY,-4
3110757,BUNSIK,SUNDAY,-6
3110757,CAFE_BEVERAGE,MONDAY,1
3110757,CAFE_BEVERAGE,TUESDAY,2
3110757,CAFE_BEVERAGE,WEDNESDAY,2
3110757,CAFE_BEVERAGE,THURSDAY,3
3110757,CAFE_BEVERAGE,FRIDAY,3
3110757,CAFE_BEVERAGE,SATURDAY,-4
3110757,CAFE_BEVERAGE,SUNDAY,-6
3110757,BAKERY,MONDAY,2
3110757,BAKERY,TUESDAY,0
3110757,BAKERY,WEDNESDAY,0
3110757,BAKERY,THURSDAY,0
3110757,BAKERY,FRIDAY,1
3110757,BAKERY,SATURDAY,-1
3110757,BAKERY,SUNDAY,-3
3110758,KOREAN_FOOD,MONDAY,-1
3110758,KOREAN_FOOD,TUESDAY,-1
3110758,KOREAN_FOOD,WEDNESDAY,1
3110758,KOREAN_FOOD,THURSDAY,1
3110758,KOREAN_FOOD,FRIDAY,2
3110758,KOREAN_FOOD,SATURDAY,-1
3110758,KOREAN_FOOD,SUNDAY,-1
3110759,KOREAN_FOOD,MONDAY,-4
3110759,KOREAN_FOOD,TUESDAY,-1
3110759,KOREAN_FOOD,WEDNESDAY,0
3110759,KOREAN_FOOD,THURSDAY,0
3110759,KOREAN_FOOD,FRIDAY,5
3110759,KOREAN_FOOD,SATURDAY,5
3110759,KOREAN_FOOD,SUNDAY,-5
3110759,CHINESE_FOOD,MONDAY,1
3110759,CHINESE_FOOD,TUESDAY,4
3110759,CHINESE_FOOD,WEDNESDAY,4
3110759,CHINESE_FOOD,THURSDAY,3
3110759,CHINESE_FOOD,FRIDAY,6
3110759,CHINESE_FOOD,SATURDAY,-6
3110759,CHINESE_FOOD,SUNDAY,-6
3110759,WESTERN_FOOD,MONDAY,-6
3110759,WESTERN_FOOD,TUESDAY,-6
3110759,WESTERN_FOOD,WEDNESDAY,-6
3110759,WESTERN_FOOD,THURSDAY,-4
3110759,WESTERN_FOOD,FRIDAY,2
3110759,WESTERN_FOOD,SATURDAY,6
3110759,WESTERN_FOOD,SUNDAY,6
3110759,CHICKEN,MONDAY,-4
3110759,CHICKEN,TUESDAY,-4
3110759,CHICKEN,WEDNESDAY,-2
3110759,CHICKEN,THURSDAY,-2
3110759,CHICKEN,FRIDAY,4
3110759,CHICKEN,SATURDAY,6
3110759,CHICKEN,SUNDAY,-1
3110759,BUNSIK,MONDAY,-6
3110759,BUNSIK,TUESDAY,2
3110759,BUNSIK,WEDNESDAY,3
3110759,BUNSIK,THURSDAY,4
3110759,BUNSIK,FRIDAY,6
3110759,BUNSIK,SATURDAY,2
3110759,BUNSIK,SUNDAY,-6
3110759,CAFE_BEVERAGE,MONDAY,-5
3110759,CAFE_BEVERAGE,TUESDAY,-2
3110759,CAFE_BEVERAGE,WEDNESDAY,-1
3110759,CAFE_BEVERAGE,THURSDAY,-1
3110759,CAFE_BEVERAGE,FRIDAY,2
3110759,CAFE_BEVERAGE,SATURDAY,6
3110759,CAFE_BEVERAGE,SUNDAY,1
3110760,KOREAN_FOOD,MONDAY,5
3110760,KOREAN_FOOD,TUESDAY,5
3110760,KOREAN_FOOD,WEDNESDAY,5
3110760,KOREAN_FOOD,THURSDAY,4
3110760,KOREAN_FOOD,FRIDAY,3
3110760,KOREAN_FOOD,SATURDAY,-6
3110760,KOREAN_FOOD,SUNDAY,-6
3110760,CAFE_BEVERAGE,MONDAY,2
3110760,CAFE_BEVERAGE,TUESDAY,3
3110760,CAFE_BEVERAGE,WEDNESDAY,4
3110760,CAFE_BEVERAGE,THURSDAY,4
3110760,CAFE_BEVERAGE,FRIDAY,3
3110760,CAFE_BEVERAGE,SATURDAY,-6
3110760,CAFE_BEVERAGE,SUNDAY,-6
3110762,KOREAN_FOOD,MONDAY,1
3110762,KOREAN_FOOD,TUESDAY,3
3110762,KOREAN_FOOD,WEDNESDAY,3
3110762,KOREAN_FOOD,THURSDAY,4
3110762,KOREAN_FOOD,FRIDAY,5
3110762,KOREAN_FOOD,SATURDAY,-5
3110762,KOREAN_FOOD,SUNDAY,-6
3110762,CHINESE_FOOD,MONDAY,-1
3110762,CHINESE_FOOD,TUESDAY,0
3110762,CHINESE_FOOD,WEDNESDAY,1
3110762,CHINESE_FOOD,THURSDAY,2
3110762,CHINESE_FOOD,FRIDAY,2
3110762,CHINESE_FOOD,SATURDAY,-1
3110762,CHINESE_FOOD,SUNDAY,-3
3110762,WESTERN_FOOD,MONDAY,-6
3110762,WESTERN_FOOD,TUESDAY,0
3110762,WESTERN_FOOD,WEDNESDAY,0
3110762,WESTERN_FOOD,THURSDAY,2
3110762,WESTERN_FOOD,FRIDAY,3
3110762,WESTERN_FOOD,SATURDAY,0
3110762,WESTERN_FOOD,SUNDAY,1
3110762,FAST_FOOD,MONDAY,0
3110762,FAST_FOOD,TUESDAY,0
3110762,FAST_FOOD,WEDNESDAY,1
3110762,FAST_FOOD,THURSDAY,0
3110762,FAST_FOOD,FRIDAY,2
3110762,FAST_FOOD,SATURDAY,-2
3110762,FAST_FOOD,SUNDAY,-3
3110762,BUNSIK,MONDAY,0
3110762,BUNSIK,TUESDAY,1
3110762,BUNSIK,WEDNESDAY,1
3110762,BUNSIK,THURSDAY,2
3110762,BUNSIK,FRIDAY,4
3110762,BUNSIK,SATURDAY,3
3110762,BUNSIK,SUNDAY,-6
3110762,CAFE_BEVERAGE,MONDAY,0
3110762,CAFE_BEVERAGE,TUESDAY,0
3110762,CAFE_BEVERAGE,WEDNESDAY,0
3110762,CAFE_BEVERAGE,THURSDAY,1
3110762,CAFE_BEVERAGE,FRIDAY,1
3110762,CAFE_BEVERAGE,SATURDAY,-1
3110762,CAFE_BEVERAGE,SUNDAY,-1
3110762,BAKERY,MONDAY,3
3110762,BAKERY,TUESDAY,2
3110762,BAKERY,WEDNESDAY,1
3110762,BAKERY,THURSDAY,-1
3110762,BAKERY,FRIDAY,4
3110762,BAKERY,SATURDAY,-1
3110762,BAKERY,SUNDAY,-6
3110763,KOREAN_FOOD,MONDAY,4
3110763,KOREAN_FOOD,TUESDAY,5
3110763,KOREAN_FOOD,WEDNESDAY,5
3110763,KOREAN_FOOD,THURSDAY,5
3110763,KOREAN_FOOD,FRIDAY,5
3110763,KOREAN_FOOD,SATURDAY,-6
3110763,KOREAN_FOOD,SUNDAY,-6
3110763,CHINESE_FOOD,MONDAY,5
3110763,CHINESE_FOOD,TUESDAY,6
3110763,CHINESE_FOOD,WEDNESDAY,6
3110763,CHINESE_FOOD,THURSDAY,6
3110763,CHINESE_FOOD,FRIDAY,6
3110763,CHINESE_FOOD,SATURDAY,-6
3110763,CHINESE_FOOD,SUNDAY,-6
3110763,CAFE_BEVERAGE,MONDAY,2
3110763,CAFE_BEVERAGE,TUESDAY,4
3110763,CAFE_BEVERAGE,WEDNESDAY,4
3110763,CAFE_BEVERAGE,THURSDAY,4
3110763,CAFE_BEVERAGE,FRIDAY,5
3110763,CAFE_BEVERAGE,SATURDAY,-5
3110763,CAFE_BEVERAGE,SUNDAY,-6
3110765,KOREAN_FOOD,MONDAY,4
3110765,KOREAN_FOOD,TUESDAY,4
3110765,KOREAN_FOOD,WEDNESDAY,5
3110765,KOREAN_FOOD,THURSDAY,4
3110765,KOREAN_FOOD,FRIDAY,6
3110765,KOREAN_FOOD,SATURDAY,-6
3110765,KOREAN_FOOD,SUNDAY,-6
3110766,KOREAN_FOOD,MONDAY,0
3110766,KOREAN_FOOD,TUESDAY,-1
3110766,KOREAN_FOOD,WEDNESDAY,1
3110766,KOREAN_FOOD,THURSDAY,0
3110766,KOREAN_FOOD,FRIDAY,2
3110766,KOREAN_FOOD,SATURDAY,0
3110766,KOREAN_FOOD,SUNDAY,-3
3110766,CHINESE_FOOD,MONDAY,-1
3110766,CHINESE_FOOD,TUESDAY,-6
3110766,CHINESE_FOOD,WEDNESDAY,1
3110766,CHINESE_FOOD,THURSDAY,1
3110766,CHINESE_FOOD,FRIDAY,0
3110766,CHINESE_FOOD,SATURDAY,2
3110766,CHINESE_FOOD,SUNDAY,5
3110768,KOREAN_FOOD,MONDAY,-6
3110768,KOREAN_FOOD,TUESDAY,-3
3110768,KOREAN_FOOD,WEDNESDAY,4
3110768,KOREAN_FOOD,THURSDAY,2
3110768,KOREAN_FOOD,FRIDAY,4
3110768,KOREAN_FOOD,SATURDAY,-2
3110768,KOREAN_FOOD,SUNDAY,1
3110769,CHINESE_FOOD,MONDAY,-2
3110769,CHINESE_FOOD,TUESDAY,-3
3110769,CHINESE_FOOD,WEDNESDAY,-3
3110769,CHINESE_FOOD,THURSDAY,-3
3110769,CHINESE_FOOD,FRIDAY,-1
3110769,CHINESE_FOOD,SATURDAY,5
3110769,CHINESE_FOOD,SUNDAY,6
3110770,KOREAN_FOOD,MONDAY,0
3110770,KOREAN_FOOD,TUESDAY,3
3110770,KOREAN_FOOD,WEDNESDAY,4
3110770,KOREAN_FOOD,THURSDAY,4
3110770,KOREAN_FOOD,FRIDAY,5
3110770,KOREAN_FOOD,SATURDAY,-4
3110770,KOREAN_FOOD,SUNDAY,-6
3110770,CHINESE_FOOD,MONDAY,1
3110770,CHINESE_FOOD,TUESDAY,1
3110770,CHINESE_FOOD,WEDNESDAY,-1
3110770,CHINESE_FOOD,THURSDAY,0
3110770,CHINESE_FOOD,FRIDAY,1
3110770,CHINESE_FOOD,SATURDAY,0
3110770,CHINESE_FOOD,SUNDAY,-2
3110774,KOREAN_FOOD,MONDAY,-2
3110774,KOREAN_FOOD,TUESDAY,3
3110774,KOREAN_FOOD,WEDNESDAY,4
3110774,KOREAN_FOOD,THURSDAY,4
3110774,KOREAN_FOOD,FRIDAY,4
3110774,KOREAN_FOOD,SATURDAY,-6
3110774,KOREAN_FOOD,SUNDAY,-6
3110774,BUNSIK,MONDAY,0
3110774,BUNSIK,TUESDAY,3
3110774,BUNSIK,WEDNESDAY,5
3110774,BUNSIK,THURSDAY,2
3110774,BUNSIK,FRIDAY,4
3110774,BUNSIK,SATURDAY,-5
3110774,BUNSIK,SUNDAY,-6
3110774,CAFE_BEVERAGE,MONDAY,1
3110774,CAFE_BEVERAGE,TUESDAY,2
3110774,CAFE_BEVERAGE,WEDNESDAY,2
3110774,CAFE_BEVERAGE,THURSDAY,3
3110774,CAFE_BEVERAGE,FRIDAY,4
3110774,CAFE_BEVERAGE,SATURDAY,-2
3110774,CAFE_BEVERAGE,SUNDAY,-6
3110775,CHINESE_FOOD,MONDAY,-2
3110775,CHINESE_FOOD,TUESDAY,-6
3110775,CHINESE_FOOD,WEDNESDAY,0
3110775,CHINESE_FOOD,THURSDAY,-3
3110775,CHINESE_FOOD,FRIDAY,-1
3110775,CHINESE_FOOD,SATURDAY,6
3110775,CHINESE_FOOD,SUNDAY,6
3110776,KOREAN_FOOD,MONDAY,3
3110776,KOREAN_FOOD,TUESDAY,2
3110776,KOREAN_FOOD,WEDNESDAY,3
3110776,KOREAN_FOOD,THURSDAY,3
3110776,KOREAN_FOOD,FRIDAY,3
3110776,KOREAN_FOOD,SATURDAY,-3
3110776,KOREAN_FOOD,SUNDAY,-6
3110777,KOREAN_FOOD,MONDAY,6
3110777,KOREAN_FOOD,TUESDAY,6
3110777,KOREAN_FOOD,WEDNESDAY,6
3110777,KOREAN_FOOD,THURSDAY,6
3110777,KOREAN_FOOD,FRIDAY,6
3110777,KOREAN_FOOD,SATURDAY,-6
3110777,KOREAN_FOOD,SUNDAY,-6
3110778,KOREAN_FOOD,MONDAY,0
3110778,KOREAN_FOOD,TUESDAY,-1
3110778,KOREAN_FOOD,WEDNESDAY,0
3110778,KOREAN_FOOD,THURSDAY,0
3110778,KOREAN_FOOD,FRIDAY,2
3110778,KOREAN_FOOD,SATURDAY,2
3110778,KOREAN_FOOD,SUNDAY,-3
3110778,CHINESE_FOOD,MONDAY,-1
3110778,CHINESE_FOOD,TUESDAY,-1
3110778,CHINESE_FOOD,WEDNESDAY,-3
3110778,CHINESE_FOOD,THURSDAY,-2
3110778,CHINESE_FOOD,FRIDAY,0
3110778,CHINESE_FOOD,SATURDAY,3
3110778,CHINESE_FOOD,SUNDAY,4
3110778,CAFE_BEVERAGE,MONDAY,-2
3110778,CAFE_BEVERAGE,TUESDAY,-2
3110778,CAFE_BEVERAGE,WEDNESDAY,-1
3110778,CAFE_BEVERAGE,THURSDAY,-1
3110778,CAFE_BEVERAGE,FRIDAY,-1
3110778,CAFE_BEVERAGE,SATURDAY,2
3110778,CAFE_BEVERAGE,SUNDAY,5
3110781,CHICKEN,MONDAY,-4
3110781,CHICKEN,TUESDAY,-6
3110781,CHICKEN,WEDNESDAY,-1
3110781,CHICKEN,THURSDAY,0
3110781,CHICKEN,FRIDAY,4
3110781,CHICKEN,SATURDAY,6
3110781,CHICKEN,SUNDAY,5
3110782,KOREAN_FOOD,MONDAY,3
3110782,KOREAN_FOOD,TUESDAY,2
3110782,KOREAN_FOOD,WEDNESDAY,3
3110782,KOREAN_FOOD,THURSDAY,1
3110782,KOREAN_FOOD,FRIDAY,3
3110782,KOREAN_FOOD,SATURDAY,-4
3110782,KOREAN_FOOD,SUNDAY,-6
3110783,KOREAN_FOOD,MONDAY,-5
3110783,KOREAN_FOOD,TUESDAY,4
3110783,KOREAN_FOOD,WEDNESDAY,5
3110783,KOREAN_FOOD,THURSDAY,4
3110783,KOREAN_FOOD,FRIDAY,4
3110783,KOREAN_FOOD,SATURDAY,-4
3110783,KOREAN_FOOD,SUNDAY,-6
3110783,CHINESE_FOOD,MONDAY,4
3110783,CHINESE_FOOD,TUESDAY,4
3110783,CHINESE_FOOD,WEDNESDAY,3
3110783,CHINESE_FOOD,THURSDAY,4
3110783,CHINESE_FOOD,FRIDAY,5
3110783,CHINESE_FOOD,SATURDAY,-6
3110783,CHINESE_FOOD,SUNDAY,-6
3110785,KOREAN_FOOD,MONDAY,3
3110785,KOREAN_FOOD,TUESDAY,-1
3110785,KOREAN_FOOD,WEDNESDAY,0
3110785,KOREAN_FOOD,THURSDAY,1
3110785,KOREAN_FOOD,FRIDAY,2
3110785,KOREAN_FOOD,SATURDAY,1
3110785,KOREAN_FOOD,SUNDAY,-5
3110785,BAKERY,MONDAY,-1
3110785,BAKERY,TUESDAY,-2
3110785,BAKERY,WEDNESDAY,0
3110785,BAKERY,THURSDAY,-3
3110785,BAKERY,FRIDAY,0
3110785,BAKERY,SATURDAY,4
3110785,BAKERY,SUNDAY,2
3110786,KOREAN_FOOD,MONDAY,6
3110786,KOREAN_FOOD,TUESDAY,4
3110786,KOREAN_FOOD,WEDNESDAY,4
3110786,KOREAN_FOOD,THURSDAY,6
3110786,KOREAN_FOOD,FRIDAY,6
3110786,KOREAN_FOOD,SATURDAY,-6
3110786,KOREAN_FOOD,SUNDAY,-6
3110787,KOREAN_FOOD,MONDAY,0
3110787,KOREAN_FOOD,TUESDAY,-2
3110787,KOREAN_FOOD,WEDNESDAY,-1
3110787,KOREAN_FOOD,THURSDAY,-2
3110787,KOREAN_FOOD,FRIDAY,0
3110787,KOREAN_FOOD,SATURDAY,2
3110787,KOREAN_FOOD,SUNDAY,4
3110787,CHINESE_FOOD,MONDAY,-3
3110787,CHINESE_FOOD,TUESDAY,-1
3110787,CHINESE_FOOD,WEDNESDAY,-3
3110787,CHINESE_FOOD,THURSDAY,-3
3110787,CHINESE_FOOD,FRIDAY,-2
3110787,CHINESE_FOOD,SATURDAY,6
3110787,CHINESE_FOOD,SUNDAY,6
3110787,CHICKEN,MONDAY,-5
3110787,CHICKEN,TUESDAY,-2
3110787,CHICKEN,WEDNESDAY,-2
3110787,CHICKEN,THURSDAY,-1
3110787,CHICKEN,FRIDAY,3
3110787,CHICKEN,SATURDAY,6
3110787,CHICKEN,SUNDAY,-1
3110788,KOREAN_FOOD,MONDAY,3
3110788,KOREAN_FOOD,TUESDAY,2
3110788,KOREAN_FOOD,WEDNESDAY,3
3110788,KOREAN_FOOD,THURSDAY,3
3110788,KOREAN_FOOD,FRIDAY,4
3110788,KOREAN_FOOD,SATURDAY,4
3110788,KOREAN_FOOD,SUNDAY,-6
3110789,KOREAN_FOOD,MONDAY,2
3110789,KOREAN_FOOD,TUESDAY,-4
3110789,KOREAN_FOOD,WEDNESDAY,2
3110789,KOREAN_FOOD,THURSDAY,1
3110789,KOREAN_FOOD,FRIDAY,1
3110789,KOREAN_FOOD,SATURDAY,-1
3110789,KOREAN_FOOD,SUNDAY,-1
3110789,CHINESE_FOOD,MONDAY,-6
3110789,CHINESE_FOOD,TUESDAY,3
3110789,CHINESE_FOOD,WEDNESDAY,3
3110789,CHINESE_FOOD,THURSDAY,2
3110789,CHINESE_FOOD,FRIDAY,3
3110789,CHINESE_FOOD,SATURDAY,4
3110789,CHINESE_FOOD,SUNDAY,4
3110789,BUNSIK,MONDAY,2
3110789,BUNSIK,TUESDAY,5
3110789,BUNSIK,WEDNESDAY,3
3110789,BUNSIK,THURSDAY,5
3110789,BUNSIK,FRIDAY,1
3110789,BUNSIK,SATURDAY,3
3110789,BUNSIK,SUNDAY,-6
3110789,CAFE_BEVERAGE,MONDAY,1
3110789,CAFE_BEVERAGE,TUESDAY,2
3110789,CAFE_BEVERAGE,WEDNESDAY,3
3110789,CAFE_BEVERAGE,THURSDAY,1
3110789,CAFE_BEVERAGE,FRIDAY,2
3110789,CAFE_BEVERAGE,SATURDAY,-3
3110789,CAFE_BEVERAGE,SUNDAY,-5
3110790,KOREAN_FOOD,MONDAY,-1
3110790,KOREAN_FOOD,TUESDAY,0
3110790,KOREAN_FOOD,WEDNESDAY,-1
3110790,KOREAN_FOOD,THURSDAY,0
3110790,KOREAN_FOOD,FRIDAY,1
3110790,KOREAN_FOOD,SATURDAY,1
3110790,KOREAN_FOOD,SUNDAY,0
3110790,BUNSIK,MONDAY,-4
3110790,BUNSIK,TUESDAY,-3
3110790,BUNSIK,WEDNESDAY,-2
3110790,BUNSIK,THURSDAY,-2
3110790,BUNSIK,FRIDAY,1
3110790,BUNSIK,SATURDAY,6
3110790,BUNSIK,SUNDAY,4
3110791,KOREAN_FOOD,MONDAY,-2
3110791,KOREAN_FOOD,TUESDAY,-1
3110791,KOREAN_FOOD,WEDNESDAY,0
3110791,KOREAN_FOOD,THURSDAY,0
3110791,KOREAN_FOOD,FRIDAY,1
3110791,KOREAN_FOOD,SATURDAY,2
3110791,KOREAN_FOOD,SUNDAY,-1
3110791,CAFE_BEVERAGE,MONDAY,0
3110791,CAFE_BEVERAGE,TUESDAY,-4
3110791,CAFE_BEVERAGE,WEDNESDAY,2
3110791,CAFE_BEVERAGE,THURSDAY,1
3110791,CAFE_BEVERAGE,FRIDAY,2
3110791,CAFE_BEVERAGE,SATURDAY,1
3110791,CAFE_BEVERAGE,SUNDAY,-3
3110792,KOREAN_FOOD,MONDAY,0
3110792,KOREAN_FOOD,TUESDAY,-1
3110792,KOREAN_FOOD,WEDNESDAY,0
3110792,KOREAN_FOOD,THURSDAY,0
3110792,KOREAN_FOOD,FRIDAY,2
3110792,KOREAN_FOOD,SATURDAY,1
3110792,KOREAN_FOOD,SUNDAY,-1
3110792,CHINESE_FOOD,MONDAY,-1
3110792,CHINESE_FOOD,TUESDAY,-6
3110792,CHINESE_FOOD,WEDNESDAY,-4
3110792,CHINESE_FOOD,THURSDAY,-1
3110792,CHINESE_FOOD,FRIDAY,1
3110792,CHINESE_FOOD,SATURDAY,2
3110792,CHINESE_FOOD,SUNDAY,6
3110792,BUNSIK,MONDAY,0
3110792,BUNSIK,TUESDAY,-1
3110792,BUNSIK,WEDNESDAY,1
3110792,BUNSIK,THURSDAY,-1
3110792,BUNSIK,FRIDAY,-6
3110792,BUNSIK,SATURDAY,1
3110792,BUNSIK,SUNDAY,6
3110793,KOREAN_FOOD,MONDAY,-3
3110793,KOREAN_FOOD,TUESDAY,-2
3110793,KOREAN_FOOD,WEDNESDAY,-2
3110793,KOREAN_FOOD,THURSDAY,-2
3110793,KOREAN_FOOD,FRIDAY,0
3110793,KOREAN_FOOD,SATURDAY,4
3110793,KOREAN_FOOD,SUNDAY,5
3110794,KOREAN_FOOD,MONDAY,1
3110794,KOREAN_FOOD,TUESDAY,1
3110794,KOREAN_FOOD,WEDNESDAY,1
3110794,KOREAN_FOOD,THURSDAY,2
3110794,KOREAN_FOOD,FRIDAY,2
3110794,KOREAN_FOOD,SATURDAY,-5
3110794,KOREAN_FOOD,SUNDAY,-3
3110794,CAFE_BEVERAGE,MONDAY,1
3110794,CAFE_BEVERAGE,TUESDAY,0
3110794,CAFE_BEVERAGE,WEDNESDAY,1
3110794,CAFE_BEVERAGE,THURSDAY,0
3110794,CAFE_BEVERAGE,FRIDAY,1
3110794,CAFE_BEVERAGE,SATURDAY,-4
3110794,CAFE_BEVERAGE,SUNDAY,0
3110797,BUNSIK,MONDAY,-1
3110797,BUNSIK,TUESDAY,0
3110797,BUNSIK,WEDNESDAY,3
3110797,BUNSIK,THURSDAY,0
3110797,BUNSIK,FRIDAY,3
3110797,BUNSIK,SATURDAY,0
3110797,BUNSIK,SUNDAY,-6
3110798,KOREAN_FOOD,MONDAY,-4
3110798,KOREAN_FOOD,TUESDAY,-5
3110798,KOREAN_FOOD,WEDNESDAY,-2
3110798,KOREAN_FOOD,THURSDAY,-2
3110798,KOREAN_FOOD,FRIDAY,2
3110798,KOREAN_FOOD,SATURDAY,6
3110798,KOREAN_FOOD,SUNDAY,5
3110800,KOREAN_FOOD,MONDAY,5
3110800,KOREAN_FOOD,TUESDAY,5
3110800,KOREAN_FOOD,WEDNESDAY,4
3110800,KOREAN_FOOD,THURSDAY,4
3110800,KOREAN_FOOD,FRIDAY,6
3110800,KOREAN_FOOD,SATURDAY,-6
3110800,KOREAN_FOOD,SUNDAY,-6
3110803,KOREAN_FOOD,MONDAY,-2
3110803,KOREAN_FOOD,TUESDAY,-2
3110803,KOREAN_FOOD,WEDNESDAY,-1
3110803,KOREAN_FOOD,THURSDAY,-1
3110803,KOREAN_FOOD,FRIDAY,0
3110803,KOREAN_FOOD,SATURDAY,3
3110803,KOREAN_FOOD,SUNDAY,3
3110803,CHINESE_FOOD,MONDAY,-3
3110803,CHINESE_FOOD,TUESDAY,-5
3110803,CHINESE_FOOD,WEDNESDAY,-5
3110803,CHINESE_FOOD,THURSDAY,-3
3110803,CHINESE_FOOD,FRIDAY,0
3110803,CHINESE_FOOD,SATURDAY,5
3110803,CHINESE_FOOD,SUNDAY,6
3110804,KOREAN_FOOD,MONDAY,-3
3110804,KOREAN_FOOD,TUESDAY,-1
3110804,KOREAN_FOOD,WEDNESDAY,-3
3110804,KOREAN_FOOD,THURSDAY,0
3110804,KOREAN_FOOD,FRIDAY,4
3110804,KOREAN_FOOD,SATURDAY,4
3110804,KOREAN_FOOD,SUNDAY,-1
3110804,CHICKEN,MONDAY,-2
3110804,CHICKEN,TUESDAY,0
3110804,CHICKEN,WEDNESDAY,-2
3110804,CHICKEN,THURSDAY,-1
3110804,CHICKEN,FRIDAY,4
3110804,CHICKEN,SATURDAY,1
3110804,CHICKEN,SUNDAY,0
3110804,BUNSIK,MONDAY,6
3110804,BUNSIK,TUESDAY,0
3110804,BUNSIK,WEDNESDAY,2
3110804,BUNSIK,THURSDAY,2
3110804,BUNSIK,FRIDAY,2
3110804,BUNSIK,SATURDAY,-3
3110804,BUNSIK,SUNDAY,-6
3110804,CAFE_BEVERAGE,MONDAY,-4
3110804,CAFE_BEVERAGE,TUESDAY,-1
3110804,CAFE_BEVERAGE,WEDNESDAY,0
3110804,CAFE_BEVERAGE,THURSDAY,0
3110804,CAFE_BEVERAGE,FRIDAY,3
3110804,CAFE_BEVERAGE,SATURDAY,2
3110804,CAFE_BEVERAGE,SUNDAY,0
3110805,KOREAN_FOOD,MONDAY,1
3110805,KOREAN_FOOD,TUESDAY,-1
3110805,KOREAN_FOOD,WEDNESDAY,-1
3110805,KOREAN_FOOD,THURSDAY,2
3110805,KOREAN_FOOD,FRIDAY,3
3110805,KOREAN_FOOD,SATURDAY,1
3110805,KOREAN_FOOD,SUNDAY,-6
3110807,KOREAN_FOOD,MONDAY,4
3110807,KOREAN_FOOD,TUESDAY,5
3110807,KOREAN_FOOD,WEDNESDAY,4
3110807,KOREAN_FOOD,THURSDAY,4
3110807,KOREAN_FOOD,FRIDAY,4
3110807,KOREAN_FOOD,SATURDAY,-1
3110807,KOREAN_FOOD,SUNDAY,-6
3110809,KOREAN_FOOD,MONDAY,0
3110809,KOREAN_FOOD,TUESDAY,2
3110809,KOREAN_FOOD,WEDNESDAY,2
3110809,KOREAN_FOOD,THURSDAY,1
3110809,KOREAN_FOOD,FRIDAY,3
3110809,KOREAN_FOOD,SATURDAY,-2
3110809,KOREAN_FOOD,SUNDAY,-6
3110809,BUNSIK,MONDAY,0
3110809,BUNSIK,TUESDAY,0
3110809,BUNSIK,WEDNESDAY,0
3110809,BUNSIK,THURSDAY,1
3110809,BUNSIK,FRIDAY,1
3110809,BUNSIK,SATURDAY,0
3110809,BUNSIK,SUNDAY,-2
3110810,KOREAN_FOOD,MONDAY,-2
3110810,KOREAN_FOOD,TUESDAY,-1
3110810,KOREAN_FOOD,WEDNESDAY,0
3110810,KOREAN_FOOD,THURSDAY,0
3110810,KOREAN_FOOD,FRIDAY,2
3110810,KOREAN_FOOD,SATURDAY,2
3110810,KOREAN_FOOD,SUNDAY,-1
3110810,CHINESE_FOOD,MONDAY,-4
3110810,CHINESE_FOOD,TUESDAY,-6
3110810,CHINESE_FOOD,WEDNESDAY,-6
3110810,CHINESE_FOOD,THURSDAY,-3
3110810,CHINESE_FOOD,FRIDAY,1
3110810,CHINESE_FOOD,SATURDAY,6
3110810,CHINESE_FOOD,SUNDAY,6
3110810,BUNSIK,MONDAY,3
3110810,BUNSIK,TUESDAY,1
3110810,BUNSIK,WEDNESDAY,1
3110810,BUNSIK,THURSDAY,1
3110810,BUNSIK,FRIDAY,0
3110810,BUNSIK,SATURDAY,0
3110810,BUNSIK,SUNDAY,-5
3110810,CAFE_BEVERAGE,MONDAY,-2
3110810,CAFE_BEVERAGE,TUESDAY,-2
3110810,CAFE_BEVERAGE,WEDNESDAY,-1
3110810,CAFE_BEVERAGE,THURSDAY,-1
3110810,CAFE_BEVERAGE,FRIDAY,-1
3110810,CAFE_BEVERAGE,SATURDAY,4
3110810,CAFE_BEVERAGE,SUNDAY,2
3110811,KOREAN_FOOD,MONDAY,1
3110811,KOREAN_FOOD,TUESDAY,0
3110811,KOREAN_FOOD,WEDNESDAY,0
3110811,KOREAN_FOOD,THURSDAY,0
3110811,KOREAN_FOOD,FRIDAY,2
3110811,KOREAN_FOOD,SATURDAY,0
3110811,KOREAN_FOOD,SUNDAY,-2
3110812,KOREAN_FOOD,MONDAY,2
3110812,KOREAN_FOOD,TUESDAY,2
3110812,KOREAN_FOOD,WEDNESDAY,1
3110812,KOREAN_FOOD,THURSDAY,2
3110812,KOREAN_FOOD,FRIDAY,3
3110812,KOREAN_FOOD,SATURDAY,-4
3110812,KOREAN_FOOD,SUNDAY,-5
3110812,CAFE_BEVERAGE,MONDAY,-1
3110812,CAFE_BEVERAGE,TUESDAY,0
3110812,CAFE_BEVERAGE,WEDNESDAY,-1
3110812,CAFE_BEVERAGE,THURSDAY,-1
3110812,CAFE_BEVERAGE,FRIDAY,0
3110812,CAFE_BEVERAGE,SATURDAY,1
3110812,CAFE_BEVERAGE,SUNDAY,1
3110813,KOREAN_FOOD,MONDAY,1
3110813,KOREAN_FOOD,TUESDAY,1
3110813,KOREAN_FOOD,WEDNESDAY,2
3110813,KOREAN_FOOD,THURSDAY,2
3110813,KOREAN_FOOD,FRIDAY,3
3110813,KOREAN_FOOD,SATURDAY,-1
3110813,KOREAN_FOOD,SUNDAY,-6
3110813,CAFE_BEVERAGE,MONDAY,6
3110813,CAFE_BEVERAGE,TUESDAY,6
3110813,CAFE_BEVERAGE,WEDNESDAY,3
3110813,CAFE_BEVERAGE,THURSDAY,2
3110813,CAFE_BEVERAGE,FRIDAY,6
3110813,CAFE_BEVERAGE,SATURDAY,-6
3110813,CAFE_BEVERAGE,SUNDAY,-6
3110814,KOREAN_FOOD,MONDAY,1
3110814,KOREAN_FOOD,TUESDAY,-1
3110814,KOREAN_FOOD,WEDNESDAY,1
3110814,KOREAN_FOOD,THURSDAY,1
3110814,KOREAN_FOOD,FRIDAY,2
3110814,KOREAN_FOOD,SATURDAY,0
3110814,KOREAN_FOOD,SUNDAY,-5
3110814,CHICKEN,MONDAY,-6
3110814,CHICKEN,TUESDAY,-1
3110814,CHICKEN,WEDNESDAY,-1
3110814,CHICKEN,THURSDAY,0
3110814,CHICKEN,FRIDAY,3
3110814,CHICKEN,SATURDAY,6
3110814,CHICKEN,SUNDAY,2
3110814,CAFE_BEVERAGE,MONDAY,0
3110814,CAFE_BEVERAGE,TUESDAY,-1
3110814,CAFE_BEVERAGE,WEDNESDAY,1
3110814,CAFE_BEVERAGE,THURSDAY,0
3110814,CAFE_BEVERAGE,FRIDAY,1
3110814,CAFE_BEVERAGE,SATURDAY,0
3110814,CAFE_BEVERAGE,SUNDAY,-1
3110815,KOREAN_FOOD,MONDAY,3
3110815,KOREAN_FOOD,TUESDAY,1
3110815,KOREAN_FOOD,WEDNESDAY,2
3110815,KOREAN_FOOD,THURSDAY,2
3110815,KOREAN_FOOD,FRIDAY,4
3110815,KOREAN_FOOD,SATURDAY,-3
3110815,KOREAN_FOOD,SUNDAY,-6
3110815,CHINESE_FOOD,MONDAY,-4
3110815,CHINESE_FOOD,TUESDAY,-2
3110815,CHINESE_FOOD,WEDNESDAY,-5
3110815,CHINESE_FOOD,THURSDAY,-1
3110815,CHINESE_FOOD,FRIDAY,4
3110815,CHINESE_FOOD,SATURDAY,5
3110815,CHINESE_FOOD,SUNDAY,2
3110815,BUNSIK,MONDAY,0
3110815,BUNSIK,TUESDAY,0
3110815,BUNSIK,WEDNESDAY,0
3110815,BUNSIK,THURSDAY,1
3110815,BUNSIK,FRIDAY,-3
3110815,BUNSIK,SATURDAY,-1
3110815,BUNSIK,SUNDAY,2
3110815,CAFE_BEVERAGE,MONDAY,0
3110815,CAFE_BEVERAGE,TUESDAY,-1
3110815,CAFE_BEVERAGE,WEDNESDAY,-1
3110815,CAFE_BEVERAGE,THURSDAY,-2
3110815,CAFE_BEVERAGE,FRIDAY,0
3110815,CAFE_BEVERAGE,SATURDAY,4
3110815,CAFE_BEVERAGE,SUNDAY,0
3110816,KOREAN_FOOD,MONDAY,5
3110816,KOREAN_FOOD,TUESDAY,4
3110816,KOREAN_FOOD,WEDNESDAY,4
3110816,KOREAN_FOOD,THURSDAY,4
3110816,KOREAN_FOOD,FRIDAY,3
3110816,KOREAN_FOOD,SATURDAY,-6
3110816,KOREAN_FOOD,SUNDAY,-6
3110816,BUNSIK,MONDAY,2
3110816,BUNSIK,TUESDAY,3
3110816,BUNSIK,WEDNESDAY,3
3110816,BUNSIK,THURSDAY,3
3110816,BUNSIK,FRIDAY,2
3110816,BUNSIK,SATURDAY,-5
3110816,BUNSIK,SUNDAY,-6
3110817,KOREAN_FOOD,MONDAY,2
3110817,KOREAN_FOOD,TUESDAY,0
3110817,KOREAN_FOOD,WEDNESDAY,1
3110817,KOREAN_FOOD,THURSDAY,0
3110817,KOREAN_FOOD,FRIDAY,2
3110817,KOREAN_FOOD,SATURDAY,-1
3110817,KOREAN_FOOD,SUNDAY,-5
3110819,KOREAN_FOOD,MONDAY,0
3110819,KOREAN_FOOD,TUESDAY,0
3110819,KOREAN_FOOD,WEDNESDAY,0
3110819,KOREAN_FOOD,THURSDAY,0
3110819,KOREAN_FOOD,FRIDAY,1
3110819,KOREAN_FOOD,SATURDAY,0
3110819,KOREAN_FOOD,SUNDAY,-1
3110819,CHINESE_FOOD,MONDAY,-2
3110819,CHINESE_FOOD,TUESDAY,-1
3110819,CHINESE_FOOD,WEDNESDAY,-6
3110819,CHINESE_FOOD,THURSDAY,-3
3110819,CHINESE_FOOD,FRIDAY,-1
3110819,CHINESE_FOOD,SATURDAY,6
3110819,CHINESE_FOOD,SUNDAY,6
3110819,CHICKEN,MONDAY,-2
3110819,CHICKEN,TUESDAY,-2
3110819,CHICKEN,WEDNESDAY,0
3110819,CHICKEN,THURSDAY,1
3110819,CHICKEN,FRIDAY,6
3110819,CHICKEN,SATURDAY,3
3110819,CHICKEN,SUNDAY,-6
3110819,CAFE_BEVERAGE,MONDAY,-4
3110819,CAFE_BEVERAGE,TUESDAY,-2
3110819,CAFE_BEVERAGE,WEDNESDAY,-1
3110819,CAFE_BEVERAGE,THURSDAY,0
3110819,CAFE_BEVERAGE,FRIDAY,0
3110819,CAFE_BEVERAGE,SATURDAY,3
3110819,CAFE_BEVERAGE,SUNDAY,5
3110819,BAKERY,MONDAY,0
3110819,BAKERY,TUESDAY,2
3110819,BAKERY,WEDNESDAY,1
3110819,BAKERY,THURSDAY,2
3110819,BAKERY,FRIDAY,3
3110819,BAKERY,SATURDAY,-2
3110819,BAKERY,SUNDAY,-6
3110820,KOREAN_FOOD,MONDAY,2
3110820,KOREAN_FOOD,TUESDAY,1
3110820,KOREAN_FOOD,WEDNESDAY,2
3110820,KOREAN_FOOD,THURSDAY,1
3110820,KOREAN_FOOD,FRIDAY,3
3110820,KOREAN_FOOD,SATURDAY,-3
3110820,KOREAN_FOOD,SUNDAY,-6
3110820,CHINESE_FOOD,MONDAY,0
3110820,CHINESE_FOOD,TUESDAY,2
3110820,CHINESE_FOOD,WEDNESDAY,-6
3110820,CHINESE_FOOD,THURSDAY,-2
3110820,CHINESE_FOOD,FRIDAY,-1
3110820,CHINESE_FOOD,SATURDAY,6
3110820,CHINESE_FOOD,SUNDAY,3
3110820,FAST_FOOD,MONDAY,-1
3110820,FAST_FOOD,TUESDAY,-2
3110820,FAST_FOOD,WEDNESDAY,-1
3110820,FAST_FOOD,THURSDAY,-1
3110820,FAST_FOOD,FRIDAY,1
3110820,FAST_FOOD,SATURDAY,2
3110820,FAST_FOOD,SUNDAY,3
3110820,BUNSIK,MONDAY,1
3110820,BUNSIK,TUESDAY,0
3110820,BUNSIK,WEDNESDAY,0
3110820,BUNSIK,THURSDAY,1
3110820,BUNSIK,FRIDAY,-1
3110820,BUNSIK,SATURDAY,2
3110820,BUNSIK,SUNDAY,-3
3110820,CAFE_BEVERAGE,MONDAY,-2
3110820,CAFE_BEVERAGE,TUESDAY,-2
3110820,CAFE_BEVERAGE,WEDNESDAY,-1
3110820,CAFE_BEVERAGE,THURSDAY,0
3110820,CAFE_BEVERAGE,FRIDAY,1
3110820,CAFE_BEVERAGE,SATURDAY,1
3110820,CAFE_BEVERAGE,SUNDAY,2
3110821,KOREAN_FOOD,MONDAY,1
3110821,KOREAN_FOOD,TUESDAY,2
3110821,KOREAN_FOOD,WEDNESDAY,3
3110821,KOREAN_FOOD,THURSDAY,2
3110821,KOREAN_FOOD,FRIDAY,4
3110821,KOREAN_FOOD,SATURDAY,-2
3110821,KOREAN_FOOD,SUNDAY,-6
3110821,CAFE_BEVERAGE,MONDAY,3
3110821,CAFE_BEVERAGE,TUESDAY,3
3110821,CAFE_BEVERAGE,WEDNESDAY,3
3110821,CAFE_BEVERAGE,THURSDAY,3
3110821,CAFE_BEVERAGE,FRIDAY,4
3110821,CAFE_BEVERAGE,SATURDAY,-6
3110821,CAFE_BEVERAGE,SUNDAY,-6
3110823,KOREAN_FOOD,MONDAY,-1
3110823,KOREAN_FOOD,TUESDAY,-1
3110823,KOREAN_FOOD,WEDNESDAY,0
3110823,KOREAN_FOOD,THURSDAY,-1
3110823,KOREAN_FOOD,FRIDAY,1
3110823,KOREAN_FOOD,SATURDAY,1
3110823,KOREAN_FOOD,SUNDAY,0
3110823,CAFE_BEVERAGE,MONDAY,-2
3110823,CAFE_BEVERAGE,TUESDAY,-2
3110823,CAFE_BEVERAGE,WEDNESDAY,-1
3110823,CAFE_BEVERAGE,THURSDAY,0
3110823,CAFE_BEVERAGE,FRIDAY,0
3110823,CAFE_BEVERAGE,SATURDAY,4
3110823,CAFE_BEVERAGE,SUNDAY,2
3110824,KOREAN_FOOD,MONDAY,-4
3110824,KOREAN_FOOD,TUESDAY,3
3110824,KOREAN_FOOD,WEDNESDAY,4
3110824,KOREAN_FOOD,THURSDAY,4
3110824,KOREAN_FOOD,FRIDAY,4
3110824,KOREAN_FOOD,SATURDAY,0
3110824,KOREAN_FOOD,SUNDAY,-6
3110824,FAST_FOOD,MONDAY,-4
3110824,FAST_FOOD,TUESDAY,-4
3110824,FAST_FOOD,WEDNESDAY,-2
3110824,FAST_FOOD,THURSDAY,-2
3110824,FAST_FOOD,FRIDAY,1
3110824,FAST_FOOD,SATURDAY,6
3110824,FAST_FOOD,SUNDAY,5
3110824,BUNSIK,MONDAY,5
3110824,BUNSIK,TUESDAY,6
3110824,BUNSIK,WEDNESDAY,3
3110824,BUNSIK,THURSDAY,6
3110824,BUNSIK,FRIDAY,5
3110824,BUNSIK,SATURDAY,-6
3110824,BUNSIK,SUNDAY,-6
3110824,CAFE_BEVERAGE,MONDAY,0
3110824,CAFE_BEVERAGE,TUESDAY,1
3110824,CAFE_BEVERAGE,WEDNESDAY,1
3110824,CAFE_BEVERAGE,THURSDAY,2
3110824,CAFE_BEVERAGE,FRIDAY,1
3110824,CAFE_BEVERAGE,SATURDAY,1
3110824,CAFE_BEVERAGE,SUNDAY,-6
3110825,CAFE_BEVERAGE,MONDAY,-6
3110825,CAFE_BEVERAGE,TUESDAY,-5
3110825,CAFE_BEVERAGE,WEDNESDAY,1
3110825,CAFE_BEVERAGE,THURSDAY,-1
3110825,CAFE_BEVERAGE,FRIDAY,0
3110825,CAFE_BEVERAGE,SATURDAY,5
3110825,CAFE_BEVERAGE,SUNDAY,6
3110826,KOREAN_FOOD,MONDAY,-4
3110826,KOREAN_FOOD,TUESDAY,-1
3110826,KOREAN_FOOD,WEDNESDAY,-1
3110826,KOREAN_FOOD,THURSDAY,-1
3110826,KOREAN_FOOD,FRIDAY,1
3110826,KOREAN_FOOD,SATURDAY,4
3110826,KOREAN_FOOD,SUNDAY,3
3110826,BUNSIK,MONDAY,6
3110826,BUNSIK,TUESDAY,5
3110826,BUNSIK,WEDNESDAY,5
3110826,BUNSIK,THURSDAY,4
3110826,BUNSIK,FRIDAY,4
3110826,BUNSIK,SATURDAY,-5
3110826,BUNSIK,SUNDAY,-6
3110826,CAFE_BEVERAGE,MONDAY,-6
3110826,CAFE_BEVERAGE,TUESDAY,-1
3110826,CAFE_BEVERAGE,WEDNESDAY,-1
3110826,CAFE_BEVERAGE,THURSDAY,-1
3110826,CAFE_BEVERAGE,FRIDAY,0
3110826,CAFE_BEVERAGE,SATURDAY,6
3110826,CAFE_BEVERAGE,SUNDAY,6
3110827,KOREAN_FOOD,MONDAY,-1
3110827,KOREAN_FOOD,TUESDAY,-2
3110827,KOREAN_FOOD,WEDNESDAY,-2
3110827,KOREAN_FOOD,THURSDAY,-2
3110827,KOREAN_FOOD,FRIDAY,0
3110827,KOREAN_FOOD,SATURDAY,4
3110827,KOREAN_FOOD,SUNDAY,3
3110827,CAFE_BEVERAGE,MONDAY,-3
3110827,CAFE_BEVERAGE,TUESDAY,-2
3110827,CAFE_BEVERAGE,WEDNESDAY,-2
3110827,CAFE_BEVERAGE,THURSDAY,-2
3110827,CAFE_BEVERAGE,FRIDAY,-1
3110827,CAFE_BEVERAGE,SATURDAY,2
3110827,CAFE_BEVERAGE,SUNDAY,6
3110828,KOREAN_FOOD,MONDAY,2
3110828,KOREAN_FOOD,TUESDAY,2
3110828,KOREAN_FOOD,WEDNESDAY,3
3110828,KOREAN_FOOD,THURSDAY,2
3110828,KOREAN_FOOD,FRIDAY,3
3110828,KOREAN_FOOD,SATURDAY,-3
3110828,KOREAN_FOOD,SUNDAY,-6
3110828,BUNSIK,MONDAY,0
3110828,BUNSIK,TUESDAY,0
3110828,BUNSIK,WEDNESDAY,0
3110828,BUNSIK,THURSDAY,0
3110828,BUNSIK,FRIDAY,2
3110828,BUNSIK,SATURDAY,3
3110828,BUNSIK,SUNDAY,-6
3110828,CAFE_BEVERAGE,MONDAY,3
3110828,CAFE_BEVERAGE,TUESDAY,4
3110828,CAFE_BEVERAGE,WEDNESDAY,4
3110828,CAFE_BEVERAGE,THURSDAY,4
3110828,CAFE_BEVERAGE,FRIDAY,4
3110828,CAFE_BEVERAGE,SATURDAY,-6
3110828,CAFE_BEVERAGE,SUNDAY,-6
3110831,KOREAN_FOOD,MONDAY,5
3110831,KOREAN_FOOD,TUESDAY,3
3110831,KOREAN_FOOD,WEDNESDAY,3
3110831,KOREAN_FOOD,THURSDAY,4
3110831,KOREAN_FOOD,FRIDAY,3
3110831,KOREAN_FOOD,SATURDAY,-2
3110831,KOREAN_FOOD,SUNDAY,-6
3110831,CAFE_BEVERAGE,MONDAY,-1
3110831,CAFE_BEVERAGE,TUESDAY,-1
3110831,CAFE_BEVERAGE,WEDNESDAY,-2
3110831,CAFE_BEVERAGE,THURSDAY,-1
3110831,CAFE_BEVERAGE,FRIDAY,0
3110831,CAFE_BEVERAGE,SATURDAY,3
3110831,CAFE_BEVERAGE,SUNDAY,2
3110832,KOREAN_FOOD,MONDAY,-2
3110832,KOREAN_FOOD,TUESDAY,-1
3110832,KOREAN_FOOD,WEDNESDAY,1
3110832,KOREAN_FOOD,THURSDAY,1
3110832,KOREAN_FOOD,FRIDAY,5
3110832,KOREAN_FOOD,SATURDAY,6
3110832,KOREAN_FOOD,SUNDAY,-6
3110833,KOREAN_FOOD,MONDAY,5
3110833,KOREAN_FOOD,TUESDAY,2
3110833,KOREAN_FOOD,WEDNESDAY,3
3110833,KOREAN_FOOD,THURSDAY,2
3110833,KOREAN_FOOD,FRIDAY,3
3110833,KOREAN_FOOD,SATURDAY,0
3110833,KOREAN_FOOD,SUNDAY,-6
3110833,CHICKEN,MONDAY,-4
3110833,CHICKEN,TUESDAY,-6
3110833,CHICKEN,WEDNESDAY,-1
3110833,CHICKEN,THURSDAY,0
3110833,CHICKEN,FRIDAY,6
3110833,CHICKEN,SATURDAY,5
3110833,CHICKEN,SUNDAY,-4
3110835,KOREAN_FOOD,MONDAY,-3
3110835,KOREAN_FOOD,TUESDAY,-1
3110835,KOREAN_FOOD,WEDNESDAY,0
3110835,KOREAN_FOOD,THURSDAY,1
3110835,KOREAN_FOOD,FRIDAY,2
3110835,KOREAN_FOOD,SATURDAY,2
3110835,KOREAN_FOOD,SUNDAY,0
3110836,KOREAN_FOOD,MONDAY,2
3110836,KOREAN_FOOD,TUESDAY,2
3110836,KOREAN_FOOD,WEDNESDAY,3
3110836,KOREAN_FOOD,THURSDAY,3
3110836,KOREAN_FOOD,FRIDAY,1
3110836,KOREAN_FOOD,SATURDAY,-2
3110836,KOREAN_FOOD,SUNDAY,-6
3110836,CHINESE_FOOD,MONDAY,-2
3110836,CHINESE_FOOD,TUESDAY,-6
3110836,CHINESE_FOOD,WEDNESDAY,1
3110836,CHINESE_FOOD,THURSDAY,2
3110836,CHINESE_FOOD,FRIDAY,2
3110836,CHINESE_FOOD,SATURDAY,1
3110836,CHINESE_FOOD,SUNDAY,2
3110836,CHICKEN,MONDAY,-6
3110836,CHICKEN,TUESDAY,-2
3110836,CHICKEN,WEDNESDAY,-1
3110836,CHICKEN,THURSDAY,-1
3110836,CHICKEN,FRIDAY,5
3110836,CHICKEN,SATURDAY,5
3110836,CHICKEN,SUNDAY,2
3110836,FAST_FOOD,MONDAY,-2
3110836,FAST_FOOD,TUESDAY,0
3110836,FAST_FOOD,WEDNESDAY,0
3110836,FAST_FOOD,THURSDAY,0
3110836,FAST_FOOD,FRIDAY,1
3110836,FAST_FOOD,SATURDAY,1
3110836,FAST_FOOD,SUNDAY,1
3110836,BUNSIK,MONDAY,3
3110836,BUNSIK,TUESDAY,1
3110836,BUNSIK,WEDNESDAY,3
3110836,BUNSIK,THURSDAY,3
3110836,BUNSIK,FRIDAY,2
3110836,BUNSIK,SATURDAY,1
3110836,BUNSIK,SUNDAY,-6
3110836,CAFE_BEVERAGE,MONDAY,1
3110836,CAFE_BEVERAGE,TUESDAY,1
3110836,CAFE_BEVERAGE,WEDNESDAY,1
3110836,CAFE_BEVERAGE,THURSDAY,1
3110836,CAFE_BEVERAGE,FRIDAY,-1
3110836,CAFE_BEVERAGE,SATURDAY,-1
3110836,CAFE_BEVERAGE,SUNDAY,-2
3110836,BAKERY,MONDAY,-3
3110836,BAKERY,TUESDAY,-2
3110836,BAKERY,WEDNESDAY,0
3110836,BAKERY,THURSDAY,0
3110836,BAKERY,FRIDAY,1
3110836,BAKERY,SATURDAY,3
3110836,BAKERY,SUNDAY,1
3110837,KOREAN_FOOD,MONDAY,0
3110837,KOREAN_FOOD,TUESDAY,2
3110837,KOREAN_FOOD,WEDNESDAY,2
3110837,KOREAN_FOOD,THURSDAY,1
3110837,KOREAN_FOOD,FRIDAY,4
3110837,KOREAN_FOOD,SATURDAY,0
3110837,KOREAN_FOOD,SUNDAY,-6
3110837,CHINESE_FOOD,MONDAY,-6
3110837,CHINESE_FOOD,TUESDAY,2
3110837,CHINESE_FOOD,WEDNESDAY,2
3110837,CHINESE_FOOD,THURSDAY,3
3110837,CHINESE_FOOD,FRIDAY,6
3110837,CHINESE_FOOD,SATURDAY,4
3110837,CHINESE_FOOD,SUNDAY,-6
3110837,BUNSIK,MONDAY,2
3110837,BUNSIK,TUESDAY,1
3110837,BUNSIK,WEDNESDAY,1
3110837,BUNSIK,THURSDAY,1
3110837,BUNSIK,FRIDAY,1
3110837,BUNSIK,SATURDAY,1
3110837,BUNSIK,SUNDAY,-6
3110837,CAFE_BEVERAGE,MONDAY,0
3110837,CAFE_BEVERAGE,TUESDAY,-1
3110837,CAFE_BEVERAGE,WEDNESDAY,0
3110837,CAFE_BEVERAGE,THURSDAY,0
3110837,CAFE_BEVERAGE,FRIDAY,1
3110837,CAFE_BEVERAGE,SATURDAY,2
3110837,CAFE_BEVERAGE,SUNDAY,-3
3110837,BAKERY,MONDAY,1
3110837,BAKERY,TUESDAY,0
3110837,BAKERY,WEDNESDAY,0
3110837,BAKERY,THURSDAY,0
3110837,BAKERY,FRIDAY,1
3110837,BAKERY,SATURDAY,0
3110837,BAKERY,SUNDAY,-2
3110838,KOREAN_FOOD,MONDAY,3
3110838,KOREAN_FOOD,TUESDAY,4
3110838,KOREAN_FOOD,WEDNESDAY,2
3110838,KOREAN_FOOD,THURSDAY,3
3110838,KOREAN_FOOD,FRIDAY,4
3110838,KOREAN_FOOD,SATURDAY,-6
3110838,KOREAN_FOOD,SUNDAY,-6
3110839,KOREAN_FOOD,MONDAY,4
3110839,KOREAN_FOOD,TUESDAY,4
3110839,KOREAN_FOOD,WEDNESDAY,3
3110839,KOREAN_FOOD,THURSDAY,3
3110839,KOREAN_FOOD,FRIDAY,0
3110839,KOREAN_FOOD,SATURDAY,-4
3110839,KOREAN_FOOD,SUNDAY,-6
3110839,CHINESE_FOOD,MONDAY,1
3110839,CHINESE_FOOD,TUESDAY,5
3110839,CHINESE_FOOD,WEDNESDAY,2
3110839,CHINESE_FOOD,THURSDAY,1
3110839,CHINESE_FOOD,FRIDAY,-1
3110839,CHINESE_FOOD,SATURDAY,-2
3110839,CHINESE_FOOD,SUNDAY,-5
3110839,JAPANESE_FOOD,MONDAY,5
3110839,JAPANESE_FOOD,TUESDAY,4
3110839,JAPANESE_FOOD,WEDNESDAY,4
3110839,JAPANESE_FOOD,THURSDAY,3
3110839,JAPANESE_FOOD,FRIDAY,1
3110839,JAPANESE_FOOD,SATURDAY,-6
3110839,JAPANESE_FOOD,SUNDAY,-6
3110839,WESTERN_FOOD,MONDAY,5
3110839,WESTERN_FOOD,TUESDAY,5
3110839,WESTERN_FOOD,WEDNESDAY,5
3110839,WESTERN_FOOD,THURSDAY,4
3110839,WESTERN_FOOD,FRIDAY,2
3110839,WESTERN_FOOD,SATURDAY,-6
3110839,WESTERN_FOOD,SUNDAY,-6
3110839,FAST_FOOD,MONDAY,4
3110839,FAST_FOOD,TUESDAY,3
3110839,FAST_FOOD,WEDNESDAY,3
3110839,FAST_FOOD,THURSDAY,2
3110839,FAST_FOOD,FRIDAY,-1
3110839,FAST_FOOD,SATURDAY,-3
3110839,FAST_FOOD,SUNDAY,-6
3110839,BUNSIK,MONDAY,3
3110839,BUNSIK,TUESDAY,3
3110839,BUNSIK,WEDNESDAY,2
3110839,BUNSIK,THURSDAY,1
3110839,BUNSIK,FRIDAY,-1
3110839,BUNSIK,SATURDAY,-2
3110839,BUNSIK,SUNDAY,-6
3110839,CAFE_BEVERAGE,MONDAY,4
3110839,CAFE_BEVERAGE,TUESDAY,3
3110839,CAFE_BEVERAGE,WEDNESDAY,3
3110839,CAFE_BEVERAGE,THURSDAY,3
3110839,CAFE_BEVERAGE,FRIDAY,0
3110839,CAFE_BEVERAGE,SATURDAY,-4
3110839,CAFE_BEVERAGE,SUNDAY,-6
3110840,KOREAN_FOOD,MONDAY,3
3110840,KOREAN_FOOD,TUESDAY,3
3110840,KOREAN_FOOD,WEDNESDAY,4
3110840,KOREAN_FOOD,THURSDAY,3
3110840,KOREAN_FOOD,FRIDAY,2
3110840,KOREAN_FOOD,SATURDAY,-4
3110840,KOREAN_FOOD,SUNDAY,-6
3110840,CHINESE_FOOD,MONDAY,2
3110840,CHINESE_FOOD,TUESDAY,3
3110840,CHINESE_FOOD,WEDNESDAY,4
3110840,CHINESE_FOOD,THURSDAY,3
3110840,CHINESE_FOOD,FRIDAY,1
3110840,CHINESE_FOOD,SATURDAY,-2
3110840,CHINESE_FOOD,SUNDAY,-6
3110840,JAPANESE_FOOD,MONDAY,3
3110840,JAPANESE_FOOD,TUESDAY,3
3110840,JAPANESE_FOOD,WEDNESDAY,3
3110840,JAPANESE_FOOD,THURSDAY,3
3110840,JAPANESE_FOOD,FRIDAY,2
3110840,JAPANESE_FOOD,SATURDAY,-5
3110840,JAPANESE_FOOD,SUNDAY,-6
3110840,WESTERN_FOOD,MONDAY,3
3110840,WESTERN_FOOD,TUESDAY,3
3110840,WESTERN_FOOD,WEDNESDAY,3
3110840,WESTERN_FOOD,THURSDAY,5
3110840,WESTERN_FOOD,FRIDAY,1
3110840,WESTERN_FOOD,SATURDAY,-5
3110840,WESTERN_FOOD,SUNDAY,-6
3110840,CHICKEN,MONDAY,2
3110840,CHICKEN,TUESDAY,3
3110840,CHICKEN,WEDNESDAY,3
3110840,CHICKEN,THURSDAY,3
3110840,CHICKEN,FRIDAY,2
3110840,CHICKEN,SATURDAY,-6
3110840,CHICKEN,SUNDAY,-4
3110840,FAST_FOOD,MONDAY,2
3110840,FAST_FOOD,TUESDAY,2
3110840,FAST_FOOD,WEDNESDAY,3
3110840,FAST_FOOD,THURSDAY,2
3110840,FAST_FOOD,FRIDAY,0
3110840,FAST_FOOD,SATURDAY,-3
3110840,FAST_FOOD,SUNDAY,-6
3110840,BUNSIK,MONDAY,2
3110840,BUNSIK,TUESDAY,3
3110840,BUNSIK,WEDNESDAY,3
3110840,BUNSIK,THURSDAY,3
3110840,BUNSIK,FRIDAY,1
3110840,BUNSIK,SATURDAY,-3
3110840,BUNSIK,SUNDAY,-6
3110840,CAFE_BEVERAGE,MONDAY,1
3110840,CAFE_BEVERAGE,TUESDAY,1
3110840,CAFE_BEVERAGE,WEDNESDAY,2
3110840,CAFE_BEVERAGE,THURSDAY,2
3110840,CAFE_BEVERAGE,FRIDAY,1
3110840,CAFE_BEVERAGE,SATURDAY,-2
3110840,CAFE_BEVERAGE,SUNDAY,-5
3110842,KOREAN_FOOD,MONDAY,-1
3110842,KOREAN_FOOD,TUESDAY,-1
3110842,KOREAN_FOOD,WEDNESDAY,0
3110842,KOREAN_FOOD,THURSDAY,0
3110842,KOREAN_FOOD,FRIDAY,4
3110842,KOREAN_FOOD,SATURDAY,2
3110842,KOREAN_FOOD,SUNDAY,-5
3110842,BUNSIK,MONDAY,0
3110842,BUNSIK,TUESDAY,2
3110842,BUNSIK,WEDNESDAY,3
3110842,BUNSIK,THURSDAY,2
3110842,BUNSIK,FRIDAY,4
3110842,BUNSIK,SATURDAY,3
3110842,BUNSIK,SUNDAY,-6
3110842,CAFE_BEVERAGE,MONDAY,-2
3110842,CAFE_BEVERAGE,TUESDAY,0
3110842,CAFE_BEVERAGE,WEDNESDAY,0
3110842,CAFE_BEVERAGE,THURSDAY,0
3110842,CAFE_BEVERAGE,FRIDAY,2
3110842,CAFE_BEVERAGE,SATURDAY,1
3110842,CAFE_BEVERAGE,SUNDAY,-2
3110842,BAKERY,MONDAY,1
3110842,BAKERY,TUESDAY,3
3110842,BAKERY,WEDNESDAY,3
3110842,BAKERY,THURSDAY,3
3110842,BAKERY,FRIDAY,5
3110842,BAKERY,SATURDAY,5
3110842,BAKERY,SUNDAY,-6
3110843,KOREAN_FOOD,MONDAY,0
3110843,KOREAN_FOOD,TUESDAY,0
3110843,KOREAN_FOOD,WEDNESDAY,-1
3110843,KOREAN_FOOD,THURSDAY,0
3110843,KOREAN_FOOD,FRIDAY,2
3110843,KOREAN_FOOD,SATURDAY,3
3110843,KOREAN_FOOD,SUNDAY,-3
3110846,KOREAN_FOOD,MONDAY,-1
3110846,KOREAN_FOOD,TUESDAY,-1
3110846,KOREAN_FOOD,WEDNESDAY,0
3110846,KOREAN_FOOD,THURSDAY,0
3110846,KOREAN_FOOD,FRIDAY,1
3110846,KOREAN_FOOD,SATURDAY,2
3110846,KOREAN_FOOD,SUNDAY,-1
3110846,CHINESE_FOOD,MONDAY,-1
3110846,CHINESE_FOOD,TUESDAY,-1
3110846,CHINESE_FOOD,WEDNESDAY,0
3110846,CHINESE_FOOD,THURSDAY,-6
3110846,CHINESE_FOOD,FRIDAY,4
3110846,CHINESE_FOOD,SATURDAY,6
3110846,CHINESE_FOOD,SUNDAY,6
3110846,CHICKEN,MONDAY,-1
3110846,CHICKEN,TUESDAY,-3
3110846,CHICKEN,WEDNESDAY,0
3110846,CHICKEN,THURSDAY,-1
3110846,CHICKEN,FRIDAY,5
3110846,CHICKEN,SATURDAY,1
3110846,CHICKEN,SUNDAY,-1
3110846,FAST_FOOD,MONDAY,-1
3110846,FAST_FOOD,TUESDAY,0
3110846,FAST_FOOD,WEDNESDAY,-1
3110846,FAST_FOOD,THURSDAY,0
3110846,FAST_FOOD,FRIDAY,1
3110846,FAST_FOOD,SATURDAY,1
3110846,FAST_FOOD,SUNDAY,0
3110846,BUNSIK,MONDAY,4
3110846,BUNSIK,TUESDAY,2
3110846,BUNSIK,WEDNESDAY,4
3110846,BUNSIK,THURSDAY,4
3110846,BUNSIK,FRIDAY,5
3110846,BUNSIK,SATURDAY,-5
3110846,BUNSIK,SUNDAY,-6
3110846,CAFE_BEVERAGE,MONDAY,-1
3110846,CAFE_BEVERAGE,TUESDAY,-1
3110846,CAFE_BEVERAGE,WEDNESDAY,-2
3110846,CAFE_BEVERAGE,THURSDAY,-2
3110846,CAFE_BEVERAGE,FRIDAY,0
3110846,CAFE_BEVERAGE,SATURDAY,4
3110846,CAFE_BEVERAGE,SUNDAY,2
3110848,KOREAN_FOOD,MONDAY,1
3110848,KOREAN_FOOD,TUESDAY,2
3110848,KOREAN_FOOD,WEDNESDAY,2
3110848,KOREAN_FOOD,THURSDAY,1
3110848,KOREAN_FOOD,FRIDAY,2
3110848,KOREAN_FOOD,SATURDAY,1
3110848,KOREAN_FOOD,SUNDAY,-6
3110848,BUNSIK,MONDAY,-6
3110848,BUNSIK,TUESDAY,5
3110848,BUNSIK,WEDNESDAY,2
3110848,BUNSIK,THURSDAY,3
3110848,BUNSIK,FRIDAY,5
3110848,BUNSIK,SATURDAY,-2
3110848,BUNSIK,SUNDAY,-2
3110849,KOREAN_FOOD,MONDAY,-1
3110849,KOREAN_FOOD,TUESDAY,-3
3110849,KOREAN_FOOD,WEDNESDAY,1
3110849,KOREAN_FOOD,THURSDAY,1
3110849,KOREAN_FOOD,FRIDAY,3
3110849,KOREAN_FOOD,SATURDAY,2
3110849,KOREAN_FOOD,SUNDAY,-2
3110850,KOREAN_FOOD,MONDAY,-2
3110850,KOREAN_FOOD,TUESDAY,-1
3110850,KOREAN_FOOD,WEDNESDAY,0
3110850,KOREAN_FOOD,THURSDAY,0
3110850,KOREAN_FOOD,FRIDAY,5
3110850,KOREAN_FOOD,SATURDAY,3
3110850,KOREAN_FOOD,SUNDAY,-4
3110850,CHINESE_FOOD,MONDAY,1
3110850,CHINESE_FOOD,TUESDAY,1
3110850,CHINESE_FOOD,WEDNESDAY,2
3110850,CHINESE_FOOD,THURSDAY,1
3110850,CHINESE_FOOD,FRIDAY,4
3110850,CHINESE_FOOD,SATURDAY,2
3110850,CHINESE_FOOD,SUNDAY,-6
3110850,CHICKEN,MONDAY,-6
3110850,CHICKEN,TUESDAY,-2
3110850,CHICKEN,WEDNESDAY,-2
3110850,CHICKEN,THURSDAY,-1
3110850,CHICKEN,FRIDAY,5
3110850,CHICKEN,SATURDAY,4
3110850,CHICKEN,SUNDAY,2
3110850,BUNSIK,MONDAY,-2
3110850,BUNSIK,TUESDAY,1
3110850,BUNSIK,WEDNESDAY,1
3110850,BUNSIK,THURSDAY,4
3110850,BUNSIK,FRIDAY,6
3110850,BUNSIK,SATURDAY,-1
3110850,BUNSIK,SUNDAY,-6
3110850,CAFE_BEVERAGE,MONDAY,-4
3110850,CAFE_BEVERAGE,TUESDAY,-4
3110850,CAFE_BEVERAGE,WEDNESDAY,-3
3110850,CAFE_BEVERAGE,THURSDAY,-3
3110850,CAFE_BEVERAGE,FRIDAY,1
3110850,CAFE_BEVERAGE,SATURDAY,6
3110850,CAFE_BEVERAGE,SUNDAY,5
3110851,CHICKEN,MONDAY,-3
3110851,CHICKEN,TUESDAY,-3
3110851,CHICKEN,WEDNESDAY,-1
3110851,CHICKEN,THURSDAY,-1
3110851,CHICKEN,FRIDAY,2
3110851,CHICKEN,SATURDAY,6
3110851,CHICKEN,SUNDAY,-1
3110852,KOREAN_FOOD,MONDAY,0
3110852,KOREAN_FOOD,TUESDAY,1
3110852,KOREAN_FOOD,WEDNESDAY,1
3110852,KOREAN_FOOD,THURSDAY,1
3110852,KOREAN_FOOD,FRIDAY,5
3110852,KOREAN_FOOD,SATURDAY,1
3110852,KOREAN_FOOD,SUNDAY,-6
3110852,BUNSIK,MONDAY,6
3110852,BUNSIK,TUESDAY,5
3110852,BUNSIK,WEDNESDAY,6
3110852,BUNSIK,THURSDAY,6
3110852,BUNSIK,FRIDAY,5
3110852,BUNSIK,SATURDAY,-6
3110852,BUNSIK,SUNDAY,-6
3110852,CAFE_BEVERAGE,MONDAY,-1
3110852,CAFE_BEVERAGE,TUESDAY,-4
3110852,CAFE_BEVERAGE,WEDNESDAY,-2
3110852,CAFE_BEVERAGE,THURSDAY,-1
3110852,CAFE_BEVERAGE,FRIDAY,2
3110852,CAFE_BEVERAGE,SATURDAY,6
3110852,CAFE_BEVERAGE,SUNDAY,-6
3110853,KOREAN_FOOD,MONDAY,1
3110853,KOREAN_FOOD,TUESDAY,0
3110853,KOREAN_FOOD,WEDNESDAY,0
3110853,KOREAN_FOOD,THURSDAY,2
3110853,KOREAN_FOOD,FRIDAY,3
3110853,KOREAN_FOOD,SATURDAY,2
3110853,KOREAN_FOOD,SUNDAY,-6
3110853,CAFE_BEVERAGE,MONDAY,2
3110853,CAFE_BEVERAGE,TUESDAY,2
3110853,CAFE_BEVERAGE,WEDNESDAY,3
3110853,CAFE_BEVERAGE,THURSDAY,2
3110853,CAFE_BEVERAGE,FRIDAY,4
3110853,CAFE_BEVERAGE,SATURDAY,5
3110853,CAFE_BEVERAGE,SUNDAY,-6
3110855,KOREAN_FOOD,MONDAY,-2
3110855,KOREAN_FOOD,TUESDAY,-1
3110855,KOREAN_FOOD,WEDNESDAY,-2
3110855,KOREAN_FOOD,THURSDAY,-2
3110855,KOREAN_FOOD,FRIDAY,1
3110855,KOREAN_FOOD,SATURDAY,3
3110855,KOREAN_FOOD,SUNDAY,3
3110855,JAPANESE_FOOD,MONDAY,0
3110855,JAPANESE_FOOD,TUESDAY,-4
3110855,JAPANESE_FOOD,WEDNESDAY,1
3110855,JAPANESE_FOOD,THURSDAY,1
3110855,JAPANESE_FOOD,FRIDAY,2
3110855,JAPANESE_FOOD,SATURDAY,6
3110855,JAPANESE_FOOD,SUNDAY,-6
3110855,CHICKEN,MONDAY,-5
3110855,CHICKEN,TUESDAY,-2
3110855,CHICKEN,WEDNESDAY,-1
3110855,CHICKEN,THURSDAY,-1
3110855,CHICKEN,FRIDAY,3
3110855,CHICKEN,SATURDAY,4
3110855,CHICKEN,SUNDAY,2
3110855,BUNSIK,MONDAY,0
3110855,BUNSIK,TUESDAY,1
3110855,BUNSIK,WEDNESDAY,1
3110855,BUNSIK,THURSDAY,1
3110855,BUNSIK,FRIDAY,1
3110855,BUNSIK,SATURDAY,1
3110855,BUNSIK,SUNDAY,-4
3110855,CAFE_BEVERAGE,MONDAY,-2
3110855,CAFE_BEVERAGE,TUESDAY,-2
3110855,CAFE_BEVERAGE,WEDNESDAY,-2
3110855,CAFE_BEVERAGE,THURSDAY,-2
3110855,CAFE_BEVERAGE,FRIDAY,0
3110855,CAFE_BEVERAGE,SATURDAY,4
3110855,CAFE_BEVERAGE,SUNDAY,3
3110856,KOREAN_FOOD,MONDAY,0
3110856,KOREAN_FOOD,TUESDAY,2
3110856,KOREAN_FOOD,WEDNESDAY,3
3110856,KOREAN_FOOD,THURSDAY,1
3110856,KOREAN_FOOD,FRIDAY,2
3110856,KOREAN_FOOD,SATURDAY,1
3110856,KOREAN_FOOD,SUNDAY,-6
3110856,CHINESE_FOOD,MONDAY,1
3110856,CHINESE_FOOD,TUESDAY,1
3110856,CHINESE_FOOD,WEDNESDAY,-5
3110856,CHINESE_FOOD,THURSDAY,-6
3110856,CHINESE_FOOD,FRIDAY,1
3110856,CHINESE_FOOD,SATURDAY,3
3110856,CHINESE_FOOD,SUNDAY,5
3110856,CAFE_BEVERAGE,MONDAY,-4
3110856,CAFE_BEVERAGE,TUESDAY,-5
3110856,CAFE_BEVERAGE,WEDNESDAY,-4
3110856,CAFE_BEVERAGE,THURSDAY,-3
3110856,CAFE_BEVERAGE,FRIDAY,-3
3110856,CAFE_BEVERAGE,SATURDAY,6
3110856,CAFE_BEVERAGE,SUNDAY,6
3110857,KOREAN_FOOD,MONDAY,-2
3110857,KOREAN_FOOD,TUESDAY,2
3110857,KOREAN_FOOD,WEDNESDAY,1
3110857,KOREAN_FOOD,THURSDAY,0
3110857,KOREAN_FOOD,FRIDAY,2
3110857,KOREAN_FOOD,SATURDAY,3
3110857,KOREAN_FOOD,SUNDAY,-5
3110858,KOREAN_FOOD,MONDAY,-2
3110858,KOREAN_FOOD,TUESDAY,-2
3110858,KOREAN_FOOD,WEDNESDAY,0
3110858,KOREAN_FOOD,THURSDAY,0
3110858,KOREAN_FOOD,FRIDAY,1
3110858,KOREAN_FOOD,SATURDAY,3
3110858,KOREAN_FOOD,SUNDAY,1
3110858,BUNSIK,MONDAY,-1
3110858,BUNSIK,TUESDAY,1
3110858,BUNSIK,WEDNESDAY,1
3110858,BUNSIK,THURSDAY,0
3110858,BUNSIK,FRIDAY,1
3110858,BUNSIK,SATURDAY,-1
3110858,BUNSIK,SUNDAY,0
3110858,CAFE_BEVERAGE,MONDAY,-1
3110858,CAFE_BEVERAGE,TUESDAY,-2
3110858,CAFE_BEVERAGE,WEDNESDAY,-2
3110858,CAFE_BEVERAGE,THURSDAY,-2
3110858,CAFE_BEVERAGE,FRIDAY,0
3110858,CAFE_BEVERAGE,SATURDAY,5
3110858,CAFE_BEVERAGE,SUNDAY,3
3110859,KOREAN_FOOD,MONDAY,4
3110859,KOREAN_FOOD,TUESDAY,2
3110859,KOREAN_FOOD,WEDNESDAY,1
3110859,KOREAN_FOOD,THURSDAY,2
3110859,KOREAN_FOOD,FRIDAY,3
3110859,KOREAN_FOOD,SATURDAY,-2
3110859,KOREAN_FOOD,SUNDAY,-6
3110861,KOREAN_FOOD,MONDAY,-1
3110861,KOREAN_FOOD,TUESDAY,-1
3110861,KOREAN_FOOD,WEDNESDAY,0
3110861,KOREAN_FOOD,THURSDAY,-1
3110861,KOREAN_FOOD,FRIDAY,1
3110861,KOREAN_FOOD,SATURDAY,3
3110861,KOREAN_FOOD,SUNDAY,-1
3110861,BUNSIK,MONDAY,0
3110861,BUNSIK,TUESDAY,0
3110861,BUNSIK,WEDNESDAY,1
3110861,BUNSIK,THURSDAY,1
3110861,BUNSIK,FRIDAY,1
3110861,BUNSIK,SATURDAY,1
3110861,BUNSIK,SUNDAY,-5
3110861,CAFE_BEVERAGE,MONDAY,-1
3110861,CAFE_BEVERAGE,TUESDAY,-1
3110861,CAFE_BEVERAGE,WEDNESDAY,-1
3110861,CAFE_BEVERAGE,THURSDAY,-1
3110861,CAFE_BEVERAGE,FRIDAY,1
3110861,CAFE_BEVERAGE,SATURDAY,3
3110861,CAFE_BEVERAGE,SUNDAY,1
3110862,KOREAN_FOOD,MONDAY,0
3110862,KOREAN_FOOD,TUESDAY,0
3110862,KOREAN_FOOD,WEDNESDAY,-6
3110862,KOREAN_FOOD,THURSDAY,0
3110862,KOREAN_FOOD,FRIDAY,3
3110862,KOREAN_FOOD,SATURDAY,4
3110862,KOREAN_FOOD,SUNDAY,0
3110863,KOREAN_FOOD,MONDAY,0
3110863,KOREAN_FOOD,TUESDAY,-1
3110863,KOREAN_FOOD,WEDNESDAY,-2
3110863,KOREAN_FOOD,THURSDAY,-1
3110863,KOREAN_FOOD,FRIDAY,1
3110863,KOREAN_FOOD,SATURDAY,3
3110863,KOREAN_FOOD,SUNDAY,-1
3110863,CHICKEN,MONDAY,-3
3110863,CHICKEN,TUESDAY,-2
3110863,CHICKEN,WEDNESDAY,-1
3110863,CHICKEN,THURSDAY,-1
3110863,CHICKEN,FRIDAY,3
3110863,CHICKEN,SATURDAY,6
3110863,CHICKEN,SUNDAY,-3
3110863,BUNSIK,MONDAY,-3
3110863,BUNSIK,TUESDAY,5
3110863,BUNSIK,WEDNESDAY,3
3110863,BUNSIK,THURSDAY,5
3110863,BUNSIK,FRIDAY,6
3110863,BUNSIK,SATURDAY,-6
3110863,BUNSIK,SUNDAY,-6
3110863,CAFE_BEVERAGE,MONDAY,-1
3110863,CAFE_BEVERAGE,TUESDAY,-1
3110863,CAFE_BEVERAGE,WEDNESDAY,-1
3110863,CAFE_BEVERAGE,THURSDAY,-2
3110863,CAFE_BEVERAGE,FRIDAY,0
3110863,CAFE_BEVERAGE,SATURDAY,2
3110863,CAFE_BEVERAGE,SUNDAY,2
3110864,KOREAN_FOOD,MONDAY,-2
3110864,KOREAN_FOOD,TUESDAY,-2
3110864,KOREAN_FOOD,WEDNESDAY,-3
3110864,KOREAN_FOOD,THURSDAY,-1
3110864,KOREAN_FOOD,FRIDAY,2
3110864,KOREAN_FOOD,SATURDAY,-2
3110864,KOREAN_FOOD,SUNDAY,6
3110865,KOREAN_FOOD,MONDAY,-3
3110865,KOREAN_FOOD,TUESDAY,0
3110865,KOREAN_FOOD,WEDNESDAY,0
3110865,KOREAN_FOOD,THURSDAY,-1
3110865,KOREAN_FOOD,FRIDAY,1
3110865,KOREAN_FOOD,SATURDAY,2
3110865,KOREAN_FOOD,SUNDAY,1
3110865,CHINESE_FOOD,MONDAY,-6
3110865,CHINESE_FOOD,TUESDAY,2
3110865,CHINESE_FOOD,WEDNESDAY,1
3110865,CHINESE_FOOD,THURSDAY,0
3110865,CHINESE_FOOD,FRIDAY,2
3110865,CHINESE_FOOD,SATURDAY,4
3110865,CHINESE_FOOD,SUNDAY,5
3110865,CHICKEN,MONDAY,-3
3110865,CHICKEN,TUESDAY,-3
3110865,CHICKEN,WEDNESDAY,-1
3110865,CHICKEN,THURSDAY,-2
3110865,CHICKEN,FRIDAY,3
3110865,CHICKEN,SATURDAY,5
3110865,CHICKEN,SUNDAY,1
3110865,FAST_FOOD,MONDAY,1
3110865,FAST_FOOD,TUESDAY,2
3110865,FAST_FOOD,WEDNESDAY,3
3110865,FAST_FOOD,THURSDAY,4
3110865,FAST_FOOD,FRIDAY,4
3110865,FAST_FOOD,SATURDAY,1
3110865,FAST_FOOD,SUNDAY,-6
3110865,BUNSIK,MONDAY,2
3110865,BUNSIK,TUESDAY,2
3110865,BUNSIK,WEDNESDAY,-6
3110865,BUNSIK,THURSDAY,2
3110865,BUNSIK,FRIDAY,2
3110865,BUNSIK,SATURDAY,1
3110865,BUNSIK,SUNDAY,-3
3110865,CAFE_BEVERAGE,MONDAY,-1
3110865,CAFE_BEVERAGE,TUESDAY,-2
3110865,CAFE_BEVERAGE,WEDNESDAY,-1
3110865,CAFE_BEVERAGE,THURSDAY,-1
3110865,CAFE_BEVERAGE,FRIDAY,0
3110865,CAFE_BEVERAGE,SATURDAY,3
3110865,CAFE_BEVERAGE,SUNDAY,1
3110865,BAKERY,MONDAY,4
3110865,BAKERY,TUESDAY,2
3110865,BAKERY,WEDNESDAY,2
3110865,BAKERY,THURSDAY,0
3110865,BAKERY,FRIDAY,1
3110865,BAKERY,SATURDAY,1
3110865,BAKERY,SUNDAY,-6
3110866,KOREAN_FOOD,MONDAY,-2
3110866,KOREAN_FOOD,TUESDAY,0
3110866,KOREAN_FOOD,WEDNESDAY,0
3110866,KOREAN_FOOD,THURSDAY,-1
3110866,KOREAN_FOOD,FRIDAY,0
3110866,KOREAN_FOOD,SATURDAY,2
3110866,KOREAN_FOOD,SUNDAY,1
3110866,CAFE_BEVERAGE,MONDAY,-3
3110866,CAFE_BEVERAGE,TUESDAY,-1
3110866,CAFE_BEVERAGE,WEDNESDAY,-3
3110866,CAFE_BEVERAGE,THURSDAY,-2
3110866,CAFE_BEVERAGE,FRIDAY,-1
3110866,CAFE_BEVERAGE,SATURDAY,6
3110866,CAFE_BEVERAGE,SUNDAY,4
3110867,KOREAN_FOOD,MONDAY,-1
3110867,KOREAN_FOOD,TUESDAY,2
3110867,KOREAN_FOOD,WEDNESDAY,0
3110867,KOREAN_FOOD,THURSDAY,1
3110867,KOREAN_FOOD,FRIDAY,2
3110867,KOREAN_FOOD,SATURDAY,1
3110867,KOREAN_FOOD,SUNDAY,-5
3110868,KOREAN_FOOD,MONDAY,-6
3110868,KOREAN_FOOD,TUESDAY,0
3110868,KOREAN_FOOD,WEDNESDAY,0
3110868,KOREAN_FOOD,THURSDAY,1
3110868,KOREAN_FOOD,FRIDAY,4
3110868,KOREAN_FOOD,SATURDAY,6
3110868,KOREAN_FOOD,SUNDAY,-4
3110869,KOREAN_FOOD,MONDAY,-1
3110869,KOREAN_FOOD,TUESDAY,-2
3110869,KOREAN_FOOD,WEDNESDAY,-1
3110869,KOREAN_FOOD,THURSDAY,-1
3110869,KOREAN_FOOD,FRIDAY,1
3110869,KOREAN_FOOD,SATURDAY,3
3110869,KOREAN_FOOD,SUNDAY,2
3110869,CHINESE_FOOD,MONDAY,-1
3110869,CHINESE_FOOD,TUESDAY,-6
3110869,CHINESE_FOOD,WEDNESDAY,-3
3110869,CHINESE_FOOD,THURSDAY,-3
3110869,CHINESE_FOOD,FRIDAY,1
3110869,CHINESE_FOOD,SATURDAY,6
3110869,CHINESE_FOOD,SUNDAY,5
3110869,CHICKEN,MONDAY,-6
3110869,CHICKEN,TUESDAY,0
3110869,CHICKEN,WEDNESDAY,0
3110869,CHICKEN,THURSDAY,-1
3110869,CHICKEN,FRIDAY,4
3110869,CHICKEN,SATURDAY,2
3110869,CHICKEN,SUNDAY,2
3110869,BUNSIK,MONDAY,-4
3110869,BUNSIK,TUESDAY,-6
3110869,BUNSIK,WEDNESDAY,0
3110869,BUNSIK,THURSDAY,1
3110869,BUNSIK,FRIDAY,2
3110869,BUNSIK,SATURDAY,6
3110869,BUNSIK,SUNDAY,6
3110869,CAFE_BEVERAGE,MONDAY,-3
3110869,CAFE_BEVERAGE,TUESDAY,-3
3110869,CAFE_BEVERAGE,WEDNESDAY,-2
3110869,CAFE_BEVERAGE,THURSDAY,-3
3110869,CAFE_BEVERAGE,FRIDAY,-1
3110869,CAFE_BEVERAGE,SATURDAY,6
3110869,CAFE_BEVERAGE,SUNDAY,6
3110871,KOREAN_FOOD,MONDAY,3
3110871,KOREAN_FOOD,TUESDAY,3
3110871,KOREAN_FOOD,WEDNESDAY,1
3110871,KOREAN_FOOD,THURSDAY,-6
3110871,KOREAN_FOOD,FRIDAY,2
3110871,KOREAN_FOOD,SATURDAY,3
3110871,KOREAN_FOOD,SUNDAY,-1
3110871,BUNSIK,MONDAY,1
3110871,BUNSIK,TUESDAY,-1
3110871,BUNSIK,WEDNESDAY,1
3110871,BUNSIK,THURSDAY,-4
3110871,BUNSIK,FRIDAY,2
3110871,BUNSIK,SATURDAY,1
3110871,BUNSIK,SUNDAY,-2
3110871,CAFE_BEVERAGE,MONDAY,-1
3110871,CAFE_BEVERAGE,TUESDAY,-1
3110871,CAFE_BEVERAGE,WEDNESDAY,0
3110871,CAFE_BEVERAGE,THURSDAY,-1
3110871,CAFE_BEVERAGE,FRIDAY,0
3110871,CAFE_BEVERAGE,SATURDAY,3
3110871,CAFE_BEVERAGE,SUNDAY,-1
3110871,BAKERY,MONDAY,-1
3110871,BAKERY,TUESDAY,-1
3110871,BAKERY,WEDNESDAY,0
3110871,BAKERY,THURSDAY,0
3110871,BAKERY,FRIDAY,1
3110871,BAKERY,SATURDAY,1
3110871,BAKERY,SUNDAY,0
3110873,KOREAN_FOOD,MONDAY,3
3110873,KOREAN_FOOD,TUESDAY,3
3110873,KOREAN_FOOD,WEDNESDAY,4
3110873,KOREAN_FOOD,THURSDAY,3
3110873,KOREAN_FOOD,FRIDAY,4
3110873,KOREAN_FOOD,SATURDAY,-4
3110873,KOREAN_FOOD,SUNDAY,-6
3110873,CHICKEN,MONDAY,-2
3110873,CHICKEN,TUESDAY,0
3110873,CHICKEN,WEDNESDAY,1
3110873,CHICKEN,THURSDAY,-1
3110873,CHICKEN,FRIDAY,4
3110873,CHICKEN,SATURDAY,0
3110873,CHICKEN,SUNDAY,-3
3110873,BUNSIK,MONDAY,1
3110873,BUNSIK,TUESDAY,0
3110873,BUNSIK,WEDNESDAY,4
3110873,BUNSIK,THURSDAY,4
3110873,BUNSIK,FRIDAY,3
3110873,BUNSIK,SATURDAY,-1
3110873,BUNSIK,SUNDAY,-6
3110873,BAKERY,MONDAY,1
3110873,BAKERY,TUESDAY,1
3110873,BAKERY,WEDNESDAY,1
3110873,BAKERY,THURSDAY,1
3110873,BAKERY,FRIDAY,1
3110873,BAKERY,SATURDAY,-1
3110873,BAKERY,SUNDAY,-4
3110874,KOREAN_FOOD,MONDAY,-2
3110874,KOREAN_FOOD,TUESDAY,-1
3110874,KOREAN_FOOD,WEDNESDAY,0
3110874,KOREAN_FOOD,THURSDAY,-3
3110874,KOREAN_FOOD,FRIDAY,-1
3110874,KOREAN_FOOD,SATURDAY,3
3110874,KOREAN_FOOD,SUNDAY,4
3110875,CAFE_BEVERAGE,MONDAY,-2
3110875,CAFE_BEVERAGE,TUESDAY,-3
3110875,CAFE_BEVERAGE,WEDNESDAY,-2
3110875,CAFE_BEVERAGE,THURSDAY,-2
3110875,CAFE_BEVERAGE,FRIDAY,0
3110875,CAFE_BEVERAGE,SATURDAY,5
3110875,CAFE_BEVERAGE,SUNDAY,3
3110876,KOREAN_FOOD,MONDAY,0
3110876,KOREAN_FOOD,TUESDAY,-1
3110876,KOREAN_FOOD,WEDNESDAY,1
3110876,KOREAN_FOOD,THURSDAY,0
3110876,KOREAN_FOOD,FRIDAY,2
3110876,KOREAN_FOOD,SATURDAY,1
3110876,KOREAN_FOOD,SUNDAY,-4
3110877,KOREAN_FOOD,MONDAY,-2
3110877,KOREAN_FOOD,TUESDAY,-1
3110877,KOREAN_FOOD,WEDNESDAY,-1
3110877,KOREAN_FOOD,THURSDAY,-1
3110877,KOREAN_FOOD,FRIDAY,1
3110877,KOREAN_FOOD,SATURDAY,3
3110877,KOREAN_FOOD,SUNDAY,2
3110877,BUNSIK,MONDAY,0
3110877,BUNSIK,TUESDAY,2
3110877,BUNSIK,WEDNESDAY,2
3110877,BUNSIK,THURSDAY,2
3110877,BUNSIK,FRIDAY,2
3110877,BUNSIK,SATURDAY,1
3110877,BUNSIK,SUNDAY,-6
3110877,CAFE_BEVERAGE,MONDAY,-1
3110877,CAFE_BEVERAGE,TUESDAY,-2
3110877,CAFE_BEVERAGE,WEDNESDAY,0
3110877,CAFE_BEVERAGE,THURSDAY,0
3110877,CAFE_BEVERAGE,FRIDAY,0
3110877,CAFE_BEVERAGE,SATURDAY,2
3110877,CAFE_BEVERAGE,SUNDAY,1
3110879,KOREAN_FOOD,MONDAY,-2
3110879,KOREAN_FOOD,TUESDAY,-1
3110879,KOREAN_FOOD,WEDNESDAY,-1
3110879,KOREAN_FOOD,THURSDAY,0
3110879,KOREAN_FOOD,FRIDAY,3
3110879,KOREAN_FOOD,SATURDAY,6
3110879,KOREAN_FOOD,SUNDAY,-4
3110880,KOREAN_FOOD,MONDAY,4
3110880,KOREAN_FOOD,TUESDAY,2
3110880,KOREAN_FOOD,WEDNESDAY,3
3110880,KOREAN_FOOD,THURSDAY,2
3110880,KOREAN_FOOD,FRIDAY,3
3110880,KOREAN_FOOD,SATURDAY,-4
3110880,KOREAN_FOOD,SUNDAY,-6
3110881,KOREAN_FOOD,MONDAY,-1
3110881,KOREAN_FOOD,TUESDAY,1
3110881,KOREAN_FOOD,WEDNESDAY,0
3110881,KOREAN_FOOD,THURSDAY,1
3110881,KOREAN_FOOD,FRIDAY,1
3110881,KOREAN_FOOD,SATURDAY,-1
3110881,KOREAN_FOOD,SUNDAY,-2
3110881,CHINESE_FOOD,MONDAY,1
3110881,CHINESE_FOOD,TUESDAY,0
3110881,CHINESE_FOOD,WEDNESDAY,-1
3110881,CHINESE_FOOD,THURSDAY,-3
3110881,CHINESE_FOOD,FRIDAY,-1
3110881,CHINESE_FOOD,SATURDAY,1
3110881,CHINESE_FOOD,SUNDAY,3
3110881,JAPANESE_FOOD,MONDAY,3
3110881,JAPANESE_FOOD,TUESDAY,-5
3110881,JAPANESE_FOOD,WEDNESDAY,5
3110881,JAPANESE_FOOD,THURSDAY,5
3110881,JAPANESE_FOOD,FRIDAY,5
3110881,JAPANESE_FOOD,SATURDAY,-2
3110881,JAPANESE_FOOD,SUNDAY,-6
3110881,WESTERN_FOOD,MONDAY,0
3110881,WESTERN_FOOD,TUESDAY,1
3110881,WESTERN_FOOD,WEDNESDAY,0
3110881,WESTERN_FOOD,THURSDAY,-2
3110881,WESTERN_FOOD,FRIDAY,1
3110881,WESTERN_FOOD,SATURDAY,0
3110881,WESTERN_FOOD,SUNDAY,0
3110881,CHICKEN,MONDAY,-4
3110881,CHICKEN,TUESDAY,-3
3110881,CHICKEN,WEDNESDAY,-2
3110881,CHICKEN,THURSDAY,-1
3110881,CHICKEN,FRIDAY,2
3110881,CHICKEN,SATURDAY,4
3110881,CHICKEN,SUNDAY,4
3110881,FAST_FOOD,MONDAY,2
3110881,FAST_FOOD,TUESDAY,3
3110881,FAST_FOOD,WEDNESDAY,1
3110881,FAST_FOOD,THURSDAY,3
3110881,FAST_FOOD,FRIDAY,4
3110881,FAST_FOOD,SATURDAY,1
3110881,FAST_FOOD,SUNDAY,-6
3110881,BUNSIK,MONDAY,-3
3110881,BUNSIK,TUESDAY,-2
3110881,BUNSIK,WEDNESDAY,1
3110881,BUNSIK,THURSDAY,0
3110881,BUNSIK,FRIDAY,2
3110881,BUNSIK,SATURDAY,-1
3110881,BUNSIK,SUNDAY,3
3110881,CAFE_BEVERAGE,MONDAY,-1
3110881,CAFE_BEVERAGE,TUESDAY,-1
3110881,CAFE_BEVERAGE,WEDNESDAY,-1
3110881,CAFE_BEVERAGE,THURSDAY,-1
3110881,CAFE_BEVERAGE,FRIDAY,0
3110881,CAFE_BEVERAGE,SATURDAY,2
3110881,CAFE_BEVERAGE,SUNDAY,1
3110881,BAKERY,MONDAY,0
3110881,BAKERY,TUESDAY,-1
3110881,BAKERY,WEDNESDAY,-1
3110881,BAKERY,THURSDAY,0
3110881,BAKERY,FRIDAY,0
3110881,BAKERY,SATURDAY,1
3110881,BAKERY,SUNDAY,1
3110882,KOREAN_FOOD,MONDAY,0
3110882,KOREAN_FOOD,TUESDAY,-2
3110882,KOREAN_FOOD,WEDNESDAY,1
3110882,KOREAN_FOOD,THURSDAY,1
3110882,KOREAN_FOOD,FRIDAY,1
3110882,KOREAN_FOOD,SATURDAY,3
3110882,KOREAN_FOOD,SUNDAY,-3
3110882,FAST_FOOD,MONDAY,0
3110882,FAST_FOOD,TUESDAY,0
3110882,FAST_FOOD,WEDNESDAY,1
3110882,FAST_FOOD,THURSDAY,1
3110882,FAST_FOOD,FRIDAY,0
3110882,FAST_FOOD,SATURDAY,-1
3110882,FAST_FOOD,SUNDAY,-1
3110882,CAFE_BEVERAGE,MONDAY,-1
3110882,CAFE_BEVERAGE,TUESDAY,0
3110882,CAFE_BEVERAGE,WEDNESDAY,-1
3110882,CAFE_BEVERAGE,THURSDAY,-1
3110882,CAFE_BEVERAGE,FRIDAY,-1
3110882,CAFE_BEVERAGE,SATURDAY,1
3110882,CAFE_BEVERAGE,SUNDAY,1
3110883,KOREAN_FOOD,MONDAY,0
3110883,KOREAN_FOOD,TUESDAY,1
3110883,KOREAN_FOOD,WEDNESDAY,0
3110883,KOREAN_FOOD,THURSDAY,1
3110883,KOREAN_FOOD,FRIDAY,2
3110883,KOREAN_FOOD,SATURDAY,1
3110883,KOREAN_FOOD,SUNDAY,-5
3110883,CHICKEN,MONDAY,-3
3110883,CHICKEN,TUESDAY,-1
3110883,CHICKEN,WEDNESDAY,-2
3110883,CHICKEN,THURSDAY,-1
3110883,CHICKEN,FRIDAY,2
3110883,CHICKEN,SATURDAY,4
3110883,CHICKEN,SUNDAY,2
3110883,BUNSIK,MONDAY,3
3110883,BUNSIK,TUESDAY,5
3110883,BUNSIK,WEDNESDAY,4
3110883,BUNSIK,THURSDAY,3
3110883,BUNSIK,FRIDAY,2
3110883,BUNSIK,SATURDAY,0
3110883,BUNSIK,SUNDAY,-6
3110883,CAFE_BEVERAGE,MONDAY,-1
3110883,CAFE_BEVERAGE,TUESDAY,-3
3110883,CAFE_BEVERAGE,WEDNESDAY,-2
3110883,CAFE_BEVERAGE,THURSDAY,-4
3110883,CAFE_BEVERAGE,FRIDAY,-2
3110883,CAFE_BEVERAGE,SATURDAY,6
3110883,CAFE_BEVERAGE,SUNDAY,5
3110883,BAKERY,MONDAY,-1
3110883,BAKERY,TUESDAY,-1
3110883,BAKERY,WEDNESDAY,0
3110883,BAKERY,THURSDAY,-1
3110883,BAKERY,FRIDAY,0
3110883,BAKERY,SATURDAY,2
3110883,BAKERY,SUNDAY,1
3110884,KOREAN_FOOD,MONDAY,-4
3110884,KOREAN_FOOD,TUESDAY,-1
3110884,KOREAN_FOOD,WEDNESDAY,1
3110884,KOREAN_FOOD,THURSDAY,1
3110884,KOREAN_FOOD,FRIDAY,2
3110884,KOREAN_FOOD,SATURDAY,2
3110884,KOREAN_FOOD,SUNDAY,0
3110885,KOREAN_FOOD,MONDAY,1
3110885,KOREAN_FOOD,TUESDAY,-2
3110885,KOREAN_FOOD,WEDNESDAY,-1
3110885,KOREAN_FOOD,THURSDAY,0
3110885,KOREAN_FOOD,FRIDAY,0
3110885,KOREAN_FOOD,SATURDAY,2
3110885,KOREAN_FOOD,SUNDAY,0
3110885,CHICKEN,MONDAY,-3
3110885,CHICKEN,TUESDAY,-2
3110885,CHICKEN,WEDNESDAY,-2
3110885,CHICKEN,THURSDAY,-1
3110885,CHICKEN,FRIDAY,2
3110885,CHICKEN,SATURDAY,4
3110885,CHICKEN,SUNDAY,2
3110885,BUNSIK,MONDAY,-6
3110885,BUNSIK,TUESDAY,3
3110885,BUNSIK,WEDNESDAY,2
3110885,BUNSIK,THURSDAY,-4
3110885,BUNSIK,FRIDAY,3
3110885,BUNSIK,SATURDAY,5
3110885,BUNSIK,SUNDAY,-2
3110886,KOREAN_FOOD,MONDAY,0
3110886,KOREAN_FOOD,TUESDAY,-1
3110886,KOREAN_FOOD,WEDNESDAY,-4
3110886,KOREAN_FOOD,THURSDAY,-1
3110886,KOREAN_FOOD,FRIDAY,1
3110886,KOREAN_FOOD,SATURDAY,5
3110886,KOREAN_FOOD,SUNDAY,1
3110886,CAFE_BEVERAGE,MONDAY,-1
3110886,CAFE_BEVERAGE,TUESDAY,-1
3110886,CAFE_BEVERAGE,WEDNESDAY,0
3110886,CAFE_BEVERAGE,THURSDAY,0
3110886,CAFE_BEVERAGE,FRIDAY,0
3110886,CAFE_BEVERAGE,SATURDAY,4
3110886,CAFE_BEVERAGE,SUNDAY,-1
3110888,KOREAN_FOOD,MONDAY,-3
3110888,KOREAN_FOOD,TUESDAY,4
3110888,KOREAN_FOOD,WEDNESDAY,1
3110888,KOREAN_FOOD,THURSDAY,3
3110888,KOREAN_FOOD,FRIDAY,3
3110888,KOREAN_FOOD,SATURDAY,0
3110888,KOREAN_FOOD,SUNDAY,-6
3110888,CAFE_BEVERAGE,MONDAY,-6
3110888,CAFE_BEVERAGE,TUESDAY,-6
3110888,CAFE_BEVERAGE,WEDNESDAY,0
3110888,CAFE_BEVERAGE,THURSDAY,0
3110888,CAFE_BEVERAGE,FRIDAY,4
3110888,CAFE_BEVERAGE,SATURDAY,6
3110888,CAFE_BEVERAGE,SUNDAY,6
3110889,KOREAN_FOOD,MONDAY,-2
3110889,KOREAN_FOOD,TUESDAY,-2
3110889,KOREAN_FOOD,WEDNESDAY,-1
3110889,KOREAN_FOOD,THURSDAY,-2
3110889,KOREAN_FOOD,FRIDAY,-1
3110889,KOREAN_FOOD,SATURDAY,4
3110889,KOREAN_FOOD,SUNDAY,4
3110890,KOREAN_FOOD,MONDAY,3
3110890,KOREAN_FOOD,TUESDAY,3
3110890,KOREAN_FOOD,WEDNESDAY,3
3110890,KOREAN_FOOD,THURSDAY,3
3110890,KOREAN_FOOD,FRIDAY,3
3110890,KOREAN_FOOD,SATURDAY,-6
3110890,KOREAN_FOOD,SUNDAY,-3
3110890,BUNSIK,MONDAY,-1
3110890,BUNSIK,TUESDAY,-1
3110890,BUNSIK,WEDNESDAY,-1
3110890,BUNSIK,THURSDAY,0
3110890,BUNSIK,FRIDAY,2
3110890,BUNSIK,SATURDAY,2
3110890,BUNSIK,SUNDAY,-1
3110890,CAFE_BEVERAGE,MONDAY,-3
3110890,CAFE_BEVERAGE,TUESDAY,-4
3110890,CAFE_BEVERAGE,WEDNESDAY,-3
3110890,CAFE_BEVERAGE,THURSDAY,-4
3110890,CAFE_BEVERAGE,FRIDAY,-3
3110890,CAFE_BEVERAGE,SATURDAY,3
3110890,CAFE_BEVERAGE,SUNDAY,6
3110891,KOREAN_FOOD,MONDAY,1
3110891,KOREAN_FOOD,TUESDAY,1
3110891,KOREAN_FOOD,WEDNESDAY,1
3110891,KOREAN_FOOD,THURSDAY,0
3110891,KOREAN_FOOD,FRIDAY,1
3110891,KOREAN_FOOD,SATURDAY,1
3110891,KOREAN_FOOD,SUNDAY,-4
3110891,CAFE_BEVERAGE,MONDAY,1
3110891,CAFE_BEVERAGE,TUESDAY,2
3110891,CAFE_BEVERAGE,WEDNESDAY,4
3110891,CAFE_BEVERAGE,THURSDAY,3
3110891,CAFE_BEVERAGE,FRIDAY,3
3110891,CAFE_BEVERAGE,SATURDAY,-4
3110891,CAFE_BEVERAGE,SUNDAY,-6
3110892,KOREAN_FOOD,MONDAY,1
3110892,KOREAN_FOOD,TUESDAY,0
3110892,KOREAN_FOOD,WEDNESDAY,0
3110892,KOREAN_FOOD,THURSDAY,1
3110892,KOREAN_FOOD,FRIDAY,2
3110892,KOREAN_FOOD,SATURDAY,0
3110892,KOREAN_FOOD,SUNDAY,-5
3110892,CHICKEN,MONDAY,-4
3110892,CHICKEN,TUESDAY,-1
3110892,CHICKEN,WEDNESDAY,-1
3110892,CHICKEN,THURSDAY,-1
3110892,CHICKEN,FRIDAY,3
3110892,CHICKEN,SATURDAY,3
3110892,CHICKEN,SUNDAY,0
3110892,CAFE_BEVERAGE,MONDAY,-2
3110892,CAFE_BEVERAGE,TUESDAY,-3
3110892,CAFE_BEVERAGE,WEDNESDAY,-2
3110892,CAFE_BEVERAGE,THURSDAY,-3
3110892,CAFE_BEVERAGE,FRIDAY,-3
3110892,CAFE_BEVERAGE,SATURDAY,4
3110892,CAFE_BEVERAGE,SUNDAY,6
3110892,BAKERY,MONDAY,0
3110892,BAKERY,TUESDAY,2
3110892,BAKERY,WEDNESDAY,1
3110892,BAKERY,THURSDAY,0
3110892,BAKERY,FRIDAY,1
3110892,BAKERY,SATURDAY,0
3110892,BAKERY,SUNDAY,-4
3110893,KOREAN_FOOD,MONDAY,-2
3110893,KOREAN_FOOD,TUESDAY,0
3110893,KOREAN_FOOD,WEDNESDAY,-2
3110893,KOREAN_FOOD,THURSDAY,0
3110893,KOREAN_FOOD,FRIDAY,1
3110893,KOREAN_FOOD,SATURDAY,1
3110893,KOREAN_FOOD,SUNDAY,3
3110895,KOREAN_FOOD,MONDAY,-2
3110895,KOREAN_FOOD,TUESDAY,-1
3110895,KOREAN_FOOD,WEDNESDAY,0
3110895,KOREAN_FOOD,THURSDAY,0
3110895,KOREAN_FOOD,FRIDAY,2
3110895,KOREAN_FOOD,SATURDAY,2
3110895,KOREAN_FOOD,SUNDAY,-1
3110895,CHINESE_FOOD,MONDAY,0
3110895,CHINESE_FOOD,TUESDAY,0
3110895,CHINESE_FOOD,WEDNESDAY,0
3110895,CHINESE_FOOD,THURSDAY,-1
3110895,CHINESE_FOOD,FRIDAY,1
3110895,CHINESE_FOOD,SATURDAY,0
3110895,CHINESE_FOOD,SUNDAY,-1
3110895,JAPANESE_FOOD,MONDAY,-6
3110895,JAPANESE_FOOD,TUESDAY,-1
3110895,JAPANESE_FOOD,WEDNESDAY,0
3110895,JAPANESE_FOOD,THURSDAY,0
3110895,JAPANESE_FOOD,FRIDAY,3
3110895,JAPANESE_FOOD,SATURDAY,4
3110895,JAPANESE_FOOD,SUNDAY,1
3110895,WESTERN_FOOD,MONDAY,-4
3110895,WESTERN_FOOD,TUESDAY,-3
3110895,WESTERN_FOOD,WEDNESDAY,-2
3110895,WESTERN_FOOD,THURSDAY,-2
3110895,WESTERN_FOOD,FRIDAY,1
3110895,WESTERN_FOOD,SATURDAY,6
3110895,WESTERN_FOOD,SUNDAY,4
3110895,CHICKEN,MONDAY,-6
3110895,CHICKEN,TUESDAY,-2
3110895,CHICKEN,WEDNESDAY,-1
3110895,CHICKEN,THURSDAY,0
3110895,CHICKEN,FRIDAY,5
3110895,CHICKEN,SATURDAY,6
3110895,CHICKEN,SUNDAY,3
3110895,FAST_FOOD,MONDAY,4
3110895,FAST_FOOD,TUESDAY,2
3110895,FAST_FOOD,WEDNESDAY,3
3110895,FAST_FOOD,THURSDAY,2
3110895,FAST_FOOD,FRIDAY,1
3110895,FAST_FOOD,SATURDAY,-6
3110895,FAST_FOOD,SUNDAY,-3
3110895,BUNSIK,MONDAY,1
3110895,BUNSIK,TUESDAY,0
3110895,BUNSIK,WEDNESDAY,1
3110895,BUNSIK,THURSDAY,2
3110895,BUNSIK,FRIDAY,0
3110895,BUNSIK,SATURDAY,-1
3110895,BUNSIK,SUNDAY,-2
3110895,CAFE_BEVERAGE,MONDAY,-4
3110895,CAFE_BEVERAGE,TUESDAY,-2
3110895,CAFE_BEVERAGE,WEDNESDAY,-2
3110895,CAFE_BEVERAGE,THURSDAY,-2
3110895,CAFE_BEVERAGE,FRIDAY,0
3110895,CAFE_BEVERAGE,SATURDAY,6
3110895,CAFE_BEVERAGE,SUNDAY,4
3110896,KOREAN_FOOD,MONDAY,-2
3110896,KOREAN_FOOD,TUESDAY,1
3110896,KOREAN_FOOD,WEDNESDAY,1
3110896,KOREAN_FOOD,THURSDAY,-1
3110896,KOREAN_FOOD,FRIDAY,1
3110896,KOREAN_FOOD,SATURDAY,1
3110896,KOREAN_FOOD,SUNDAY,0
3110896,CAFE_BEVERAGE,MONDAY,-2
3110896,CAFE_BEVERAGE,TUESDAY,-1
3110896,CAFE_BEVERAGE,WEDNESDAY,-1
3110896,CAFE_BEVERAGE,THURSDAY,0
3110896,CAFE_BEVERAGE,FRIDAY,2
3110896,CAFE_BEVERAGE,SATURDAY,3
3110896,CAFE_BEVERAGE,SUNDAY,-1
3110897,KOREAN_FOOD,MONDAY,-1
3110897,KOREAN_FOOD,TUESDAY,0
3110897,KOREAN_FOOD,WEDNESDAY,0
3110897,KOREAN_FOOD,THURSDAY,-1
3110897,KOREAN_FOOD,FRIDAY,2
3110897,KOREAN_FOOD,SATURDAY,3
3110897,KOREAN_FOOD,SUNDAY,-3
3110897,BUNSIK,MONDAY,6
3110897,BUNSIK,TUESDAY,4
3110897,BUNSIK,WEDNESDAY,2
3110897,BUNSIK,THURSDAY,6
3110897,BUNSIK,FRIDAY,2
3110897,BUNSIK,SATURDAY,-2
3110897,BUNSIK,SUNDAY,-6
3110900,KOREAN_FOOD,MONDAY,1
3110900,KOREAN_FOOD,TUESDAY,0
3110900,KOREAN_FOOD,WEDNESDAY,1
3110900,KOREAN_FOOD,THURSDAY,0
3110900,KOREAN_FOOD,FRIDAY,2
3110900,KOREAN_FOOD,SATURDAY,0
3110900,KOREAN_FOOD,SUNDAY,-3
3110900,JAPANESE_FOOD,MONDAY,2
3110900,JAPANESE_FOOD,TUESDAY,4
3110900,JAPANESE_FOOD,WEDNESDAY,3
3110900,JAPANESE_FOOD,THURSDAY,-6
3110900,JAPANESE_FOOD,FRIDAY,3
3110900,JAPANESE_FOOD,SATURDAY,0
3110900,JAPANESE_FOOD,SUNDAY,-5
3110900,BUNSIK,MONDAY,3
3110900,BUNSIK,TUESDAY,3
3110900,BUNSIK,WEDNESDAY,3
3110900,BUNSIK,THURSDAY,3
3110900,BUNSIK,FRIDAY,3
3110900,BUNSIK,SATURDAY,5
3110900,BUNSIK,SUNDAY,-6
3110900,CAFE_BEVERAGE,MONDAY,-5
3110900,CAFE_BEVERAGE,TUESDAY,-3
3110900,CAFE_BEVERAGE,WEDNESDAY,-3
3110900,CAFE_BEVERAGE,THURSDAY,-4
3110900,CAFE_BEVERAGE,FRIDAY,-1
3110900,CAFE_BEVERAGE,SATURDAY,5
3110900,CAFE_BEVERAGE,SUNDAY,6
3110901,KOREAN_FOOD,MONDAY,-6
3110901,KOREAN_FOOD,TUESDAY,-1
3110901,KOREAN_FOOD,WEDNESDAY,0
3110901,KOREAN_FOOD,THURSDAY,-1
3110901,KOREAN_FOOD,FRIDAY,3
3110901,KOREAN_FOOD,SATURDAY,3
3110901,KOREAN_FOOD,SUNDAY,1
3110901,CAFE_BEVERAGE,MONDAY,-6
3110901,CAFE_BEVERAGE,TUESDAY,-4
3110901,CAFE_BEVERAGE,WEDNESDAY,-3
3110901,CAFE_BEVERAGE,THURSDAY,-3
3110901,CAFE_BEVERAGE,FRIDAY,-1
3110901,CAFE_BEVERAGE,SATURDAY,6
3110901,CAFE_BEVERAGE,SUNDAY,6
3110902,KOREAN_FOOD,MONDAY,1
3110902,KOREAN_FOOD,TUESDAY,2
3110902,KOREAN_FOOD,WEDNESDAY,2
3110902,KOREAN_FOOD,THURSDAY,2
3110902,KOREAN_FOOD,FRIDAY,3
3110902,KOREAN_FOOD,SATURDAY,-1
3110902,KOREAN_FOOD,SUNDAY,-6
3110902,CHINESE_FOOD,MONDAY,-3
3110902,CHINESE_FOOD,TUESDAY,2
3110902,CHINESE_FOOD,WEDNESDAY,2
3110902,CHINESE_FOOD,THURSDAY,1
3110902,CHINESE_FOOD,FRIDAY,3
3110902,CHINESE_FOOD,SATURDAY,2
3110902,CHINESE_FOOD,SUNDAY,-6
3110902,JAPANESE_FOOD,MONDAY,-6
3110902,JAPANESE_FOOD,TUESDAY,3
3110902,JAPANESE_FOOD,WEDNESDAY,2
3110902,JAPANESE_FOOD,THURSDAY,2
3110902,JAPANESE_FOOD,FRIDAY,3
3110902,JAPANESE_FOOD,SATURDAY,1
3110902,JAPANESE_FOOD,SUNDAY,2
3110902,CHICKEN,MONDAY,-5
3110902,CHICKEN,TUESDAY,-5
3110902,CHICKEN,WEDNESDAY,-3
3110902,CHICKEN,THURSDAY,-3
3110902,CHICKEN,FRIDAY,5
3110902,CHICKEN,SATURDAY,6
3110902,CHICKEN,SUNDAY,4
3110902,BUNSIK,MONDAY,0
3110902,BUNSIK,TUESDAY,0
3110902,BUNSIK,WEDNESDAY,1
3110902,BUNSIK,THURSDAY,1
3110902,BUNSIK,FRIDAY,1
3110902,BUNSIK,SATURDAY,2
3110902,BUNSIK,SUNDAY,-5
3110902,CAFE_BEVERAGE,MONDAY,-2
3110902,CAFE_BEVERAGE,TUESDAY,-4
3110902,CAFE_BEVERAGE,WEDNESDAY,-1
3110902,CAFE_BEVERAGE,THURSDAY,-1
3110902,CAFE_BEVERAGE,FRIDAY,0
3110902,CAFE_BEVERAGE,SATURDAY,5
3110902,CAFE_BEVERAGE,SUNDAY,3
3110903,KOREAN_FOOD,MONDAY,2
3110903,KOREAN_FOOD,TUESDAY,4
3110903,KOREAN_FOOD,WEDNESDAY,4
3110903,KOREAN_FOOD,THURSDAY,4
3110903,KOREAN_FOOD,FRIDAY,3
3110903,KOREAN_FOOD,SATURDAY,-3
3110903,KOREAN_FOOD,SUNDAY,-6
3110903,BUNSIK,MONDAY,-6
3110903,BUNSIK,TUESDAY,-3
3110903,BUNSIK,WEDNESDAY,1
3110903,BUNSIK,THURSDAY,1
3110903,BUNSIK,FRIDAY,2
3110903,BUNSIK,SATURDAY,6
3110903,BUNSIK,SUNDAY,6
3110903,CAFE_BEVERAGE,MONDAY,3
3110903,CAFE_BEVERAGE,TUESDAY,3
3110903,CAFE_BEVERAGE,WEDNESDAY,3
3110903,CAFE_BEVERAGE,THURSDAY,3
3110903,CAFE_BEVERAGE,FRIDAY,2
3110903,CAFE_BEVERAGE,SATURDAY,-1
3110903,CAFE_BEVERAGE,SUNDAY,-6
3110904,KOREAN_FOOD,MONDAY,3
3110904,KOREAN_FOOD,TUESDAY,2
3110904,KOREAN_FOOD,WEDNESDAY,4
3110904,KOREAN_FOOD,THURSDAY,2
3110904,KOREAN_FOOD,FRIDAY,3
3110904,KOREAN_FOOD,SATURDAY,-6
3110904,KOREAN_FOOD,SUNDAY,-6
3110904,CAFE_BEVERAGE,MONDAY,1
3110904,CAFE_BEVERAGE,TUESDAY,0
3110904,CAFE_BEVERAGE,WEDNESDAY,1
3110904,CAFE_BEVERAGE,THURSDAY,2
3110904,CAFE_BEVERAGE,FRIDAY,2
3110904,CAFE_BEVERAGE,SATURDAY,-4
3110904,CAFE_BEVERAGE,SUNDAY,-2
3110905,KOREAN_FOOD,MONDAY,5
3110905,KOREAN_FOOD,TUESDAY,5
3110905,KOREAN_FOOD,WEDNESDAY,5
3110905,KOREAN_FOOD,THURSDAY,6
3110905,KOREAN_FOOD,FRIDAY,6
3110905,KOREAN_FOOD,SATURDAY,-6
3110905,KOREAN_FOOD,SUNDAY,-6
3110905,CAFE_BEVERAGE,MONDAY,-6
3110905,CAFE_BEVERAGE,TUESDAY,-4
3110905,CAFE_BEVERAGE,WEDNESDAY,0
3110905,CAFE_BEVERAGE,THURSDAY,0
3110905,CAFE_BEVERAGE,FRIDAY,0
3110905,CAFE_BEVERAGE,SATURDAY,5
3110905,CAFE_BEVERAGE,SUNDAY,5
3110907,KOREAN_FOOD,MONDAY,6
3110907,KOREAN_FOOD,TUESDAY,6
3110907,KOREAN_FOOD,WEDNESDAY,4
3110907,KOREAN_FOOD,THURSDAY,5
3110907,KOREAN_FOOD,FRIDAY,5
3110907,KOREAN_FOOD,SATURDAY,-6
3110907,KOREAN_FOOD,SUNDAY,-6
3110907,BUNSIK,MONDAY,6
3110907,BUNSIK,TUESDAY,6
3110907,BUNSIK,WEDNESDAY,6
3110907,BUNSIK,THURSDAY,3
3110907,BUNSIK,FRIDAY,6
3110907,BUNSIK,SATURDAY,-6
3110907,BUNSIK,SUNDAY,-6
3110907,CAFE_BEVERAGE,MONDAY,-2
3110907,CAFE_BEVERAGE,TUESDAY,-2
3110907,CAFE_BEVERAGE,WEDNESDAY,0
3110907,CAFE_BEVERAGE,THURSDAY,-1
3110907,CAFE_BEVERAGE,FRIDAY,1
3110907,CAFE_BEVERAGE,SATURDAY,2
3110907,CAFE_BEVERAGE,SUNDAY,1
3110908,BUNSIK,MONDAY,-6
3110908,BUNSIK,TUESDAY,1
3110908,BUNSIK,WEDNESDAY,0
3110908,BUNSIK,THURSDAY,0
3110908,BUNSIK,FRIDAY,2
3110908,BUNSIK,SATURDAY,6
3110908,BUNSIK,SUNDAY,4
3110908,CAFE_BEVERAGE,MONDAY,2
3110908,CAFE_BEVERAGE,TUESDAY,6
3110908,CAFE_BEVERAGE,WEDNESDAY,4
3110908,CAFE_BEVERAGE,THURSDAY,6
3110908,CAFE_BEVERAGE,FRIDAY,5
3110908,CAFE_BEVERAGE,SATURDAY,-3
3110908,CAFE_BEVERAGE,SUNDAY,-6
3110910,KOREAN_FOOD,MONDAY,6
3110910,KOREAN_FOOD,TUESDAY,4
3110910,KOREAN_FOOD,WEDNESDAY,5
3110910,KOREAN_FOOD,THURSDAY,6
3110910,KOREAN_FOOD,FRIDAY,6
3110910,KOREAN_FOOD,SATURDAY,-6
3110910,KOREAN_FOOD,SUNDAY,-6
3110912,KOREAN_FOOD,MONDAY,2
3110912,KOREAN_FOOD,TUESDAY,1
3110912,KOREAN_FOOD,WEDNESDAY,1
3110912,KOREAN_FOOD,THURSDAY,1
3110912,KOREAN_FOOD,FRIDAY,2
3110912,KOREAN_FOOD,SATURDAY,-3
3110912,KOREAN_FOOD,SUNDAY,-4
3110912,CAFE_BEVERAGE,MONDAY,1
3110912,CAFE_BEVERAGE,TUESDAY,1
3110912,CAFE_BEVERAGE,WEDNESDAY,2
3110912,CAFE_BEVERAGE,THURSDAY,2
3110912,CAFE_BEVERAGE,FRIDAY,2
3110912,CAFE_BEVERAGE,SATURDAY,-2
3110912,CAFE_BEVERAGE,SUNDAY,-6
3110912,BAKERY,MONDAY,-6
3110912,BAKERY,TUESDAY,-2
3110912,BAKERY,WEDNESDAY,-1
3110912,BAKERY,THURSDAY,-2
3110912,BAKERY,FRIDAY,1
3110912,BAKERY,SATURDAY,5
3110912,BAKERY,SUNDAY,5
3110913,KOREAN_FOOD,MONDAY,6
3110913,KOREAN_FOOD,TUESDAY,6
3110913,KOREAN_FOOD,WEDNESDAY,6
3110913,KOREAN_FOOD,THURSDAY,5
3110913,KOREAN_FOOD,FRIDAY,5
3110913,KOREAN_FOOD,SATURDAY,-6
3110913,KOREAN_FOOD,SUNDAY,-6
3110913,CAFE_BEVERAGE,MONDAY,6
3110913,CAFE_BEVERAGE,TUESDAY,5
3110913,CAFE_BEVERAGE,WEDNESDAY,6
3110913,CAFE_BEVERAGE,THURSDAY,6
3110913,CAFE_BEVERAGE,FRIDAY,6
3110913,CAFE_BEVERAGE,SATURDAY,-6
3110913,CAFE_BEVERAGE,SUNDAY,-6
3110915,CAFE_BEVERAGE,MONDAY,-2
3110915,CAFE_BEVERAGE,TUESDAY,-5
3110915,CAFE_BEVERAGE,WEDNESDAY,0
3110915,CAFE_BEVERAGE,THURSDAY,0
3110915,CAFE_BEVERAGE,FRIDAY,2
3110915,CAFE_BEVERAGE,SATURDAY,1
3110915,CAFE_BEVERAGE,SUNDAY,2
3110916,KOREAN_FOOD,MONDAY,3
3110916,KOREAN_FOOD,TUESDAY,3
3110916,KOREAN_FOOD,WEDNESDAY,4
3110916,KOREAN_FOOD,THURSDAY,3
3110916,KOREAN_FOOD,FRIDAY,3
3110916,KOREAN_FOOD,SATURDAY,-6
3110916,KOREAN_FOOD,SUNDAY,-6
3110916,CAFE_BEVERAGE,MONDAY,1
3110916,CAFE_BEVERAGE,TUESDAY,1
3110916,CAFE_BEVERAGE,WEDNESDAY,2
3110916,CAFE_BEVERAGE,THURSDAY,0
3110916,CAFE_BEVERAGE,FRIDAY,2
3110916,CAFE_BEVERAGE,SATURDAY,-2
3110916,CAFE_BEVERAGE,SUNDAY,-3
3110921,KOREAN_FOOD,MONDAY,4
3110921,KOREAN_FOOD,TUESDAY,4
3110921,KOREAN_FOOD,WEDNESDAY,4
3110921,KOREAN_FOOD,THURSDAY,5
3110921,KOREAN_FOOD,FRIDAY,4
3110921,KOREAN_FOOD,SATURDAY,-2
3110921,KOREAN_FOOD,SUNDAY,-6
3110921,CAFE_BEVERAGE,MONDAY,-1
3110921,CAFE_BEVERAGE,TUESDAY,2
3110921,CAFE_BEVERAGE,WEDNESDAY,3
3110921,CAFE_BEVERAGE,THURSDAY,3
3110921,CAFE_BEVERAGE,FRIDAY,4
3110921,CAFE_BEVERAGE,SATURDAY,-1
3110921,CAFE_BEVERAGE,SUNDAY,-6
3110922,CAFE_BEVERAGE,MONDAY,-6
3110922,CAFE_BEVERAGE,TUESDAY,6
3110922,CAFE_BEVERAGE,WEDNESDAY,6
3110922,CAFE_BEVERAGE,THURSDAY,4
3110922,CAFE_BEVERAGE,FRIDAY,4
3110922,CAFE_BEVERAGE,SATURDAY,-4
3110922,CAFE_BEVERAGE,SUNDAY,-2
3110925,KOREAN_FOOD,MONDAY,6
3110925,KOREAN_FOOD,TUESDAY,6
3110925,KOREAN_FOOD,WEDNESDAY,6
3110925,KOREAN_FOOD,THURSDAY,6
3110925,KOREAN_FOOD,FRIDAY,5
3110925,KOREAN_FOOD,SATURDAY,-6
3110925,KOREAN_FOOD,SUNDAY,-6
3110925,CAFE_BEVERAGE,MONDAY,2
3110925,CAFE_BEVERAGE,TUESDAY,2
3110925,CAFE_BEVERAGE,WEDNESDAY,2
3110925,CAFE_BEVERAGE,THURSDAY,2
3110925,CAFE_BEVERAGE,FRIDAY,2
3110925,CAFE_BEVERAGE,SATURDAY,-6
3110925,CAFE_BEVERAGE,SUNDAY,-5
3110926,KOREAN_FOOD,MONDAY,4
3110926,KOREAN_FOOD,TUESDAY,4
3110926,KOREAN_FOOD,WEDNESDAY,4
3110926,KOREAN_FOOD,THURSDAY,5
3110926,KOREAN_FOOD,FRIDAY,4
3110926,KOREAN_FOOD,SATURDAY,-4
3110926,KOREAN_FOOD,SUNDAY,-6
3110926,CAFE_BEVERAGE,MONDAY,3
3110926,CAFE_BEVERAGE,TUESDAY,6
3110926,CAFE_BEVERAGE,WEDNESDAY,6
3110926,CAFE_BEVERAGE,THURSDAY,5
3110926,CAFE_BEVERAGE,FRIDAY,5
3110926,CAFE_BEVERAGE,SATURDAY,-6
3110926,CAFE_BEVERAGE,SUNDAY,-6
3110927,KOREAN_FOOD,MONDAY,6
3110927,KOREAN_FOOD,TUESDAY,3
3110927,KOREAN_FOOD,WEDNESDAY,3
3110927,KOREAN_FOOD,THURSDAY,3
3110927,KOREAN_FOOD,FRIDAY,4
3110927,KOREAN_FOOD,SATURDAY,-2
3110927,KOREAN_FOOD,SUNDAY,-6
3110929,KOREAN_FOOD,MONDAY,6
3110929,KOREAN_FOOD,TUESDAY,6
3110929,KOREAN_FOOD,WEDNESDAY,6
3110929,KOREAN_FOOD,THURSDAY,6
3110929,KOREAN_FOOD,FRIDAY,4
3110929,KOREAN_FOOD,SATURDAY,-6
3110929,KOREAN_FOOD,SUNDAY,-6
3110930,KOREAN_FOOD,MONDAY,5
3110930,KOREAN_FOOD,TUESDAY,3
3110930,KOREAN_FOOD,WEDNESDAY,5
3110930,KOREAN_FOOD,THURSDAY,6
3110930,KOREAN_FOOD,FRIDAY,5
3110930,KOREAN_FOOD,SATURDAY,-6
3110930,KOREAN_FOOD,SUNDAY,-6
3110930,BAKERY,MONDAY,-2
3110930,BAKERY,TUESDAY,-2
3110930,BAKERY,WEDNESDAY,-1
3110930,BAKERY,THURSDAY,-2
3110930,BAKERY,FRIDAY,0
3110930,BAKERY,SATURDAY,4
3110930,BAKERY,SUNDAY,2
3110931,CAFE_BEVERAGE,MONDAY,6
3110931,CAFE_BEVERAGE,TUESDAY,6
3110931,CAFE_BEVERAGE,WEDNESDAY,6
3110931,CAFE_BEVERAGE,THURSDAY,6
3110931,CAFE_BEVERAGE,FRIDAY,6
3110931,CAFE_BEVERAGE,SATURDAY,-6
3110931,CAFE_BEVERAGE,SUNDAY,-6
3110932,KOREAN_FOOD,MONDAY,6
3110932,KOREAN_FOOD,TUESDAY,6
3110932,KOREAN_FOOD,WEDNESDAY,6
3110932,KOREAN_FOOD,THURSDAY,6
3110932,KOREAN_FOOD,FRIDAY,5
3110932,KOREAN_FOOD,SATURDAY,-6
3110932,KOREAN_FOOD,SUNDAY,-6
3110934,KOREAN_FOOD,MONDAY,-2
3110934,KOREAN_FOOD,TUESDAY,3
3110934,KOREAN_FOOD,WEDNESDAY,3
3110934,KOREAN_FOOD,THURSDAY,3
3110934,KOREAN_FOOD,FRIDAY,3
3110934,KOREAN_FOOD,SATURDAY,-4
3110934,KOREAN_FOOD,SUNDAY,-6
3110934,CHINESE_FOOD,MONDAY,-3
3110934,CHINESE_FOOD,TUESDAY,-1
3110934,CHINESE_FOOD,WEDNESDAY,-1
3110934,CHINESE_FOOD,THURSDAY,0
3110934,CHINESE_FOOD,FRIDAY,0
3110934,CHINESE_FOOD,SATURDAY,-2
3110934,CHINESE_FOOD,SUNDAY,6
3110934,BUNSIK,MONDAY,-4
3110934,BUNSIK,TUESDAY,4
3110934,BUNSIK,WEDNESDAY,2
3110934,BUNSIK,THURSDAY,4
3110934,BUNSIK,FRIDAY,3
3110934,BUNSIK,SATURDAY,3
3110934,BUNSIK,SUNDAY,-6
3110934,CAFE_BEVERAGE,MONDAY,3
3110934,CAFE_BEVERAGE,TUESDAY,6
3110934,CAFE_BEVERAGE,WEDNESDAY,6
3110934,CAFE_BEVERAGE,THURSDAY,6
3110934,CAFE_BEVERAGE,FRIDAY,6
3110934,CAFE_BEVERAGE,SATURDAY,-6
3110934,CAFE_BEVERAGE,SUNDAY,-6
3110936,KOREAN_FOOD,MONDAY,6
3110936,KOREAN_FOOD,TUESDAY,6
3110936,KOREAN_FOOD,WEDNESDAY,6
3110936,KOREAN_FOOD,THURSDAY,6
3110936,KOREAN_FOOD,FRIDAY,6
3110936,KOREAN_FOOD,SATURDAY,-6
3110936,KOREAN_FOOD,SUNDAY,-6
3110936,CAFE_BEVERAGE,MONDAY,3
3110936,CAFE_BEVERAGE,TUESDAY,4
3110936,CAFE_BEVERAGE,WEDNESDAY,5
3110936,CAFE_BEVERAGE,THURSDAY,5
3110936,CAFE_BEVERAGE,FRIDAY,6
3110936,CAFE_BEVERAGE,SATURDAY,-6
3110936,CAFE_BEVERAGE,SUNDAY,-6
3110937,KOREAN_FOOD,MONDAY,2
3110937,KOREAN_FOOD,TUESDAY,2
3110937,KOREAN_FOOD,WEDNESDAY,4
3110937,KOREAN_FOOD,THURSDAY,3
3110937,KOREAN_FOOD,FRIDAY,2
3110937,KOREAN_FOOD,SATURDAY,-6
3110937,KOREAN_FOOD,SUNDAY,5
3110938,KOREAN_FOOD,MONDAY,5
3110938,KOREAN_FOOD,TUESDAY,4
3110938,KOREAN_FOOD,WEDNESDAY,4
3110938,KOREAN_FOOD,THURSDAY,4
3110938,KOREAN_FOOD,FRIDAY,2
3110938,KOREAN_FOOD,SATURDAY,-6
3110938,KOREAN_FOOD,SUNDAY,-6
3110938,CAFE_BEVERAGE,MONDAY,-3
3110938,CAFE_BEVERAGE,TUESDAY,-2
3110938,CAFE_BEVERAGE,WEDNESDAY,-1
3110938,CAFE_BEVERAGE,THURSDAY,-2
3110938,CAFE_BEVERAGE,FRIDAY,-1
3110938,CAFE_BEVERAGE,SATURDAY,1
3110938,CAFE_BEVERAGE,SUNDAY,6
3110939,KOREAN_FOOD,MONDAY,3
3110939,KOREAN_FOOD,TUESDAY,3
3110939,KOREAN_FOOD,WEDNESDAY,4
3110939,KOREAN_FOOD,THURSDAY,4
3110939,KOREAN_FOOD,FRIDAY,5
3110939,KOREAN_FOOD,SATURDAY,-6
3110939,KOREAN_FOOD,SUNDAY,-6
3110939,CHICKEN,MONDAY,3
3110939,CHICKEN,TUESDAY,2
3110939,CHICKEN,WEDNESDAY,6
3110939,CHICKEN,THURSDAY,3
3110939,CHICKEN,FRIDAY,3
3110939,CHICKEN,SATURDAY,-5
3110939,CHICKEN,SUNDAY,-6
3110939,FAST_FOOD,MONDAY,0
3110939,FAST_FOOD,TUESDAY,2
3110939,FAST_FOOD,WEDNESDAY,-6
3110939,FAST_FOOD,THURSDAY,4
3110939,FAST_FOOD,FRIDAY,6
3110939,FAST_FOOD,SATURDAY,6
3110939,FAST_FOOD,SUNDAY,1
3110939,BUNSIK,MONDAY,5
3110939,BUNSIK,TUESDAY,6
3110939,BUNSIK,WEDNESDAY,6
3110939,BUNSIK,THURSDAY,6
3110939,BUNSIK,FRIDAY,5
3110939,BUNSIK,SATURDAY,-6
3110939,BUNSIK,SUNDAY,-6
3110939,CAFE_BEVERAGE,MONDAY,5
3110939,CAFE_BEVERAGE,TUESDAY,6
3110939,CAFE_BEVERAGE,WEDNESDAY,6
3110939,CAFE_BEVERAGE,THURSDAY,6
3110939,CAFE_BEVERAGE,FRIDAY,6
3110939,CAFE_BEVERAGE,SATURDAY,-6
3110939,CAFE_BEVERAGE,SUNDAY,-6
3110942,KOREAN_FOOD,MONDAY,2
3110942,KOREAN_FOOD,TUESDAY,4
3110942,KOREAN_FOOD,WEDNESDAY,5
3110942,KOREAN_FOOD,THURSDAY,4
3110942,KOREAN_FOOD,FRIDAY,5
3110942,KOREAN_FOOD,SATURDAY,-6
3110942,KOREAN_FOOD,SUNDAY,-6
3110942,CHINESE_FOOD,MONDAY,2
3110942,CHINESE_FOOD,TUESDAY,4
3110942,CHINESE_FOOD,WEDNESDAY,5
3110942,CHINESE_FOOD,THURSDAY,6
3110942,CHINESE_FOOD,FRIDAY,6
3110942,CHINESE_FOOD,SATURDAY,-4
3110942,CHINESE_FOOD,SUNDAY,-6
3110942,CAFE_BEVERAGE,MONDAY,0
3110942,CAFE_BEVERAGE,TUESDAY,1
3110942,CAFE_BEVERAGE,WEDNESDAY,2
3110942,CAFE_BEVERAGE,THURSDAY,1
3110942,CAFE_BEVERAGE,FRIDAY,3
3110942,CAFE_BEVERAGE,SATURDAY,-3
3110942,CAFE_BEVERAGE,SUNDAY,-5
3110943,KOREAN_FOOD,MONDAY,4
3110943,KOREAN_FOOD,TUESDAY,6
3110943,KOREAN_FOOD,WEDNESDAY,6
3110943,KOREAN_FOOD,THURSDAY,6
3110943,KOREAN_FOOD,FRIDAY,6
3110943,KOREAN_FOOD,SATURDAY,-6
3110943,KOREAN_FOOD,SUNDAY,-6
3110943,CAFE_BEVERAGE,MONDAY,2
3110943,CAFE_BEVERAGE,TUESDAY,3
3110943,CAFE_BEVERAGE,WEDNESDAY,3
3110943,CAFE_BEVERAGE,THURSDAY,3
3110943,CAFE_BEVERAGE,FRIDAY,4
3110943,CAFE_BEVERAGE,SATURDAY,-6
3110943,CAFE_BEVERAGE,SUNDAY,-6
3110946,KOREAN_FOOD,MONDAY,-5
3110946,KOREAN_FOOD,TUESDAY,-5
3110946,KOREAN_FOOD,WEDNESDAY,-4
3110946,KOREAN_FOOD,THURSDAY,-4
3110946,KOREAN_FOOD,FRIDAY,-3
3110946,KOREAN_FOOD,SATURDAY,6
3110946,KOREAN_FOOD,SUNDAY,6
3110946,CAFE_BEVERAGE,MONDAY,-6
3110946,CAFE_BEVERAGE,TUESDAY,-6
3110946,CAFE_BEVERAGE,WEDNESDAY,-4
3110946,CAFE_BEVERAGE,THURSDAY,-5
3110946,CAFE_BEVERAGE,FRIDAY,-5
3110946,CAFE_BEVERAGE,SATURDAY,6
3110946,CAFE_BEVERAGE,SUNDAY,6
3110947,KOREAN_FOOD,MONDAY,-3
3110947,KOREAN_FOOD,TUESDAY,-3
3110947,KOREAN_FOOD,WEDNESDAY,-3
3110947,KOREAN_FOOD,THURSDAY,-2
3110947,KOREAN_FOOD,FRIDAY,-2
3110947,KOREAN_FOOD,SATURDAY,5
3110947,KOREAN_FOOD,SUNDAY,6
3110949,KOREAN_FOOD,MONDAY,5
3110949,KOREAN_FOOD,TUESDAY,5
3110949,KOREAN_FOOD,WEDNESDAY,4
3110949,KOREAN_FOOD,THURSDAY,5
3110949,KOREAN_FOOD,FRIDAY,4
3110949,KOREAN_FOOD,SATURDAY,-6
3110949,KOREAN_FOOD,SUNDAY,-6
3110949,WESTERN_FOOD,MONDAY,-4
3110949,WESTERN_FOOD,TUESDAY,-4
3110949,WESTERN_FOOD,WEDNESDAY,-2
3110949,WESTERN_FOOD,THURSDAY,-4
3110949,WESTERN_FOOD,FRIDAY,2
3110949,WESTERN_FOOD,SATURDAY,6
3110949,WESTERN_FOOD,SUNDAY,0
3110949,CAFE_BEVERAGE,MONDAY,1
3110949,CAFE_BEVERAGE,TUESDAY,2
3110949,CAFE_BEVERAGE,WEDNESDAY,3
3110949,CAFE_BEVERAGE,THURSDAY,3
3110949,CAFE_BEVERAGE,FRIDAY,3
3110949,CAFE_BEVERAGE,SATURDAY,-3
3110949,CAFE_BEVERAGE,SUNDAY,-6
3110951,KOREAN_FOOD,MONDAY,3
3110951,KOREAN_FOOD,TUESDAY,5
3110951,KOREAN_FOOD,WEDNESDAY,6
3110951,KOREAN_FOOD,THURSDAY,5
3110951,KOREAN_FOOD,FRIDAY,6
3110951,KOREAN_FOOD,SATURDAY,-6
3110951,KOREAN_FOOD,SUNDAY,-6
3110951,BUNSIK,MONDAY,5
3110951,BUNSIK,TUESDAY,6
3110951,BUNSIK,WEDNESDAY,6
3110951,BUNSIK,THURSDAY,6
3110951,BUNSIK,FRIDAY,6
3110951,BUNSIK,SATURDAY,-6
3110951,BUNSIK,SUNDAY,-6
3110954,CAFE_BEVERAGE,MONDAY,-4
3110954,CAFE_BEVERAGE,TUESDAY,-5
3110954,CAFE_BEVERAGE,WEDNESDAY,-3
3110954,CAFE_BEVERAGE,THURSDAY,-3
3110954,CAFE_BEVERAGE,FRIDAY,1
3110954,CAFE_BEVERAGE,SATURDAY,6
3110954,CAFE_BEVERAGE,SUNDAY,4
3110955,KOREAN_FOOD,MONDAY,6
3110955,KOREAN_FOOD,TUESDAY,6
3110955,KOREAN_FOOD,WEDNESDAY,6
3110955,KOREAN_FOOD,THURSDAY,6
3110955,KOREAN_FOOD,FRIDAY,6
3110955,KOREAN_FOOD,SATURDAY,-6
3110955,KOREAN_FOOD,SUNDAY,-6
3110955,WESTERN_FOOD,MONDAY,1
3110955,WESTERN_FOOD,TUESDAY,0
3110955,WESTERN_FOOD,WEDNESDAY,1
3110955,WESTERN_FOOD,THURSDAY,2
3110955,WESTERN_FOOD,FRIDAY,4
3110955,WESTERN_FOOD,SATURDAY,-2
3110955,WESTERN_FOOD,SUNDAY,-6
3110955,CAFE_BEVERAGE,MONDAY,2
3110955,CAFE_BEVERAGE,TUESDAY,3
3110955,CAFE_BEVERAGE,WEDNESDAY,2
3110955,CAFE_BEVERAGE,THURSDAY,1
3110955,CAFE_BEVERAGE,FRIDAY,3
3110955,CAFE_BEVERAGE,SATURDAY,-2
3110955,CAFE_BEVERAGE,SUNDAY,-6
3110957,KOREAN_FOOD,MONDAY,6
3110957,KOREAN_FOOD,TUESDAY,5
3110957,KOREAN_FOOD,WEDNESDAY,5
3110957,KOREAN_FOOD,THURSDAY,6
3110957,KOREAN_FOOD,FRIDAY,5
3110957,KOREAN_FOOD,SATURDAY,-6
3110957,KOREAN_FOOD,SUNDAY,-6
3110957,CAFE_BEVERAGE,MONDAY,4
3110957,CAFE_BEVERAGE,TUESDAY,4
3110957,CAFE_BEVERAGE,WEDNESDAY,4
3110957,CAFE_BEVERAGE,THURSDAY,5
3110957,CAFE_BEVERAGE,FRIDAY,5
3110957,CAFE_BEVERAGE,SATURDAY,-6
3110957,CAFE_BEVERAGE,SUNDAY,-6
3110958,CAFE_BEVERAGE,MONDAY,3
3110958,CAFE_BEVERAGE,TUESDAY,5
3110958,CAFE_BEVERAGE,WEDNESDAY,5
3110958,CAFE_BEVERAGE,THURSDAY,5
3110958,CAFE_BEVERAGE,FRIDAY,5
3110958,CAFE_BEVERAGE,SATURDAY,-6
3110958,CAFE_BEVERAGE,SUNDAY,-6
3110959,KOREAN_FOOD,MONDAY,-2
3110959,KOREAN_FOOD,TUESDAY,-1
3110959,KOREAN_FOOD,WEDNESDAY,-1
3110959,KOREAN_FOOD,THURSDAY,-1
3110959,KOREAN_FOOD,FRIDAY,1
3110959,KOREAN_FOOD,SATURDAY,1
3110959,KOREAN_FOOD,SUNDAY,3
3110961,KOREAN_FOOD,MONDAY,4
3110961,KOREAN_FOOD,TUESDAY,4
3110961,KOREAN_FOOD,WEDNESDAY,5
3110961,KOREAN_FOOD,THURSDAY,5
3110961,KOREAN_FOOD,FRIDAY,4
3110961,KOREAN_FOOD,SATURDAY,-6
3110961,KOREAN_FOOD,SUNDAY,-6
3110961,CAFE_BEVERAGE,MONDAY,2
3110961,CAFE_BEVERAGE,TUESDAY,2
3110961,CAFE_BEVERAGE,WEDNESDAY,4
3110961,CAFE_BEVERAGE,THURSDAY,4
3110961,CAFE_BEVERAGE,FRIDAY,4
3110961,CAFE_BEVERAGE,SATURDAY,-6
3110961,CAFE_BEVERAGE,SUNDAY,-6
3110962,JAPANESE_FOOD,MONDAY,-6
3110962,JAPANESE_FOOD,TUESDAY,-2
3110962,JAPANESE_FOOD,WEDNESDAY,2
3110962,JAPANESE_FOOD,THURSDAY,-2
3110962,JAPANESE_FOOD,FRIDAY,2
3110962,JAPANESE_FOOD,SATURDAY,6
3110962,JAPANESE_FOOD,SUNDAY,-3
3110965,KOREAN_FOOD,MONDAY,3
3110965,KOREAN_FOOD,TUESDAY,1
3110965,KOREAN_FOOD,WEDNESDAY,2
3110965,KOREAN_FOOD,THURSDAY,1
3110965,KOREAN_FOOD,FRIDAY,3
3110965,KOREAN_FOOD,SATURDAY,-5
3110965,KOREAN_FOOD,SUNDAY,-5
3110965,CAFE_BEVERAGE,MONDAY,6
3110965,CAFE_BEVERAGE,TUESDAY,6
3110965,CAFE_BEVERAGE,WEDNESDAY,6
3110965,CAFE_BEVERAGE,THURSDAY,6
3110965,CAFE_BEVERAGE,FRIDAY,6
3110965,CAFE_BEVERAGE,SATURDAY,-6
3110965,CAFE_BEVERAGE,SUNDAY,-6
3110966,KOREAN_FOOD,MONDAY,3
3110966,KOREAN_FOOD,TUESDAY,4
3110966,KOREAN_FOOD,WEDNESDAY,5
3110966,KOREAN_FOOD,THURSDAY,5
3110966,KOREAN_FOOD,FRIDAY,4
3110966,KOREAN_FOOD,SATURDAY,-6
3110966,KOREAN_FOOD,SUNDAY,-6
3110966,JAPANESE_FOOD,MONDAY,1
3110966,JAPANESE_FOOD,TUESDAY,5
3110966,JAPANESE_FOOD,WEDNESDAY,6
3110966,JAPANESE_FOOD,THURSDAY,6
3110966,JAPANESE_FOOD,FRIDAY,6
3110966,JAPANESE_FOOD,SATURDAY,-6
3110966,JAPANESE_FOOD,SUNDAY,-6
3110966,CAFE_BEVERAGE,MONDAY,4
3110966,CAFE_BEVERAGE,TUESDAY,6
3110966,CAFE_BEVERAGE,WEDNESDAY,6
3110966,CAFE_BEVERAGE,THURSDAY,6
3110966,CAFE_BEVERAGE,FRIDAY,5
3110966,CAFE_BEVERAGE,SATURDAY,-6
3110966,CAFE_BEVERAGE,SUNDAY,-6
3110967,KOREAN_FOOD,MONDAY,4
3110967,KOREAN_FOOD,TUESDAY,6
3110967,KOREAN_FOOD,WEDNESDAY,6
3110967,KOREAN_FOOD,THURSDAY,5
3110967,KOREAN_FOOD,FRIDAY,3
3110967,KOREAN_FOOD,SATURDAY,-6
3110967,KOREAN_FOOD,SUNDAY,-6
3110967,CAFE_BEVERAGE,MONDAY,6
3110967,CAFE_BEVERAGE,TUESDAY,6
3110967,CAFE_BEVERAGE,WEDNESDAY,6
3110967,CAFE_BEVERAGE,THURSDAY,6
3110967,CAFE_BEVERAGE,FRIDAY,5
3110967,CAFE_BEVERAGE,SATURDAY,-6
3110967,CAFE_BEVERAGE,SUNDAY,-6
3110968,KOREAN_FOOD,MONDAY,1
3110968,KOREAN_FOOD,TUESDAY,4
3110968,KOREAN_FOOD,WEDNESDAY,4
3110968,KOREAN_FOOD,THURSDAY,4
3110968,KOREAN_FOOD,FRIDAY,4
3110968,KOREAN_FOOD,SATURDAY,-6
3110968,KOREAN_FOOD,SUNDAY,-6
3110968,CAFE_BEVERAGE,MONDAY,5
3110968,CAFE_BEVERAGE,TUESDAY,5
3110968,CAFE_BEVERAGE,WEDNESDAY,6
3110968,CAFE_BEVERAGE,THURSDAY,6
3110968,CAFE_BEVERAGE,FRIDAY,6
3110968,CAFE_BEVERAGE,SATURDAY,-6
3110968,CAFE_BEVERAGE,SUNDAY,-6
3110969,KOREAN_FOOD,MONDAY,5
3110969,KOREAN_FOOD,TUESDAY,6
3110969,KOREAN_FOOD,WEDNESDAY,6
3110969,KOREAN_FOOD,THURSDAY,6
3110969,KOREAN_FOOD,FRIDAY,6
3110969,KOREAN_FOOD,SATURDAY,-6
3110969,KOREAN_FOOD,SUNDAY,-6
3110971,KOREAN_FOOD,MONDAY,3
3110971,KOREAN_FOOD,TUESDAY,4
3110971,KOREAN_FOOD,WEDNESDAY,5
3110971,KOREAN_FOOD,THURSDAY,5
3110971,KOREAN_FOOD,FRIDAY,4
3110971,KOREAN_FOOD,SATURDAY,-6
3110971,KOREAN_FOOD,SUNDAY,-6
3110972,CAFE_BEVERAGE,MONDAY,3
3110972,CAFE_BEVERAGE,TUESDAY,4
3110972,CAFE_BEVERAGE,WEDNESDAY,4
3110972,CAFE_BEVERAGE,THURSDAY,4
3110972,CAFE_BEVERAGE,FRIDAY,4
3110972,CAFE_BEVERAGE,SATURDAY,-5
3110972,CAFE_BEVERAGE,SUNDAY,-6
3110976,KOREAN_FOOD,MONDAY,3
3110976,KOREAN_FOOD,TUESDAY,4
3110976,KOREAN_FOOD,WEDNESDAY,5
3110976,KOREAN_FOOD,THURSDAY,5
3110976,KOREAN_FOOD,FRIDAY,5
3110976,KOREAN_FOOD,SATURDAY,-6
3110976,KOREAN_FOOD,SUNDAY,-6
3110977,KOREAN_FOOD,MONDAY,5
3110977,KOREAN_FOOD,TUESDAY,4
3110977,KOREAN_FOOD,WEDNESDAY,2
3110977,KOREAN_FOOD,THURSDAY,4
3110977,KOREAN_FOOD,FRIDAY,6
3110977,KOREAN_FOOD,SATURDAY,-5
3110977,KOREAN_FOOD,SUNDAY,-6
3110980,KOREAN_FOOD,MONDAY,5
3110980,KOREAN_FOOD,TUESDAY,5
3110980,KOREAN_FOOD,WEDNESDAY,4
3110980,KOREAN_FOOD,THURSDAY,3
3110980,KOREAN_FOOD,FRIDAY,2
3110980,KOREAN_FOOD,SATURDAY,-6
3110980,KOREAN_FOOD,SUNDAY,-6
3110980,CAFE_BEVERAGE,MONDAY,-1
3110980,CAFE_BEVERAGE,TUESDAY,1
3110980,CAFE_BEVERAGE,WEDNESDAY,1
3110980,CAFE_BEVERAGE,THURSDAY,0
3110980,CAFE_BEVERAGE,FRIDAY,1
3110980,CAFE_BEVERAGE,SATURDAY,-5
3110980,CAFE_BEVERAGE,SUNDAY,3
3110981,KOREAN_FOOD,MONDAY,2
3110981,KOREAN_FOOD,TUESDAY,1
3110981,KOREAN_FOOD,WEDNESDAY,2
3110981,KOREAN_FOOD,THURSDAY,2
3110981,KOREAN_FOOD,FRIDAY,3
3110981,KOREAN_FOOD,SATURDAY,-6
3110981,KOREAN_FOOD,SUNDAY,-3
3110981,CHICKEN,MONDAY,-6
3110981,CHICKEN,TUESDAY,-1
3110981,CHICKEN,WEDNESDAY,-1
3110981,CHICKEN,THURSDAY,-1
3110981,CHICKEN,FRIDAY,4
3110981,CHICKEN,SATURDAY,3
3110981,CHICKEN,SUNDAY,2
3110981,CAFE_BEVERAGE,MONDAY,0
3110981,CAFE_BEVERAGE,TUESDAY,0
3110981,CAFE_BEVERAGE,WEDNESDAY,0
3110981,CAFE_BEVERAGE,THURSDAY,1
3110981,CAFE_BEVERAGE,FRIDAY,0
3110981,CAFE_BEVERAGE,SATURDAY,0
3110981,CAFE_BEVERAGE,SUNDAY,-1
3110983,KOREAN_FOOD,MONDAY,1
3110983,KOREAN_FOOD,TUESDAY,0
3110983,KOREAN_FOOD,WEDNESDAY,0
3110983,KOREAN_FOOD,THURSDAY,-1
3110983,KOREAN_FOOD,FRIDAY,0
3110983,KOREAN_FOOD,SATURDAY,0
3110983,KOREAN_FOOD,SUNDAY,0
3110983,CAFE_BEVERAGE,MONDAY,2
3110983,CAFE_BEVERAGE,TUESDAY,2
3110983,CAFE_BEVERAGE,WEDNESDAY,-1
3110983,CAFE_BEVERAGE,THURSDAY,-1
3110983,CAFE_BEVERAGE,FRIDAY,1
3110983,CAFE_BEVERAGE,SATURDAY,-1
3110983,CAFE_BEVERAGE,SUNDAY,-2
3110984,KOREAN_FOOD,MONDAY,4
3110984,KOREAN_FOOD,TUESDAY,3
3110984,KOREAN_FOOD,WEDNESDAY,4
3110984,KOREAN_FOOD,THURSDAY,3
3110984,KOREAN_FOOD,FRIDAY,3
3110984,KOREAN_FOOD,SATURDAY,-4
3110984,KOREAN_FOOD,SUNDAY,-6
3110984,CAFE_BEVERAGE,MONDAY,-2
3110984,CAFE_BEVERAGE,TUESDAY,0
3110984,CAFE_BEVERAGE,WEDNESDAY,2
3110984,CAFE_BEVERAGE,THURSDAY,2
3110984,CAFE_BEVERAGE,FRIDAY,3
3110984,CAFE_BEVERAGE,SATURDAY,-2
3110984,CAFE_BEVERAGE,SUNDAY,-2
3110985,CAFE_BEVERAGE,MONDAY,4
3110985,CAFE_BEVERAGE,TUESDAY,4
3110985,CAFE_BEVERAGE,WEDNESDAY,6
3110985,CAFE_BEVERAGE,THURSDAY,5
3110985,CAFE_BEVERAGE,FRIDAY,6
3110985,CAFE_BEVERAGE,SATURDAY,-6
3110985,CAFE_BEVERAGE,SUNDAY,-6
3110989,KOREAN_FOOD,MONDAY,6
3110989,KOREAN_FOOD,TUESDAY,6
3110989,KOREAN_FOOD,WEDNESDAY,6
3110989,KOREAN_FOOD,THURSDAY,5
3110989,KOREAN_FOOD,FRIDAY,4
3110989,KOREAN_FOOD,SATURDAY,-6
3110989,KOREAN_FOOD,SUNDAY,-6
3110989,CAFE_BEVERAGE,MONDAY,3
3110989,CAFE_BEVERAGE,TUESDAY,4
3110989,CAFE_BEVERAGE,WEDNESDAY,5
3110989,CAFE_BEVERAGE,THURSDAY,5
3110989,CAFE_BEVERAGE,FRIDAY,4
3110989,CAFE_BEVERAGE,SATURDAY,-5
3110989,CAFE_BEVERAGE,SUNDAY,-6
3110990,CAFE_BEVERAGE,MONDAY,-3
3110990,CAFE_BEVERAGE,TUESDAY,-3
3110990,CAFE_BEVERAGE,WEDNESDAY,-3
3110990,CAFE_BEVERAGE,THURSDAY,-2
3110990,CAFE_BEVERAGE,FRIDAY,-2
3110990,CAFE_BEVERAGE,SATURDAY,6
3110990,CAFE_BEVERAGE,SUNDAY,2
3110991,KOREAN_FOOD,MONDAY,2
3110991,KOREAN_FOOD,TUESDAY,4
3110991,KOREAN_FOOD,WEDNESDAY,4
3110991,KOREAN_FOOD,THURSDAY,5
3110991,KOREAN_FOOD,FRIDAY,3
3110991,KOREAN_FOOD,SATURDAY,-6
3110991,KOREAN_FOOD,SUNDAY,-6
3110992,KOREAN_FOOD,MONDAY,-5
3110992,KOREAN_FOOD,TUESDAY,-3
3110992,KOREAN_FOOD,WEDNESDAY,-3
3110992,KOREAN_FOOD,THURSDAY,-4
3110992,KOREAN_FOOD,FRIDAY,-3
3110992,KOREAN_FOOD,SATURDAY,6
3110992,KOREAN_FOOD,SUNDAY,6
3110992,JAPANESE_FOOD,MONDAY,-3
3110992,JAPANESE_FOOD,TUESDAY,-3
3110992,JAPANESE_FOOD,WEDNESDAY,-3
3110992,JAPANESE_FOOD,THURSDAY,-4
3110992,JAPANESE_FOOD,FRIDAY,-3
3110992,JAPANESE_FOOD,SATURDAY,6
3110992,JAPANESE_FOOD,SUNDAY,6
3110992,FAST_FOOD,MONDAY,1
3110992,FAST_FOOD,TUESDAY,0
3110992,FAST_FOOD,WEDNESDAY,0
3110992,FAST_FOOD,THURSDAY,-2
3110992,FAST_FOOD,FRIDAY,1
3110992,FAST_FOOD,SATURDAY,6
3110992,FAST_FOOD,SUNDAY,-6
3110992,BUNSIK,MONDAY,-6
3110992,BUNSIK,TUESDAY,1
3110992,BUNSIK,WEDNESDAY,0
3110992,BUNSIK,THURSDAY,0
3110992,BUNSIK,FRIDAY,-1
3110992,BUNSIK,SATURDAY,6
3110992,BUNSIK,SUNDAY,6
3110992,CAFE_BEVERAGE,MONDAY,-4
3110992,CAFE_BEVERAGE,TUESDAY,-3
3110992,CAFE_BEVERAGE,WEDNESDAY,-2
3110992,CAFE_BEVERAGE,THURSDAY,-2
3110992,CAFE_BEVERAGE,FRIDAY,0
3110992,CAFE_BEVERAGE,SATURDAY,6
3110992,CAFE_BEVERAGE,SUNDAY,1
3110994,KOREAN_FOOD,MONDAY,4
3110994,KOREAN_FOOD,TUESDAY,2
3110994,KOREAN_FOOD,WEDNESDAY,2
3110994,KOREAN_FOOD,THURSDAY,2
3110994,KOREAN_FOOD,FRIDAY,3
3110994,KOREAN_FOOD,SATURDAY,-2
3110994,KOREAN_FOOD,SUNDAY,-6
3110994,FAST_FOOD,MONDAY,-6
3110994,FAST_FOOD,TUESDAY,-6
3110994,FAST_FOOD,WEDNESDAY,1
3110994,FAST_FOOD,THURSDAY,-6
3110994,FAST_FOOD,FRIDAY,1
3110994,FAST_FOOD,SATURDAY,6
3110994,FAST_FOOD,SUNDAY,6
3110994,BUNSIK,MONDAY,2
3110994,BUNSIK,TUESDAY,1
3110994,BUNSIK,WEDNESDAY,1
3110994,BUNSIK,THURSDAY,1
3110994,BUNSIK,FRIDAY,1
3110994,BUNSIK,SATURDAY,-1
3110994,BUNSIK,SUNDAY,-5
3110994,CAFE_BEVERAGE,MONDAY,0
3110994,CAFE_BEVERAGE,TUESDAY,-1
3110994,CAFE_BEVERAGE,WEDNESDAY,-1
3110994,CAFE_BEVERAGE,THURSDAY,-1
3110994,CAFE_BEVERAGE,FRIDAY,0
3110994,CAFE_BEVERAGE,SATURDAY,3
3110994,CAFE_BEVERAGE,SUNDAY,0
3110995,KOREAN_FOOD,MONDAY,2
3110995,KOREAN_FOOD,TUESDAY,4
3110995,KOREAN_FOOD,WEDNESDAY,3
3110995,KOREAN_FOOD,THURSDAY,4
3110995,KOREAN_FOOD,FRIDAY,4
3110995,KOREAN_FOOD,SATURDAY,-6
3110995,KOREAN_FOOD,SUNDAY,-6
3110996,KOREAN_FOOD,MONDAY,0
3110996,KOREAN_FOOD,TUESDAY,2
3110996,KOREAN_FOOD,WEDNESDAY,2
3110996,KOREAN_FOOD,THURSDAY,2
3110996,KOREAN_FOOD,FRIDAY,2
3110996,KOREAN_FOOD,SATURDAY,-2
3110996,KOREAN_FOOD,SUNDAY,-6
3110996,BUNSIK,MONDAY,3
3110996,BUNSIK,TUESDAY,3
3110996,BUNSIK,WEDNESDAY,3
3110996,BUNSIK,THURSDAY,5
3110996,BUNSIK,FRIDAY,3
3110996,BUNSIK,SATURDAY,2
3110996,BUNSIK,SUNDAY,-6
3110996,CAFE_BEVERAGE,MONDAY,0
3110996,CAFE_BEVERAGE,TUESDAY,1
3110996,CAFE_BEVERAGE,WEDNESDAY,1
3110996,CAFE_BEVERAGE,THURSDAY,1
3110996,CAFE_BEVERAGE,FRIDAY,1
3110996,CAFE_BEVERAGE,SATURDAY,-1
3110996,CAFE_BEVERAGE,SUNDAY,-4
3110997,KOREAN_FOOD,MONDAY,-2
3110997,KOREAN_FOOD,TUESDAY,1
3110997,KOREAN_FOOD,WEDNESDAY,1
3110997,KOREAN_FOOD,THURSDAY,1
3110997,KOREAN_FOOD,FRIDAY,3
3110997,KOREAN_FOOD,SATURDAY,0
3110997,KOREAN_FOOD,SUNDAY,-5
3110997,CHINESE_FOOD,MONDAY,-1
3110997,CHINESE_FOOD,TUESDAY,-2
3110997,CHINESE_FOOD,WEDNESDAY,0
3110997,CHINESE_FOOD,THURSDAY,0
3110997,CHINESE_FOOD,FRIDAY,1
3110997,CHINESE_FOOD,SATURDAY,0
3110997,CHINESE_FOOD,SUNDAY,2
3110997,JAPANESE_FOOD,MONDAY,3
3110997,JAPANESE_FOOD,TUESDAY,1
3110997,JAPANESE_FOOD,WEDNESDAY,3
3110997,JAPANESE_FOOD,THURSDAY,3
3110997,JAPANESE_FOOD,FRIDAY,3
3110997,JAPANESE_FOOD,SATURDAY,-4
3110997,JAPANESE_FOOD,SUNDAY,-6
3110997,WESTERN_FOOD,MONDAY,-1
3110997,WESTERN_FOOD,TUESDAY,0
3110997,WESTERN_FOOD,WEDNESDAY,0
3110997,WESTERN_FOOD,THURSDAY,1
3110997,WESTERN_FOOD,FRIDAY,6
3110997,WESTERN_FOOD,SATURDAY,4
3110997,WESTERN_FOOD,SUNDAY,-6
3110997,CHICKEN,MONDAY,-6
3110997,CHICKEN,TUESDAY,-2
3110997,CHICKEN,WEDNESDAY,-2
3110997,CHICKEN,THURSDAY,-1
3110997,CHICKEN,FRIDAY,5
3110997,CHICKEN,SATURDAY,5
3110997,CHICKEN,SUNDAY,4
3110997,FAST_FOOD,MONDAY,0
3110997,FAST_FOOD,TUESDAY,1
3110997,FAST_FOOD,WEDNESDAY,0
3110997,FAST_FOOD,THURSDAY,1
3110997,FAST_FOOD,FRIDAY,1
3110997,FAST_FOOD,SATURDAY,0
3110997,FAST_FOOD,SUNDAY,-3
3110997,BUNSIK,MONDAY,2
3110997,BUNSIK,TUESDAY,2
3110997,BUNSIK,WEDNESDAY,2
3110997,BUNSIK,THURSDAY,2
3110997,BUNSIK,FRIDAY,3
3110997,BUNSIK,SATURDAY,0
3110997,BUNSIK,SUNDAY,-6
3110997,CAFE_BEVERAGE,MONDAY,-1
3110997,CAFE_BEVERAGE,TUESDAY,0
3110997,CAFE_BEVERAGE,WEDNESDAY,0
3110997,CAFE_BEVERAGE,THURSDAY,0
3110997,CAFE_BEVERAGE,FRIDAY,1
3110997,CAFE_BEVERAGE,SATURDAY,2
3110997,CAFE_BEVERAGE,SUNDAY,-1
3110997,BAKERY,MONDAY,0
3110997,BAKERY,TUESDAY,1
3110997,BAKERY,WEDNESDAY,1
3110997,BAKERY,THURSDAY,0
3110997,BAKERY,FRIDAY,2
3110997,BAKERY,SATURDAY,-1
3110997,BAKERY,SUNDAY,-3
3110998,KOREAN_FOOD,MONDAY,-6
3110998,KOREAN_FOOD,TUESDAY,2
3110998,KOREAN_FOOD,WEDNESDAY,2
3110998,KOREAN_FOOD,THURSDAY,2
3110998,KOREAN_FOOD,FRIDAY,3
3110998,KOREAN_FOOD,SATURDAY,5
3110998,KOREAN_FOOD,SUNDAY,2
3110998,CAFE_BEVERAGE,MONDAY,-2
3110998,CAFE_BEVERAGE,TUESDAY,-3
3110998,CAFE_BEVERAGE,WEDNESDAY,-3
3110998,CAFE_BEVERAGE,THURSDAY,-3
3110998,CAFE_BEVERAGE,FRIDAY,-2
3110998,CAFE_BEVERAGE,SATURDAY,4
3110998,CAFE_BEVERAGE,SUNDAY,6
3110999,KOREAN_FOOD,MONDAY,1
3110999,KOREAN_FOOD,TUESDAY,2
3110999,KOREAN_FOOD,WEDNESDAY,3
3110999,KOREAN_FOOD,THURSDAY,3
3110999,KOREAN_FOOD,FRIDAY,4
3110999,KOREAN_FOOD,SATURDAY,-2
3110999,KOREAN_FOOD,SUNDAY,-6
3110999,JAPANESE_FOOD,MONDAY,4
3110999,JAPANESE_FOOD,TUESDAY,6
3110999,JAPANESE_FOOD,WEDNESDAY,6
3110999,JAPANESE_FOOD,THURSDAY,6
3110999,JAPANESE_FOOD,FRIDAY,3
3110999,JAPANESE_FOOD,SATURDAY,-6
3110999,JAPANESE_FOOD,SUNDAY,-6
3110999,CHICKEN,MONDAY,-3
3110999,CHICKEN,TUESDAY,-2
3110999,CHICKEN,WEDNESDAY,0
3110999,CHICKEN,THURSDAY,-1
3110999,CHICKEN,FRIDAY,5
3110999,CHICKEN,SATURDAY,3
3110999,CHICKEN,SUNDAY,-1
3110999,CAFE_BEVERAGE,MONDAY,-1
3110999,CAFE_BEVERAGE,TUESDAY,-1
3110999,CAFE_BEVERAGE,WEDNESDAY,0
3110999,CAFE_BEVERAGE,THURSDAY,-1
3110999,CAFE_BEVERAGE,FRIDAY,1
3110999,CAFE_BEVERAGE,SATURDAY,2
3110999,CAFE_BEVERAGE,SUNDAY,1
3111000,KOREAN_FOOD,MONDAY,1
3111000,KOREAN_FOOD,TUESDAY,1
3111000,KOREAN_FOOD,WEDNESDAY,3
3111000,KOREAN_FOOD,THURSDAY,3
3111000,KOREAN_FOOD,FRIDAY,4
3111000,KOREAN_FOOD,SATURDAY,-4
3111000,KOREAN_FOOD,SUNDAY,-6
3111001,KOREAN_FOOD,MONDAY,-6
3111001,KOREAN_FOOD,TUESDAY,0
3111001,KOREAN_FOOD,WEDNESDAY,0
3111001,KOREAN_FOOD,THURSDAY,1
3111001,KOREAN_FOOD,FRIDAY,2
3111001,KOREAN_FOOD,SATURDAY,6
3111001,KOREAN_FOOD,SUNDAY,6
3111001,CAFE_BEVERAGE,MONDAY,-5
3111001,CAFE_BEVERAGE,TUESDAY,1
3111001,CAFE_BEVERAGE,WEDNESDAY,0
3111001,CAFE_BEVERAGE,THURSDAY,1
3111001,CAFE_BEVERAGE,FRIDAY,2
3111001,CAFE_BEVERAGE,SATURDAY,1
3111001,CAFE_BEVERAGE,SUNDAY,0
3111003,KOREAN_FOOD,MONDAY,0
3111003,KOREAN_FOOD,TUESDAY,3
3111003,KOREAN_FOOD,WEDNESDAY,2
3111003,KOREAN_FOOD,THURSDAY,2
3111003,KOREAN_FOOD,FRIDAY,2
3111003,KOREAN_FOOD,SATURDAY,-1
3111003,KOREAN_FOOD,SUNDAY,-6
3111003,FAST_FOOD,MONDAY,-6
3111003,FAST_FOOD,TUESDAY,-4
3111003,FAST_FOOD,WEDNESDAY,-3
3111003,FAST_FOOD,THURSDAY,-2
3111003,FAST_FOOD,FRIDAY,1
3111003,FAST_FOOD,SATURDAY,6
3111003,FAST_FOOD,SUNDAY,6
3111003,BUNSIK,MONDAY,-6
3111003,BUNSIK,TUESDAY,2
3111003,BUNSIK,WEDNESDAY,3
3111003,BUNSIK,THURSDAY,3
3111003,BUNSIK,FRIDAY,4
3111003,BUNSIK,SATURDAY,2
3111003,BUNSIK,SUNDAY,-6
3111003,CAFE_BEVERAGE,MONDAY,-2
3111003,CAFE_BEVERAGE,TUESDAY,-2
3111003,CAFE_BEVERAGE,WEDNESDAY,-1
3111003,CAFE_BEVERAGE,THURSDAY,-2
3111003,CAFE_BEVERAGE,FRIDAY,0
3111003,CAFE_BEVERAGE,SATURDAY,4
3111003,CAFE_BEVERAGE,SUNDAY,4
3111004,KOREAN_FOOD,MONDAY,-2
3111004,KOREAN_FOOD,TUESDAY,-2
3111004,KOREAN_FOOD,WEDNESDAY,-1
3111004,KOREAN_FOOD,THURSDAY,-1
3111004,KOREAN_FOOD,FRIDAY,1
3111004,KOREAN_FOOD,SATURDAY,3
3111004,KOREAN_FOOD,SUNDAY,2
3111004,CHICKEN,MONDAY,-6
3111004,CHICKEN,TUESDAY,-3
3111004,CHICKEN,WEDNESDAY,-2
3111004,CHICKEN,THURSDAY,-1
3111004,CHICKEN,FRIDAY,2
3111004,CHICKEN,SATURDAY,6
3111004,CHICKEN,SUNDAY,4
3111004,FAST_FOOD,MONDAY,-2
3111004,FAST_FOOD,TUESDAY,-1
3111004,FAST_FOOD,WEDNESDAY,-1
3111004,FAST_FOOD,THURSDAY,-2
3111004,FAST_FOOD,FRIDAY,1
3111004,FAST_FOOD,SATURDAY,2
3111004,FAST_FOOD,SUNDAY,3
3111004,BUNSIK,MONDAY,-5
3111004,BUNSIK,TUESDAY,-4
3111004,BUNSIK,WEDNESDAY,2
3111004,BUNSIK,THURSDAY,2
3111004,BUNSIK,FRIDAY,2
3111004,BUNSIK,SATURDAY,6
3111004,BUNSIK,SUNDAY,-4
3111004,CAFE_BEVERAGE,MONDAY,-2
3111004,CAFE_BEVERAGE,TUESDAY,-2
3111004,CAFE_BEVERAGE,WEDNESDAY,-2
3111004,CAFE_BEVERAGE,THURSDAY,-2
3111004,CAFE_BEVERAGE,FRIDAY,0
3111004,CAFE_BEVERAGE,SATURDAY,4
3111004,CAFE_BEVERAGE,SUNDAY,3
3111004,BAKERY,MONDAY,-2
3111004,BAKERY,TUESDAY,-2
3111004,BAKERY,WEDNESDAY,1
3111004,BAKERY,THURSDAY,-3
3111004,BAKERY,FRIDAY,0
3111004,BAKERY,SATURDAY,3
3111004,BAKERY,SUNDAY,2
3111005,KOREAN_FOOD,MONDAY,1
3111005,KOREAN_FOOD,TUESDAY,1
3111005,KOREAN_FOOD,WEDNESDAY,2
3111005,KOREAN_FOOD,THURSDAY,3
3111005,KOREAN_FOOD,FRIDAY,3
3111005,KOREAN_FOOD,SATURDAY,0
3111005,KOREAN_FOOD,SUNDAY,-6
3111005,CHICKEN,MONDAY,-6
3111005,CHICKEN,TUESDAY,-2
3111005,CHICKEN,WEDNESDAY,-1
3111005,CHICKEN,THURSDAY,0
3111005,CHICKEN,FRIDAY,3
3111005,CHICKEN,SATURDAY,6
3111005,CHICKEN,SUNDAY,0
3111005,BUNSIK,MONDAY,3
3111005,BUNSIK,TUESDAY,5
3111005,BUNSIK,WEDNESDAY,3
3111005,BUNSIK,THURSDAY,4
3111005,BUNSIK,FRIDAY,3
3111005,BUNSIK,SATURDAY,2
3111005,BUNSIK,SUNDAY,-6
3111005,CAFE_BEVERAGE,MONDAY,0
3111005,CAFE_BEVERAGE,TUESDAY,-1
3111005,CAFE_BEVERAGE,WEDNESDAY,0
3111005,CAFE_BEVERAGE,THURSDAY,0
3111005,CAFE_BEVERAGE,FRIDAY,1
3111005,CAFE_BEVERAGE,SATURDAY,5
3111005,CAFE_BEVERAGE,SUNDAY,-6
3111005,BAKERY,MONDAY,1
3111005,BAKERY,TUESDAY,0
3111005,BAKERY,WEDNESDAY,2
3111005,BAKERY,THURSDAY,-1
3111005,BAKERY,FRIDAY,1
3111005,BAKERY,SATURDAY,1
3111005,BAKERY,SUNDAY,-4
3111006,KOREAN_FOOD,MONDAY,-1
3111006,KOREAN_FOOD,TUESDAY,-1
3111006,KOREAN_FOOD,WEDNESDAY,1
3111006,KOREAN_FOOD,THURSDAY,1
3111006,KOREAN_FOOD,FRIDAY,2
3111006,KOREAN_FOOD,SATURDAY,1
3111006,KOREAN_FOOD,SUNDAY,-3
3111006,BUNSIK,MONDAY,-4
3111006,BUNSIK,TUESDAY,4
3111006,BUNSIK,WEDNESDAY,3
3111006,BUNSIK,THURSDAY,5
3111006,BUNSIK,FRIDAY,5
3111006,BUNSIK,SATURDAY,0
3111006,BUNSIK,SUNDAY,-6
3111006,CAFE_BEVERAGE,MONDAY,0
3111006,CAFE_BEVERAGE,TUESDAY,0
3111006,CAFE_BEVERAGE,WEDNESDAY,0
3111006,CAFE_BEVERAGE,THURSDAY,1
3111006,CAFE_BEVERAGE,FRIDAY,1
3111006,CAFE_BEVERAGE,SATURDAY,-1
3111006,CAFE_BEVERAGE,SUNDAY,-1
3111006,BAKERY,MONDAY,0
3111006,BAKERY,TUESDAY,-1
3111006,BAKERY,WEDNESDAY,2
3111006,BAKERY,THURSDAY,-1
3111006,BAKERY,FRIDAY,-1
3111006,BAKERY,SATURDAY,1
3111006,BAKERY,SUNDAY,0
3111007,KOREAN_FOOD,MONDAY,4
3111007,KOREAN_FOOD,TUESDAY,3
3111007,KOREAN_FOOD,WEDNESDAY,3
3111007,KOREAN_FOOD,THURSDAY,3
3111007,KOREAN_FOOD,FRIDAY,4
3111007,KOREAN_FOOD,SATURDAY,-6
3111007,KOREAN_FOOD,SUNDAY,-6
3111007,CHICKEN,MONDAY,-3
3111007,CHICKEN,TUESDAY,-6
3111007,CHICKEN,WEDNESDAY,2
3111007,CHICKEN,THURSDAY,2
3111007,CHICKEN,FRIDAY,6
3111007,CHICKEN,SATURDAY,1
3111007,CHICKEN,SUNDAY,0
3111007,CAFE_BEVERAGE,MONDAY,1
3111007,CAFE_BEVERAGE,TUESDAY,-1
3111007,CAFE_BEVERAGE,WEDNESDAY,1
3111007,CAFE_BEVERAGE,THURSDAY,1
3111007,CAFE_BEVERAGE,FRIDAY,5
3111007,CAFE_BEVERAGE,SATURDAY,3
3111007,CAFE_BEVERAGE,SUNDAY,-6
3111008,KOREAN_FOOD,MONDAY,4
3111008,KOREAN_FOOD,TUESDAY,5
3111008,KOREAN_FOOD,WEDNESDAY,4
3111008,KOREAN_FOOD,THURSDAY,5
3111008,KOREAN_FOOD,FRIDAY,4
3111008,KOREAN_FOOD,SATURDAY,-6
3111008,KOREAN_FOOD,SUNDAY,-6
3111009,KOREAN_FOOD,MONDAY,3
3111009,KOREAN_FOOD,TUESDAY,4
3111009,KOREAN_FOOD,WEDNESDAY,4
3111009,KOREAN_FOOD,THURSDAY,2
3111009,KOREAN_FOOD,FRIDAY,3
3111009,KOREAN_FOOD,SATURDAY,-3
3111009,KOREAN_FOOD,SUNDAY,-6
3111010,KOREAN_FOOD,MONDAY,1
3111010,KOREAN_FOOD,TUESDAY,-1
3111010,KOREAN_FOOD,WEDNESDAY,-1
3111010,KOREAN_FOOD,THURSDAY,-1
3111010,KOREAN_FOOD,FRIDAY,2
3111010,KOREAN_FOOD,SATURDAY,1
3111010,KOREAN_FOOD,SUNDAY,-2
3111010,JAPANESE_FOOD,MONDAY,-5
3111010,JAPANESE_FOOD,TUESDAY,-4
3111010,JAPANESE_FOOD,WEDNESDAY,-3
3111010,JAPANESE_FOOD,THURSDAY,-4
3111010,JAPANESE_FOOD,FRIDAY,2
3111010,JAPANESE_FOOD,SATURDAY,6
3111010,JAPANESE_FOOD,SUNDAY,5
3111010,WESTERN_FOOD,MONDAY,-6
3111010,WESTERN_FOOD,TUESDAY,-2
3111010,WESTERN_FOOD,WEDNESDAY,1
3111010,WESTERN_FOOD,THURSDAY,0
3111010,WESTERN_FOOD,FRIDAY,2
3111010,WESTERN_FOOD,SATURDAY,6
3111010,WESTERN_FOOD,SUNDAY,6
3111010,CHICKEN,MONDAY,-4
3111010,CHICKEN,TUESDAY,-2
3111010,CHICKEN,WEDNESDAY,-1
3111010,CHICKEN,THURSDAY,-3
3111010,CHICKEN,FRIDAY,2
3111010,CHICKEN,SATURDAY,5
3111010,CHICKEN,SUNDAY,4
3111010,BUNSIK,MONDAY,1
3111010,BUNSIK,TUESDAY,3
3111010,BUNSIK,WEDNESDAY,3
3111010,BUNSIK,THURSDAY,2
3111010,BUNSIK,FRIDAY,3
3111010,BUNSIK,SATURDAY,-3
3111010,BUNSIK,SUNDAY,-6
3111010,CAFE_BEVERAGE,MONDAY,-3
3111010,CAFE_BEVERAGE,TUESDAY,-5
3111010,CAFE_BEVERAGE,WEDNESDAY,-4
3111010,CAFE_BEVERAGE,THURSDAY,-4
3111010,CAFE_BEVERAGE,FRIDAY,-2
3111010,CAFE_BEVERAGE,SATURDAY,6
3111010,CAFE_BEVERAGE,SUNDAY,6
3111010,BAKERY,MONDAY,-2
3111010,BAKERY,TUESDAY,-6
3111010,BAKERY,WEDNESDAY,4
3111010,BAKERY,THURSDAY,2
3111010,BAKERY,FRIDAY,4
3111010,BAKERY,SATURDAY,6
3111010,BAKERY,SUNDAY,-1
3111011,KOREAN_FOOD,MONDAY,-3
3111011,KOREAN_FOOD,TUESDAY,3
3111011,KOREAN_FOOD,WEDNESDAY,3
3111011,KOREAN_FOOD,THURSDAY,3
3111011,KOREAN_FOOD,FRIDAY,6
3111011,KOREAN_FOOD,SATURDAY,-6
3111011,KOREAN_FOOD,SUNDAY,-6
3111011,BUNSIK,MONDAY,1
3111011,BUNSIK,TUESDAY,2
3111011,BUNSIK,WEDNESDAY,2
3111011,BUNSIK,THURSDAY,1
3111011,BUNSIK,FRIDAY,4
3111011,BUNSIK,SATURDAY,2
3111011,BUNSIK,SUNDAY,-6
3111012,KOREAN_FOOD,MONDAY,3
3111012,KOREAN_FOOD,TUESDAY,2
3111012,KOREAN_FOOD,WEDNESDAY,2
3111012,KOREAN_FOOD,THURSDAY,1
3111012,KOREAN_FOOD,FRIDAY,2
3111012,KOREAN_FOOD,SATURDAY,-3
3111012,KOREAN_FOOD,SUNDAY,-6
3111012,CAFE_BEVERAGE,MONDAY,-2
3111012,CAFE_BEVERAGE,TUESDAY,-2
3111012,CAFE_BEVERAGE,WEDNESDAY,1
3111012,CAFE_BEVERAGE,THURSDAY,-1
3111012,CAFE_BEVERAGE,FRIDAY,0
3111012,CAFE_BEVERAGE,SATURDAY,4
3111012,CAFE_BEVERAGE,SUNDAY,0
3111013,KOREAN_FOOD,MONDAY,-3
3111013,KOREAN_FOOD,TUESDAY,-4
3111013,KOREAN_FOOD,WEDNESDAY,-2
3111013,KOREAN_FOOD,THURSDAY,-2
3111013,KOREAN_FOOD,FRIDAY,2
3111013,KOREAN_FOOD,SATURDAY,6
3111013,KOREAN_FOOD,SUNDAY,2
3111013,JAPANESE_FOOD,MONDAY,-3
3111013,JAPANESE_FOOD,TUESDAY,-4
3111013,JAPANESE_FOOD,WEDNESDAY,-2
3111013,JAPANESE_FOOD,THURSDAY,-3
3111013,JAPANESE_FOOD,FRIDAY,1
3111013,JAPANESE_FOOD,SATURDAY,6
3111013,JAPANESE_FOOD,SUNDAY,4
3111013,WESTERN_FOOD,MONDAY,-4
3111013,WESTERN_FOOD,TUESDAY,-3
3111013,WESTERN_FOOD,WEDNESDAY,-2
3111013,WESTERN_FOOD,THURSDAY,-3
3111013,WESTERN_FOOD,FRIDAY,2
3111013,WESTERN_FOOD,SATURDAY,6
3111013,WESTERN_FOOD,SUNDAY,2
3111013,FAST_FOOD,MONDAY,0
3111013,FAST_FOOD,TUESDAY,0
3111013,FAST_FOOD,WEDNESDAY,0
3111013,FAST_FOOD,THURSDAY,0
3111013,FAST_FOOD,FRIDAY,3
3111013,FAST_FOOD,SATURDAY,-1
3111013,FAST_FOOD,SUNDAY,-1
3111013,BUNSIK,MONDAY,-5
3111013,BUNSIK,TUESDAY,-6
3111013,BUNSIK,WEDNESDAY,-3
3111013,BUNSIK,THURSDAY,-3
3111013,BUNSIK,FRIDAY,0
3111013,BUNSIK,SATURDAY,6
3111013,BUNSIK,SUNDAY,6
3111013,CAFE_BEVERAGE,MONDAY,-4
3111013,CAFE_BEVERAGE,TUESDAY,-4
3111013,CAFE_BEVERAGE,WEDNESDAY,-4
3111013,CAFE_BEVERAGE,THURSDAY,-3
3111013,CAFE_BEVERAGE,FRIDAY,0
3111013,CAFE_BEVERAGE,SATURDAY,6
3111013,CAFE_BEVERAGE,SUNDAY,6
3111013,BAKERY,MONDAY,-6
3111013,BAKERY,TUESDAY,-4
3111013,BAKERY,WEDNESDAY,-3
3111013,BAKERY,THURSDAY,-2
3111013,BAKERY,FRIDAY,2
3111013,BAKERY,SATURDAY,6
3111013,BAKERY,SUNDAY,5
3111014,KOREAN_FOOD,MONDAY,-4
3111014,KOREAN_FOOD,TUESDAY,-3
3111014,KOREAN_FOOD,WEDNESDAY,-2
3111014,KOREAN_FOOD,THURSDAY,-2
3111014,KOREAN_FOOD,FRIDAY,3
3111014,KOREAN_FOOD,SATURDAY,6
3111014,KOREAN_FOOD,SUNDAY,1
3111014,JAPANESE_FOOD,MONDAY,-6
3111014,JAPANESE_FOOD,TUESDAY,-3
3111014,JAPANESE_FOOD,WEDNESDAY,-2
3111014,JAPANESE_FOOD,THURSDAY,-1
3111014,JAPANESE_FOOD,FRIDAY,3
3111014,JAPANESE_FOOD,SATURDAY,6
3111014,JAPANESE_FOOD,SUNDAY,5
3111014,BUNSIK,MONDAY,-5
3111014,BUNSIK,TUESDAY,-3
3111014,BUNSIK,WEDNESDAY,-3
3111014,BUNSIK,THURSDAY,-3
3111014,BUNSIK,FRIDAY,2
3111014,BUNSIK,SATURDAY,6
3111014,BUNSIK,SUNDAY,4
3111014,CAFE_BEVERAGE,MONDAY,-2
3111014,CAFE_BEVERAGE,TUESDAY,-2
3111014,CAFE_BEVERAGE,WEDNESDAY,0
3111014,CAFE_BEVERAGE,THURSDAY,-1
3111014,CAFE_BEVERAGE,FRIDAY,2
3111014,CAFE_BEVERAGE,SATURDAY,4
3111014,CAFE_BEVERAGE,SUNDAY,-1
3111015,KOREAN_FOOD,MONDAY,2
3111015,KOREAN_FOOD,TUESDAY,2
3111015,KOREAN_FOOD,WEDNESDAY,1
3111015,KOREAN_FOOD,THURSDAY,3
3111015,KOREAN_FOOD,FRIDAY,2
3111015,KOREAN_FOOD,SATURDAY,-3
3111015,KOREAN_FOOD,SUNDAY,-6
3111015,CAFE_BEVERAGE,MONDAY,-2
3111015,CAFE_BEVERAGE,TUESDAY,-1
3111015,CAFE_BEVERAGE,WEDNESDAY,1
3111015,CAFE_BEVERAGE,THURSDAY,-1
3111015,CAFE_BEVERAGE,FRIDAY,1
3111015,CAFE_BEVERAGE,SATURDAY,4
3111015,CAFE_BEVERAGE,SUNDAY,-2
3111016,CAFE_BEVERAGE,MONDAY,1
3111016,CAFE_BEVERAGE,TUESDAY,0
3111016,CAFE_BEVERAGE,WEDNESDAY,1
3111016,CAFE_BEVERAGE,THURSDAY,0
3111016,CAFE_BEVERAGE,FRIDAY,4
3111016,CAFE_BEVERAGE,SATURDAY,-2
3111016,CAFE_BEVERAGE,SUNDAY,-4
3111017,KOREAN_FOOD,MONDAY,6
3111017,KOREAN_FOOD,TUESDAY,6
3111017,KOREAN_FOOD,WEDNESDAY,6
3111017,KOREAN_FOOD,THURSDAY,6
3111017,KOREAN_FOOD,FRIDAY,6
3111017,KOREAN_FOOD,SATURDAY,-6
3111017,KOREAN_FOOD,SUNDAY,-6
3111017,CAFE_BEVERAGE,MONDAY,-1
3111017,CAFE_BEVERAGE,TUESDAY,0
3111017,CAFE_BEVERAGE,WEDNESDAY,0
3111017,CAFE_BEVERAGE,THURSDAY,-1
3111017,CAFE_BEVERAGE,FRIDAY,1
3111017,CAFE_BEVERAGE,SATURDAY,-2
3111017,CAFE_BEVERAGE,SUNDAY,3
3111019,KOREAN_FOOD,MONDAY,4
3111019,KOREAN_FOOD,TUESDAY,3
3111019,KOREAN_FOOD,WEDNESDAY,2
3111019,KOREAN_FOOD,THURSDAY,2
3111019,KOREAN_FOOD,FRIDAY,3
3111019,KOREAN_FOOD,SATURDAY,-4
3111019,KOREAN_FOOD,SUNDAY,-6
3111019,WESTERN_FOOD,MONDAY,-5
3111019,WESTERN_FOOD,TUESDAY,-6
3111019,WESTERN_FOOD,WEDNESDAY,-5
3111019,WESTERN_FOOD,THURSDAY,-4
3111019,WESTERN_FOOD,FRIDAY,-1
3111019,WESTERN_FOOD,SATURDAY,6
3111019,WESTERN_FOOD,SUNDAY,6
3111019,CAFE_BEVERAGE,MONDAY,-1
3111019,CAFE_BEVERAGE,TUESDAY,0
3111019,CAFE_BEVERAGE,WEDNESDAY,0
3111019,CAFE_BEVERAGE,THURSDAY,0
3111019,CAFE_BEVERAGE,FRIDAY,1
3111019,CAFE_BEVERAGE,SATURDAY,1
3111019,CAFE_BEVERAGE,SUNDAY,-2
3111020,KOREAN_FOOD,MONDAY,-5
3111020,KOREAN_FOOD,TUESDAY,4
3111020,KOREAN_FOOD,WEDNESDAY,4
3111020,KOREAN_FOOD,THURSDAY,3
3111020,KOREAN_FOOD,FRIDAY,4
3111020,KOREAN_FOOD,SATURDAY,2
3111020,KOREAN_FOOD,SUNDAY,-6
3111020,CAFE_BEVERAGE,MONDAY,0
3111020,CAFE_BEVERAGE,TUESDAY,0
3111020,CAFE_BEVERAGE,WEDNESDAY,0
3111020,CAFE_BEVERAGE,THURSDAY,1
3111020,CAFE_BEVERAGE,FRIDAY,1
3111020,CAFE_BEVERAGE,SATURDAY,0
3111020,CAFE_BEVERAGE,SUNDAY,-3
3111021,KOREAN_FOOD,MONDAY,-2
3111021,KOREAN_FOOD,TUESDAY,-1
3111021,KOREAN_FOOD,WEDNESDAY,-1
3111021,KOREAN_FOOD,THURSDAY,0
3111021,KOREAN_FOOD,FRIDAY,2
3111021,KOREAN_FOOD,SATURDAY,2
3111021,KOREAN_FOOD,SUNDAY,-2
3111021,CHINESE_FOOD,MONDAY,-1
3111021,CHINESE_FOOD,TUESDAY,-3
3111021,CHINESE_FOOD,WEDNESDAY,1
3111021,CHINESE_FOOD,THURSDAY,0
3111021,CHINESE_FOOD,FRIDAY,1
3111021,CHINESE_FOOD,SATURDAY,2
3111021,CHINESE_FOOD,SUNDAY,0
3111021,JAPANESE_FOOD,MONDAY,-6
3111021,JAPANESE_FOOD,TUESDAY,1
3111021,JAPANESE_FOOD,WEDNESDAY,3
3111021,JAPANESE_FOOD,THURSDAY,2
3111021,JAPANESE_FOOD,FRIDAY,5
3111021,JAPANESE_FOOD,SATURDAY,6
3111021,JAPANESE_FOOD,SUNDAY,-6
3111021,WESTERN_FOOD,MONDAY,-2
3111021,WESTERN_FOOD,TUESDAY,-2
3111021,WESTERN_FOOD,WEDNESDAY,-1
3111021,WESTERN_FOOD,THURSDAY,-1
3111021,WESTERN_FOOD,FRIDAY,2
3111021,WESTERN_FOOD,SATURDAY,3
3111021,WESTERN_FOOD,SUNDAY,1
3111021,BUNSIK,MONDAY,1
3111021,BUNSIK,TUESDAY,1
3111021,BUNSIK,WEDNESDAY,0
3111021,BUNSIK,THURSDAY,2
3111021,BUNSIK,FRIDAY,1
3111021,BUNSIK,SATURDAY,-1
3111021,BUNSIK,SUNDAY,-5
3111021,CAFE_BEVERAGE,MONDAY,-1
3111021,CAFE_BEVERAGE,TUESDAY,-1
3111021,CAFE_BEVERAGE,WEDNESDAY,0
3111021,CAFE_BEVERAGE,THURSDAY,0
3111021,CAFE_BEVERAGE,FRIDAY,2
3111021,CAFE_BEVERAGE,SATURDAY,1
3111021,CAFE_BEVERAGE,SUNDAY,0
3111021,BAKERY,MONDAY,1
3111021,BAKERY,TUESDAY,0
3111021,BAKERY,WEDNESDAY,0
3111021,BAKERY,THURSDAY,0
3111021,BAKERY,FRIDAY,0
3111021,BAKERY,SATURDAY,-1
3111021,BAKERY,SUNDAY,0
3111023,KOREAN_FOOD,MONDAY,-2
3111023,KOREAN_FOOD,TUESDAY,2
3111023,KOREAN_FOOD,WEDNESDAY,4
3111023,KOREAN_FOOD,THURSDAY,4
3111023,KOREAN_FOOD,FRIDAY,4
3111023,KOREAN_FOOD,SATURDAY,-1
3111023,KOREAN_FOOD,SUNDAY,-6
3111023,BUNSIK,MONDAY,-4
3111023,BUNSIK,TUESDAY,-3
3111023,BUNSIK,WEDNESDAY,-3
3111023,BUNSIK,THURSDAY,-3
3111023,BUNSIK,FRIDAY,-2
3111023,BUNSIK,SATURDAY,6
3111023,BUNSIK,SUNDAY,6
3111023,CAFE_BEVERAGE,MONDAY,2
3111023,CAFE_BEVERAGE,TUESDAY,3
3111023,CAFE_BEVERAGE,WEDNESDAY,3
3111023,CAFE_BEVERAGE,THURSDAY,3
3111023,CAFE_BEVERAGE,FRIDAY,4
3111023,CAFE_BEVERAGE,SATURDAY,-5
3111023,CAFE_BEVERAGE,SUNDAY,-6
3111024,KOREAN_FOOD,MONDAY,4
3111024,KOREAN_FOOD,TUESDAY,4
3111024,KOREAN_FOOD,WEDNESDAY,4
3111024,KOREAN_FOOD,THURSDAY,3
3111024,KOREAN_FOOD,FRIDAY,5
3111024,KOREAN_FOOD,SATURDAY,-5
3111024,KOREAN_FOOD,SUNDAY,-6
3111025,KOREAN_FOOD,MONDAY,0
3111025,KOREAN_FOOD,TUESDAY,1
3111025,KOREAN_FOOD,WEDNESDAY,3
3111025,KOREAN_FOOD,THURSDAY,2
3111025,KOREAN_FOOD,FRIDAY,1
3111025,KOREAN_FOOD,SATURDAY,-3
3111025,KOREAN_FOOD,SUNDAY,-3
3111025,CAFE_BEVERAGE,MONDAY,6
3111025,CAFE_BEVERAGE,TUESDAY,3
3111025,CAFE_BEVERAGE,WEDNESDAY,3
3111025,CAFE_BEVERAGE,THURSDAY,3
3111025,CAFE_BEVERAGE,FRIDAY,4
3111025,CAFE_BEVERAGE,SATURDAY,-2
3111025,CAFE_BEVERAGE,SUNDAY,-6
3111026,KOREAN_FOOD,MONDAY,-2
3111026,KOREAN_FOOD,TUESDAY,1
3111026,KOREAN_FOOD,WEDNESDAY,1
3111026,KOREAN_FOOD,THURSDAY,1
3111026,KOREAN_FOOD,FRIDAY,3
3111026,KOREAN_FOOD,SATURDAY,0
3111026,KOREAN_FOOD,SUNDAY,-4
3111026,CHINESE_FOOD,MONDAY,4
3111026,CHINESE_FOOD,TUESDAY,5
3111026,CHINESE_FOOD,WEDNESDAY,5
3111026,CHINESE_FOOD,THURSDAY,4
3111026,CHINESE_FOOD,FRIDAY,2
3111026,CHINESE_FOOD,SATURDAY,-6
3111026,CHINESE_FOOD,SUNDAY,-6
3111026,CAFE_BEVERAGE,MONDAY,1
3111026,CAFE_BEVERAGE,TUESDAY,1
3111026,CAFE_BEVERAGE,WEDNESDAY,1
3111026,CAFE_BEVERAGE,THURSDAY,2
3111026,CAFE_BEVERAGE,FRIDAY,3
3111026,CAFE_BEVERAGE,SATURDAY,-1
3111026,CAFE_BEVERAGE,SUNDAY,-6
3111027,KOREAN_FOOD,MONDAY,1
3111027,KOREAN_FOOD,TUESDAY,1
3111027,KOREAN_FOOD,WEDNESDAY,1
3111027,KOREAN_FOOD,THURSDAY,-1
3111027,KOREAN_FOOD,FRIDAY,3
3111027,KOREAN_FOOD,SATURDAY,0
3111027,KOREAN_FOOD,SUNDAY,-5
3111027,FAST_FOOD,MONDAY,-5
3111027,FAST_FOOD,TUESDAY,-3
3111027,FAST_FOOD,WEDNESDAY,-2
3111027,FAST_FOOD,THURSDAY,-3
3111027,FAST_FOOD,FRIDAY,0
3111027,FAST_FOOD,SATURDAY,5
3111027,FAST_FOOD,SUNDAY,6
3111027,BUNSIK,MONDAY,1
3111027,BUNSIK,TUESDAY,2
3111027,BUNSIK,WEDNESDAY,3
3111027,BUNSIK,THURSDAY,3
3111027,BUNSIK,FRIDAY,4
3111027,BUNSIK,SATURDAY,-2
3111027,BUNSIK,SUNDAY,-6
3111027,CAFE_BEVERAGE,MONDAY,0
3111027,CAFE_BEVERAGE,TUESDAY,0
3111027,CAFE_BEVERAGE,WEDNESDAY,1
3111027,CAFE_BEVERAGE,THURSDAY,1
3111027,CAFE_BEVERAGE,FRIDAY,2
3111027,CAFE_BEVERAGE,SATURDAY,-1
3111027,CAFE_BEVERAGE,SUNDAY,-3
3111028,KOREAN_FOOD,MONDAY,-2
3111028,KOREAN_FOOD,TUESDAY,-1
3111028,KOREAN_FOOD,WEDNESDAY,1
3111028,KOREAN_FOOD,THURSDAY,1
3111028,KOREAN_FOOD,FRIDAY,3
3111028,KOREAN_FOOD,SATURDAY,-1
3111028,KOREAN_FOOD,SUNDAY,-1
3111028,CHICKEN,MONDAY,-6
3111028,CHICKEN,TUESDAY,0
3111028,CHICKEN,WEDNESDAY,-1
3111028,CHICKEN,THURSDAY,0
3111028,CHICKEN,FRIDAY,3
3111028,CHICKEN,SATURDAY,6
3111028,CHICKEN,SUNDAY,-2
3111028,BUNSIK,MONDAY,0
3111028,BUNSIK,TUESDAY,2
3111028,BUNSIK,WEDNESDAY,2
3111028,BUNSIK,THURSDAY,1
3111028,BUNSIK,FRIDAY,3
3111028,BUNSIK,SATURDAY,-1
3111028,BUNSIK,SUNDAY,-6
3111028,CAFE_BEVERAGE,MONDAY,1
3111028,CAFE_BEVERAGE,TUESDAY,1
3111028,CAFE_BEVERAGE,WEDNESDAY,1
3111028,CAFE_BEVERAGE,THURSDAY,1
3111028,CAFE_BEVERAGE,FRIDAY,3
3111028,CAFE_BEVERAGE,SATURDAY,6
3111028,CAFE_BEVERAGE,SUNDAY,-6
3111030,KOREAN_FOOD,MONDAY,3
3111030,KOREAN_FOOD,TUESDAY,2
3111030,KOREAN_FOOD,WEDNESDAY,1
3111030,KOREAN_FOOD,THURSDAY,1
3111030,KOREAN_FOOD,FRIDAY,1
3111030,KOREAN_FOOD,SATURDAY,-4
3111030,KOREAN_FOOD,SUNDAY,-6
3111030,CAFE_BEVERAGE,MONDAY,0
3111030,CAFE_BEVERAGE,TUESDAY,1
3111030,CAFE_BEVERAGE,WEDNESDAY,1
3111030,CAFE_BEVERAGE,THURSDAY,1
3111030,CAFE_BEVERAGE,FRIDAY,1
3111030,CAFE_BEVERAGE,SATURDAY,0
3111030,CAFE_BEVERAGE,SUNDAY,-3
3111030,BAKERY,MONDAY,0
3111030,BAKERY,TUESDAY,0
3111030,BAKERY,WEDNESDAY,-3
3111030,BAKERY,THURSDAY,0
3111030,BAKERY,FRIDAY,0
3111030,BAKERY,SATURDAY,2
3111030,BAKERY,SUNDAY,0
3111031,KOREAN_FOOD,MONDAY,6
3111031,KOREAN_FOOD,TUESDAY,6
3111031,KOREAN_FOOD,WEDNESDAY,5
3111031,KOREAN_FOOD,THURSDAY,5
3111031,KOREAN_FOOD,FRIDAY,4
3111031,KOREAN_FOOD,SATURDAY,-6
3111031,KOREAN_FOOD,SUNDAY,-6
3111031,BUNSIK,MONDAY,6
3111031,BUNSIK,TUESDAY,6
3111031,BUNSIK,WEDNESDAY,6
3111031,BUNSIK,THURSDAY,5
3111031,BUNSIK,FRIDAY,5
3111031,BUNSIK,SATURDAY,-6
3111031,BUNSIK,SUNDAY,-6
3111031,CAFE_BEVERAGE,MONDAY,-1
3111031,CAFE_BEVERAGE,TUESDAY,0
3111031,CAFE_BEVERAGE,WEDNESDAY,1
3111031,CAFE_BEVERAGE,THURSDAY,0
3111031,CAFE_BEVERAGE,FRIDAY,0
3111031,CAFE_BEVERAGE,SATURDAY,-1
3111031,CAFE_BEVERAGE,SUNDAY,1
3111031,BAKERY,MONDAY,0
3111031,BAKERY,TUESDAY,0
3111031,BAKERY,WEDNESDAY,0
3111031,BAKERY,THURSDAY,-1
3111031,BAKERY,FRIDAY,0
3111031,BAKERY,SATURDAY,0
3111031,BAKERY,SUNDAY,0
3111032,KOREAN_FOOD,MONDAY,-1
3111032,KOREAN_FOOD,TUESDAY,1
3111032,KOREAN_FOOD,WEDNESDAY,1
3111032,KOREAN_FOOD,THURSDAY,1
3111032,KOREAN_FOOD,FRIDAY,2
3111032,KOREAN_FOOD,SATURDAY,-1
3111032,KOREAN_FOOD,SUNDAY,-3
3111032,WESTERN_FOOD,MONDAY,-4
3111032,WESTERN_FOOD,TUESDAY,-2
3111032,WESTERN_FOOD,WEDNESDAY,-1
3111032,WESTERN_FOOD,THURSDAY,-1
3111032,WESTERN_FOOD,FRIDAY,-1
3111032,WESTERN_FOOD,SATURDAY,6
3111032,WESTERN_FOOD,SUNDAY,3
3111032,CAFE_BEVERAGE,MONDAY,0
3111032,CAFE_BEVERAGE,TUESDAY,1
3111032,CAFE_BEVERAGE,WEDNESDAY,0
3111032,CAFE_BEVERAGE,THURSDAY,2
3111032,CAFE_BEVERAGE,FRIDAY,2
3111032,CAFE_BEVERAGE,SATURDAY,-2
3111032,CAFE_BEVERAGE,SUNDAY,-1
3111032,BAKERY,MONDAY,0
3111032,BAKERY,TUESDAY,0
3111032,BAKERY,WEDNESDAY,-1
3111032,BAKERY,THURSDAY,0
3111032,BAKERY,FRIDAY,-1
3111032,BAKERY,SATURDAY,0
3111032,BAKERY,SUNDAY,2
3111033,KOREAN_FOOD,MONDAY,3
3111033,KOREAN_FOOD,TUESDAY,3
3111033,KOREAN_FOOD,WEDNESDAY,5
3111033,KOREAN_FOOD,THURSDAY,4
3111033,KOREAN_FOOD,FRIDAY,4
3111033,KOREAN_FOOD,SATURDAY,-3
3111033,KOREAN_FOOD,SUNDAY,-6
3111033,CAFE_BEVERAGE,MONDAY,0
3111033,CAFE_BEVERAGE,TUESDAY,0
3111033,CAFE_BEVERAGE,WEDNESDAY,0
3111033,CAFE_BEVERAGE,THURSDAY,0
3111033,CAFE_BEVERAGE,FRIDAY,1
3111033,CAFE_BEVERAGE,SATURDAY,1
3111033,CAFE_BEVERAGE,SUNDAY,-1
3111034,KOREAN_FOOD,MONDAY,-2
3111034,KOREAN_FOOD,TUESDAY,-3
3111034,KOREAN_FOOD,WEDNESDAY,-1
3111034,KOREAN_FOOD,THURSDAY,-1
3111034,KOREAN_FOOD,FRIDAY,0
3111034,KOREAN_FOOD,SATURDAY,4
3111034,KOREAN_FOOD,SUNDAY,3
3111034,CAFE_BEVERAGE,MONDAY,1
3111034,CAFE_BEVERAGE,TUESDAY,0
3111034,CAFE_BEVERAGE,WEDNESDAY,1
3111034,CAFE_BEVERAGE,THURSDAY,0
3111034,CAFE_BEVERAGE,FRIDAY,0
3111034,CAFE_BEVERAGE,SATURDAY,-1
3111034,CAFE_BEVERAGE,SUNDAY,0
3111035,KOREAN_FOOD,MONDAY,6
3111035,KOREAN_FOOD,TUESDAY,4
3111035,KOREAN_FOOD,WEDNESDAY,4
3111035,KOREAN_FOOD,THURSDAY,3
3111035,KOREAN_FOOD,FRIDAY,5
3111035,KOREAN_FOOD,SATURDAY,-5
3111035,KOREAN_FOOD,SUNDAY,-6
3111035,CAFE_BEVERAGE,MONDAY,-1
3111035,CAFE_BEVERAGE,TUESDAY,-3
3111035,CAFE_BEVERAGE,WEDNESDAY,-2
3111035,CAFE_BEVERAGE,THURSDAY,-1
3111035,CAFE_BEVERAGE,FRIDAY,-1
3111035,CAFE_BEVERAGE,SATURDAY,4
3111035,CAFE_BEVERAGE,SUNDAY,4
3111036,KOREAN_FOOD,MONDAY,-6
3111036,KOREAN_FOOD,TUESDAY,6
3111036,KOREAN_FOOD,WEDNESDAY,6
3111036,KOREAN_FOOD,THURSDAY,6
3111036,KOREAN_FOOD,FRIDAY,6
3111036,KOREAN_FOOD,SATURDAY,-3
3111036,KOREAN_FOOD,SUNDAY,-6
3111037,KOREAN_FOOD,MONDAY,6
3111037,KOREAN_FOOD,TUESDAY,4
3111037,KOREAN_FOOD,WEDNESDAY,3
3111037,KOREAN_FOOD,THURSDAY,4
3111037,KOREAN_FOOD,FRIDAY,3
3111037,KOREAN_FOOD,SATURDAY,-4
3111037,KOREAN_FOOD,SUNDAY,-6
3111038,KOREAN_FOOD,MONDAY,0
3111038,KOREAN_FOOD,TUESDAY,-6
3111038,KOREAN_FOOD,WEDNESDAY,-1
3111038,KOREAN_FOOD,THURSDAY,1
3111038,KOREAN_FOOD,FRIDAY,3
3111038,KOREAN_FOOD,SATURDAY,2
3111038,KOREAN_FOOD,SUNDAY,1
3111038,CAFE_BEVERAGE,MONDAY,0
3111038,CAFE_BEVERAGE,TUESDAY,0
3111038,CAFE_BEVERAGE,WEDNESDAY,2
3111038,CAFE_BEVERAGE,THURSDAY,1
3111038,CAFE_BEVERAGE,FRIDAY,2
3111038,CAFE_BEVERAGE,SATURDAY,1
3111038,CAFE_BEVERAGE,SUNDAY,-6
3111039,KOREAN_FOOD,MONDAY,5
3111039,KOREAN_FOOD,TUESDAY,4
3111039,KOREAN_FOOD,WEDNESDAY,1
3111039,KOREAN_FOOD,THURSDAY,4
3111039,KOREAN_FOOD,FRIDAY,4
3111039,KOREAN_FOOD,SATURDAY,-6
3111039,KOREAN_FOOD,SUNDAY,-6
3111039,CAFE_BEVERAGE,MONDAY,0
3111039,CAFE_BEVERAGE,TUESDAY,-2
3111039,CAFE_BEVERAGE,WEDNESDAY,-3
3111039,CAFE_BEVERAGE,THURSDAY,-2
3111039,CAFE_BEVERAGE,FRIDAY,-3
3111039,CAFE_BEVERAGE,SATURDAY,4
3111039,CAFE_BEVERAGE,SUNDAY,6
3111042,KOREAN_FOOD,MONDAY,-4
3111042,KOREAN_FOOD,TUESDAY,-2
3111042,KOREAN_FOOD,WEDNESDAY,-1
3111042,KOREAN_FOOD,THURSDAY,0
3111042,KOREAN_FOOD,FRIDAY,1
3111042,KOREAN_FOOD,SATURDAY,3
3111042,KOREAN_FOOD,SUNDAY,2
3111042,BUNSIK,MONDAY,4
3111042,BUNSIK,TUESDAY,6
3111042,BUNSIK,WEDNESDAY,6
3111042,BUNSIK,THURSDAY,4
3111042,BUNSIK,FRIDAY,0
3111042,BUNSIK,SATURDAY,-2
3111042,BUNSIK,SUNDAY,-6
3111042,CAFE_BEVERAGE,MONDAY,-3
3111042,CAFE_BEVERAGE,TUESDAY,0
3111042,CAFE_BEVERAGE,WEDNESDAY,0
3111042,CAFE_BEVERAGE,THURSDAY,-1
3111042,CAFE_BEVERAGE,FRIDAY,0
3111042,CAFE_BEVERAGE,SATURDAY,3
3111042,CAFE_BEVERAGE,SUNDAY,2
3111044,KOREAN_FOOD,MONDAY,-3
3111044,KOREAN_FOOD,TUESDAY,2
3111044,KOREAN_FOOD,WEDNESDAY,1
3111044,KOREAN_FOOD,THURSDAY,-1
3111044,KOREAN_FOOD,FRIDAY,1
3111044,KOREAN_FOOD,SATURDAY,2
3111044,KOREAN_FOOD,SUNDAY,-1
3111044,CHINESE_FOOD,MONDAY,-1
3111044,CHINESE_FOOD,TUESDAY,-6
3111044,CHINESE_FOOD,WEDNESDAY,0
3111044,CHINESE_FOOD,THURSDAY,-1
3111044,CHINESE_FOOD,FRIDAY,3
3111044,CHINESE_FOOD,SATURDAY,6
3111044,CHINESE_FOOD,SUNDAY,6
3111044,BUNSIK,MONDAY,-1
3111044,BUNSIK,TUESDAY,2
3111044,BUNSIK,WEDNESDAY,-4
3111044,BUNSIK,THURSDAY,1
3111044,BUNSIK,FRIDAY,2
3111044,BUNSIK,SATURDAY,2
3111044,BUNSIK,SUNDAY,-1
3111044,CAFE_BEVERAGE,MONDAY,1
3111044,CAFE_BEVERAGE,TUESDAY,0
3111044,CAFE_BEVERAGE,WEDNESDAY,0
3111044,CAFE_BEVERAGE,THURSDAY,1
3111044,CAFE_BEVERAGE,FRIDAY,2
3111044,CAFE_BEVERAGE,SATURDAY,1
3111044,CAFE_BEVERAGE,SUNDAY,-4
3111044,BAKERY,MONDAY,0
3111044,BAKERY,TUESDAY,0
3111044,BAKERY,WEDNESDAY,1
3111044,BAKERY,THURSDAY,-1
3111044,BAKERY,FRIDAY,1
3111044,BAKERY,SATURDAY,1
3111044,BAKERY,SUNDAY,-2
3111046,KOREAN_FOOD,MONDAY,-2
3111046,KOREAN_FOOD,TUESDAY,-1
3111046,KOREAN_FOOD,WEDNESDAY,0
3111046,KOREAN_FOOD,THURSDAY,0
3111046,KOREAN_FOOD,FRIDAY,2
3111046,KOREAN_FOOD,SATURDAY,4
3111046,KOREAN_FOOD,SUNDAY,-2
3111046,CHINESE_FOOD,MONDAY,4
3111046,CHINESE_FOOD,TUESDAY,1
3111046,CHINESE_FOOD,WEDNESDAY,-6
3111046,CHINESE_FOOD,THURSDAY,1
3111046,CHINESE_FOOD,FRIDAY,3
3111046,CHINESE_FOOD,SATURDAY,2
3111046,CHINESE_FOOD,SUNDAY,6
3111046,CHICKEN,MONDAY,-4
3111046,CHICKEN,TUESDAY,-4
3111046,CHICKEN,WEDNESDAY,-2
3111046,CHICKEN,THURSDAY,-3
3111046,CHICKEN,FRIDAY,4
3111046,CHICKEN,SATURDAY,5
3111046,CHICKEN,SUNDAY,3
3111046,FAST_FOOD,MONDAY,-1
3111046,FAST_FOOD,TUESDAY,0
3111046,FAST_FOOD,WEDNESDAY,-1
3111046,FAST_FOOD,THURSDAY,0
3111046,FAST_FOOD,FRIDAY,1
3111046,FAST_FOOD,SATURDAY,0
3111046,FAST_FOOD,SUNDAY,1
3111046,BUNSIK,MONDAY,3
3111046,BUNSIK,TUESDAY,1
3111046,BUNSIK,WEDNESDAY,3
3111046,BUNSIK,THURSDAY,3
3111046,BUNSIK,FRIDAY,4
3111046,BUNSIK,SATURDAY,-5
3111046,BUNSIK,SUNDAY,-6
3111046,CAFE_BEVERAGE,MONDAY,-2
3111046,CAFE_BEVERAGE,TUESDAY,-2
3111046,CAFE_BEVERAGE,WEDNESDAY,-1
3111046,CAFE_BEVERAGE,THURSDAY,0
3111046,CAFE_BEVERAGE,FRIDAY,0
3111046,CAFE_BEVERAGE,SATURDAY,2
3111046,CAFE_BEVERAGE,SUNDAY,3
3111046,BAKERY,MONDAY,2
3111046,BAKERY,TUESDAY,4
3111046,BAKERY,WEDNESDAY,0
3111046,BAKERY,THURSDAY,-6
3111046,BAKERY,FRIDAY,0
3111046,BAKERY,SATURDAY,2
3111046,BAKERY,SUNDAY,-1
3111048,KOREAN_FOOD,MONDAY,1
3111048,KOREAN_FOOD,TUESDAY,4
3111048,KOREAN_FOOD,WEDNESDAY,4
3111048,KOREAN_FOOD,THURSDAY,4
3111048,KOREAN_FOOD,FRIDAY,3
3111048,KOREAN_FOOD,SATURDAY,-5
3111048,KOREAN_FOOD,SUNDAY,-6
3111048,CAFE_BEVERAGE,MONDAY,-6
3111048,CAFE_BEVERAGE,TUESDAY,-3
3111048,CAFE_BEVERAGE,WEDNESDAY,-3
3111048,CAFE_BEVERAGE,THURSDAY,-3
3111048,CAFE_BEVERAGE,FRIDAY,-2
3111048,CAFE_BEVERAGE,SATURDAY,6
3111048,CAFE_BEVERAGE,SUNDAY,6
3111049,KOREAN_FOOD,MONDAY,0
3111049,KOREAN_FOOD,TUESDAY,0
3111049,KOREAN_FOOD,WEDNESDAY,0
3111049,KOREAN_FOOD,THURSDAY,0
3111049,KOREAN_FOOD,FRIDAY,3
3111049,KOREAN_FOOD,SATURDAY,3
3111049,KOREAN_FOOD,SUNDAY,-5
3111049,CAFE_BEVERAGE,MONDAY,-1
3111049,CAFE_BEVERAGE,TUESDAY,-2
3111049,CAFE_BEVERAGE,WEDNESDAY,-1
3111049,CAFE_BEVERAGE,THURSDAY,-1
3111049,CAFE_BEVERAGE,FRIDAY,-1
3111049,CAFE_BEVERAGE,SATURDAY,3
3111049,CAFE_BEVERAGE,SUNDAY,4
3111050,KOREAN_FOOD,MONDAY,0
3111050,KOREAN_FOOD,TUESDAY,4
3111050,KOREAN_FOOD,WEDNESDAY,5
3111050,KOREAN_FOOD,THURSDAY,5
3111050,KOREAN_FOOD,FRIDAY,6
3111050,KOREAN_FOOD,SATURDAY,-6
3111050,KOREAN_FOOD,SUNDAY,-6
3111050,CAFE_BEVERAGE,MONDAY,3
3111050,CAFE_BEVERAGE,TUESDAY,3
3111050,CAFE_BEVERAGE,WEDNESDAY,3
3111050,CAFE_BEVERAGE,THURSDAY,4
3111050,CAFE_BEVERAGE,FRIDAY,4
3111050,CAFE_BEVERAGE,SATURDAY,-6
3111050,CAFE_BEVERAGE,SUNDAY,-6
3111051,KOREAN_FOOD,MONDAY,2
3111051,KOREAN_FOOD,TUESDAY,1
3111051,KOREAN_FOOD,WEDNESDAY,2
3111051,KOREAN_FOOD,THURSDAY,1
3111051,KOREAN_FOOD,FRIDAY,3
3111051,KOREAN_FOOD,SATURDAY,1
3111051,KOREAN_FOOD,SUNDAY,-6
3111051,BUNSIK,MONDAY,6
3111051,BUNSIK,TUESDAY,3
3111051,BUNSIK,WEDNESDAY,2
3111051,BUNSIK,THURSDAY,3
3111051,BUNSIK,FRIDAY,5
3111051,BUNSIK,SATURDAY,-1
3111051,BUNSIK,SUNDAY,-6
3111051,CAFE_BEVERAGE,MONDAY,-5
3111051,CAFE_BEVERAGE,TUESDAY,-5
3111051,CAFE_BEVERAGE,WEDNESDAY,0
3111051,CAFE_BEVERAGE,THURSDAY,0
3111051,CAFE_BEVERAGE,FRIDAY,3
3111051,CAFE_BEVERAGE,SATURDAY,5
3111051,CAFE_BEVERAGE,SUNDAY,2
3111052,KOREAN_FOOD,MONDAY,0
3111052,KOREAN_FOOD,TUESDAY,0
3111052,KOREAN_FOOD,WEDNESDAY,0
3111052,KOREAN_FOOD,THURSDAY,0
3111052,KOREAN_FOOD,FRIDAY,1
3111052,KOREAN_FOOD,SATURDAY,0
3111052,KOREAN_FOOD,SUNDAY,-1
3111052,CHINESE_FOOD,MONDAY,-6
3111052,CHINESE_FOOD,TUESDAY,1
3111052,CHINESE_FOOD,WEDNESDAY,2
3111052,CHINESE_FOOD,THURSDAY,2
3111052,CHINESE_FOOD,FRIDAY,3
3111052,CHINESE_FOOD,SATURDAY,3
3111052,CHINESE_FOOD,SUNDAY,4
3111052,CAFE_BEVERAGE,MONDAY,-2
3111052,CAFE_BEVERAGE,TUESDAY,0
3111052,CAFE_BEVERAGE,WEDNESDAY,0
3111052,CAFE_BEVERAGE,THURSDAY,1
3111052,CAFE_BEVERAGE,FRIDAY,1
3111052,CAFE_BEVERAGE,SATURDAY,3
3111052,CAFE_BEVERAGE,SUNDAY,-3
3111053,KOREAN_FOOD,MONDAY,-5
3111053,KOREAN_FOOD,TUESDAY,-3
3111053,KOREAN_FOOD,WEDNESDAY,-2
3111053,KOREAN_FOOD,THURSDAY,-2
3111053,KOREAN_FOOD,FRIDAY,1
3111053,KOREAN_FOOD,SATURDAY,5
3111053,KOREAN_FOOD,SUNDAY,6
3111053,WESTERN_FOOD,MONDAY,-5
3111053,WESTERN_FOOD,TUESDAY,-4
3111053,WESTERN_FOOD,WEDNESDAY,-6
3111053,WESTERN_FOOD,THURSDAY,-2
3111053,WESTERN_FOOD,FRIDAY,4
3111053,WESTERN_FOOD,SATURDAY,6
3111053,WESTERN_FOOD,SUNDAY,6
3111053,CAFE_BEVERAGE,MONDAY,-2
3111053,CAFE_BEVERAGE,TUESDAY,-3
3111053,CAFE_BEVERAGE,WEDNESDAY,-3
3111053,CAFE_BEVERAGE,THURSDAY,-3
3111053,CAFE_BEVERAGE,FRIDAY,-2
3111053,CAFE_BEVERAGE,SATURDAY,4
3111053,CAFE_BEVERAGE,SUNDAY,6
3111054,KOREAN_FOOD,MONDAY,-6
3111054,KOREAN_FOOD,TUESDAY,-2
3111054,KOREAN_FOOD,WEDNESDAY,-4
3111054,KOREAN_FOOD,THURSDAY,-2
3111054,KOREAN_FOOD,FRIDAY,2
3111054,KOREAN_FOOD,SATURDAY,6
3111054,KOREAN_FOOD,SUNDAY,6
3111055,KOREAN_FOOD,MONDAY,-2
3111055,KOREAN_FOOD,TUESDAY,-3
3111055,KOREAN_FOOD,WEDNESDAY,-3
3111055,KOREAN_FOOD,THURSDAY,-1
3111055,KOREAN_FOOD,FRIDAY,0
3111055,KOREAN_FOOD,SATURDAY,5
3111055,KOREAN_FOOD,SUNDAY,3
3111056,KOREAN_FOOD,MONDAY,-2
3111056,KOREAN_FOOD,TUESDAY,-3
3111056,KOREAN_FOOD,WEDNESDAY,-1
3111056,KOREAN_FOOD,THURSDAY,-2
3111056,KOREAN_FOOD,FRIDAY,3
3111056,KOREAN_FOOD,SATURDAY,6
3111056,KOREAN_FOOD,SUNDAY,-1
3111057,KOREAN_FOOD,MONDAY,0
3111057,KOREAN_FOOD,TUESDAY,1
3111057,KOREAN_FOOD,WEDNESDAY,1
3111057,KOREAN_FOOD,THURSDAY,0
3111057,KOREAN_FOOD,FRIDAY,1
3111057,KOREAN_FOOD,SATURDAY,1
3111057,KOREAN_FOOD,SUNDAY,-3
3111057,BUNSIK,MONDAY,-4
3111057,BUNSIK,TUESDAY,2
3111057,BUNSIK,WEDNESDAY,1
3111057,BUNSIK,THURSDAY,0
3111057,BUNSIK,FRIDAY,-1
3111057,BUNSIK,SATURDAY,2
3111057,BUNSIK,SUNDAY,-1
3111057,CAFE_BEVERAGE,MONDAY,0
3111057,CAFE_BEVERAGE,TUESDAY,0
3111057,CAFE_BEVERAGE,WEDNESDAY,0
3111057,CAFE_BEVERAGE,THURSDAY,-1
3111057,CAFE_BEVERAGE,FRIDAY,3
3111057,CAFE_BEVERAGE,SATURDAY,2
3111057,CAFE_BEVERAGE,SUNDAY,-3
3111058,KOREAN_FOOD,MONDAY,1
3111058,KOREAN_FOOD,TUESDAY,3
3111058,KOREAN_FOOD,WEDNESDAY,3
3111058,KOREAN_FOOD,THURSDAY,4
3111058,KOREAN_FOOD,FRIDAY,3
3111058,KOREAN_FOOD,SATURDAY,-4
3111058,KOREAN_FOOD,SUNDAY,-6
3111058,CAFE_BEVERAGE,MONDAY,-1
3111058,CAFE_BEVERAGE,TUESDAY,-1
3111058,CAFE_BEVERAGE,WEDNESDAY,0
3111058,CAFE_BEVERAGE,THURSDAY,-1
3111058,CAFE_BEVERAGE,FRIDAY,2
3111058,CAFE_BEVERAGE,SATURDAY,-1
3111058,CAFE_BEVERAGE,SUNDAY,2
3111059,KOREAN_FOOD,MONDAY,-1
3111059,KOREAN_FOOD,TUESDAY,-1
3111059,KOREAN_FOOD,WEDNESDAY,-2
3111059,KOREAN_FOOD,THURSDAY,0
3111059,KOREAN_FOOD,FRIDAY,3
3111059,KOREAN_FOOD,SATURDAY,2
3111059,KOREAN_FOOD,SUNDAY,-1
3111059,CHINESE_FOOD,MONDAY,-6
3111059,CHINESE_FOOD,TUESDAY,3
3111059,CHINESE_FOOD,WEDNESDAY,4
3111059,CHINESE_FOOD,THURSDAY,3
3111059,CHINESE_FOOD,FRIDAY,3
3111059,CHINESE_FOOD,SATURDAY,1
3111059,CHINESE_FOOD,SUNDAY,1
3111059,JAPANESE_FOOD,MONDAY,-2
3111059,JAPANESE_FOOD,TUESDAY,-2
3111059,JAPANESE_FOOD,WEDNESDAY,-1
3111059,JAPANESE_FOOD,THURSDAY,0
3111059,JAPANESE_FOOD,FRIDAY,4
3111059,JAPANESE_FOOD,SATURDAY,6
3111059,JAPANESE_FOOD,SUNDAY,-6
3111059,CHICKEN,MONDAY,-6
3111059,CHICKEN,TUESDAY,-2
3111059,CHICKEN,WEDNESDAY,0
3111059,CHICKEN,THURSDAY,-1
3111059,CHICKEN,FRIDAY,5
3111059,CHICKEN,SATURDAY,6
3111059,CHICKEN,SUNDAY,2
3111059,BUNSIK,MONDAY,5
3111059,BUNSIK,TUESDAY,4
3111059,BUNSIK,WEDNESDAY,3
3111059,BUNSIK,THURSDAY,4
3111059,BUNSIK,FRIDAY,3
3111059,BUNSIK,SATURDAY,-4
3111059,BUNSIK,SUNDAY,-6
3111059,CAFE_BEVERAGE,MONDAY,-4
3111059,CAFE_BEVERAGE,TUESDAY,0
3111059,CAFE_BEVERAGE,WEDNESDAY,0
3111059,CAFE_BEVERAGE,THURSDAY,0
3111059,CAFE_BEVERAGE,FRIDAY,2
3111059,CAFE_BEVERAGE,SATURDAY,3
3111059,CAFE_BEVERAGE,SUNDAY,-1
3111060,KOREAN_FOOD,MONDAY,0
3111060,KOREAN_FOOD,TUESDAY,0
3111060,KOREAN_FOOD,WEDNESDAY,-1
3111060,KOREAN_FOOD,THURSDAY,0
3111060,KOREAN_FOOD,FRIDAY,2
3111060,KOREAN_FOOD,SATURDAY,2
3111060,KOREAN_FOOD,SUNDAY,-4
3111060,CHINESE_FOOD,MONDAY,-1
3111060,CHINESE_FOOD,TUESDAY,-3
3111060,CHINESE_FOOD,WEDNESDAY,-1
3111060,CHINESE_FOOD,THURSDAY,-2
3111060,CHINESE_FOOD,FRIDAY,1
3111060,CHINESE_FOOD,SATURDAY,3
3111060,CHINESE_FOOD,SUNDAY,4
3111060,CHICKEN,MONDAY,-1
3111060,CHICKEN,TUESDAY,-2
3111060,CHICKEN,WEDNESDAY,-3
3111060,CHICKEN,THURSDAY,-3
3111060,CHICKEN,FRIDAY,1
3111060,CHICKEN,SATURDAY,4
3111060,CHICKEN,SUNDAY,3
3111060,FAST_FOOD,MONDAY,-6
3111060,FAST_FOOD,TUESDAY,-4
3111060,FAST_FOOD,WEDNESDAY,-5
3111060,FAST_FOOD,THURSDAY,6
3111060,FAST_FOOD,FRIDAY,-3
3111060,FAST_FOOD,SATURDAY,5
3111060,FAST_FOOD,SUNDAY,6
3111060,CAFE_BEVERAGE,MONDAY,0
3111060,CAFE_BEVERAGE,TUESDAY,0
3111060,CAFE_BEVERAGE,WEDNESDAY,0
3111060,CAFE_BEVERAGE,THURSDAY,-1
3111060,CAFE_BEVERAGE,FRIDAY,0
3111060,CAFE_BEVERAGE,SATURDAY,3
3111060,CAFE_BEVERAGE,SUNDAY,-2
3111061,KOREAN_FOOD,MONDAY,0
3111061,KOREAN_FOOD,TUESDAY,-1
3111061,KOREAN_FOOD,WEDNESDAY,0
3111061,KOREAN_FOOD,THURSDAY,0
3111061,KOREAN_FOOD,FRIDAY,2
3111061,KOREAN_FOOD,SATURDAY,3
3111061,KOREAN_FOOD,SUNDAY,-5
3111061,CHINESE_FOOD,MONDAY,-2
3111061,CHINESE_FOOD,TUESDAY,-3
3111061,CHINESE_FOOD,WEDNESDAY,0
3111061,CHINESE_FOOD,THURSDAY,0
3111061,CHINESE_FOOD,FRIDAY,1
3111061,CHINESE_FOOD,SATURDAY,3
3111061,CHINESE_FOOD,SUNDAY,2
3111061,CAFE_BEVERAGE,MONDAY,-5
3111061,CAFE_BEVERAGE,TUESDAY,-4
3111061,CAFE_BEVERAGE,WEDNESDAY,-2
3111061,CAFE_BEVERAGE,THURSDAY,-1
3111061,CAFE_BEVERAGE,FRIDAY,-1
3111061,CAFE_BEVERAGE,SATURDAY,6
3111061,CAFE_BEVERAGE,SUNDAY,6
3111062,KOREAN_FOOD,MONDAY,-2
3111062,KOREAN_FOOD,TUESDAY,-2
3111062,KOREAN_FOOD,WEDNESDAY,-2
3111062,KOREAN_FOOD,THURSDAY,-2
3111062,KOREAN_FOOD,FRIDAY,0
3111062,KOREAN_FOOD,SATURDAY,2
3111062,KOREAN_FOOD,SUNDAY,5
3111062,CAFE_BEVERAGE,MONDAY,-6
3111062,CAFE_BEVERAGE,TUESDAY,-6
3111062,CAFE_BEVERAGE,WEDNESDAY,-5
3111062,CAFE_BEVERAGE,THURSDAY,-6
3111062,CAFE_BEVERAGE,FRIDAY,-3
3111062,CAFE_BEVERAGE,SATURDAY,-3
3111062,CAFE_BEVERAGE,SUNDAY,6
3111063,KOREAN_FOOD,MONDAY,5
3111063,KOREAN_FOOD,TUESDAY,3
3111063,KOREAN_FOOD,WEDNESDAY,2
3111063,KOREAN_FOOD,THURSDAY,2
3111063,KOREAN_FOOD,FRIDAY,2
3111063,KOREAN_FOOD,SATURDAY,-4
3111063,KOREAN_FOOD,SUNDAY,-6
3111063,CAFE_BEVERAGE,MONDAY,-3
3111063,CAFE_BEVERAGE,TUESDAY,-5
3111063,CAFE_BEVERAGE,WEDNESDAY,-4
3111063,CAFE_BEVERAGE,THURSDAY,-4
3111063,CAFE_BEVERAGE,FRIDAY,-2
3111063,CAFE_BEVERAGE,SATURDAY,6
3111063,CAFE_BEVERAGE,SUNDAY,6
3111064,KOREAN_FOOD,MONDAY,1
3111064,KOREAN_FOOD,TUESDAY,1
3111064,KOREAN_FOOD,WEDNESDAY,0
3111064,KOREAN_FOOD,THURSDAY,1
3111064,KOREAN_FOOD,FRIDAY,4
3111064,KOREAN_FOOD,SATURDAY,3
3111064,KOREAN_FOOD,SUNDAY,-6
3111064,CHICKEN,MONDAY,-3
3111064,CHICKEN,TUESDAY,-4
3111064,CHICKEN,WEDNESDAY,-5
3111064,CHICKEN,THURSDAY,-1
3111064,CHICKEN,FRIDAY,3
3111064,CHICKEN,SATURDAY,6
3111064,CHICKEN,SUNDAY,4
3111064,BAKERY,MONDAY,-2
3111064,BAKERY,TUESDAY,1
3111064,BAKERY,WEDNESDAY,0
3111064,BAKERY,THURSDAY,-5
3111064,BAKERY,FRIDAY,1
3111064,BAKERY,SATURDAY,5
3111064,BAKERY,SUNDAY,2
3111066,KOREAN_FOOD,MONDAY,-3
3111066,KOREAN_FOOD,TUESDAY,-2
3111066,KOREAN_FOOD,WEDNESDAY,0
3111066,KOREAN_FOOD,THURSDAY,-1
3111066,KOREAN_FOOD,FRIDAY,3
3111066,KOREAN_FOOD,SATURDAY,3
3111066,KOREAN_FOOD,SUNDAY,0
3111066,BUNSIK,MONDAY,3
3111066,BUNSIK,TUESDAY,5
3111066,BUNSIK,WEDNESDAY,4
3111066,BUNSIK,THURSDAY,3
3111066,BUNSIK,FRIDAY,4
3111066,BUNSIK,SATURDAY,1
3111066,BUNSIK,SUNDAY,-6
3111066,CAFE_BEVERAGE,MONDAY,-2
3111066,CAFE_BEVERAGE,TUESDAY,0
3111066,CAFE_BEVERAGE,WEDNESDAY,-2
3111066,CAFE_BEVERAGE,THURSDAY,-1
3111066,CAFE_BEVERAGE,FRIDAY,0
3111066,CAFE_BEVERAGE,SATURDAY,4
3111066,CAFE_BEVERAGE,SUNDAY,1
3111067,KOREAN_FOOD,MONDAY,5
3111067,KOREAN_FOOD,TUESDAY,3
3111067,KOREAN_FOOD,WEDNESDAY,2
3111067,KOREAN_FOOD,THURSDAY,4
3111067,KOREAN_FOOD,FRIDAY,3
3111067,KOREAN_FOOD,SATURDAY,-2
3111067,KOREAN_FOOD,SUNDAY,-6
3111067,CAFE_BEVERAGE,MONDAY,-5
3111067,CAFE_BEVERAGE,TUESDAY,-1
3111067,CAFE_BEVERAGE,WEDNESDAY,0
3111067,CAFE_BEVERAGE,THURSDAY,1
3111067,CAFE_BEVERAGE,FRIDAY,1
3111067,CAFE_BEVERAGE,SATURDAY,4
3111067,CAFE_BEVERAGE,SUNDAY,-1
3111067,BAKERY,MONDAY,-5
3111067,BAKERY,TUESDAY,1
3111067,BAKERY,WEDNESDAY,2
3111067,BAKERY,THURSDAY,1
3111067,BAKERY,FRIDAY,2
3111067,BAKERY,SATURDAY,4
3111067,BAKERY,SUNDAY,-4
3111068,CAFE_BEVERAGE,MONDAY,1
3111068,CAFE_BEVERAGE,TUESDAY,2
3111068,CAFE_BEVERAGE,WEDNESDAY,2
3111068,CAFE_BEVERAGE,THURSDAY,1
3111068,CAFE_BEVERAGE,FRIDAY,1
3111068,CAFE_BEVERAGE,SATURDAY,-3
3111068,CAFE_BEVERAGE,SUNDAY,-5
3111069,CAFE_BEVERAGE,MONDAY,1
3111069,CAFE_BEVERAGE,TUESDAY,-1
3111069,CAFE_BEVERAGE,WEDNESDAY,-1
3111069,CAFE_BEVERAGE,THURSDAY,-1
3111069,CAFE_BEVERAGE,FRIDAY,0
3111069,CAFE_BEVERAGE,SATURDAY,0
3111069,CAFE_BEVERAGE,SUNDAY,2
3111070,KOREAN_FOOD,MONDAY,-3
3111070,KOREAN_FOOD,TUESDAY,-1
3111070,KOREAN_FOOD,WEDNESDAY,-1
3111070,KOREAN_FOOD,THURSDAY,0
3111070,KOREAN_FOOD,FRIDAY,1
3111070,KOREAN_FOOD,SATURDAY,2
3111070,KOREAN_FOOD,SUNDAY,2
3111070,FAST_FOOD,MONDAY,-5
3111070,FAST_FOOD,TUESDAY,-3
3111070,FAST_FOOD,WEDNESDAY,-2
3111070,FAST_FOOD,THURSDAY,-2
3111070,FAST_FOOD,FRIDAY,0
3111070,FAST_FOOD,SATURDAY,6
3111070,FAST_FOOD,SUNDAY,6
3111071,KOREAN_FOOD,MONDAY,3
3111071,KOREAN_FOOD,TUESDAY,3
3111071,KOREAN_FOOD,WEDNESDAY,4
3111071,KOREAN_FOOD,THURSDAY,1
3111071,KOREAN_FOOD,FRIDAY,5
3111071,KOREAN_FOOD,SATURDAY,3
3111071,KOREAN_FOOD,SUNDAY,-6
3111072,KOREAN_FOOD,MONDAY,0
3111072,KOREAN_FOOD,TUESDAY,0
3111072,KOREAN_FOOD,WEDNESDAY,-1
3111072,KOREAN_FOOD,THURSDAY,-3
3111072,KOREAN_FOOD,FRIDAY,0
3111072,KOREAN_FOOD,SATURDAY,3
3111072,KOREAN_FOOD,SUNDAY,2
3111072,CAFE_BEVERAGE,MONDAY,-1
3111072,CAFE_BEVERAGE,TUESDAY,-1
3111072,CAFE_BEVERAGE,WEDNESDAY,-1
3111072,CAFE_BEVERAGE,THURSDAY,-1
3111072,CAFE_BEVERAGE,FRIDAY,0
3111072,CAFE_BEVERAGE,SATURDAY,4
3111072,CAFE_BEVERAGE,SUNDAY,0
3111073,KOREAN_FOOD,MONDAY,2
3111073,KOREAN_FOOD,TUESDAY,-1
3111073,KOREAN_FOOD,WEDNESDAY,1
3111073,KOREAN_FOOD,THURSDAY,1
3111073,KOREAN_FOOD,FRIDAY,2
3111073,KOREAN_FOOD,SATURDAY,-2
3111073,KOREAN_FOOD,SUNDAY,-3
3111073,CHICKEN,MONDAY,-4
3111073,CHICKEN,TUESDAY,-2
3111073,CHICKEN,WEDNESDAY,-5
3111073,CHICKEN,THURSDAY,0
3111073,CHICKEN,FRIDAY,3
3111073,CHICKEN,SATURDAY,4
3111073,CHICKEN,SUNDAY,4
3111073,BUNSIK,MONDAY,5
3111073,BUNSIK,TUESDAY,5
3111073,BUNSIK,WEDNESDAY,6
3111073,BUNSIK,THURSDAY,5
3111073,BUNSIK,FRIDAY,6
3111073,BUNSIK,SATURDAY,-6
3111073,BUNSIK,SUNDAY,-6
3111073,CAFE_BEVERAGE,MONDAY,0
3111073,CAFE_BEVERAGE,TUESDAY,1
3111073,CAFE_BEVERAGE,WEDNESDAY,0
3111073,CAFE_BEVERAGE,THURSDAY,0
3111073,CAFE_BEVERAGE,FRIDAY,1
3111073,CAFE_BEVERAGE,SATURDAY,-1
3111073,CAFE_BEVERAGE,SUNDAY,-1
3111074,KOREAN_FOOD,MONDAY,-3
3111074,KOREAN_FOOD,TUESDAY,-1
3111074,KOREAN_FOOD,WEDNESDAY,-5
3111074,KOREAN_FOOD,THURSDAY,-1
3111074,KOREAN_FOOD,FRIDAY,3
3111074,KOREAN_FOOD,SATURDAY,5
3111074,KOREAN_FOOD,SUNDAY,1
3111074,CAFE_BEVERAGE,MONDAY,-1
3111074,CAFE_BEVERAGE,TUESDAY,-3
3111074,CAFE_BEVERAGE,WEDNESDAY,0
3111074,CAFE_BEVERAGE,THURSDAY,-1
3111074,CAFE_BEVERAGE,FRIDAY,1
3111074,CAFE_BEVERAGE,SATURDAY,4
3111074,CAFE_BEVERAGE,SUNDAY,0
3111075,KOREAN_FOOD,MONDAY,1
3111075,KOREAN_FOOD,TUESDAY,2
3111075,KOREAN_FOOD,WEDNESDAY,3
3111075,KOREAN_FOOD,THURSDAY,3
3111075,KOREAN_FOOD,FRIDAY,4
3111075,KOREAN_FOOD,SATURDAY,-5
3111075,KOREAN_FOOD,SUNDAY,-6
3111075,CAFE_BEVERAGE,MONDAY,-2
3111075,CAFE_BEVERAGE,TUESDAY,-2
3111075,CAFE_BEVERAGE,WEDNESDAY,-1
3111075,CAFE_BEVERAGE,THURSDAY,-1
3111075,CAFE_BEVERAGE,FRIDAY,0
3111075,CAFE_BEVERAGE,SATURDAY,4
3111075,CAFE_BEVERAGE,SUNDAY,2
3111076,KOREAN_FOOD,MONDAY,-1
3111076,KOREAN_FOOD,TUESDAY,2
3111076,KOREAN_FOOD,WEDNESDAY,1
3111076,KOREAN_FOOD,THURSDAY,1
3111076,KOREAN_FOOD,FRIDAY,4
3111076,KOREAN_FOOD,SATURDAY,0
3111076,KOREAN_FOOD,SUNDAY,-6
3111076,WESTERN_FOOD,MONDAY,-1
3111076,WESTERN_FOOD,TUESDAY,-1
3111076,WESTERN_FOOD,WEDNESDAY,0
3111076,WESTERN_FOOD,THURSDAY,0
3111076,WESTERN_FOOD,FRIDAY,-1
3111076,WESTERN_FOOD,SATURDAY,2
3111076,WESTERN_FOOD,SUNDAY,1
3111076,CAFE_BEVERAGE,MONDAY,-2
3111076,CAFE_BEVERAGE,TUESDAY,-1
3111076,CAFE_BEVERAGE,WEDNESDAY,-1
3111076,CAFE_BEVERAGE,THURSDAY,0
3111076,CAFE_BEVERAGE,FRIDAY,0
3111076,CAFE_BEVERAGE,SATURDAY,3
3111076,CAFE_BEVERAGE,SUNDAY,2
3111077,KOREAN_FOOD,MONDAY,0
3111077,KOREAN_FOOD,TUESDAY,0
3111077,KOREAN_FOOD,WEDNESDAY,1
3111077,KOREAN_FOOD,THURSDAY,1
3111077,KOREAN_FOOD,FRIDAY,2
3111077,KOREAN_FOOD,SATURDAY,1
3111077,KOREAN_FOOD,SUNDAY,-5
3111077,CHINESE_FOOD,MONDAY,0
3111077,CHINESE_FOOD,TUESDAY,-6
3111077,CHINESE_FOOD,WEDNESDAY,1
3111077,CHINESE_FOOD,THURSDAY,2
3111077,CHINESE_FOOD,FRIDAY,3
3111077,CHINESE_FOOD,SATURDAY,3
3111077,CHINESE_FOOD,SUNDAY,3
3111077,BUNSIK,MONDAY,6
3111077,BUNSIK,TUESDAY,2
3111077,BUNSIK,WEDNESDAY,1
3111077,BUNSIK,THURSDAY,1
3111077,BUNSIK,FRIDAY,3
3111077,BUNSIK,SATURDAY,5
3111077,BUNSIK,SUNDAY,-6
3111077,CAFE_BEVERAGE,MONDAY,1
3111077,CAFE_BEVERAGE,TUESDAY,0
3111077,CAFE_BEVERAGE,WEDNESDAY,1
3111077,CAFE_BEVERAGE,THURSDAY,0
3111077,CAFE_BEVERAGE,FRIDAY,1
3111077,CAFE_BEVERAGE,SATURDAY,-1
3111077,CAFE_BEVERAGE,SUNDAY,-4
3111078,KOREAN_FOOD,MONDAY,-1
3111078,KOREAN_FOOD,TUESDAY,0
3111078,KOREAN_FOOD,WEDNESDAY,1
3111078,KOREAN_FOOD,THURSDAY,0
3111078,KOREAN_FOOD,FRIDAY,2
3111078,KOREAN_FOOD,SATURDAY,1
3111078,KOREAN_FOOD,SUNDAY,-3
3111078,CHINESE_FOOD,MONDAY,1
3111078,CHINESE_FOOD,TUESDAY,5
3111078,CHINESE_FOOD,WEDNESDAY,-6
3111078,CHINESE_FOOD,THURSDAY,3
3111078,CHINESE_FOOD,FRIDAY,3
3111078,CHINESE_FOOD,SATURDAY,1
3111078,CHINESE_FOOD,SUNDAY,1
3111078,CHICKEN,MONDAY,-6
3111078,CHICKEN,TUESDAY,-3
3111078,CHICKEN,WEDNESDAY,-4
3111078,CHICKEN,THURSDAY,1
3111078,CHICKEN,FRIDAY,5
3111078,CHICKEN,SATURDAY,3
3111078,CHICKEN,SUNDAY,5
3111078,BUNSIK,MONDAY,4
3111078,BUNSIK,TUESDAY,4
3111078,BUNSIK,WEDNESDAY,5
3111078,BUNSIK,THURSDAY,2
3111078,BUNSIK,FRIDAY,4
3111078,BUNSIK,SATURDAY,-5
3111078,BUNSIK,SUNDAY,-6
3111078,CAFE_BEVERAGE,MONDAY,-2
3111078,CAFE_BEVERAGE,TUESDAY,-2
3111078,CAFE_BEVERAGE,WEDNESDAY,-3
3111078,CAFE_BEVERAGE,THURSDAY,-2
3111078,CAFE_BEVERAGE,FRIDAY,0
3111078,CAFE_BEVERAGE,SATURDAY,5
3111078,CAFE_BEVERAGE,SUNDAY,3
3111078,BAKERY,MONDAY,0
3111078,BAKERY,TUESDAY,0
3111078,BAKERY,WEDNESDAY,1
3111078,BAKERY,THURSDAY,-2
3111078,BAKERY,FRIDAY,0
3111078,BAKERY,SATURDAY,0
3111078,BAKERY,SUNDAY,1
3111079,KOREAN_FOOD,MONDAY,4
3111079,KOREAN_FOOD,TUESDAY,5
3111079,KOREAN_FOOD,WEDNESDAY,5
3111079,KOREAN_FOOD,THURSDAY,3
3111079,KOREAN_FOOD,FRIDAY,4
3111079,KOREAN_FOOD,SATURDAY,-6
3111079,KOREAN_FOOD,SUNDAY,-6
3111080,KOREAN_FOOD,MONDAY,-6
3111080,KOREAN_FOOD,TUESDAY,-6
3111080,KOREAN_FOOD,WEDNESDAY,-2
3111080,KOREAN_FOOD,THURSDAY,-4
3111080,KOREAN_FOOD,FRIDAY,1
3111080,KOREAN_FOOD,SATURDAY,6
3111080,KOREAN_FOOD,SUNDAY,6
3111080,WESTERN_FOOD,MONDAY,-6
3111080,WESTERN_FOOD,TUESDAY,-4
3111080,WESTERN_FOOD,WEDNESDAY,-3
3111080,WESTERN_FOOD,THURSDAY,-3
3111080,WESTERN_FOOD,FRIDAY,3
3111080,WESTERN_FOOD,SATURDAY,6
3111080,WESTERN_FOOD,SUNDAY,6
3111080,CAFE_BEVERAGE,MONDAY,-6
3111080,CAFE_BEVERAGE,TUESDAY,-6
3111080,CAFE_BEVERAGE,WEDNESDAY,-6
3111080,CAFE_BEVERAGE,THURSDAY,-6
3111080,CAFE_BEVERAGE,FRIDAY,-5
3111080,CAFE_BEVERAGE,SATURDAY,6
3111080,CAFE_BEVERAGE,SUNDAY,6
3111083,KOREAN_FOOD,MONDAY,1
3111083,KOREAN_FOOD,TUESDAY,-2
3111083,KOREAN_FOOD,WEDNESDAY,0
3111083,KOREAN_FOOD,THURSDAY,0
3111083,KOREAN_FOOD,FRIDAY,2
3111083,KOREAN_FOOD,SATURDAY,1
3111083,KOREAN_FOOD,SUNDAY,-2
3111083,CHICKEN,MONDAY,-6
3111083,CHICKEN,TUESDAY,-2
3111083,CHICKEN,WEDNESDAY,0
3111083,CHICKEN,THURSDAY,0
3111083,CHICKEN,FRIDAY,5
3111083,CHICKEN,SATURDAY,3
3111083,CHICKEN,SUNDAY,0
3111085,KOREAN_FOOD,MONDAY,2
3111085,KOREAN_FOOD,TUESDAY,2
3111085,KOREAN_FOOD,WEDNESDAY,1
3111085,KOREAN_FOOD,THURSDAY,2
3111085,KOREAN_FOOD,FRIDAY,4
3111085,KOREAN_FOOD,SATURDAY,1
3111085,KOREAN_FOOD,SUNDAY,-6
3111085,BUNSIK,MONDAY,-4
3111085,BUNSIK,TUESDAY,-1
3111085,BUNSIK,WEDNESDAY,0
3111085,BUNSIK,THURSDAY,0
3111085,BUNSIK,FRIDAY,1
3111085,BUNSIK,SATURDAY,4
3111085,BUNSIK,SUNDAY,-1
3111085,CAFE_BEVERAGE,MONDAY,1
3111085,CAFE_BEVERAGE,TUESDAY,0
3111085,CAFE_BEVERAGE,WEDNESDAY,-1
3111085,CAFE_BEVERAGE,THURSDAY,2
3111085,CAFE_BEVERAGE,FRIDAY,2
3111085,CAFE_BEVERAGE,SATURDAY,-4
3111085,CAFE_BEVERAGE,SUNDAY,-1
3111086,KOREAN_FOOD,MONDAY,0
3111086,KOREAN_FOOD,TUESDAY,-1
3111086,KOREAN_FOOD,WEDNESDAY,-1
3111086,KOREAN_FOOD,THURSDAY,0
3111086,KOREAN_FOOD,FRIDAY,0
3111086,KOREAN_FOOD,SATURDAY,1
3111086,KOREAN_FOOD,SUNDAY,0
3111086,BUNSIK,MONDAY,3
3111086,BUNSIK,TUESDAY,1
3111086,BUNSIK,WEDNESDAY,4
3111086,BUNSIK,THURSDAY,3
3111086,BUNSIK,FRIDAY,2
3111086,BUNSIK,SATURDAY,0
3111086,BUNSIK,SUNDAY,-6
3111086,CAFE_BEVERAGE,MONDAY,-1
3111086,CAFE_BEVERAGE,TUESDAY,0
3111086,CAFE_BEVERAGE,WEDNESDAY,0
3111086,CAFE_BEVERAGE,THURSDAY,-1
3111086,CAFE_BEVERAGE,FRIDAY,1
3111086,CAFE_BEVERAGE,SATURDAY,1
3111086,CAFE_BEVERAGE,SUNDAY,0
3111086,BAKERY,MONDAY,-1
3111086,BAKERY,TUESDAY,0
3111086,BAKERY,WEDNESDAY,-3
3111086,BAKERY,THURSDAY,-1
3111086,BAKERY,FRIDAY,2
3111086,BAKERY,SATURDAY,3
3111086,BAKERY,SUNDAY,-1
3111087,KOREAN_FOOD,MONDAY,-1
3111087,KOREAN_FOOD,TUESDAY,-1
3111087,KOREAN_FOOD,WEDNESDAY,0
3111087,KOREAN_FOOD,THURSDAY,1
3111087,KOREAN_FOOD,FRIDAY,2
3111087,KOREAN_FOOD,SATURDAY,0
3111087,KOREAN_FOOD,SUNDAY,-1
3111087,CHICKEN,MONDAY,-5
3111087,CHICKEN,TUESDAY,-2
3111087,CHICKEN,WEDNESDAY,-1
3111087,CHICKEN,THURSDAY,-3
3111087,CHICKEN,FRIDAY,3
3111087,CHICKEN,SATURDAY,4
3111087,CHICKEN,SUNDAY,3
3111087,CAFE_BEVERAGE,MONDAY,1
3111087,CAFE_BEVERAGE,TUESDAY,-1
3111087,CAFE_BEVERAGE,WEDNESDAY,0
3111087,CAFE_BEVERAGE,THURSDAY,-1
3111087,CAFE_BEVERAGE,FRIDAY,-1
3111087,CAFE_BEVERAGE,SATURDAY,0
3111087,CAFE_BEVERAGE,SUNDAY,2
3111088,KOREAN_FOOD,MONDAY,-5
3111088,KOREAN_FOOD,TUESDAY,1
3111088,KOREAN_FOOD,WEDNESDAY,0
3111088,KOREAN_FOOD,THURSDAY,0
3111088,KOREAN_FOOD,FRIDAY,1
3111088,KOREAN_FOOD,SATURDAY,2
3111088,KOREAN_FOOD,SUNDAY,0
3111088,CHICKEN,MONDAY,-3
3111088,CHICKEN,TUESDAY,-4
3111088,CHICKEN,WEDNESDAY,-4
3111088,CHICKEN,THURSDAY,-3
3111088,CHICKEN,FRIDAY,5
3111088,CHICKEN,SATURDAY,6
3111088,CHICKEN,SUNDAY,3
3111088,CAFE_BEVERAGE,MONDAY,-3
3111088,CAFE_BEVERAGE,TUESDAY,-3
3111088,CAFE_BEVERAGE,WEDNESDAY,-2
3111088,CAFE_BEVERAGE,THURSDAY,-2
3111088,CAFE_BEVERAGE,FRIDAY,-2
3111088,CAFE_BEVERAGE,SATURDAY,6
3111088,CAFE_BEVERAGE,SUNDAY,6
3111089,KOREAN_FOOD,MONDAY,-2
3111089,KOREAN_FOOD,TUESDAY,2
3111089,KOREAN_FOOD,WEDNESDAY,3
3111089,KOREAN_FOOD,THURSDAY,2
3111089,KOREAN_FOOD,FRIDAY,5
3111089,KOREAN_FOOD,SATURDAY,-1
3111089,KOREAN_FOOD,SUNDAY,-6
3111089,CHINESE_FOOD,MONDAY,-1
3111089,CHINESE_FOOD,TUESDAY,0
3111089,CHINESE_FOOD,WEDNESDAY,1
3111089,CHINESE_FOOD,THURSDAY,2
3111089,CHINESE_FOOD,FRIDAY,4
3111089,CHINESE_FOOD,SATURDAY,3
3111089,CHINESE_FOOD,SUNDAY,-6
3111089,JAPANESE_FOOD,MONDAY,2
3111089,JAPANESE_FOOD,TUESDAY,2
3111089,JAPANESE_FOOD,WEDNESDAY,4
3111089,JAPANESE_FOOD,THURSDAY,4
3111089,JAPANESE_FOOD,FRIDAY,5
3111089,JAPANESE_FOOD,SATURDAY,-4
3111089,JAPANESE_FOOD,SUNDAY,-6
3111089,WESTERN_FOOD,MONDAY,2
3111089,WESTERN_FOOD,TUESDAY,3
3111089,WESTERN_FOOD,WEDNESDAY,3
3111089,WESTERN_FOOD,THURSDAY,3
3111089,WESTERN_FOOD,FRIDAY,6
3111089,WESTERN_FOOD,SATURDAY,-6
3111089,WESTERN_FOOD,SUNDAY,-1
3111089,CHICKEN,MONDAY,-4
3111089,CHICKEN,TUESDAY,-4
3111089,CHICKEN,WEDNESDAY,-2
3111089,CHICKEN,THURSDAY,-1
3111089,CHICKEN,FRIDAY,4
3111089,CHICKEN,SATURDAY,6
3111089,CHICKEN,SUNDAY,0
3111089,FAST_FOOD,MONDAY,-1
3111089,FAST_FOOD,TUESDAY,-1
3111089,FAST_FOOD,WEDNESDAY,2
3111089,FAST_FOOD,THURSDAY,1
3111089,FAST_FOOD,FRIDAY,2
3111089,FAST_FOOD,SATURDAY,0
3111089,FAST_FOOD,SUNDAY,-3
3111089,BUNSIK,MONDAY,-2
3111089,BUNSIK,TUESDAY,0
3111089,BUNSIK,WEDNESDAY,2
3111089,BUNSIK,THURSDAY,2
3111089,BUNSIK,FRIDAY,3
3111089,BUNSIK,SATURDAY,2
3111089,BUNSIK,SUNDAY,-6
3111089,CAFE_BEVERAGE,MONDAY,1
3111089,CAFE_BEVERAGE,TUESDAY,2
3111089,CAFE_BEVERAGE,WEDNESDAY,2
3111089,CAFE_BEVERAGE,THURSDAY,3
3111089,CAFE_BEVERAGE,FRIDAY,3
3111089,CAFE_BEVERAGE,SATURDAY,-4
3111089,CAFE_BEVERAGE,SUNDAY,-6
3111089,BAKERY,MONDAY,-1
3111089,BAKERY,TUESDAY,0
3111089,BAKERY,WEDNESDAY,0
3111089,BAKERY,THURSDAY,-1
3111089,BAKERY,FRIDAY,3
3111089,BAKERY,SATURDAY,0
3111089,BAKERY,SUNDAY,-1
3111090,KOREAN_FOOD,MONDAY,1
3111090,KOREAN_FOOD,TUESDAY,0
3111090,KOREAN_FOOD,WEDNESDAY,1
3111090,KOREAN_FOOD,THURSDAY,2
3111090,KOREAN_FOOD,FRIDAY,3
3111090,KOREAN_FOOD,SATURDAY,-2
3111090,KOREAN_FOOD,SUNDAY,-4
3111090,CHICKEN,MONDAY,-5
3111090,CHICKEN,TUESDAY,-2
3111090,CHICKEN,WEDNESDAY,-2
3111090,CHICKEN,THURSDAY,-3
3111090,CHICKEN,FRIDAY,6
3111090,CHICKEN,SATURDAY,5
3111090,CHICKEN,SUNDAY,1
3111090,FAST_FOOD,MONDAY,-1
3111090,FAST_FOOD,TUESDAY,-1
3111090,FAST_FOOD,WEDNESDAY,-2
3111090,FAST_FOOD,THURSDAY,0
3111090,FAST_FOOD,FRIDAY,1
3111090,FAST_FOOD,SATURDAY,2
3111090,FAST_FOOD,SUNDAY,1
3111090,BUNSIK,MONDAY,0
3111090,BUNSIK,TUESDAY,-1
3111090,BUNSIK,WEDNESDAY,-1
3111090,BUNSIK,THURSDAY,-1
3111090,BUNSIK,FRIDAY,1
3111090,BUNSIK,SATURDAY,2
3111090,BUNSIK,SUNDAY,0
3111090,CAFE_BEVERAGE,MONDAY,-1
3111090,CAFE_BEVERAGE,TUESDAY,-1
3111090,CAFE_BEVERAGE,WEDNESDAY,-1
3111090,CAFE_BEVERAGE,THURSDAY,-1
3111090,CAFE_BEVERAGE,FRIDAY,1
3111090,CAFE_BEVERAGE,SATURDAY,3
3111090,CAFE_BEVERAGE,SUNDAY,0
3111090,BAKERY,MONDAY,3
3111090,BAKERY,TUESDAY,3
3111090,BAKERY,WEDNESDAY,2
3111090,BAKERY,THURSDAY,1
3111090,BAKERY,FRIDAY,4
3111090,BAKERY,SATURDAY,3
3111090,BAKERY,SUNDAY,-6
3120001,KOREAN_FOOD,MONDAY,2
3120001,KOREAN_FOOD,TUESDAY,4
3120001,KOREAN_FOOD,WEDNESDAY,4
3120001,KOREAN_FOOD,THURSDAY,5
3120001,KOREAN_FOOD,FRIDAY,5
3120001,KOREAN_FOOD,SATURDAY,-6
3120001,KOREAN_FOOD,SUNDAY,-6
3120001,CHINESE_FOOD,MONDAY,1
3120001,CHINESE_FOOD,TUESDAY,3
3120001,CHINESE_FOOD,WEDNESDAY,3
3120001,CHINESE_FOOD,THURSDAY,3
3120001,CHINESE_FOOD,FRIDAY,3
3120001,CHINESE_FOOD,SATURDAY,-6
3120001,CHINESE_FOOD,SUNDAY,-6
3120001,JAPANESE_FOOD,MONDAY,2
3120001,JAPANESE_FOOD,TUESDAY,4
3120001,JAPANESE_FOOD,WEDNESDAY,4
3120001,JAPANESE_FOOD,THURSDAY,6
3120001,JAPANESE_FOOD,FRIDAY,6
3120001,JAPANESE_FOOD,SATURDAY,-6
3120001,JAPANESE_FOOD,SUNDAY,-6
3120001,WESTERN_FOOD,MONDAY,3
3120001,WESTERN_FOOD,TUESDAY,6
3120001,WESTERN_FOOD,WEDNESDAY,4
3120001,WESTERN_FOOD,THURSDAY,6
3120001,WESTERN_FOOD,FRIDAY,4
3120001,WESTERN_FOOD,SATURDAY,-6
3120001,WESTERN_FOOD,SUNDAY,-6
3120001,CHICKEN,MONDAY,-2
3120001,CHICKEN,TUESDAY,2
3120001,CHICKEN,WEDNESDAY,0
3120001,CHICKEN,THURSDAY,2
3120001,CHICKEN,FRIDAY,4
3120001,CHICKEN,SATURDAY,-2
3120001,CHICKEN,SUNDAY,-4
3120001,FAST_FOOD,MONDAY,0
3120001,FAST_FOOD,TUESDAY,3
3120001,FAST_FOOD,WEDNESDAY,2
3120001,FAST_FOOD,THURSDAY,3
3120001,FAST_FOOD,FRIDAY,3
3120001,FAST_FOOD,SATURDAY,-5
3120001,FAST_FOOD,SUNDAY,-6
3120001,BUNSIK,MONDAY,4
3120001,BUNSIK,TUESDAY,6
3120001,BUNSIK,WEDNESDAY,6
3120001,BUNSIK,THURSDAY,6
3120001,BUNSIK,FRIDAY,6
3120001,BUNSIK,SATURDAY,-6
3120001,BUNSIK,SUNDAY,-6
3120001,CAFE_BEVERAGE,MONDAY,2
3120001,CAFE_BEVERAGE,TUESDAY,5
3120001,CAFE_BEVERAGE,WEDNESDAY,5
3120001,CAFE_BEVERAGE,THURSDAY,5
3120001,CAFE_BEVERAGE,FRIDAY,5
3120001,CAFE_BEVERAGE,SATURDAY,-6
3120001,CAFE_BEVERAGE,SUNDAY,-6
3120001,BAKERY,MONDAY,2
3120001,BAKERY,TUESDAY,4
3120001,BAKERY,WEDNESDAY,3
3120001,BAKERY,THURSDAY,4
3120001,BAKERY,FRIDAY,2
3120001,BAKERY,SATURDAY,-5
3120001,BAKERY,SUNDAY,-6
3120002,KOREAN_FOOD,MONDAY,0
3120002,KOREAN_FOOD,TUESDAY,-2
3120002,KOREAN_FOOD,WEDNESDAY,1
3120002,KOREAN_FOOD,THURSDAY,2
3120002,KOREAN_FOOD,FRIDAY,2
3120002,KOREAN_FOOD,SATURDAY,3
3120002,KOREAN_FOOD,SUNDAY,-6
3120002,CHINESE_FOOD,MONDAY,-3
3120002,CHINESE_FOOD,TUESDAY,-6
3120002,CHINESE_FOOD,WEDNESDAY,0
3120002,CHINESE_FOOD,THURSDAY,0
3120002,CHINESE_FOOD,FRIDAY,2
3120002,CHINESE_FOOD,SATURDAY,6
3120002,CHINESE_FOOD,SUNDAY,4
3120002,JAPANESE_FOOD,MONDAY,-4
3120002,JAPANESE_FOOD,TUESDAY,-5
3120002,JAPANESE_FOOD,WEDNESDAY,-1
3120002,JAPANESE_FOOD,THURSDAY,-1
3120002,JAPANESE_FOOD,FRIDAY,3
3120002,JAPANESE_FOOD,SATURDAY,6
3120002,JAPANESE_FOOD,SUNDAY,0
3120002,WESTERN_FOOD,MONDAY,-6
3120002,WESTERN_FOOD,TUESDAY,-4
3120002,WESTERN_FOOD,WEDNESDAY,-2
3120002,WESTERN_FOOD,THURSDAY,-2
3120002,WESTERN_FOOD,FRIDAY,1
3120002,WESTERN_FOOD,SATURDAY,6
3120002,WESTERN_FOOD,SUNDAY,4
3120002,BUNSIK,MONDAY,-6
3120002,BUNSIK,TUESDAY,1
3120002,BUNSIK,WEDNESDAY,1
3120002,BUNSIK,THURSDAY,1
3120002,BUNSIK,FRIDAY,2
3120002,BUNSIK,SATURDAY,3
3120002,BUNSIK,SUNDAY,0
3120002,CAFE_BEVERAGE,MONDAY,-3
3120002,CAFE_BEVERAGE,TUESDAY,-3
3120002,CAFE_BEVERAGE,WEDNESDAY,-2
3120002,CAFE_BEVERAGE,THURSDAY,-2
3120002,CAFE_BEVERAGE,FRIDAY,0
3120002,CAFE_BEVERAGE,SATURDAY,6
3120002,CAFE_BEVERAGE,SUNDAY,2
3120002,BAKERY,MONDAY,-5
3120002,BAKERY,TUESDAY,-5
3120002,BAKERY,WEDNESDAY,-3
3120002,BAKERY,THURSDAY,-3
3120002,BAKERY,FRIDAY,0
3120002,BAKERY,SATURDAY,6
3120002,BAKERY,SUNDAY,5
3120003,KOREAN_FOOD,MONDAY,3
3120003,KOREAN_FOOD,TUESDAY,5
3120003,KOREAN_FOOD,WEDNESDAY,5
3120003,KOREAN_FOOD,THURSDAY,5
3120003,KOREAN_FOOD,FRIDAY,5
3120003,KOREAN_FOOD,SATURDAY,-6
3120003,KOREAN_FOOD,SUNDAY,-6
3120003,CHINESE_FOOD,MONDAY,2
3120003,CHINESE_FOOD,TUESDAY,5
3120003,CHINESE_FOOD,WEDNESDAY,6
3120003,CHINESE_FOOD,THURSDAY,6
3120003,CHINESE_FOOD,FRIDAY,6
3120003,CHINESE_FOOD,SATURDAY,-6
3120003,CHINESE_FOOD,SUNDAY,-6
3120003,JAPANESE_FOOD,MONDAY,4
3120003,JAPANESE_FOOD,TUESDAY,6
3120003,JAPANESE_FOOD,WEDNESDAY,6
3120003,JAPANESE_FOOD,THURSDAY,6
3120003,JAPANESE_FOOD,FRIDAY,5
3120003,JAPANESE_FOOD,SATURDAY,-6
3120003,JAPANESE_FOOD,SUNDAY,-6
3120003,WESTERN_FOOD,MONDAY,0
3120003,WESTERN_FOOD,TUESDAY,2
3120003,WESTERN_FOOD,WEDNESDAY,3
3120003,WESTERN_FOOD,THURSDAY,3
3120003,WESTERN_FOOD,FRIDAY,4
3120003,WESTERN_FOOD,SATURDAY,-5
3120003,WESTERN_FOOD,SUNDAY,-6
3120003,CHICKEN,MONDAY,2
3120003,CHICKEN,TUESDAY,5
3120003,CHICKEN,WEDNESDAY,5
3120003,CHICKEN,THURSDAY,6
3120003,CHICKEN,FRIDAY,6
3120003,CHICKEN,SATURDAY,-6
3120003,CHICKEN,SUNDAY,-6
3120003,FAST_FOOD,MONDAY,1
3120003,FAST_FOOD,TUESDAY,2
3120003,FAST_FOOD,WEDNESDAY,2
3120003,FAST_FOOD,THURSDAY,2
3120003,FAST_FOOD,FRIDAY,2
3120003,FAST_FOOD,SATURDAY,-4
3120003,FAST_FOOD,SUNDAY,-5
3120003,BUNSIK,MONDAY,2
3120003,BUNSIK,TUESDAY,4
3120003,BUNSIK,WEDNESDAY,4
3120003,BUNSIK,THURSDAY,4
3120003,BUNSIK,FRIDAY,4
3120003,BUNSIK,SATURDAY,-6
3120003,BUNSIK,SUNDAY,-6
3120003,CAFE_BEVERAGE,MONDAY,2
3120003,CAFE_BEVERAGE,TUESDAY,4
3120003,CAFE_BEVERAGE,WEDNESDAY,4
3120003,CAFE_BEVERAGE,THURSDAY,4
3120003,CAFE_BEVERAGE,FRIDAY,4
3120003,CAFE_BEVERAGE,SATURDAY,-6
3120003,CAFE_BEVERAGE,SUNDAY,-6
3120003,BAKERY,MONDAY,0
3120003,BAKERY,TUESDAY,2
3120003,BAKERY,WEDNESDAY,3
3120003,BAKERY,THURSDAY,2
3120003,BAKERY,FRIDAY,3
3120003,BAKERY,SATURDAY,-5
3120003,BAKERY,SUNDAY,-5
3120004,KOREAN_FOOD,MONDAY,6
3120004,KOREAN_FOOD,TUESDAY,6
3120004,KOREAN_FOOD,WEDNESDAY,6
3120004,KOREAN_FOOD,THURSDAY,6
3120004,KOREAN_FOOD,FRIDAY,4
3120004,KOREAN_FOOD,SATURDAY,-6
3120004,KOREAN_FOOD,SUNDAY,-6
3120004,CHINESE_FOOD,MONDAY,3
3120004,CHINESE_FOOD,TUESDAY,5
3120004,CHINESE_FOOD,WEDNESDAY,5
3120004,CHINESE_FOOD,THURSDAY,6
3120004,CHINESE_FOOD,FRIDAY,5
3120004,CHINESE_FOOD,SATURDAY,-6
3120004,CHINESE_FOOD,SUNDAY,-6
3120004,JAPANESE_FOOD,MONDAY,1
3120004,JAPANESE_FOOD,TUESDAY,6
3120004,JAPANESE_FOOD,WEDNESDAY,6
3120004,JAPANESE_FOOD,THURSDAY,6
3120004,JAPANESE_FOOD,FRIDAY,6
3120004,JAPANESE_FOOD,SATURDAY,-6
3120004,JAPANESE_FOOD,SUNDAY,-6
3120004,WESTERN_FOOD,MONDAY,6
3120004,WESTERN_FOOD,TUESDAY,6
3120004,WESTERN_FOOD,WEDNESDAY,6
3120004,WESTERN_FOOD,THURSDAY,6
3120004,WESTERN_FOOD,FRIDAY,5
3120004,WESTERN_FOOD,SATURDAY,-6
3120004,WESTERN_FOOD,SUNDAY,-6
3120004,FAST_FOOD,MONDAY,2
3120004,FAST_FOOD,TUESDAY,2
3120004,FAST_FOOD,WEDNESDAY,3
3120004,FAST_FOOD,THURSDAY,3
3120004,FAST_FOOD,FRIDAY,3
3120004,FAST_FOOD,SATURDAY,-6
3120004,FAST_FOOD,SUNDAY,-6
3120004,BUNSIK,MONDAY,4
3120004,BUNSIK,TUESDAY,4
3120004,BUNSIK,WEDNESDAY,4
3120004,BUNSIK,THURSDAY,4
3120004,BUNSIK,FRIDAY,2
3120004,BUNSIK,SATURDAY,-6
3120004,BUNSIK,SUNDAY,-6
3120004,CAFE_BEVERAGE,MONDAY,4
3120004,CAFE_BEVERAGE,TUESDAY,5
3120004,CAFE_BEVERAGE,WEDNESDAY,6
3120004,CAFE_BEVERAGE,THURSDAY,5
3120004,CAFE_BEVERAGE,FRIDAY,5
3120004,CAFE_BEVERAGE,SATURDAY,-6
3120004,CAFE_BEVERAGE,SUNDAY,-6
3120005,KOREAN_FOOD,MONDAY,-4
3120005,KOREAN_FOOD,TUESDAY,-4
3120005,KOREAN_FOOD,WEDNESDAY,-1
3120005,KOREAN_FOOD,THURSDAY,-1
3120005,KOREAN_FOOD,FRIDAY,0
3120005,KOREAN_FOOD,SATURDAY,6
3120005,KOREAN_FOOD,SUNDAY,4
3120005,WESTERN_FOOD,MONDAY,-5
3120005,WESTERN_FOOD,TUESDAY,-3
3120005,WESTERN_FOOD,WEDNESDAY,-1
3120005,WESTERN_FOOD,THURSDAY,-1
3120005,WESTERN_FOOD,FRIDAY,1
3120005,WESTERN_FOOD,SATURDAY,6
3120005,WESTERN_FOOD,SUNDAY,3
3120005,FAST_FOOD,MONDAY,-6
3120005,FAST_FOOD,TUESDAY,-6
3120005,FAST_FOOD,WEDNESDAY,-6
3120005,FAST_FOOD,THURSDAY,-5
3120005,FAST_FOOD,FRIDAY,-4
3120005,FAST_FOOD,SATURDAY,6
3120005,FAST_FOOD,SUNDAY,6
3120005,BUNSIK,MONDAY,-6
3120005,BUNSIK,TUESDAY,-6
3120005,BUNSIK,WEDNESDAY,-2
3120005,BUNSIK,THURSDAY,-3
3120005,BUNSIK,FRIDAY,-1
3120005,BUNSIK,SATURDAY,6
3120005,BUNSIK,SUNDAY,6
3120005,CAFE_BEVERAGE,MONDAY,-5
3120005,CAFE_BEVERAGE,TUESDAY,-6
3120005,CAFE_BEVERAGE,WEDNESDAY,-3
3120005,CAFE_BEVERAGE,THURSDAY,-3
3120005,CAFE_BEVERAGE,FRIDAY,-2
3120005,CAFE_BEVERAGE,SATURDAY,6
3120005,CAFE_BEVERAGE,SUNDAY,6
3120005,BAKERY,MONDAY,-5
3120005,BAKERY,TUESDAY,-5
3120005,BAKERY,WEDNESDAY,-3
3120005,BAKERY,THURSDAY,-3
3120005,BAKERY,FRIDAY,-1
3120005,BAKERY,SATURDAY,6
3120005,BAKERY,SUNDAY,6
3120006,KOREAN_FOOD,MONDAY,2
3120006,KOREAN_FOOD,TUESDAY,3
3120006,KOREAN_FOOD,WEDNESDAY,4
3120006,KOREAN_FOOD,THURSDAY,4
3120006,KOREAN_FOOD,FRIDAY,4
3120006,KOREAN_FOOD,SATURDAY,-6
3120006,KOREAN_FOOD,SUNDAY,-6
3120006,CHINESE_FOOD,MONDAY,1
3120006,CHINESE_FOOD,TUESDAY,3
3120006,CHINESE_FOOD,WEDNESDAY,4
3120006,CHINESE_FOOD,THURSDAY,4
3120006,CHINESE_FOOD,FRIDAY,4
3120006,CHINESE_FOOD,SATURDAY,-6
3120006,CHINESE_FOOD,SUNDAY,-6
3120006,JAPANESE_FOOD,MONDAY,3
3120006,JAPANESE_FOOD,TUESDAY,5
3120006,JAPANESE_FOOD,WEDNESDAY,5
3120006,JAPANESE_FOOD,THURSDAY,6
3120006,JAPANESE_FOOD,FRIDAY,6
3120006,JAPANESE_FOOD,SATURDAY,-6
3120006,JAPANESE_FOOD,SUNDAY,-6
3120006,WESTERN_FOOD,MONDAY,1
3120006,WESTERN_FOOD,TUESDAY,3
3120006,WESTERN_FOOD,WEDNESDAY,4
3120006,WESTERN_FOOD,THURSDAY,4
3120006,WESTERN_FOOD,FRIDAY,5
3120006,WESTERN_FOOD,SATURDAY,-6
3120006,WESTERN_FOOD,SUNDAY,-6
3120006,CHICKEN,MONDAY,-1
3120006,CHICKEN,TUESDAY,2
3120006,CHICKEN,WEDNESDAY,3
3120006,CHICKEN,THURSDAY,4
3120006,CHICKEN,FRIDAY,5
3120006,CHICKEN,SATURDAY,-4
3120006,CHICKEN,SUNDAY,-6
3120006,FAST_FOOD,MONDAY,1
3120006,FAST_FOOD,TUESDAY,2
3120006,FAST_FOOD,WEDNESDAY,2
3120006,FAST_FOOD,THURSDAY,3
3120006,FAST_FOOD,FRIDAY,3
3120006,FAST_FOOD,SATURDAY,-4
3120006,FAST_FOOD,SUNDAY,-6
3120006,BUNSIK,MONDAY,3
3120006,BUNSIK,TUESDAY,4
3120006,BUNSIK,WEDNESDAY,4
3120006,BUNSIK,THURSDAY,4
3120006,BUNSIK,FRIDAY,4
3120006,BUNSIK,SATURDAY,-6
3120006,BUNSIK,SUNDAY,-6
3120006,CAFE_BEVERAGE,MONDAY,3
3120006,CAFE_BEVERAGE,TUESDAY,4
3120006,CAFE_BEVERAGE,WEDNESDAY,5
3120006,CAFE_BEVERAGE,THURSDAY,5
3120006,CAFE_BEVERAGE,FRIDAY,5
3120006,CAFE_BEVERAGE,SATURDAY,-6
3120006,CAFE_BEVERAGE,SUNDAY,-6
3120006,BAKERY,MONDAY,0
3120006,BAKERY,TUESDAY,2
3120006,BAKERY,WEDNESDAY,2
3120006,BAKERY,THURSDAY,4
3120006,BAKERY,FRIDAY,5
3120006,BAKERY,SATURDAY,-4
3120006,BAKERY,SUNDAY,-6
3120007,KOREAN_FOOD,MONDAY,-3
3120007,KOREAN_FOOD,TUESDAY,-1
3120007,KOREAN_FOOD,WEDNESDAY,0
3120007,KOREAN_FOOD,THURSDAY,0
3120007,KOREAN_FOOD,FRIDAY,2
3120007,KOREAN_FOOD,SATURDAY,4
3120007,KOREAN_FOOD,SUNDAY,-3
3120007,JAPANESE_FOOD,MONDAY,-6
3120007,JAPANESE_FOOD,TUESDAY,-1
3120007,JAPANESE_FOOD,WEDNESDAY,0
3120007,JAPANESE_FOOD,THURSDAY,0
3120007,JAPANESE_FOOD,FRIDAY,2
3120007,JAPANESE_FOOD,SATURDAY,6
3120007,JAPANESE_FOOD,SUNDAY,6
3120007,WESTERN_FOOD,MONDAY,-4
3120007,WESTERN_FOOD,TUESDAY,-2
3120007,WESTERN_FOOD,WEDNESDAY,0
3120007,WESTERN_FOOD,THURSDAY,0
3120007,WESTERN_FOOD,FRIDAY,2
3120007,WESTERN_FOOD,SATURDAY,5
3120007,WESTERN_FOOD,SUNDAY,-1
3120007,CHICKEN,MONDAY,-1
3120007,CHICKEN,TUESDAY,1
3120007,CHICKEN,WEDNESDAY,3
3120007,CHICKEN,THURSDAY,3
3120007,CHICKEN,FRIDAY,6
3120007,CHICKEN,SATURDAY,4
3120007,CHICKEN,SUNDAY,-6
3120007,FAST_FOOD,MONDAY,-6
3120007,FAST_FOOD,TUESDAY,-4
3120007,FAST_FOOD,WEDNESDAY,-3
3120007,FAST_FOOD,THURSDAY,-4
3120007,FAST_FOOD,FRIDAY,-1
3120007,FAST_FOOD,SATURDAY,6
3120007,FAST_FOOD,SUNDAY,6
3120007,BUNSIK,MONDAY,-6
3120007,BUNSIK,TUESDAY,-2
3120007,BUNSIK,WEDNESDAY,-1
3120007,BUNSIK,THURSDAY,-1
3120007,BUNSIK,FRIDAY,1
3120007,BUNSIK,SATURDAY,6
3120007,BUNSIK,SUNDAY,1
3120007,CAFE_BEVERAGE,MONDAY,-2
3120007,CAFE_BEVERAGE,TUESDAY,1
3120007,CAFE_BEVERAGE,WEDNESDAY,1
3120007,CAFE_BEVERAGE,THURSDAY,1
3120007,CAFE_BEVERAGE,FRIDAY,2
3120007,CAFE_BEVERAGE,SATURDAY,1
3120007,CAFE_BEVERAGE,SUNDAY,-4
3120007,BAKERY,MONDAY,-3
3120007,BAKERY,TUESDAY,-2
3120007,BAKERY,WEDNESDAY,-1
3120007,BAKERY,THURSDAY,-1
3120007,BAKERY,FRIDAY,2
3120007,BAKERY,SATURDAY,5
3120007,BAKERY,SUNDAY,0
3120008,KOREAN_FOOD,MONDAY,1
3120008,KOREAN_FOOD,TUESDAY,1
3120008,KOREAN_FOOD,WEDNESDAY,2
3120008,KOREAN_FOOD,THURSDAY,2
3120008,KOREAN_FOOD,FRIDAY,2
3120008,KOREAN_FOOD,SATURDAY,-2
3120008,KOREAN_FOOD,SUNDAY,-6
3120008,CHINESE_FOOD,MONDAY,4
3120008,CHINESE_FOOD,TUESDAY,6
3120008,CHINESE_FOOD,WEDNESDAY,6
3120008,CHINESE_FOOD,THURSDAY,6
3120008,CHINESE_FOOD,FRIDAY,6
3120008,CHINESE_FOOD,SATURDAY,-6
3120008,CHINESE_FOOD,SUNDAY,-6
3120008,JAPANESE_FOOD,MONDAY,2
3120008,JAPANESE_FOOD,TUESDAY,4
3120008,JAPANESE_FOOD,WEDNESDAY,4
3120008,JAPANESE_FOOD,THURSDAY,5
3120008,JAPANESE_FOOD,FRIDAY,3
3120008,JAPANESE_FOOD,SATURDAY,-6
3120008,JAPANESE_FOOD,SUNDAY,-6
3120008,WESTERN_FOOD,MONDAY,-4
3120008,WESTERN_FOOD,TUESDAY,-1
3120008,WESTERN_FOOD,WEDNESDAY,1
3120008,WESTERN_FOOD,THURSDAY,0
3120008,WESTERN_FOOD,FRIDAY,1
3120008,WESTERN_FOOD,SATURDAY,4
3120008,WESTERN_FOOD,SUNDAY,-1
3120008,BUNSIK,MONDAY,-6
3120008,BUNSIK,TUESDAY,0
3120008,BUNSIK,WEDNESDAY,3
3120008,BUNSIK,THURSDAY,-2
3120008,BUNSIK,FRIDAY,3
3120008,BUNSIK,SATURDAY,1
3120008,BUNSIK,SUNDAY,1
3120008,CAFE_BEVERAGE,MONDAY,-1
3120008,CAFE_BEVERAGE,TUESDAY,0
3120008,CAFE_BEVERAGE,WEDNESDAY,1
3120008,CAFE_BEVERAGE,THURSDAY,1
3120008,CAFE_BEVERAGE,FRIDAY,1
3120008,CAFE_BEVERAGE,SATURDAY,2
3120008,CAFE_BEVERAGE,SUNDAY,-4
3120008,BAKERY,MONDAY,1
3120008,BAKERY,TUESDAY,3
3120008,BAKERY,WEDNESDAY,4
3120008,BAKERY,THURSDAY,4
3120008,BAKERY,FRIDAY,5
3120008,BAKERY,SATURDAY,-6
3120008,BAKERY,SUNDAY,-6
3120009,KOREAN_FOOD,MONDAY,-1
3120009,KOREAN_FOOD,TUESDAY,0
3120009,KOREAN_FOOD,WEDNESDAY,1
3120009,KOREAN_FOOD,THURSDAY,1
3120009,KOREAN_FOOD,FRIDAY,4
3120009,KOREAN_FOOD,SATURDAY,2
3120009,KOREAN_FOOD,SUNDAY,-6
3120009,CHINESE_FOOD,MONDAY,1
3120009,CHINESE_FOOD,TUESDAY,3
3120009,CHINESE_FOOD,WEDNESDAY,4
3120009,CHINESE_FOOD,THURSDAY,4
3120009,CHINESE_FOOD,FRIDAY,5
3120009,CHINESE_FOOD,SATURDAY,-5
3120009,CHINESE_FOOD,SUNDAY,-6
3120009,JAPANESE_FOOD,MONDAY,-1
3120009,JAPANESE_FOOD,TUESDAY,2
3120009,JAPANESE_FOOD,WEDNESDAY,2
3120009,JAPANESE_FOOD,THURSDAY,3
3120009,JAPANESE_FOOD,FRIDAY,5
3120009,JAPANESE_FOOD,SATURDAY,1
3120009,JAPANESE_FOOD,SUNDAY,-6
3120009,WESTERN_FOOD,MONDAY,-2
3120009,WESTERN_FOOD,TUESDAY,-3
3120009,WESTERN_FOOD,WEDNESDAY,-2
3120009,WESTERN_FOOD,THURSDAY,-2
3120009,WESTERN_FOOD,FRIDAY,0
3120009,WESTERN_FOOD,SATURDAY,6
3120009,WESTERN_FOOD,SUNDAY,1
3120009,CHICKEN,MONDAY,-2
3120009,CHICKEN,TUESDAY,-2
3120009,CHICKEN,WEDNESDAY,-1
3120009,CHICKEN,THURSDAY,0
3120009,CHICKEN,FRIDAY,3
3120009,CHICKEN,SATURDAY,4
3120009,CHICKEN,SUNDAY,-3
3120009,FAST_FOOD,MONDAY,-1
3120009,FAST_FOOD,TUESDAY,0
3120009,FAST_FOOD,WEDNESDAY,0
3120009,FAST_FOOD,THURSDAY,1
3120009,FAST_FOOD,FRIDAY,2
3120009,FAST_FOOD,SATURDAY,2
3120009,FAST_FOOD,SUNDAY,-4
3120009,BUNSIK,MONDAY,-1
3120009,BUNSIK,TUESDAY,-1
3120009,BUNSIK,WEDNESDAY,1
3120009,BUNSIK,THURSDAY,1
3120009,BUNSIK,FRIDAY,2
3120009,BUNSIK,SATURDAY,2
3120009,BUNSIK,SUNDAY,-5
3120009,CAFE_BEVERAGE,MONDAY,0
3120009,CAFE_BEVERAGE,TUESDAY,1
3120009,CAFE_BEVERAGE,WEDNESDAY,1
3120009,CAFE_BEVERAGE,THURSDAY,1
3120009,CAFE_BEVERAGE,FRIDAY,3
3120009,CAFE_BEVERAGE,SATURDAY,1
3120009,CAFE_BEVERAGE,SUNDAY,-6
3120009,BAKERY,MONDAY,-1
3120009,BAKERY,TUESDAY,0
3120009,BAKERY,WEDNESDAY,1
3120009,BAKERY,THURSDAY,1
3120009,BAKERY,FRIDAY,2
3120009,BAKERY,SATURDAY,3
3120009,BAKERY,SUNDAY,-6
3120010,KOREAN_FOOD,MONDAY,5
3120010,KOREAN_FOOD,TUESDAY,6
3120010,KOREAN_FOOD,WEDNESDAY,6
3120010,KOREAN_FOOD,THURSDAY,6
3120010,KOREAN_FOOD,FRIDAY,5
3120010,KOREAN_FOOD,SATURDAY,-6
3120010,KOREAN_FOOD,SUNDAY,-6
3120010,BUNSIK,MONDAY,6
3120010,BUNSIK,TUESDAY,6
3120010,BUNSIK,WEDNESDAY,6
3120010,BUNSIK,THURSDAY,6
3120010,BUNSIK,FRIDAY,6
3120010,BUNSIK,SATURDAY,-6
3120010,BUNSIK,SUNDAY,-6
3120010,CAFE_BEVERAGE,MONDAY,6
3120010,CAFE_BEVERAGE,TUESDAY,6
3120010,CAFE_BEVERAGE,WEDNESDAY,6
3120010,CAFE_BEVERAGE,THURSDAY,6
3120010,CAFE_BEVERAGE,FRIDAY,6
3120010,CAFE_BEVERAGE,SATURDAY,-6
3120010,CAFE_BEVERAGE,SUNDAY,-6
3120011,KOREAN_FOOD,MONDAY,4
3120011,KOREAN_FOOD,TUESDAY,4
3120011,KOREAN_FOOD,WEDNESDAY,4
3120011,KOREAN_FOOD,THURSDAY,4
3120011,KOREAN_FOOD,FRIDAY,4
3120011,KOREAN_FOOD,SATURDAY,-6
3120011,KOREAN_FOOD,SUNDAY,-6
3120011,CHINESE_FOOD,MONDAY,4
3120011,CHINESE_FOOD,TUESDAY,3
3120011,CHINESE_FOOD,WEDNESDAY,5
3120011,CHINESE_FOOD,THURSDAY,5
3120011,CHINESE_FOOD,FRIDAY,6
3120011,CHINESE_FOOD,SATURDAY,-4
3120011,CHINESE_FOOD,SUNDAY,-6
3120011,CAFE_BEVERAGE,MONDAY,3
3120011,CAFE_BEVERAGE,TUESDAY,4
3120011,CAFE_BEVERAGE,WEDNESDAY,3
3120011,CAFE_BEVERAGE,THURSDAY,4
3120011,CAFE_BEVERAGE,FRIDAY,4
3120011,CAFE_BEVERAGE,SATURDAY,-6
3120011,CAFE_BEVERAGE,SUNDAY,-6
3120012,KOREAN_FOOD,MONDAY,-3
3120012,KOREAN_FOOD,TUESDAY,-2
3120012,KOREAN_FOOD,WEDNESDAY,0
3120012,KOREAN_FOOD,THURSDAY,0
3120012,KOREAN_FOOD,FRIDAY,1
3120012,KOREAN_FOOD,SATURDAY,4
3120012,KOREAN_FOOD,SUNDAY,0
3120012,CHINESE_FOOD,MONDAY,-1
3120012,CHINESE_FOOD,TUESDAY,-1
3120012,CHINESE_FOOD,WEDNESDAY,-2
3120012,CHINESE_FOOD,THURSDAY,1
3120012,CHINESE_FOOD,FRIDAY,3
3120012,CHINESE_FOOD,SATURDAY,4
3120012,CHINESE_FOOD,SUNDAY,-4
3120012,JAPANESE_FOOD,MONDAY,-4
3120012,JAPANESE_FOOD,TUESDAY,-2
3120012,JAPANESE_FOOD,WEDNESDAY,1
3120012,JAPANESE_FOOD,THURSDAY,0
3120012,JAPANESE_FOOD,FRIDAY,1
3120012,JAPANESE_FOOD,SATURDAY,4
3120012,JAPANESE_FOOD,SUNDAY,1
3120012,WESTERN_FOOD,MONDAY,-6
3120012,WESTERN_FOOD,TUESDAY,-4
3120012,WESTERN_FOOD,WEDNESDAY,-2
3120012,WESTERN_FOOD,THURSDAY,-2
3120012,WESTERN_FOOD,FRIDAY,0
3120012,WESTERN_FOOD,SATURDAY,6
3120012,WESTERN_FOOD,SUNDAY,5
3120012,CHICKEN,MONDAY,-6
3120012,CHICKEN,TUESDAY,-4
3120012,CHICKEN,WEDNESDAY,-2
3120012,CHICKEN,THURSDAY,-1
3120012,CHICKEN,FRIDAY,3
3120012,CHICKEN,SATURDAY,6
3120012,CHICKEN,SUNDAY,2
3120012,FAST_FOOD,MONDAY,-3
3120012,FAST_FOOD,TUESDAY,0
3120012,FAST_FOOD,WEDNESDAY,1
3120012,FAST_FOOD,THURSDAY,0
3120012,FAST_FOOD,FRIDAY,1
3120012,FAST_FOOD,SATURDAY,2
3120012,FAST_FOOD,SUNDAY,0
3120012,BUNSIK,MONDAY,-4
3120012,BUNSIK,TUESDAY,-3
3120012,BUNSIK,WEDNESDAY,-1
3120012,BUNSIK,THURSDAY,-1
3120012,BUNSIK,FRIDAY,0
3120012,BUNSIK,SATURDAY,6
3120012,BUNSIK,SUNDAY,3
3120012,CAFE_BEVERAGE,MONDAY,-5
3120012,CAFE_BEVERAGE,TUESDAY,-3
3120012,CAFE_BEVERAGE,WEDNESDAY,-1
3120012,CAFE_BEVERAGE,THURSDAY,-2
3120012,CAFE_BEVERAGE,FRIDAY,0
3120012,CAFE_BEVERAGE,SATURDAY,6
3120012,CAFE_BEVERAGE,SUNDAY,3
3120012,BAKERY,MONDAY,-3
3120012,BAKERY,TUESDAY,-1
3120012,BAKERY,WEDNESDAY,0
3120012,BAKERY,THURSDAY,-1
3120012,BAKERY,FRIDAY,1
3120012,BAKERY,SATURDAY,4
3120012,BAKERY,SUNDAY,1
3120013,KOREAN_FOOD,MONDAY,5
3120013,KOREAN_FOOD,TUESDAY,5
3120013,KOREAN_FOOD,WEDNESDAY,5
3120013,KOREAN_FOOD,THURSDAY,6
3120013,KOREAN_FOOD,FRIDAY,4
3120013,KOREAN_FOOD,SATURDAY,-6
3120013,KOREAN_FOOD,SUNDAY,-6
3120013,CHINESE_FOOD,MONDAY,1
3120013,CHINESE_FOOD,TUESDAY,4
3120013,CHINESE_FOOD,WEDNESDAY,4
3120013,CHINESE_FOOD,THURSDAY,5
3120013,CHINESE_FOOD,FRIDAY,4
3120013,CHINESE_FOOD,SATURDAY,-6
3120013,CHINESE_FOOD,SUNDAY,-6
3120013,FAST_FOOD,MONDAY,2
3120013,FAST_FOOD,TUESDAY,3
3120013,FAST_FOOD,WEDNESDAY,4
3120013,FAST_FOOD,THURSDAY,5
3120013,FAST_FOOD,FRIDAY,6
3120013,FAST_FOOD,SATURDAY,-6
3120013,FAST_FOOD,SUNDAY,-6
3120013,BUNSIK,MONDAY,3
3120013,BUNSIK,TUESDAY,5
3120013,BUNSIK,WEDNESDAY,6
3120013,BUNSIK,THURSDAY,6
3120013,BUNSIK,FRIDAY,4
3120013,BUNSIK,SATURDAY,-6
3120013,BUNSIK,SUNDAY,-6
3120013,CAFE_BEVERAGE,MONDAY,-1
3120013,CAFE_BEVERAGE,TUESDAY,1
3120013,CAFE_BEVERAGE,WEDNESDAY,3
3120013,CAFE_BEVERAGE,THURSDAY,3
3120013,CAFE_BEVERAGE,FRIDAY,3
3120013,CAFE_BEVERAGE,SATURDAY,-5
3120013,CAFE_BEVERAGE,SUNDAY,-5
3120013,BAKERY,MONDAY,2
3120013,BAKERY,TUESDAY,3
3120013,BAKERY,WEDNESDAY,4
3120013,BAKERY,THURSDAY,4
3120013,BAKERY,FRIDAY,4
3120013,BAKERY,SATURDAY,-6
3120013,BAKERY,SUNDAY,-6
3120014,KOREAN_FOOD,MONDAY,4
3120014,KOREAN_FOOD,TUESDAY,4
3120014,KOREAN_FOOD,WEDNESDAY,5
3120014,KOREAN_FOOD,THURSDAY,5
3120014,KOREAN_FOOD,FRIDAY,5
3120014,KOREAN_FOOD,SATURDAY,-6
3120014,KOREAN_FOOD,SUNDAY,-6
3120014,CHINESE_FOOD,MONDAY,4
3120014,CHINESE_FOOD,TUESDAY,6
3120014,CHINESE_FOOD,WEDNESDAY,6
3120014,CHINESE_FOOD,THURSDAY,6
3120014,CHINESE_FOOD,FRIDAY,6
3120014,CHINESE_FOOD,SATURDAY,-6
3120014,CHINESE_FOOD,SUNDAY,-6
3120014,WESTERN_FOOD,MONDAY,6
3120014,WESTERN_FOOD,TUESDAY,6
3120014,WESTERN_FOOD,WEDNESDAY,6
3120014,WESTERN_FOOD,THURSDAY,6
3120014,WESTERN_FOOD,FRIDAY,6
3120014,WESTERN_FOOD,SATURDAY,-6
3120014,WESTERN_FOOD,SUNDAY,-6
3120014,CHICKEN,MONDAY,0
3120014,CHICKEN,TUESDAY,3
3120014,CHICKEN,WEDNESDAY,5
3120014,CHICKEN,THURSDAY,5
3120014,CHICKEN,FRIDAY,6
3120014,CHICKEN,SATURDAY,-4
3120014,CHICKEN,SUNDAY,-6
3120014,BUNSIK,MONDAY,3
3120014,BUNSIK,TUESDAY,5
3120014,BUNSIK,WEDNESDAY,5
3120014,BUNSIK,THURSDAY,5
3120014,BUNSIK,FRIDAY,5
3120014,BUNSIK,SATURDAY,-6
3120014,BUNSIK,SUNDAY,-6
3120014,CAFE_BEVERAGE,MONDAY,2
3120014,CAFE_BEVERAGE,TUESDAY,4
3120014,CAFE_BEVERAGE,WEDNESDAY,4
3120014,CAFE_BEVERAGE,THURSDAY,5
3120014,CAFE_BEVERAGE,FRIDAY,4
3120014,CAFE_BEVERAGE,SATURDAY,-6
3120014,CAFE_BEVERAGE,SUNDAY,-6
3120015,KOREAN_FOOD,MONDAY,4
3120015,KOREAN_FOOD,TUESDAY,5
3120015,KOREAN_FOOD,WEDNESDAY,5
3120015,KOREAN_FOOD,THURSDAY,6
3120015,KOREAN_FOOD,FRIDAY,6
3120015,KOREAN_FOOD,SATURDAY,-6
3120015,KOREAN_FOOD,SUNDAY,-6
3120015,BUNSIK,MONDAY,6
3120015,BUNSIK,TUESDAY,6
3120015,BUNSIK,WEDNESDAY,5
3120015,BUNSIK,THURSDAY,6
3120015,BUNSIK,FRIDAY,6
3120015,BUNSIK,SATURDAY,-6
3120015,BUNSIK,SUNDAY,-6
3120015,CAFE_BEVERAGE,MONDAY,3
3120015,CAFE_BEVERAGE,TUESDAY,4
3120015,CAFE_BEVERAGE,WEDNESDAY,5
3120015,CAFE_BEVERAGE,THURSDAY,5
3120015,CAFE_BEVERAGE,FRIDAY,6
3120015,CAFE_BEVERAGE,SATURDAY,-6
3120015,CAFE_BEVERAGE,SUNDAY,-6
3120016,KOREAN_FOOD,MONDAY,-3
3120016,KOREAN_FOOD,TUESDAY,-1
3120016,KOREAN_FOOD,WEDNESDAY,-1
3120016,KOREAN_FOOD,THURSDAY,0
3120016,KOREAN_FOOD,FRIDAY,1
3120016,KOREAN_FOOD,SATURDAY,3
3120016,KOREAN_FOOD,SUNDAY,1
3120016,CHINESE_FOOD,MONDAY,-2
3120016,CHINESE_FOOD,TUESDAY,-2
3120016,CHINESE_FOOD,WEDNESDAY,-2
3120016,CHINESE_FOOD,THURSDAY,-2
3120016,CHINESE_FOOD,FRIDAY,-1
3120016,CHINESE_FOOD,SATURDAY,3
3120016,CHINESE_FOOD,SUNDAY,5
3120016,BUNSIK,MONDAY,-4
3120016,BUNSIK,TUESDAY,-3
3120016,BUNSIK,WEDNESDAY,1
3120016,BUNSIK,THURSDAY,0
3120016,BUNSIK,FRIDAY,3
3120016,BUNSIK,SATURDAY,4
3120016,BUNSIK,SUNDAY,-1
3120016,CAFE_BEVERAGE,MONDAY,-2
3120016,CAFE_BEVERAGE,TUESDAY,-2
3120016,CAFE_BEVERAGE,WEDNESDAY,-1
3120016,CAFE_BEVERAGE,THURSDAY,-1
3120016,CAFE_BEVERAGE,FRIDAY,0
3120016,CAFE_BEVERAGE,SATURDAY,4
3120016,CAFE_BEVERAGE,SUNDAY,1
3120017,KOREAN_FOOD,MONDAY,-2
3120017,KOREAN_FOOD,TUESDAY,-1
3120017,KOREAN_FOOD,WEDNESDAY,-1
3120017,KOREAN_FOOD,THURSDAY,-1
3120017,KOREAN_FOOD,FRIDAY,1
3120017,KOREAN_FOOD,SATURDAY,3
3120017,KOREAN_FOOD,SUNDAY,2
3120017,WESTERN_FOOD,MONDAY,0
3120017,WESTERN_FOOD,TUESDAY,-4
3120017,WESTERN_FOOD,WEDNESDAY,-4
3120017,WESTERN_FOOD,THURSDAY,-3
3120017,WESTERN_FOOD,FRIDAY,0
3120017,WESTERN_FOOD,SATURDAY,5
3120017,WESTERN_FOOD,SUNDAY,6
3120017,CAFE_BEVERAGE,MONDAY,-1
3120017,CAFE_BEVERAGE,TUESDAY,-1
3120017,CAFE_BEVERAGE,WEDNESDAY,0
3120017,CAFE_BEVERAGE,THURSDAY,0
3120017,CAFE_BEVERAGE,FRIDAY,1
3120017,CAFE_BEVERAGE,SATURDAY,2
3120017,CAFE_BEVERAGE,SUNDAY,0
3120018,KOREAN_FOOD,MONDAY,1
3120018,KOREAN_FOOD,TUESDAY,4
3120018,KOREAN_FOOD,WEDNESDAY,4
3120018,KOREAN_FOOD,THURSDAY,5
3120018,KOREAN_FOOD,FRIDAY,5
3120018,KOREAN_FOOD,SATURDAY,-6
3120018,KOREAN_FOOD,SUNDAY,-6
3120018,CHINESE_FOOD,MONDAY,4
3120018,CHINESE_FOOD,TUESDAY,6
3120018,CHINESE_FOOD,WEDNESDAY,6
3120018,CHINESE_FOOD,THURSDAY,6
3120018,CHINESE_FOOD,FRIDAY,6
3120018,CHINESE_FOOD,SATURDAY,-6
3120018,CHINESE_FOOD,SUNDAY,-6
3120018,CHICKEN,MONDAY,6
3120018,CHICKEN,TUESDAY,6
3120018,CHICKEN,WEDNESDAY,6
3120018,CHICKEN,THURSDAY,6
3120018,CHICKEN,FRIDAY,6
3120018,CHICKEN,SATURDAY,-6
3120018,CHICKEN,SUNDAY,-6
3120018,BUNSIK,MONDAY,6
3120018,BUNSIK,TUESDAY,6
3120018,BUNSIK,WEDNESDAY,6
3120018,BUNSIK,THURSDAY,6
3120018,BUNSIK,FRIDAY,6
3120018,BUNSIK,SATURDAY,-6
3120018,BUNSIK,SUNDAY,-6
3120018,CAFE_BEVERAGE,MONDAY,2
3120018,CAFE_BEVERAGE,TUESDAY,4
3120018,CAFE_BEVERAGE,WEDNESDAY,4
3120018,CAFE_BEVERAGE,THURSDAY,5
3120018,CAFE_BEVERAGE,FRIDAY,4
3120018,CAFE_BEVERAGE,SATURDAY,-6
3120018,CAFE_BEVERAGE,SUNDAY,-6
3120019,KOREAN_FOOD,MONDAY,6
3120019,KOREAN_FOOD,TUESDAY,6
3120019,KOREAN_FOOD,WEDNESDAY,6
3120019,KOREAN_FOOD,THURSDAY,6
3120019,KOREAN_FOOD,FRIDAY,6
3120019,KOREAN_FOOD,SATURDAY,-6
3120019,KOREAN_FOOD,SUNDAY,-6
3120019,WESTERN_FOOD,MONDAY,6
3120019,WESTERN_FOOD,TUESDAY,6
3120019,WESTERN_FOOD,WEDNESDAY,6
3120019,WESTERN_FOOD,THURSDAY,6
3120019,WESTERN_FOOD,FRIDAY,6
3120019,WESTERN_FOOD,SATURDAY,-6
3120019,WESTERN_FOOD,SUNDAY,-6
3120019,FAST_FOOD,MONDAY,2
3120019,FAST_FOOD,TUESDAY,3
3120019,FAST_FOOD,WEDNESDAY,3
3120019,FAST_FOOD,THURSDAY,4
3120019,FAST_FOOD,FRIDAY,3
3120019,FAST_FOOD,SATURDAY,-6
3120019,FAST_FOOD,SUNDAY,-6
3120019,CAFE_BEVERAGE,MONDAY,2
3120019,CAFE_BEVERAGE,TUESDAY,5
3120019,CAFE_BEVERAGE,WEDNESDAY,5
3120019,CAFE_BEVERAGE,THURSDAY,6
3120019,CAFE_BEVERAGE,FRIDAY,5
3120019,CAFE_BEVERAGE,SATURDAY,-6
3120019,CAFE_BEVERAGE,SUNDAY,-6
3120020,KOREAN_FOOD,MONDAY,3
3120020,KOREAN_FOOD,TUESDAY,5
3120020,KOREAN_FOOD,WEDNESDAY,6
3120020,KOREAN_FOOD,THURSDAY,6
3120020,KOREAN_FOOD,FRIDAY,6
3120020,KOREAN_FOOD,SATURDAY,-6
3120020,KOREAN_FOOD,SUNDAY,-6
3120020,CHINESE_FOOD,MONDAY,1
3120020,CHINESE_FOOD,TUESDAY,4
3120020,CHINESE_FOOD,WEDNESDAY,5
3120020,CHINESE_FOOD,THURSDAY,5
3120020,CHINESE_FOOD,FRIDAY,5
3120020,CHINESE_FOOD,SATURDAY,-6
3120020,CHINESE_FOOD,SUNDAY,-6
3120020,WESTERN_FOOD,MONDAY,1
3120020,WESTERN_FOOD,TUESDAY,4
3120020,WESTERN_FOOD,WEDNESDAY,6
3120020,WESTERN_FOOD,THURSDAY,6
3120020,WESTERN_FOOD,FRIDAY,6
3120020,WESTERN_FOOD,SATURDAY,-6
3120020,WESTERN_FOOD,SUNDAY,-6
3120020,FAST_FOOD,MONDAY,2
3120020,FAST_FOOD,TUESDAY,5
3120020,FAST_FOOD,WEDNESDAY,5
3120020,FAST_FOOD,THURSDAY,6
3120020,FAST_FOOD,FRIDAY,6
3120020,FAST_FOOD,SATURDAY,-6
3120020,FAST_FOOD,SUNDAY,-6
3120020,BUNSIK,MONDAY,-2
3120020,BUNSIK,TUESDAY,2
3120020,BUNSIK,WEDNESDAY,3
3120020,BUNSIK,THURSDAY,4
3120020,BUNSIK,FRIDAY,5
3120020,BUNSIK,SATURDAY,-2
3120020,BUNSIK,SUNDAY,-6
3120020,CAFE_BEVERAGE,MONDAY,2
3120020,CAFE_BEVERAGE,TUESDAY,6
3120020,CAFE_BEVERAGE,WEDNESDAY,6
3120020,CAFE_BEVERAGE,THURSDAY,6
3120020,CAFE_BEVERAGE,FRIDAY,6
3120020,CAFE_BEVERAGE,SATURDAY,-6
3120020,CAFE_BEVERAGE,SUNDAY,-6
3120020,BAKERY,MONDAY,-2
3120020,BAKERY,TUESDAY,1
3120020,BAKERY,WEDNESDAY,2
3120020,BAKERY,THURSDAY,1
3120020,BAKERY,FRIDAY,4
3120020,BAKERY,SATURDAY,-2
3120020,BAKERY,SUNDAY,-4
3120021,KOREAN_FOOD,MONDAY,4
3120021,KOREAN_FOOD,TUESDAY,6
3120021,KOREAN_FOOD,WEDNESDAY,6
3120021,KOREAN_FOOD,THURSDAY,6
3120021,KOREAN_FOOD,FRIDAY,5
3120021,KOREAN_FOOD,SATURDAY,-6
3120021,KOREAN_FOOD,SUNDAY,-6
3120021,CHINESE_FOOD,MONDAY,6
3120021,CHINESE_FOOD,TUESDAY,6
3120021,CHINESE_FOOD,WEDNESDAY,6
3120021,CHINESE_FOOD,THURSDAY,6
3120021,CHINESE_FOOD,FRIDAY,6
3120021,CHINESE_FOOD,SATURDAY,-6
3120021,CHINESE_FOOD,SUNDAY,-6
3120021,JAPANESE_FOOD,MONDAY,6
3120021,JAPANESE_FOOD,TUESDAY,6
3120021,JAPANESE_FOOD,WEDNESDAY,6
3120021,JAPANESE_FOOD,THURSDAY,6
3120021,JAPANESE_FOOD,FRIDAY,6
3120021,JAPANESE_FOOD,SATURDAY,-6
3120021,JAPANESE_FOOD,SUNDAY,-6
3120021,WESTERN_FOOD,MONDAY,6
3120021,WESTERN_FOOD,TUESDAY,6
3120021,WESTERN_FOOD,WEDNESDAY,6
3120021,WESTERN_FOOD,THURSDAY,6
3120021,WESTERN_FOOD,FRIDAY,6
3120021,WESTERN_FOOD,SATURDAY,-6
3120021,WESTERN_FOOD,SUNDAY,-6
3120021,FAST_FOOD,MONDAY,0
3120021,FAST_FOOD,TUESDAY,2
3120021,FAST_FOOD,WEDNESDAY,6
3120021,FAST_FOOD,THURSDAY,3
3120021,FAST_FOOD,FRIDAY,3
3120021,FAST_FOOD,SATURDAY,-6
3120021,FAST_FOOD,SUNDAY,-6
3120021,BUNSIK,MONDAY,6
3120021,BUNSIK,TUESDAY,6
3120021,BUNSIK,WEDNESDAY,6
3120021,BUNSIK,THURSDAY,6
3120021,BUNSIK,FRIDAY,6
3120021,BUNSIK,SATURDAY,-6
3120021,BUNSIK,SUNDAY,-6
3120021,CAFE_BEVERAGE,MONDAY,4
3120021,CAFE_BEVERAGE,TUESDAY,6
3120021,CAFE_BEVERAGE,WEDNESDAY,6
3120021,CAFE_BEVERAGE,THURSDAY,6
3120021,CAFE_BEVERAGE,FRIDAY,5
3120021,CAFE_BEVERAGE,SATURDAY,-6
3120021,CAFE_BEVERAGE,SUNDAY,-6
3120021,BAKERY,MONDAY,3
3120021,BAKERY,TUESDAY,6
3120021,BAKERY,WEDNESDAY,6
3120021,BAKERY,THURSDAY,6
3120021,BAKERY,FRIDAY,6
3120021,BAKERY,SATURDAY,-6
3120021,BAKERY,SUNDAY,-6
3120022,KOREAN_FOOD,MONDAY,3
3120022,KOREAN_FOOD,TUESDAY,5
3120022,KOREAN_FOOD,WEDNESDAY,5
3120022,KOREAN_FOOD,THURSDAY,6
3120022,KOREAN_FOOD,FRIDAY,5
3120022,KOREAN_FOOD,SATURDAY,-6
3120022,KOREAN_FOOD,SUNDAY,-6
3120022,CHINESE_FOOD,MONDAY,1
3120022,CHINESE_FOOD,TUESDAY,6
3120022,CHINESE_FOOD,WEDNESDAY,6
3120022,CHINESE_FOOD,THURSDAY,6
3120022,CHINESE_FOOD,FRIDAY,6
3120022,CHINESE_FOOD,SATURDAY,-6
3120022,CHINESE_FOOD,SUNDAY,-6
3120022,JAPANESE_FOOD,MONDAY,4
3120022,JAPANESE_FOOD,TUESDAY,6
3120022,JAPANESE_FOOD,WEDNESDAY,6
3120022,JAPANESE_FOOD,THURSDAY,6
3120022,JAPANESE_FOOD,FRIDAY,6
3120022,JAPANESE_FOOD,SATURDAY,-6
3120022,JAPANESE_FOOD,SUNDAY,-6
3120022,WESTERN_FOOD,MONDAY,-6
3120022,WESTERN_FOOD,TUESDAY,-1
3120022,WESTERN_FOOD,WEDNESDAY,5
3120022,WESTERN_FOOD,THURSDAY,2
3120022,WESTERN_FOOD,FRIDAY,0
3120022,WESTERN_FOOD,SATURDAY,4
3120022,WESTERN_FOOD,SUNDAY,4
3120022,CHICKEN,MONDAY,-1
3120022,CHICKEN,TUESDAY,4
3120022,CHICKEN,WEDNESDAY,4
3120022,CHICKEN,THURSDAY,6
3120022,CHICKEN,FRIDAY,5
3120022,CHICKEN,SATURDAY,-6
3120022,CHICKEN,SUNDAY,-6
3120022,FAST_FOOD,MONDAY,6
3120022,FAST_FOOD,TUESDAY,6
3120022,FAST_FOOD,WEDNESDAY,6
3120022,FAST_FOOD,THURSDAY,6
3120022,FAST_FOOD,FRIDAY,6
3120022,FAST_FOOD,SATURDAY,-6
3120022,FAST_FOOD,SUNDAY,-6
3120022,BUNSIK,MONDAY,3
3120022,BUNSIK,TUESDAY,4
3120022,BUNSIK,WEDNESDAY,6
3120022,BUNSIK,THURSDAY,5
3120022,BUNSIK,FRIDAY,5
3120022,BUNSIK,SATURDAY,-6
3120022,BUNSIK,SUNDAY,-6
3120022,CAFE_BEVERAGE,MONDAY,4
3120022,CAFE_BEVERAGE,TUESDAY,6
3120022,CAFE_BEVERAGE,WEDNESDAY,6
3120022,CAFE_BEVERAGE,THURSDAY,6
3120022,CAFE_BEVERAGE,FRIDAY,6
3120022,CAFE_BEVERAGE,SATURDAY,-6
3120022,CAFE_BEVERAGE,SUNDAY,-6
3120022,BAKERY,MONDAY,3
3120022,BAKERY,TUESDAY,4
3120022,BAKERY,WEDNESDAY,5
3120022,BAKERY,THURSDAY,5
3120022,BAKERY,FRIDAY,6
3120022,BAKERY,SATURDAY,-6
3120022,BAKERY,SUNDAY,-6
3120023,KOREAN_FOOD,MONDAY,4
3120023,KOREAN_FOOD,TUESDAY,6
3120023,KOREAN_FOOD,WEDNESDAY,6
3120023,KOREAN_FOOD,THURSDAY,6
3120023,KOREAN_FOOD,FRIDAY,5
3120023,KOREAN_FOOD,SATURDAY,-6
3120023,KOREAN_FOOD,SUNDAY,-6
3120023,CHINESE_FOOD,MONDAY,1
3120023,CHINESE_FOOD,TUESDAY,5
3120023,CHINESE_FOOD,WEDNESDAY,5
3120023,CHINESE_FOOD,THURSDAY,6
3120023,CHINESE_FOOD,FRIDAY,6
3120023,CHINESE_FOOD,SATURDAY,-6
3120023,CHINESE_FOOD,SUNDAY,-6
3120023,JAPANESE_FOOD,MONDAY,1
3120023,JAPANESE_FOOD,TUESDAY,3
3120023,JAPANESE_FOOD,WEDNESDAY,4
3120023,JAPANESE_FOOD,THURSDAY,5
3120023,JAPANESE_FOOD,FRIDAY,4
3120023,JAPANESE_FOOD,SATURDAY,-6
3120023,JAPANESE_FOOD,SUNDAY,-6
3120023,WESTERN_FOOD,MONDAY,0
3120023,WESTERN_FOOD,TUESDAY,3
3120023,WESTERN_FOOD,WEDNESDAY,4
3120023,WESTERN_FOOD,THURSDAY,4
3120023,WESTERN_FOOD,FRIDAY,5
3120023,WESTERN_FOOD,SATURDAY,-6
3120023,WESTERN_FOOD,SUNDAY,-6
3120023,FAST_FOOD,MONDAY,0
3120023,FAST_FOOD,TUESDAY,4
3120023,FAST_FOOD,WEDNESDAY,4
3120023,FAST_FOOD,THURSDAY,5
3120023,FAST_FOOD,FRIDAY,6
3120023,FAST_FOOD,SATURDAY,-6
3120023,FAST_FOOD,SUNDAY,-6
3120023,BUNSIK,MONDAY,3
3120023,BUNSIK,TUESDAY,6
3120023,BUNSIK,WEDNESDAY,6
3120023,BUNSIK,THURSDAY,6
3120023,BUNSIK,FRIDAY,6
3120023,BUNSIK,SATURDAY,-6
3120023,BUNSIK,SUNDAY,-6
3120023,CAFE_BEVERAGE,MONDAY,3
3120023,CAFE_BEVERAGE,TUESDAY,6
3120023,CAFE_BEVERAGE,WEDNESDAY,6
3120023,CAFE_BEVERAGE,THURSDAY,6
3120023,CAFE_BEVERAGE,FRIDAY,5
3120023,CAFE_BEVERAGE,SATURDAY,-6
3120023,CAFE_BEVERAGE,SUNDAY,-6
3120023,BAKERY,MONDAY,5
3120023,BAKERY,TUESDAY,6
3120023,BAKERY,WEDNESDAY,6
3120023,BAKERY,THURSDAY,6
3120023,BAKERY,FRIDAY,6
3120023,BAKERY,SATURDAY,-6
3120023,BAKERY,SUNDAY,-6
3120024,KOREAN_FOOD,MONDAY,4
3120024,KOREAN_FOOD,TUESDAY,4
3120024,KOREAN_FOOD,WEDNESDAY,4
3120024,KOREAN_FOOD,THURSDAY,5
3120024,KOREAN_FOOD,FRIDAY,4
3120024,KOREAN_FOOD,SATURDAY,-6
3120024,KOREAN_FOOD,SUNDAY,-6
3120024,CHINESE_FOOD,MONDAY,2
3120024,CHINESE_FOOD,TUESDAY,5
3120024,CHINESE_FOOD,WEDNESDAY,5
3120024,CHINESE_FOOD,THURSDAY,6
3120024,CHINESE_FOOD,FRIDAY,6
3120024,CHINESE_FOOD,SATURDAY,-5
3120024,CHINESE_FOOD,SUNDAY,-6
3120024,BUNSIK,MONDAY,4
3120024,BUNSIK,TUESDAY,5
3120024,BUNSIK,WEDNESDAY,5
3120024,BUNSIK,THURSDAY,6
3120024,BUNSIK,FRIDAY,6
3120024,BUNSIK,SATURDAY,-6
3120024,BUNSIK,SUNDAY,-6
3120024,CAFE_BEVERAGE,MONDAY,3
3120024,CAFE_BEVERAGE,TUESDAY,3
3120024,CAFE_BEVERAGE,WEDNESDAY,3
3120024,CAFE_BEVERAGE,THURSDAY,4
3120024,CAFE_BEVERAGE,FRIDAY,4
3120024,CAFE_BEVERAGE,SATURDAY,-6
3120024,CAFE_BEVERAGE,SUNDAY,-6
3120025,KOREAN_FOOD,MONDAY,3
3120025,KOREAN_FOOD,TUESDAY,6
3120025,KOREAN_FOOD,WEDNESDAY,6
3120025,KOREAN_FOOD,THURSDAY,6
3120025,KOREAN_FOOD,FRIDAY,6
3120025,KOREAN_FOOD,SATURDAY,-6
3120025,KOREAN_FOOD,SUNDAY,-6
3120025,CHINESE_FOOD,MONDAY,-1
3120025,CHINESE_FOOD,TUESDAY,1
3120025,CHINESE_FOOD,WEDNESDAY,1
3120025,CHINESE_FOOD,THURSDAY,1
3120025,CHINESE_FOOD,FRIDAY,2
3120025,CHINESE_FOOD,SATURDAY,-1
3120025,CHINESE_FOOD,SUNDAY,-3
3120025,FAST_FOOD,MONDAY,-2
3120025,FAST_FOOD,TUESDAY,0
3120025,FAST_FOOD,WEDNESDAY,3
3120025,FAST_FOOD,THURSDAY,1
3120025,FAST_FOOD,FRIDAY,2
3120025,FAST_FOOD,SATURDAY,0
3120025,FAST_FOOD,SUNDAY,-2
3120025,BUNSIK,MONDAY,0
3120025,BUNSIK,TUESDAY,2
3120025,BUNSIK,WEDNESDAY,2
3120025,BUNSIK,THURSDAY,2
3120025,BUNSIK,FRIDAY,3
3120025,BUNSIK,SATURDAY,-3
3120025,BUNSIK,SUNDAY,-6
3120025,CAFE_BEVERAGE,MONDAY,0
3120025,CAFE_BEVERAGE,TUESDAY,2
3120025,CAFE_BEVERAGE,WEDNESDAY,3
3120025,CAFE_BEVERAGE,THURSDAY,3
3120025,CAFE_BEVERAGE,FRIDAY,4
3120025,CAFE_BEVERAGE,SATURDAY,-5
3120025,CAFE_BEVERAGE,SUNDAY,-6
3120025,BAKERY,MONDAY,1
3120025,BAKERY,TUESDAY,3
3120025,BAKERY,WEDNESDAY,3
3120025,BAKERY,THURSDAY,4
3120025,BAKERY,FRIDAY,3
3120025,BAKERY,SATURDAY,-6
3120025,BAKERY,SUNDAY,-6
3120026,KOREAN_FOOD,MONDAY,5
3120026,KOREAN_FOOD,TUESDAY,6
3120026,KOREAN_FOOD,WEDNESDAY,6
3120026,KOREAN_FOOD,THURSDAY,6
3120026,KOREAN_FOOD,FRIDAY,5
3120026,KOREAN_FOOD,SATURDAY,-6
3120026,KOREAN_FOOD,SUNDAY,-6
3120026,CHINESE_FOOD,MONDAY,3
3120026,CHINESE_FOOD,TUESDAY,5
3120026,CHINESE_FOOD,WEDNESDAY,6
3120026,CHINESE_FOOD,THURSDAY,6
3120026,CHINESE_FOOD,FRIDAY,6
3120026,CHINESE_FOOD,SATURDAY,-6
3120026,CHINESE_FOOD,SUNDAY,-6
3120026,JAPANESE_FOOD,MONDAY,5
3120026,JAPANESE_FOOD,TUESDAY,6
3120026,JAPANESE_FOOD,WEDNESDAY,6
3120026,JAPANESE_FOOD,THURSDAY,6
3120026,JAPANESE_FOOD,FRIDAY,6
3120026,JAPANESE_FOOD,SATURDAY,-6
3120026,JAPANESE_FOOD,SUNDAY,-6
3120026,WESTERN_FOOD,MONDAY,5
3120026,WESTERN_FOOD,TUESDAY,6
3120026,WESTERN_FOOD,WEDNESDAY,6
3120026,WESTERN_FOOD,THURSDAY,6
3120026,WESTERN_FOOD,FRIDAY,6
3120026,WESTERN_FOOD,SATURDAY,-6
3120026,WESTERN_FOOD,SUNDAY,-6
3120026,CHICKEN,MONDAY,2
3120026,CHICKEN,TUESDAY,6
3120026,CHICKEN,WEDNESDAY,6
3120026,CHICKEN,THURSDAY,6
3120026,CHICKEN,FRIDAY,6
3120026,CHICKEN,SATURDAY,-6
3120026,CHICKEN,SUNDAY,-6
3120026,FAST_FOOD,MONDAY,6
3120026,FAST_FOOD,TUESDAY,6
3120026,FAST_FOOD,WEDNESDAY,6
3120026,FAST_FOOD,THURSDAY,6
3120026,FAST_FOOD,FRIDAY,4
3120026,FAST_FOOD,SATURDAY,-6
3120026,FAST_FOOD,SUNDAY,-6
3120026,BUNSIK,MONDAY,6
3120026,BUNSIK,TUESDAY,6
3120026,BUNSIK,WEDNESDAY,6
3120026,BUNSIK,THURSDAY,6
3120026,BUNSIK,FRIDAY,5
3120026,BUNSIK,SATURDAY,-6
3120026,BUNSIK,SUNDAY,-6
3120026,CAFE_BEVERAGE,MONDAY,5
3120026,CAFE_BEVERAGE,TUESDAY,6
3120026,CAFE_BEVERAGE,WEDNESDAY,6
3120026,CAFE_BEVERAGE,THURSDAY,6
3120026,CAFE_BEVERAGE,FRIDAY,6
3120026,CAFE_BEVERAGE,SATURDAY,-6
3120026,CAFE_BEVERAGE,SUNDAY,-6
3120026,BAKERY,MONDAY,4
3120026,BAKERY,TUESDAY,6
3120026,BAKERY,WEDNESDAY,6
3120026,BAKERY,THURSDAY,6
3120026,BAKERY,FRIDAY,6
3120026,BAKERY,SATURDAY,-6
3120026,BAKERY,SUNDAY,-6
3120027,KOREAN_FOOD,MONDAY,2
3120027,KOREAN_FOOD,TUESDAY,3
3120027,KOREAN_FOOD,WEDNESDAY,4
3120027,KOREAN_FOOD,THURSDAY,3
3120027,KOREAN_FOOD,FRIDAY,2
3120027,KOREAN_FOOD,SATURDAY,-6
3120027,KOREAN_FOOD,SUNDAY,-6
3120027,CHINESE_FOOD,MONDAY,3
3120027,CHINESE_FOOD,TUESDAY,3
3120027,CHINESE_FOOD,WEDNESDAY,2
3120027,CHINESE_FOOD,THURSDAY,2
3120027,CHINESE_FOOD,FRIDAY,1
3120027,CHINESE_FOOD,SATURDAY,-6
3120027,CHINESE_FOOD,SUNDAY,-4
3120027,JAPANESE_FOOD,MONDAY,6
3120027,JAPANESE_FOOD,TUESDAY,6
3120027,JAPANESE_FOOD,WEDNESDAY,6
3120027,JAPANESE_FOOD,THURSDAY,6
3120027,JAPANESE_FOOD,FRIDAY,5
3120027,JAPANESE_FOOD,SATURDAY,-6
3120027,JAPANESE_FOOD,SUNDAY,-6
3120027,WESTERN_FOOD,MONDAY,-4
3120027,WESTERN_FOOD,TUESDAY,2
3120027,WESTERN_FOOD,WEDNESDAY,3
3120027,WESTERN_FOOD,THURSDAY,4
3120027,WESTERN_FOOD,FRIDAY,2
3120027,WESTERN_FOOD,SATURDAY,1
3120027,WESTERN_FOOD,SUNDAY,-6
3120027,FAST_FOOD,MONDAY,5
3120027,FAST_FOOD,TUESDAY,5
3120027,FAST_FOOD,WEDNESDAY,5
3120027,FAST_FOOD,THURSDAY,4
3120027,FAST_FOOD,FRIDAY,1
3120027,FAST_FOOD,SATURDAY,-6
3120027,FAST_FOOD,SUNDAY,-6
3120027,BUNSIK,MONDAY,4
3120027,BUNSIK,TUESDAY,3
3120027,BUNSIK,WEDNESDAY,3
3120027,BUNSIK,THURSDAY,4
3120027,BUNSIK,FRIDAY,1
3120027,BUNSIK,SATURDAY,-6
3120027,BUNSIK,SUNDAY,-6
3120027,CAFE_BEVERAGE,MONDAY,-1
3120027,CAFE_BEVERAGE,TUESDAY,1
3120027,CAFE_BEVERAGE,WEDNESDAY,1
3120027,CAFE_BEVERAGE,THURSDAY,1
3120027,CAFE_BEVERAGE,FRIDAY,2
3120027,CAFE_BEVERAGE,SATURDAY,-1
3120027,CAFE_BEVERAGE,SUNDAY,-3
3120027,BAKERY,MONDAY,3
3120027,BAKERY,TUESDAY,4
3120027,BAKERY,WEDNESDAY,4
3120027,BAKERY,THURSDAY,4
3120027,BAKERY,FRIDAY,3
3120027,BAKERY,SATURDAY,-6
3120027,BAKERY,SUNDAY,-6
3120028,KOREAN_FOOD,MONDAY,0
3120028,KOREAN_FOOD,TUESDAY,1
3120028,KOREAN_FOOD,WEDNESDAY,1
3120028,KOREAN_FOOD,THURSDAY,1
3120028,KOREAN_FOOD,FRIDAY,2
3120028,KOREAN_FOOD,SATURDAY,-2
3120028,KOREAN_FOOD,SUNDAY,-4
3120028,CHINESE_FOOD,MONDAY,0
3120028,CHINESE_FOOD,TUESDAY,1
3120028,CHINESE_FOOD,WEDNESDAY,2
3120028,CHINESE_FOOD,THURSDAY,2
3120028,CHINESE_FOOD,FRIDAY,4
3120028,CHINESE_FOOD,SATURDAY,-4
3120028,CHINESE_FOOD,SUNDAY,-6
3120028,JAPANESE_FOOD,MONDAY,0
3120028,JAPANESE_FOOD,TUESDAY,0
3120028,JAPANESE_FOOD,WEDNESDAY,1
3120028,JAPANESE_FOOD,THURSDAY,1
3120028,JAPANESE_FOOD,FRIDAY,3
3120028,JAPANESE_FOOD,SATURDAY,-2
3120028,JAPANESE_FOOD,SUNDAY,-4
3120028,WESTERN_FOOD,MONDAY,-1
3120028,WESTERN_FOOD,TUESDAY,0
3120028,WESTERN_FOOD,WEDNESDAY,1
3120028,WESTERN_FOOD,THURSDAY,0
3120028,WESTERN_FOOD,FRIDAY,2
3120028,WESTERN_FOOD,SATURDAY,0
3120028,WESTERN_FOOD,SUNDAY,-2
3120028,CHICKEN,MONDAY,-1
3120028,CHICKEN,TUESDAY,0
3120028,CHICKEN,WEDNESDAY,3
3120028,CHICKEN,THURSDAY,2
3120028,CHICKEN,FRIDAY,3
3120028,CHICKEN,SATURDAY,0
3120028,CHICKEN,SUNDAY,-6
3120028,FAST_FOOD,MONDAY,0
3120028,FAST_FOOD,TUESDAY,0
3120028,FAST_FOOD,WEDNESDAY,1
3120028,FAST_FOOD,THURSDAY,2
3120028,FAST_FOOD,FRIDAY,2
3120028,FAST_FOOD,SATURDAY,-2
3120028,FAST_FOOD,SUNDAY,-3
3120028,BUNSIK,MONDAY,6
3120028,BUNSIK,TUESDAY,6
3120028,BUNSIK,WEDNESDAY,6
3120028,BUNSIK,THURSDAY,6
3120028,BUNSIK,FRIDAY,4
3120028,BUNSIK,SATURDAY,-6
3120028,BUNSIK,SUNDAY,-6
3120028,CAFE_BEVERAGE,MONDAY,0
3120028,CAFE_BEVERAGE,TUESDAY,1
3120028,CAFE_BEVERAGE,WEDNESDAY,1
3120028,CAFE_BEVERAGE,THURSDAY,2
3120028,CAFE_BEVERAGE,FRIDAY,3
3120028,CAFE_BEVERAGE,SATURDAY,-2
3120028,CAFE_BEVERAGE,SUNDAY,-6
3120028,BAKERY,MONDAY,0
3120028,BAKERY,TUESDAY,0
3120028,BAKERY,WEDNESDAY,3
3120028,BAKERY,THURSDAY,1
3120028,BAKERY,FRIDAY,2
3120028,BAKERY,SATURDAY,-1
3120028,BAKERY,SUNDAY,-5
3120029,KOREAN_FOOD,MONDAY,3
3120029,KOREAN_FOOD,TUESDAY,4
3120029,KOREAN_FOOD,WEDNESDAY,4
3120029,KOREAN_FOOD,THURSDAY,4
3120029,KOREAN_FOOD,FRIDAY,4
3120029,KOREAN_FOOD,SATURDAY,-5
3120029,KOREAN_FOOD,SUNDAY,-6
3120029,CAFE_BEVERAGE,MONDAY,2
3120029,CAFE_BEVERAGE,TUESDAY,2
3120029,CAFE_BEVERAGE,WEDNESDAY,3
3120029,CAFE_BEVERAGE,THURSDAY,3
3120029,CAFE_BEVERAGE,FRIDAY,4
3120029,CAFE_BEVERAGE,SATURDAY,-4
3120029,CAFE_BEVERAGE,SUNDAY,-6
3120029,BAKERY,MONDAY,0
3120029,BAKERY,TUESDAY,0
3120029,BAKERY,WEDNESDAY,3
3120029,BAKERY,THURSDAY,5
3120029,BAKERY,FRIDAY,5
3120029,BAKERY,SATURDAY,-1
3120029,BAKERY,SUNDAY,-6
3120030,KOREAN_FOOD,MONDAY,5
3120030,KOREAN_FOOD,TUESDAY,5
3120030,KOREAN_FOOD,WEDNESDAY,5
3120030,KOREAN_FOOD,THURSDAY,5
3120030,KOREAN_FOOD,FRIDAY,6
3120030,KOREAN_FOOD,SATURDAY,-6
3120030,KOREAN_FOOD,SUNDAY,-6
3120030,CHINESE_FOOD,MONDAY,4
3120030,CHINESE_FOOD,TUESDAY,6
3120030,CHINESE_FOOD,WEDNESDAY,6
3120030,CHINESE_FOOD,THURSDAY,6
3120030,CHINESE_FOOD,FRIDAY,6
3120030,CHINESE_FOOD,SATURDAY,-6
3120030,CHINESE_FOOD,SUNDAY,-6
3120030,JAPANESE_FOOD,MONDAY,0
3120030,JAPANESE_FOOD,TUESDAY,6
3120030,JAPANESE_FOOD,WEDNESDAY,6
3120030,JAPANESE_FOOD,THURSDAY,6
3120030,JAPANESE_FOOD,FRIDAY,6
3120030,JAPANESE_FOOD,SATURDAY,-6
3120030,JAPANESE_FOOD,SUNDAY,-6
3120030,WESTERN_FOOD,MONDAY,-4
3120030,WESTERN_FOOD,TUESDAY,-6
3120030,WESTERN_FOOD,WEDNESDAY,0
3120030,WESTERN_FOOD,THURSDAY,0
3120030,WESTERN_FOOD,FRIDAY,6
3120030,WESTERN_FOOD,SATURDAY,6
3120030,WESTERN_FOOD,SUNDAY,-5
3120030,BUNSIK,MONDAY,3
3120030,BUNSIK,TUESDAY,6
3120030,BUNSIK,WEDNESDAY,6
3120030,BUNSIK,THURSDAY,6
3120030,BUNSIK,FRIDAY,6
3120030,BUNSIK,SATURDAY,-6
3120030,BUNSIK,SUNDAY,-6
3120030,CAFE_BEVERAGE,MONDAY,3
3120030,CAFE_BEVERAGE,TUESDAY,4
3120030,CAFE_BEVERAGE,WEDNESDAY,5
3120030,CAFE_BEVERAGE,THURSDAY,5
3120030,CAFE_BEVERAGE,FRIDAY,5
3120030,CAFE_BEVERAGE,SATURDAY,-6
3120030,CAFE_BEVERAGE,SUNDAY,-6
3120030,BAKERY,MONDAY,2
3120030,BAKERY,TUESDAY,4
3120030,BAKERY,WEDNESDAY,4
3120030,BAKERY,THURSDAY,5
3120030,BAKERY,FRIDAY,6
3120030,BAKERY,SATURDAY,-6
3120030,BAKERY,SUNDAY,-2
3120031,KOREAN_FOOD,MONDAY,2
3120031,KOREAN_FOOD,TUESDAY,3
3120031,KOREAN_FOOD,WEDNESDAY,4
3120031,KOREAN_FOOD,THURSDAY,4
3120031,KOREAN_FOOD,FRIDAY,5
3120031,KOREAN_FOOD,SATURDAY,-6
3120031,KOREAN_FOOD,SUNDAY,-6
3120031,CHINESE_FOOD,MONDAY,4
3120031,CHINESE_FOOD,TUESDAY,6
3120031,CHINESE_FOOD,WEDNESDAY,6
3120031,CHINESE_FOOD,THURSDAY,6
3120031,CHINESE_FOOD,FRIDAY,6
3120031,CHINESE_FOOD,SATURDAY,-6
3120031,CHINESE_FOOD,SUNDAY,-6
3120031,JAPANESE_FOOD,MONDAY,3
3120031,JAPANESE_FOOD,TUESDAY,4
3120031,JAPANESE_FOOD,WEDNESDAY,5
3120031,JAPANESE_FOOD,THURSDAY,5
3120031,JAPANESE_FOOD,FRIDAY,5
3120031,JAPANESE_FOOD,SATURDAY,-6
3120031,JAPANESE_FOOD,SUNDAY,-6
3120031,WESTERN_FOOD,MONDAY,-2
3120031,WESTERN_FOOD,TUESDAY,0
3120031,WESTERN_FOOD,WEDNESDAY,1
3120031,WESTERN_FOOD,THURSDAY,2
3120031,WESTERN_FOOD,FRIDAY,4
3120031,WESTERN_FOOD,SATURDAY,-1
3120031,WESTERN_FOOD,SUNDAY,-6
3120031,CHICKEN,MONDAY,4
3120031,CHICKEN,TUESDAY,6
3120031,CHICKEN,WEDNESDAY,5
3120031,CHICKEN,THURSDAY,6
3120031,CHICKEN,FRIDAY,6
3120031,CHICKEN,SATURDAY,-6
3120031,CHICKEN,SUNDAY,-6
3120031,BUNSIK,MONDAY,5
3120031,BUNSIK,TUESDAY,6
3120031,BUNSIK,WEDNESDAY,6
3120031,BUNSIK,THURSDAY,6
3120031,BUNSIK,FRIDAY,6
3120031,BUNSIK,SATURDAY,-6
3120031,BUNSIK,SUNDAY,-6
3120031,CAFE_BEVERAGE,MONDAY,3
3120031,CAFE_BEVERAGE,TUESDAY,4
3120031,CAFE_BEVERAGE,WEDNESDAY,5
3120031,CAFE_BEVERAGE,THURSDAY,5
3120031,CAFE_BEVERAGE,FRIDAY,5
3120031,CAFE_BEVERAGE,SATURDAY,-6
3120031,CAFE_BEVERAGE,SUNDAY,-6
3120031,BAKERY,MONDAY,4
3120031,BAKERY,TUESDAY,6
3120031,BAKERY,WEDNESDAY,6
3120031,BAKERY,THURSDAY,6
3120031,BAKERY,FRIDAY,6
3120031,BAKERY,SATURDAY,-6
3120031,BAKERY,SUNDAY,-6
3120032,KOREAN_FOOD,MONDAY,3
3120032,KOREAN_FOOD,TUESDAY,5
3120032,KOREAN_FOOD,WEDNESDAY,5
3120032,KOREAN_FOOD,THURSDAY,5
3120032,KOREAN_FOOD,FRIDAY,5
3120032,KOREAN_FOOD,SATURDAY,-6
3120032,KOREAN_FOOD,SUNDAY,-6
3120032,CHINESE_FOOD,MONDAY,2
3120032,CHINESE_FOOD,TUESDAY,5
3120032,CHINESE_FOOD,WEDNESDAY,5
3120032,CHINESE_FOOD,THURSDAY,6
3120032,CHINESE_FOOD,FRIDAY,5
3120032,CHINESE_FOOD,SATURDAY,-6
3120032,CHINESE_FOOD,SUNDAY,-6
3120032,JAPANESE_FOOD,MONDAY,3
3120032,JAPANESE_FOOD,TUESDAY,5
3120032,JAPANESE_FOOD,WEDNESDAY,5
3120032,JAPANESE_FOOD,THURSDAY,6
3120032,JAPANESE_FOOD,FRIDAY,5
3120032,JAPANESE_FOOD,SATURDAY,-6
3120032,JAPANESE_FOOD,SUNDAY,-6
3120032,WESTERN_FOOD,MONDAY,0
3120032,WESTERN_FOOD,TUESDAY,3
3120032,WESTERN_FOOD,WEDNESDAY,3
3120032,WESTERN_FOOD,THURSDAY,3
3120032,WESTERN_FOOD,FRIDAY,3
3120032,WESTERN_FOOD,SATURDAY,-5
3120032,WESTERN_FOOD,SUNDAY,-6
3120032,CHICKEN,MONDAY,0
3120032,CHICKEN,TUESDAY,0
3120032,CHICKEN,WEDNESDAY,2
3120032,CHICKEN,THURSDAY,4
3120032,CHICKEN,FRIDAY,6
3120032,CHICKEN,SATURDAY,-1
3120032,CHICKEN,SUNDAY,-6
3120032,FAST_FOOD,MONDAY,2
3120032,FAST_FOOD,TUESDAY,5
3120032,FAST_FOOD,WEDNESDAY,5
3120032,FAST_FOOD,THURSDAY,6
3120032,FAST_FOOD,FRIDAY,6
3120032,FAST_FOOD,SATURDAY,-6
3120032,FAST_FOOD,SUNDAY,-6
3120032,BUNSIK,MONDAY,3
3120032,BUNSIK,TUESDAY,5
3120032,BUNSIK,WEDNESDAY,5
3120032,BUNSIK,THURSDAY,5
3120032,BUNSIK,FRIDAY,4
3120032,BUNSIK,SATURDAY,-6
3120032,BUNSIK,SUNDAY,-6
3120032,CAFE_BEVERAGE,MONDAY,3
3120032,CAFE_BEVERAGE,TUESDAY,4
3120032,CAFE_BEVERAGE,WEDNESDAY,4
3120032,CAFE_BEVERAGE,THURSDAY,5
3120032,CAFE_BEVERAGE,FRIDAY,4
3120032,CAFE_BEVERAGE,SATURDAY,-6
3120032,CAFE_BEVERAGE,SUNDAY,-6
3120032,BAKERY,MONDAY,2
3120032,BAKERY,TUESDAY,2
3120032,BAKERY,WEDNESDAY,2
3120032,BAKERY,THURSDAY,2
3120032,BAKERY,FRIDAY,1
3120032,BAKERY,SATURDAY,-4
3120032,BAKERY,SUNDAY,-3
3120033,KOREAN_FOOD,MONDAY,2
3120033,KOREAN_FOOD,TUESDAY,3
3120033,KOREAN_FOOD,WEDNESDAY,3
3120033,KOREAN_FOOD,THURSDAY,4
3120033,KOREAN_FOOD,FRIDAY,5
3120033,KOREAN_FOOD,SATURDAY,-2
3120033,KOREAN_FOOD,SUNDAY,-6
3120033,CAFE_BEVERAGE,MONDAY,-6
3120033,CAFE_BEVERAGE,TUESDAY,2
3120033,CAFE_BEVERAGE,WEDNESDAY,1
3120033,CAFE_BEVERAGE,THURSDAY,3
3120033,CAFE_BEVERAGE,FRIDAY,5
3120033,CAFE_BEVERAGE,SATURDAY,5
3120033,CAFE_BEVERAGE,SUNDAY,-3
3120034,KOREAN_FOOD,MONDAY,2
3120034,KOREAN_FOOD,TUESDAY,-5
3120034,KOREAN_FOOD,WEDNESDAY,6
3120034,KOREAN_FOOD,THURSDAY,2
3120034,KOREAN_FOOD,FRIDAY,3
3120034,KOREAN_FOOD,SATURDAY,-3
3120034,KOREAN_FOOD,SUNDAY,-6
3120034,CAFE_BEVERAGE,MONDAY,-6
3120034,CAFE_BEVERAGE,TUESDAY,-4
3120034,CAFE_BEVERAGE,WEDNESDAY,-3
3120034,CAFE_BEVERAGE,THURSDAY,0
3120034,CAFE_BEVERAGE,FRIDAY,6
3120034,CAFE_BEVERAGE,SATURDAY,6
3120034,CAFE_BEVERAGE,SUNDAY,-6
3120035,KOREAN_FOOD,MONDAY,1
3120035,KOREAN_FOOD,TUESDAY,4
3120035,KOREAN_FOOD,WEDNESDAY,-6
3120035,KOREAN_FOOD,THURSDAY,1
3120035,KOREAN_FOOD,FRIDAY,1
3120035,KOREAN_FOOD,SATURDAY,2
3120035,KOREAN_FOOD,SUNDAY,1
3120035,CAFE_BEVERAGE,MONDAY,5
3120035,CAFE_BEVERAGE,TUESDAY,6
3120035,CAFE_BEVERAGE,WEDNESDAY,6
3120035,CAFE_BEVERAGE,THURSDAY,6
3120035,CAFE_BEVERAGE,FRIDAY,6
3120035,CAFE_BEVERAGE,SATURDAY,-6
3120035,CAFE_BEVERAGE,SUNDAY,-6
3120036,KOREAN_FOOD,MONDAY,-3
3120036,KOREAN_FOOD,TUESDAY,-1
3120036,KOREAN_FOOD,WEDNESDAY,0
3120036,KOREAN_FOOD,THURSDAY,0
3120036,KOREAN_FOOD,FRIDAY,1
3120036,KOREAN_FOOD,SATURDAY,4
3120036,KOREAN_FOOD,SUNDAY,0
3120036,WESTERN_FOOD,MONDAY,-2
3120036,WESTERN_FOOD,TUESDAY,0
3120036,WESTERN_FOOD,WEDNESDAY,1
3120036,WESTERN_FOOD,THURSDAY,1
3120036,WESTERN_FOOD,FRIDAY,1
3120036,WESTERN_FOOD,SATURDAY,0
3120036,WESTERN_FOOD,SUNDAY,-2
3120036,CAFE_BEVERAGE,MONDAY,0
3120036,CAFE_BEVERAGE,TUESDAY,1
3120036,CAFE_BEVERAGE,WEDNESDAY,2
3120036,CAFE_BEVERAGE,THURSDAY,1
3120036,CAFE_BEVERAGE,FRIDAY,1
3120036,CAFE_BEVERAGE,SATURDAY,-2
3120036,CAFE_BEVERAGE,SUNDAY,-3
3120037,KOREAN_FOOD,MONDAY,0
3120037,KOREAN_FOOD,TUESDAY,1
3120037,KOREAN_FOOD,WEDNESDAY,2
3120037,KOREAN_FOOD,THURSDAY,2
3120037,KOREAN_FOOD,FRIDAY,3
3120037,KOREAN_FOOD,SATURDAY,-3
3120037,KOREAN_FOOD,SUNDAY,-6
3120037,CHINESE_FOOD,MONDAY,0
3120037,CHINESE_FOOD,TUESDAY,2
3120037,CHINESE_FOOD,WEDNESDAY,2
3120037,CHINESE_FOOD,THURSDAY,3
3120037,CHINESE_FOOD,FRIDAY,3
3120037,CHINESE_FOOD,SATURDAY,-6
3120037,CHINESE_FOOD,SUNDAY,-5
3120037,JAPANESE_FOOD,MONDAY,1
3120037,JAPANESE_FOOD,TUESDAY,4
3120037,JAPANESE_FOOD,WEDNESDAY,6
3120037,JAPANESE_FOOD,THURSDAY,6
3120037,JAPANESE_FOOD,FRIDAY,6
3120037,JAPANESE_FOOD,SATURDAY,-6
3120037,JAPANESE_FOOD,SUNDAY,-6
3120037,WESTERN_FOOD,MONDAY,-5
3120037,WESTERN_FOOD,TUESDAY,-3
3120037,WESTERN_FOOD,WEDNESDAY,-2
3120037,WESTERN_FOOD,THURSDAY,-2
3120037,WESTERN_FOOD,FRIDAY,0
3120037,WESTERN_FOOD,SATURDAY,6
3120037,WESTERN_FOOD,SUNDAY,5
3120037,CHICKEN,MONDAY,-2
3120037,CHICKEN,TUESDAY,1
3120037,CHICKEN,WEDNESDAY,2
3120037,CHICKEN,THURSDAY,3
3120037,CHICKEN,FRIDAY,5
3120037,CHICKEN,SATURDAY,-3
3120037,CHICKEN,SUNDAY,-6
3120037,FAST_FOOD,MONDAY,-1
3120037,FAST_FOOD,TUESDAY,-1
3120037,FAST_FOOD,WEDNESDAY,1
3120037,FAST_FOOD,THURSDAY,0
3120037,FAST_FOOD,FRIDAY,1
3120037,FAST_FOOD,SATURDAY,1
3120037,FAST_FOOD,SUNDAY,-3
3120037,BUNSIK,MONDAY,-1
3120037,BUNSIK,TUESDAY,-1
3120037,BUNSIK,WEDNESDAY,0
3120037,BUNSIK,THURSDAY,0
3120037,BUNSIK,FRIDAY,2
3120037,BUNSIK,SATURDAY,2
3120037,BUNSIK,SUNDAY,-2
3120037,CAFE_BEVERAGE,MONDAY,1
3120037,CAFE_BEVERAGE,TUESDAY,2
3120037,CAFE_BEVERAGE,WEDNESDAY,2
3120037,CAFE_BEVERAGE,THURSDAY,3
3120037,CAFE_BEVERAGE,FRIDAY,2
3120037,CAFE_BEVERAGE,SATURDAY,-4
3120037,CAFE_BEVERAGE,SUNDAY,-6
3120037,BAKERY,MONDAY,0
3120037,BAKERY,TUESDAY,2
3120037,BAKERY,WEDNESDAY,2
3120037,BAKERY,THURSDAY,2
3120037,BAKERY,FRIDAY,3
3120037,BAKERY,SATURDAY,-3
3120037,BAKERY,SUNDAY,-5
3120038,KOREAN_FOOD,MONDAY,-1
3120038,KOREAN_FOOD,TUESDAY,1
3120038,KOREAN_FOOD,WEDNESDAY,0
3120038,KOREAN_FOOD,THURSDAY,1
3120038,KOREAN_FOOD,FRIDAY,3
3120038,KOREAN_FOOD,SATURDAY,0
3120038,KOREAN_FOOD,SUNDAY,-4
3120038,CHINESE_FOOD,MONDAY,2
3120038,CHINESE_FOOD,TUESDAY,2
3120038,CHINESE_FOOD,WEDNESDAY,2
3120038,CHINESE_FOOD,THURSDAY,2
3120038,CHINESE_FOOD,FRIDAY,4
3120038,CHINESE_FOOD,SATURDAY,-4
3120038,CHINESE_FOOD,SUNDAY,-6
3120038,JAPANESE_FOOD,MONDAY,2
3120038,JAPANESE_FOOD,TUESDAY,2
3120038,JAPANESE_FOOD,WEDNESDAY,3
3120038,JAPANESE_FOOD,THURSDAY,3
3120038,JAPANESE_FOOD,FRIDAY,-2
3120038,JAPANESE_FOOD,SATURDAY,-3
3120038,JAPANESE_FOOD,SUNDAY,-4
3120038,WESTERN_FOOD,MONDAY,3
3120038,WESTERN_FOOD,TUESDAY,3
3120038,WESTERN_FOOD,WEDNESDAY,3
3120038,WESTERN_FOOD,THURSDAY,2
3120038,WESTERN_FOOD,FRIDAY,6
3120038,WESTERN_FOOD,SATURDAY,0
3120038,WESTERN_FOOD,SUNDAY,-6
3120038,BUNSIK,MONDAY,0
3120038,BUNSIK,TUESDAY,-1
3120038,BUNSIK,WEDNESDAY,2
3120038,BUNSIK,THURSDAY,2
3120038,BUNSIK,FRIDAY,4
3120038,BUNSIK,SATURDAY,-1
3120038,BUNSIK,SUNDAY,-6
3120038,CAFE_BEVERAGE,MONDAY,-1
3120038,CAFE_BEVERAGE,TUESDAY,-1
3120038,CAFE_BEVERAGE,WEDNESDAY,-1
3120038,CAFE_BEVERAGE,THURSDAY,-1
3120038,CAFE_BEVERAGE,FRIDAY,1
3120038,CAFE_BEVERAGE,SATURDAY,2
3120038,CAFE_BEVERAGE,SUNDAY,0
3120038,BAKERY,MONDAY,-1
3120038,BAKERY,TUESDAY,0
3120038,BAKERY,WEDNESDAY,0
3120038,BAKERY,THURSDAY,0
3120038,BAKERY,FRIDAY,2
3120038,BAKERY,SATURDAY,1
3120038,BAKERY,SUNDAY,-2
3120039,KOREAN_FOOD,MONDAY,0
3120039,KOREAN_FOOD,TUESDAY,1
3120039,KOREAN_FOOD,WEDNESDAY,2
3120039,KOREAN_FOOD,THURSDAY,2
3120039,KOREAN_FOOD,FRIDAY,3
3120039,KOREAN_FOOD,SATURDAY,-1
3120039,KOREAN_FOOD,SUNDAY,-6
3120039,CHINESE_FOOD,MONDAY,2
3120039,CHINESE_FOOD,TUESDAY,2
3120039,CHINESE_FOOD,WEDNESDAY,3
3120039,CHINESE_FOOD,THURSDAY,3
3120039,CHINESE_FOOD,FRIDAY,3
3120039,CHINESE_FOOD,SATURDAY,-4
3120039,CHINESE_FOOD,SUNDAY,-6
3120039,JAPANESE_FOOD,MONDAY,-6
3120039,JAPANESE_FOOD,TUESDAY,3
3120039,JAPANESE_FOOD,WEDNESDAY,3
3120039,JAPANESE_FOOD,THURSDAY,4
3120039,JAPANESE_FOOD,FRIDAY,6
3120039,JAPANESE_FOOD,SATURDAY,6
3120039,JAPANESE_FOOD,SUNDAY,-6
3120039,FAST_FOOD,MONDAY,-3
3120039,FAST_FOOD,TUESDAY,0
3120039,FAST_FOOD,WEDNESDAY,1
3120039,FAST_FOOD,THURSDAY,1
3120039,FAST_FOOD,FRIDAY,2
3120039,FAST_FOOD,SATURDAY,1
3120039,FAST_FOOD,SUNDAY,-2
3120039,BUNSIK,MONDAY,2
3120039,BUNSIK,TUESDAY,4
3120039,BUNSIK,WEDNESDAY,4
3120039,BUNSIK,THURSDAY,4
3120039,BUNSIK,FRIDAY,2
3120039,BUNSIK,SATURDAY,-6
3120039,BUNSIK,SUNDAY,-6
3120039,CAFE_BEVERAGE,MONDAY,4
3120039,CAFE_BEVERAGE,TUESDAY,4
3120039,CAFE_BEVERAGE,WEDNESDAY,5
3120039,CAFE_BEVERAGE,THURSDAY,6
3120039,CAFE_BEVERAGE,FRIDAY,-2
3120039,CAFE_BEVERAGE,SATURDAY,-6
3120039,CAFE_BEVERAGE,SUNDAY,-6
3120039,BAKERY,MONDAY,0
3120039,BAKERY,TUESDAY,1
3120039,BAKERY,WEDNESDAY,4
3120039,BAKERY,THURSDAY,1
3120039,BAKERY,FRIDAY,2
3120039,BAKERY,SATURDAY,-1
3120039,BAKERY,SUNDAY,-6
3120040,KOREAN_FOOD,MONDAY,5
3120040,KOREAN_FOOD,TUESDAY,5
3120040,KOREAN_FOOD,WEDNESDAY,5
3120040,KOREAN_FOOD,THURSDAY,5
3120040,KOREAN_FOOD,FRIDAY,5
3120040,KOREAN_FOOD,SATURDAY,-6
3120040,KOREAN_FOOD,SUNDAY,-6
3120040,CHINESE_FOOD,MONDAY,5
3120040,CHINESE_FOOD,TUESDAY,6
3120040,CHINESE_FOOD,WEDNESDAY,6
3120040,CHINESE_FOOD,THURSDAY,6
3120040,CHINESE_FOOD,FRIDAY,6
3120040,CHINESE_FOOD,SATURDAY,-6
3120040,CHINESE_FOOD,SUNDAY,-6
3120040,JAPANESE_FOOD,MONDAY,6
3120040,JAPANESE_FOOD,TUESDAY,6
3120040,JAPANESE_FOOD,WEDNESDAY,6
3120040,JAPANESE_FOOD,THURSDAY,6
3120040,JAPANESE_FOOD,FRIDAY,6
3120040,JAPANESE_FOOD,SATURDAY,-6
3120040,JAPANESE_FOOD,SUNDAY,-6
3120040,WESTERN_FOOD,MONDAY,-6
3120040,WESTERN_FOOD,TUESDAY,6
3120040,WESTERN_FOOD,WEDNESDAY,6
3120040,WESTERN_FOOD,THURSDAY,6
3120040,WESTERN_FOOD,FRIDAY,6
3120040,WESTERN_FOOD,SATURDAY,-6
3120040,WESTERN_FOOD,SUNDAY,-6
3120040,BUNSIK,MONDAY,6
3120040,BUNSIK,TUESDAY,6
3120040,BUNSIK,WEDNESDAY,6
3120040,BUNSIK,THURSDAY,6
3120040,BUNSIK,FRIDAY,6
3120040,BUNSIK,SATURDAY,-6
3120040,BUNSIK,SUNDAY,-6
3120040,CAFE_BEVERAGE,MONDAY,4
3120040,CAFE_BEVERAGE,TUESDAY,6
3120040,CAFE_BEVERAGE,WEDNESDAY,6
3120040,CAFE_BEVERAGE,THURSDAY,6
3120040,CAFE_BEVERAGE,FRIDAY,6
3120040,CAFE_BEVERAGE,SATURDAY,-6
3120040,CAFE_BEVERAGE,SUNDAY,-6
3120041,KOREAN_FOOD,MONDAY,-1
3120041,KOREAN_FOOD,TUESDAY,0
3120041,KOREAN_FOOD,WEDNESDAY,1
3120041,KOREAN_FOOD,THURSDAY,1
3120041,KOREAN_FOOD,FRIDAY,3
3120041,KOREAN_FOOD,SATURDAY,0
3120041,KOREAN_FOOD,SUNDAY,-5
3120041,JAPANESE_FOOD,MONDAY,0
3120041,JAPANESE_FOOD,TUESDAY,2
3120041,JAPANESE_FOOD,WEDNESDAY,2
3120041,JAPANESE_FOOD,THURSDAY,3
3120041,JAPANESE_FOOD,FRIDAY,5
3120041,JAPANESE_FOOD,SATURDAY,-1
3120041,JAPANESE_FOOD,SUNDAY,-6
3120041,WESTERN_FOOD,MONDAY,-4
3120041,WESTERN_FOOD,TUESDAY,-2
3120041,WESTERN_FOOD,WEDNESDAY,-1
3120041,WESTERN_FOOD,THURSDAY,-1
3120041,WESTERN_FOOD,FRIDAY,3
3120041,WESTERN_FOOD,SATURDAY,5
3120041,WESTERN_FOOD,SUNDAY,0
3120041,CHICKEN,MONDAY,-1
3120041,CHICKEN,TUESDAY,1
3120041,CHICKEN,WEDNESDAY,1
3120041,CHICKEN,THURSDAY,2
3120041,CHICKEN,FRIDAY,6
3120041,CHICKEN,SATURDAY,2
3120041,CHICKEN,SUNDAY,-6
3120041,FAST_FOOD,MONDAY,5
3120041,FAST_FOOD,TUESDAY,5
3120041,FAST_FOOD,WEDNESDAY,5
3120041,FAST_FOOD,THURSDAY,5
3120041,FAST_FOOD,FRIDAY,5
3120041,FAST_FOOD,SATURDAY,-6
3120041,FAST_FOOD,SUNDAY,-6
3120041,BUNSIK,MONDAY,2
3120041,BUNSIK,TUESDAY,5
3120041,BUNSIK,WEDNESDAY,5
3120041,BUNSIK,THURSDAY,5
3120041,BUNSIK,FRIDAY,4
3120041,BUNSIK,SATURDAY,-6
3120041,BUNSIK,SUNDAY,-6
3120041,CAFE_BEVERAGE,MONDAY,2
3120041,CAFE_BEVERAGE,TUESDAY,4
3120041,CAFE_BEVERAGE,WEDNESDAY,4
3120041,CAFE_BEVERAGE,THURSDAY,4
3120041,CAFE_BEVERAGE,FRIDAY,4
3120041,CAFE_BEVERAGE,SATURDAY,-6
3120041,CAFE_BEVERAGE,SUNDAY,-6
3120041,BAKERY,MONDAY,2
3120041,BAKERY,TUESDAY,2
3120041,BAKERY,WEDNESDAY,3
3120041,BAKERY,THURSDAY,3
3120041,BAKERY,FRIDAY,4
3120041,BAKERY,SATURDAY,-1
3120041,BAKERY,SUNDAY,-6
3120042,KOREAN_FOOD,MONDAY,0
3120042,KOREAN_FOOD,TUESDAY,1
3120042,KOREAN_FOOD,WEDNESDAY,1
3120042,KOREAN_FOOD,THURSDAY,2
3120042,KOREAN_FOOD,FRIDAY,3
3120042,KOREAN_FOOD,SATURDAY,-2
3120042,KOREAN_FOOD,SUNDAY,-5
3120042,WESTERN_FOOD,MONDAY,4
3120042,WESTERN_FOOD,TUESDAY,4
3120042,WESTERN_FOOD,WEDNESDAY,5
3120042,WESTERN_FOOD,THURSDAY,4
3120042,WESTERN_FOOD,FRIDAY,5
3120042,WESTERN_FOOD,SATURDAY,-6
3120042,WESTERN_FOOD,SUNDAY,-6
3120042,CHICKEN,MONDAY,-4
3120042,CHICKEN,TUESDAY,-1
3120042,CHICKEN,WEDNESDAY,1
3120042,CHICKEN,THURSDAY,2
3120042,CHICKEN,FRIDAY,4
3120042,CHICKEN,SATURDAY,2
3120042,CHICKEN,SUNDAY,-5
3120042,FAST_FOOD,MONDAY,0
3120042,FAST_FOOD,TUESDAY,0
3120042,FAST_FOOD,WEDNESDAY,0
3120042,FAST_FOOD,THURSDAY,0
3120042,FAST_FOOD,FRIDAY,1
3120042,FAST_FOOD,SATURDAY,-2
3120042,FAST_FOOD,SUNDAY,-1
3120042,BUNSIK,MONDAY,1
3120042,BUNSIK,TUESDAY,3
3120042,BUNSIK,WEDNESDAY,3
3120042,BUNSIK,THURSDAY,3
3120042,BUNSIK,FRIDAY,2
3120042,BUNSIK,SATURDAY,-6
3120042,BUNSIK,SUNDAY,-6
3120042,CAFE_BEVERAGE,MONDAY,1
3120042,CAFE_BEVERAGE,TUESDAY,3
3120042,CAFE_BEVERAGE,WEDNESDAY,3
3120042,CAFE_BEVERAGE,THURSDAY,3
3120042,CAFE_BEVERAGE,FRIDAY,4
3120042,CAFE_BEVERAGE,SATURDAY,-5
3120042,CAFE_BEVERAGE,SUNDAY,-6
3120042,BAKERY,MONDAY,3
3120042,BAKERY,TUESDAY,2
3120042,BAKERY,WEDNESDAY,3
3120042,BAKERY,THURSDAY,3
3120042,BAKERY,FRIDAY,3
3120042,BAKERY,SATURDAY,-6
3120042,BAKERY,SUNDAY,-6
3120043,KOREAN_FOOD,MONDAY,6
3120043,KOREAN_FOOD,TUESDAY,6
3120043,KOREAN_FOOD,WEDNESDAY,6
3120043,KOREAN_FOOD,THURSDAY,6
3120043,KOREAN_FOOD,FRIDAY,5
3120043,KOREAN_FOOD,SATURDAY,-6
3120043,KOREAN_FOOD,SUNDAY,-6
3120043,CHINESE_FOOD,MONDAY,6
3120043,CHINESE_FOOD,TUESDAY,6
3120043,CHINESE_FOOD,WEDNESDAY,6
3120043,CHINESE_FOOD,THURSDAY,6
3120043,CHINESE_FOOD,FRIDAY,6
3120043,CHINESE_FOOD,SATURDAY,-6
3120043,CHINESE_FOOD,SUNDAY,-6
3120043,JAPANESE_FOOD,MONDAY,4
3120043,JAPANESE_FOOD,TUESDAY,6
3120043,JAPANESE_FOOD,WEDNESDAY,6
3120043,JAPANESE_FOOD,THURSDAY,6
3120043,JAPANESE_FOOD,FRIDAY,6
3120043,JAPANESE_FOOD,SATURDAY,-6
3120043,JAPANESE_FOOD,SUNDAY,-6
3120043,WESTERN_FOOD,MONDAY,6
3120043,WESTERN_FOOD,TUESDAY,6
3120043,WESTERN_FOOD,WEDNESDAY,6
3120043,WESTERN_FOOD,THURSDAY,6
3120043,WESTERN_FOOD,FRIDAY,6
3120043,WESTERN_FOOD,SATURDAY,-6
3120043,WESTERN_FOOD,SUNDAY,-6
3120043,CHICKEN,MONDAY,-1
3120043,CHICKEN,TUESDAY,3
3120043,CHICKEN,WEDNESDAY,4
3120043,CHICKEN,THURSDAY,5
3120043,CHICKEN,FRIDAY,6
3120043,CHICKEN,SATURDAY,-6
3120043,CHICKEN,SUNDAY,-6
3120043,FAST_FOOD,MONDAY,5
3120043,FAST_FOOD,TUESDAY,6
3120043,FAST_FOOD,WEDNESDAY,6
3120043,FAST_FOOD,THURSDAY,6
3120043,FAST_FOOD,FRIDAY,5
3120043,FAST_FOOD,SATURDAY,-6
3120043,FAST_FOOD,SUNDAY,-6
3120043,BUNSIK,MONDAY,5
3120043,BUNSIK,TUESDAY,6
3120043,BUNSIK,WEDNESDAY,6
3120043,BUNSIK,THURSDAY,6
3120043,BUNSIK,FRIDAY,6
3120043,BUNSIK,SATURDAY,-6
3120043,BUNSIK,SUNDAY,-6
3120043,CAFE_BEVERAGE,MONDAY,5
3120043,CAFE_BEVERAGE,TUESDAY,6
3120043,CAFE_BEVERAGE,WEDNESDAY,6
3120043,CAFE_BEVERAGE,THURSDAY,6
3120043,CAFE_BEVERAGE,FRIDAY,6
3120043,CAFE_BEVERAGE,SATURDAY,-6
3120043,CAFE_BEVERAGE,SUNDAY,-6
3120043,BAKERY,MONDAY,3
3120043,BAKERY,TUESDAY,5
3120043,BAKERY,WEDNESDAY,6
3120043,BAKERY,THURSDAY,6
3120043,BAKERY,FRIDAY,6
3120043,BAKERY,SATURDAY,-6
3120043,BAKERY,SUNDAY,-6
3120044,KOREAN_FOOD,MONDAY,-3
3120044,KOREAN_FOOD,TUESDAY,-1
3120044,KOREAN_FOOD,WEDNESDAY,0
3120044,KOREAN_FOOD,THURSDAY,0
3120044,KOREAN_FOOD,FRIDAY,3
3120044,KOREAN_FOOD,SATURDAY,4
3120044,KOREAN_FOOD,SUNDAY,-3
3120044,CHINESE_FOOD,MONDAY,-2
3120044,CHINESE_FOOD,TUESDAY,2
3120044,CHINESE_FOOD,WEDNESDAY,3
3120044,CHINESE_FOOD,THURSDAY,3
3120044,CHINESE_FOOD,FRIDAY,4
3120044,CHINESE_FOOD,SATURDAY,3
3120044,CHINESE_FOOD,SUNDAY,-6
3120044,WESTERN_FOOD,MONDAY,-6
3120044,WESTERN_FOOD,TUESDAY,-4
3120044,WESTERN_FOOD,WEDNESDAY,-4
3120044,WESTERN_FOOD,THURSDAY,-3
3120044,WESTERN_FOOD,FRIDAY,2
3120044,WESTERN_FOOD,SATURDAY,6
3120044,WESTERN_FOOD,SUNDAY,4
3120044,CHICKEN,MONDAY,-4
3120044,CHICKEN,TUESDAY,-1
3120044,CHICKEN,WEDNESDAY,1
3120044,CHICKEN,THURSDAY,1
3120044,CHICKEN,FRIDAY,5
3120044,CHICKEN,SATURDAY,5
3120044,CHICKEN,SUNDAY,-6
3120044,CAFE_BEVERAGE,MONDAY,-1
3120044,CAFE_BEVERAGE,TUESDAY,1
3120044,CAFE_BEVERAGE,WEDNESDAY,1
3120044,CAFE_BEVERAGE,THURSDAY,2
3120044,CAFE_BEVERAGE,FRIDAY,2
3120044,CAFE_BEVERAGE,SATURDAY,-1
3120044,CAFE_BEVERAGE,SUNDAY,-5
3120045,KOREAN_FOOD,MONDAY,1
3120045,KOREAN_FOOD,TUESDAY,1
3120045,KOREAN_FOOD,WEDNESDAY,1
3120045,KOREAN_FOOD,THURSDAY,2
3120045,KOREAN_FOOD,FRIDAY,3
3120045,KOREAN_FOOD,SATURDAY,-1
3120045,KOREAN_FOOD,SUNDAY,-6
3120045,CHINESE_FOOD,MONDAY,1
3120045,CHINESE_FOOD,TUESDAY,3
3120045,CHINESE_FOOD,WEDNESDAY,2
3120045,CHINESE_FOOD,THURSDAY,3
3120045,CHINESE_FOOD,FRIDAY,6
3120045,CHINESE_FOOD,SATURDAY,-1
3120045,CHINESE_FOOD,SUNDAY,-6
3120045,JAPANESE_FOOD,MONDAY,0
3120045,JAPANESE_FOOD,TUESDAY,2
3120045,JAPANESE_FOOD,WEDNESDAY,2
3120045,JAPANESE_FOOD,THURSDAY,2
3120045,JAPANESE_FOOD,FRIDAY,5
3120045,JAPANESE_FOOD,SATURDAY,-1
3120045,JAPANESE_FOOD,SUNDAY,-6
3120045,WESTERN_FOOD,MONDAY,-4
3120045,WESTERN_FOOD,TUESDAY,-1
3120045,WESTERN_FOOD,WEDNESDAY,-2
3120045,WESTERN_FOOD,THURSDAY,0
3120045,WESTERN_FOOD,FRIDAY,2
3120045,WESTERN_FOOD,SATURDAY,5
3120045,WESTERN_FOOD,SUNDAY,0
3120045,BUNSIK,MONDAY,-1
3120045,BUNSIK,TUESDAY,2
3120045,BUNSIK,WEDNESDAY,2
3120045,BUNSIK,THURSDAY,4
3120045,BUNSIK,FRIDAY,5
3120045,BUNSIK,SATURDAY,2
3120045,BUNSIK,SUNDAY,-6
3120045,CAFE_BEVERAGE,MONDAY,-2
3120045,CAFE_BEVERAGE,TUESDAY,-1
3120045,CAFE_BEVERAGE,WEDNESDAY,0
3120045,CAFE_BEVERAGE,THURSDAY,1
3120045,CAFE_BEVERAGE,FRIDAY,3
3120045,CAFE_BEVERAGE,SATURDAY,2
3120045,CAFE_BEVERAGE,SUNDAY,-2
3120046,KOREAN_FOOD,MONDAY,-6
3120046,KOREAN_FOOD,TUESDAY,-6
3120046,KOREAN_FOOD,WEDNESDAY,-6
3120046,KOREAN_FOOD,THURSDAY,-5
3120046,KOREAN_FOOD,FRIDAY,0
3120046,KOREAN_FOOD,SATURDAY,6
3120046,KOREAN_FOOD,SUNDAY,6
3120046,CHINESE_FOOD,MONDAY,-6
3120046,CHINESE_FOOD,TUESDAY,1
3120046,CHINESE_FOOD,WEDNESDAY,1
3120046,CHINESE_FOOD,THURSDAY,2
3120046,CHINESE_FOOD,FRIDAY,6
3120046,CHINESE_FOOD,SATURDAY,4
3120046,CHINESE_FOOD,SUNDAY,-2
3120046,JAPANESE_FOOD,MONDAY,-6
3120046,JAPANESE_FOOD,TUESDAY,-4
3120046,JAPANESE_FOOD,WEDNESDAY,-2
3120046,JAPANESE_FOOD,THURSDAY,-2
3120046,JAPANESE_FOOD,FRIDAY,4
3120046,JAPANESE_FOOD,SATURDAY,6
3120046,JAPANESE_FOOD,SUNDAY,1
3120046,WESTERN_FOOD,MONDAY,-6
3120046,WESTERN_FOOD,TUESDAY,-6
3120046,WESTERN_FOOD,WEDNESDAY,-6
3120046,WESTERN_FOOD,THURSDAY,-6
3120046,WESTERN_FOOD,FRIDAY,1
3120046,WESTERN_FOOD,SATURDAY,6
3120046,WESTERN_FOOD,SUNDAY,6
3120046,FAST_FOOD,MONDAY,-5
3120046,FAST_FOOD,TUESDAY,-6
3120046,FAST_FOOD,WEDNESDAY,-6
3120046,FAST_FOOD,THURSDAY,-5
3120046,FAST_FOOD,FRIDAY,-1
3120046,FAST_FOOD,SATURDAY,6
3120046,FAST_FOOD,SUNDAY,6
3120046,BUNSIK,MONDAY,-6
3120046,BUNSIK,TUESDAY,-6
3120046,BUNSIK,WEDNESDAY,-5
3120046,BUNSIK,THURSDAY,-5
3120046,BUNSIK,FRIDAY,4
3120046,BUNSIK,SATURDAY,6
3120046,BUNSIK,SUNDAY,5
3120046,CAFE_BEVERAGE,MONDAY,-5
3120046,CAFE_BEVERAGE,TUESDAY,-4
3120046,CAFE_BEVERAGE,WEDNESDAY,-3
3120046,CAFE_BEVERAGE,THURSDAY,-3
3120046,CAFE_BEVERAGE,FRIDAY,1
3120046,CAFE_BEVERAGE,SATURDAY,6
3120046,CAFE_BEVERAGE,SUNDAY,4
3120046,BAKERY,MONDAY,-3
3120046,BAKERY,TUESDAY,-4
3120046,BAKERY,WEDNESDAY,-3
3120046,BAKERY,THURSDAY,-2
3120046,BAKERY,FRIDAY,1
3120046,BAKERY,SATURDAY,6
3120046,BAKERY,SUNDAY,3
3120047,KOREAN_FOOD,MONDAY,-1
3120047,KOREAN_FOOD,TUESDAY,-1
3120047,KOREAN_FOOD,WEDNESDAY,0
3120047,KOREAN_FOOD,THURSDAY,1
3120047,KOREAN_FOOD,FRIDAY,3
3120047,KOREAN_FOOD,SATURDAY,2
3120047,KOREAN_FOOD,SUNDAY,-3
3120047,CHINESE_FOOD,MONDAY,-4
3120047,CHINESE_FOOD,TUESDAY,0
3120047,CHINESE_FOOD,WEDNESDAY,1
3120047,CHINESE_FOOD,THURSDAY,2
3120047,CHINESE_FOOD,FRIDAY,4
3120047,CHINESE_FOOD,SATURDAY,0
3120047,CHINESE_FOOD,SUNDAY,-3
3120047,JAPANESE_FOOD,MONDAY,-2
3120047,JAPANESE_FOOD,TUESDAY,0
3120047,JAPANESE_FOOD,WEDNESDAY,0
3120047,JAPANESE_FOOD,THURSDAY,1
3120047,JAPANESE_FOOD,FRIDAY,3
3120047,JAPANESE_FOOD,SATURDAY,1
3120047,JAPANESE_FOOD,SUNDAY,-2
3120047,WESTERN_FOOD,MONDAY,-1
3120047,WESTERN_FOOD,TUESDAY,1
3120047,WESTERN_FOOD,WEDNESDAY,1
3120047,WESTERN_FOOD,THURSDAY,1
3120047,WESTERN_FOOD,FRIDAY,4
3120047,WESTERN_FOOD,SATURDAY,2
3120047,WESTERN_FOOD,SUNDAY,-6
3120047,CHICKEN,MONDAY,-6
3120047,CHICKEN,TUESDAY,-3
3120047,CHICKEN,WEDNESDAY,-1
3120047,CHICKEN,THURSDAY,-1
3120047,CHICKEN,FRIDAY,6
3120047,CHICKEN,SATURDAY,6
3120047,CHICKEN,SUNDAY,2
3120047,FAST_FOOD,MONDAY,-1
3120047,FAST_FOOD,TUESDAY,1
3120047,FAST_FOOD,WEDNESDAY,2
3120047,FAST_FOOD,THURSDAY,2
3120047,FAST_FOOD,FRIDAY,3
3120047,FAST_FOOD,SATURDAY,0
3120047,FAST_FOOD,SUNDAY,-6
3120047,BUNSIK,MONDAY,-1
3120047,BUNSIK,TUESDAY,0
3120047,BUNSIK,WEDNESDAY,1
3120047,BUNSIK,THURSDAY,1
3120047,BUNSIK,FRIDAY,3
3120047,BUNSIK,SATURDAY,3
3120047,BUNSIK,SUNDAY,-6
3120047,CAFE_BEVERAGE,MONDAY,1
3120047,CAFE_BEVERAGE,TUESDAY,2
3120047,CAFE_BEVERAGE,WEDNESDAY,2
3120047,CAFE_BEVERAGE,THURSDAY,2
3120047,CAFE_BEVERAGE,FRIDAY,3
3120047,CAFE_BEVERAGE,SATURDAY,-2
3120047,CAFE_BEVERAGE,SUNDAY,-6
3120047,BAKERY,MONDAY,-1
3120047,BAKERY,TUESDAY,0
3120047,BAKERY,WEDNESDAY,0
3120047,BAKERY,THURSDAY,1
3120047,BAKERY,FRIDAY,2
3120047,BAKERY,SATURDAY,3
3120047,BAKERY,SUNDAY,-4
3120048,KOREAN_FOOD,MONDAY,-2
3120048,KOREAN_FOOD,TUESDAY,-1
3120048,KOREAN_FOOD,WEDNESDAY,-1
3120048,KOREAN_FOOD,THURSDAY,-2
3120048,KOREAN_FOOD,FRIDAY,3
3120048,KOREAN_FOOD,SATURDAY,4
3120048,KOREAN_FOOD,SUNDAY,-1
3120048,CHINESE_FOOD,MONDAY,0
3120048,CHINESE_FOOD,TUESDAY,-6
3120048,CHINESE_FOOD,WEDNESDAY,4
3120048,CHINESE_FOOD,THURSDAY,3
3120048,CHINESE_FOOD,FRIDAY,2
3120048,CHINESE_FOOD,SATURDAY,3
3120048,CHINESE_FOOD,SUNDAY,3
3120048,CHICKEN,MONDAY,-6
3120048,CHICKEN,TUESDAY,0
3120048,CHICKEN,WEDNESDAY,0
3120048,CHICKEN,THURSDAY,1
3120048,CHICKEN,FRIDAY,5
3120048,CHICKEN,SATURDAY,5
3120048,CHICKEN,SUNDAY,-5
3120048,FAST_FOOD,MONDAY,-2
3120048,FAST_FOOD,TUESDAY,0
3120048,FAST_FOOD,WEDNESDAY,0
3120048,FAST_FOOD,THURSDAY,0
3120048,FAST_FOOD,FRIDAY,2
3120048,FAST_FOOD,SATURDAY,2
3120048,FAST_FOOD,SUNDAY,-2
3120048,BUNSIK,MONDAY,1
3120048,BUNSIK,TUESDAY,-1
3120048,BUNSIK,WEDNESDAY,1
3120048,BUNSIK,THURSDAY,1
3120048,BUNSIK,FRIDAY,2
3120048,BUNSIK,SATURDAY,4
3120048,BUNSIK,SUNDAY,-6
3120048,CAFE_BEVERAGE,MONDAY,-2
3120048,CAFE_BEVERAGE,TUESDAY,-2
3120048,CAFE_BEVERAGE,WEDNESDAY,-3
3120048,CAFE_BEVERAGE,THURSDAY,0
3120048,CAFE_BEVERAGE,FRIDAY,0
3120048,CAFE_BEVERAGE,SATURDAY,5
3120048,CAFE_BEVERAGE,SUNDAY,2
3120048,BAKERY,MONDAY,-2
3120048,BAKERY,TUESDAY,2
3120048,BAKERY,WEDNESDAY,2
3120048,BAKERY,THURSDAY,0
3120048,BAKERY,FRIDAY,3
3120048,BAKERY,SATURDAY,4
3120048,BAKERY,SUNDAY,-6
3120049,KOREAN_FOOD,MONDAY,-1
3120049,KOREAN_FOOD,TUESDAY,0
3120049,KOREAN_FOOD,WEDNESDAY,1
3120049,KOREAN_FOOD,THURSDAY,0
3120049,KOREAN_FOOD,FRIDAY,3
3120049,KOREAN_FOOD,SATURDAY,1
3120049,KOREAN_FOOD,SUNDAY,-4
3120049,JAPANESE_FOOD,MONDAY,-1
3120049,JAPANESE_FOOD,TUESDAY,-1
3120049,JAPANESE_FOOD,WEDNESDAY,-1
3120049,JAPANESE_FOOD,THURSDAY,-1
3120049,JAPANESE_FOOD,FRIDAY,1
3120049,JAPANESE_FOOD,SATURDAY,3
3120049,JAPANESE_FOOD,SUNDAY,0
3120049,WESTERN_FOOD,MONDAY,-6
3120049,WESTERN_FOOD,TUESDAY,0
3120049,WESTERN_FOOD,WEDNESDAY,4
3120049,WESTERN_FOOD,THURSDAY,1
3120049,WESTERN_FOOD,FRIDAY,6
3120049,WESTERN_FOOD,SATURDAY,5
3120049,WESTERN_FOOD,SUNDAY,2
3120049,FAST_FOOD,MONDAY,-2
3120049,FAST_FOOD,TUESDAY,-1
3120049,FAST_FOOD,WEDNESDAY,1
3120049,FAST_FOOD,THURSDAY,1
3120049,FAST_FOOD,FRIDAY,4
3120049,FAST_FOOD,SATURDAY,3
3120049,FAST_FOOD,SUNDAY,-5
3120049,BUNSIK,MONDAY,1
3120049,BUNSIK,TUESDAY,0
3120049,BUNSIK,WEDNESDAY,0
3120049,BUNSIK,THURSDAY,1
3120049,BUNSIK,FRIDAY,2
3120049,BUNSIK,SATURDAY,1
3120049,BUNSIK,SUNDAY,-4
3120049,CAFE_BEVERAGE,MONDAY,-2
3120049,CAFE_BEVERAGE,TUESDAY,-1
3120049,CAFE_BEVERAGE,WEDNESDAY,-1
3120049,CAFE_BEVERAGE,THURSDAY,-1
3120049,CAFE_BEVERAGE,FRIDAY,1
3120049,CAFE_BEVERAGE,SATURDAY,4
3120049,CAFE_BEVERAGE,SUNDAY,0
3120049,BAKERY,MONDAY,-1
3120049,BAKERY,TUESDAY,1
3120049,BAKERY,WEDNESDAY,1
3120049,BAKERY,THURSDAY,2
3120049,BAKERY,FRIDAY,3
3120049,BAKERY,SATURDAY,2
3120049,BAKERY,SUNDAY,-6
3120050,KOREAN_FOOD,MONDAY,3
3120050,KOREAN_FOOD,TUESDAY,4
3120050,KOREAN_FOOD,WEDNESDAY,4
3120050,KOREAN_FOOD,THURSDAY,4
3120050,KOREAN_FOOD,FRIDAY,4
3120050,KOREAN_FOOD,SATURDAY,-5
3120050,KOREAN_FOOD,SUNDAY,-6
3120050,CAFE_BEVERAGE,MONDAY,-6
3120050,CAFE_BEVERAGE,TUESDAY,-1
3120050,CAFE_BEVERAGE,WEDNESDAY,1
3120050,CAFE_BEVERAGE,THURSDAY,2
3120050,CAFE_BEVERAGE,FRIDAY,2
3120050,CAFE_BEVERAGE,SATURDAY,3
3120050,CAFE_BEVERAGE,SUNDAY,-1
3120051,KOREAN_FOOD,MONDAY,4
3120051,KOREAN_FOOD,TUESDAY,4
3120051,KOREAN_FOOD,WEDNESDAY,4
3120051,KOREAN_FOOD,THURSDAY,4
3120051,KOREAN_FOOD,FRIDAY,4
3120051,KOREAN_FOOD,SATURDAY,-6
3120051,KOREAN_FOOD,SUNDAY,-6
3120051,CHINESE_FOOD,MONDAY,1
3120051,CHINESE_FOOD,TUESDAY,3
3120051,CHINESE_FOOD,WEDNESDAY,3
3120051,CHINESE_FOOD,THURSDAY,2
3120051,CHINESE_FOOD,FRIDAY,3
3120051,CHINESE_FOOD,SATURDAY,-5
3120051,CHINESE_FOOD,SUNDAY,-6
3120051,JAPANESE_FOOD,MONDAY,-6
3120051,JAPANESE_FOOD,TUESDAY,-3
3120051,JAPANESE_FOOD,WEDNESDAY,0
3120051,JAPANESE_FOOD,THURSDAY,0
3120051,JAPANESE_FOOD,FRIDAY,4
3120051,JAPANESE_FOOD,SATURDAY,6
3120051,JAPANESE_FOOD,SUNDAY,3
3120051,WESTERN_FOOD,MONDAY,-3
3120051,WESTERN_FOOD,TUESDAY,-2
3120051,WESTERN_FOOD,WEDNESDAY,-2
3120051,WESTERN_FOOD,THURSDAY,-1
3120051,WESTERN_FOOD,FRIDAY,1
3120051,WESTERN_FOOD,SATURDAY,6
3120051,WESTERN_FOOD,SUNDAY,2
3120051,FAST_FOOD,MONDAY,1
3120051,FAST_FOOD,TUESDAY,1
3120051,FAST_FOOD,WEDNESDAY,0
3120051,FAST_FOOD,THURSDAY,0
3120051,FAST_FOOD,FRIDAY,1
3120051,FAST_FOOD,SATURDAY,-2
3120051,FAST_FOOD,SUNDAY,-2
3120051,BUNSIK,MONDAY,4
3120051,BUNSIK,TUESDAY,6
3120051,BUNSIK,WEDNESDAY,6
3120051,BUNSIK,THURSDAY,6
3120051,BUNSIK,FRIDAY,5
3120051,BUNSIK,SATURDAY,-6
3120051,BUNSIK,SUNDAY,-6
3120051,CAFE_BEVERAGE,MONDAY,-2
3120051,CAFE_BEVERAGE,TUESDAY,0
3120051,CAFE_BEVERAGE,WEDNESDAY,0
3120051,CAFE_BEVERAGE,THURSDAY,0
3120051,CAFE_BEVERAGE,FRIDAY,2
3120051,CAFE_BEVERAGE,SATURDAY,1
3120051,CAFE_BEVERAGE,SUNDAY,-2
3120051,BAKERY,MONDAY,0
3120051,BAKERY,TUESDAY,1
3120051,BAKERY,WEDNESDAY,1
3120051,BAKERY,THURSDAY,2
3120051,BAKERY,FRIDAY,2
3120051,BAKERY,SATURDAY,-3
3120051,BAKERY,SUNDAY,-4
3120052,KOREAN_FOOD,MONDAY,3
3120052,KOREAN_FOOD,TUESDAY,3
3120052,KOREAN_FOOD,WEDNESDAY,4
3120052,KOREAN_FOOD,THURSDAY,4
3120052,KOREAN_FOOD,FRIDAY,4
3120052,KOREAN_FOOD,SATURDAY,-6
3120052,KOREAN_FOOD,SUNDAY,-6
3120052,CHINESE_FOOD,MONDAY,2
3120052,CHINESE_FOOD,TUESDAY,4
3120052,CHINESE_FOOD,WEDNESDAY,5
3120052,CHINESE_FOOD,THURSDAY,6
3120052,CHINESE_FOOD,FRIDAY,5
3120052,CHINESE_FOOD,SATURDAY,-6
3120052,CHINESE_FOOD,SUNDAY,-6
3120052,JAPANESE_FOOD,MONDAY,-1
3120052,JAPANESE_FOOD,TUESDAY,1
3120052,JAPANESE_FOOD,WEDNESDAY,2
3120052,JAPANESE_FOOD,THURSDAY,2
3120052,JAPANESE_FOOD,FRIDAY,4
3120052,JAPANESE_FOOD,SATURDAY,-3
3120052,JAPANESE_FOOD,SUNDAY,-5
3120052,WESTERN_FOOD,MONDAY,3
3120052,WESTERN_FOOD,TUESDAY,0
3120052,WESTERN_FOOD,WEDNESDAY,2
3120052,WESTERN_FOOD,THURSDAY,3
3120052,WESTERN_FOOD,FRIDAY,2
3120052,WESTERN_FOOD,SATURDAY,-4
3120052,WESTERN_FOOD,SUNDAY,-6
3120052,CHICKEN,MONDAY,-2
3120052,CHICKEN,TUESDAY,1
3120052,CHICKEN,WEDNESDAY,2
3120052,CHICKEN,THURSDAY,4
3120052,CHICKEN,FRIDAY,6
3120052,CHICKEN,SATURDAY,-1
3120052,CHICKEN,SUNDAY,-6
3120052,FAST_FOOD,MONDAY,4
3120052,FAST_FOOD,TUESDAY,4
3120052,FAST_FOOD,WEDNESDAY,4
3120052,FAST_FOOD,THURSDAY,4
3120052,FAST_FOOD,FRIDAY,2
3120052,FAST_FOOD,SATURDAY,-6
3120052,FAST_FOOD,SUNDAY,-6
3120052,BUNSIK,MONDAY,0
3120052,BUNSIK,TUESDAY,2
3120052,BUNSIK,WEDNESDAY,3
3120052,BUNSIK,THURSDAY,4
3120052,BUNSIK,FRIDAY,4
3120052,BUNSIK,SATURDAY,-4
3120052,BUNSIK,SUNDAY,-6
3120052,CAFE_BEVERAGE,MONDAY,1
3120052,CAFE_BEVERAGE,TUESDAY,2
3120052,CAFE_BEVERAGE,WEDNESDAY,2
3120052,CAFE_BEVERAGE,THURSDAY,3
3120052,CAFE_BEVERAGE,FRIDAY,4
3120052,CAFE_BEVERAGE,SATURDAY,-4
3120052,CAFE_BEVERAGE,SUNDAY,-6
3120052,BAKERY,MONDAY,-3
3120052,BAKERY,TUESDAY,2
3120052,BAKERY,WEDNESDAY,2
3120052,BAKERY,THURSDAY,3
3120052,BAKERY,FRIDAY,4
3120052,BAKERY,SATURDAY,-1
3120052,BAKERY,SUNDAY,-6
3120053,KOREAN_FOOD,MONDAY,-1
3120053,KOREAN_FOOD,TUESDAY,-1
3120053,KOREAN_FOOD,WEDNESDAY,-1
3120053,KOREAN_FOOD,THURSDAY,0
3120053,KOREAN_FOOD,FRIDAY,2
3120053,KOREAN_FOOD,SATURDAY,3
3120053,KOREAN_FOOD,SUNDAY,-2
3120053,CHINESE_FOOD,MONDAY,-3
3120053,CHINESE_FOOD,TUESDAY,-2
3120053,CHINESE_FOOD,WEDNESDAY,-2
3120053,CHINESE_FOOD,THURSDAY,-2
3120053,CHINESE_FOOD,FRIDAY,1
3120053,CHINESE_FOOD,SATURDAY,6
3120053,CHINESE_FOOD,SUNDAY,3
3120053,JAPANESE_FOOD,MONDAY,0
3120053,JAPANESE_FOOD,TUESDAY,0
3120053,JAPANESE_FOOD,WEDNESDAY,1
3120053,JAPANESE_FOOD,THURSDAY,0
3120053,JAPANESE_FOOD,FRIDAY,1
3120053,JAPANESE_FOOD,SATURDAY,1
3120053,JAPANESE_FOOD,SUNDAY,-2
3120053,WESTERN_FOOD,MONDAY,-2
3120053,WESTERN_FOOD,TUESDAY,-2
3120053,WESTERN_FOOD,WEDNESDAY,-2
3120053,WESTERN_FOOD,THURSDAY,-1
3120053,WESTERN_FOOD,FRIDAY,0
3120053,WESTERN_FOOD,SATURDAY,5
3120053,WESTERN_FOOD,SUNDAY,2
3120053,CHICKEN,MONDAY,-3
3120053,CHICKEN,TUESDAY,-3
3120053,CHICKEN,WEDNESDAY,-2
3120053,CHICKEN,THURSDAY,-1
3120053,CHICKEN,FRIDAY,3
3120053,CHICKEN,SATURDAY,5
3120053,CHICKEN,SUNDAY,1
3120053,FAST_FOOD,MONDAY,-1
3120053,FAST_FOOD,TUESDAY,1
3120053,FAST_FOOD,WEDNESDAY,0
3120053,FAST_FOOD,THURSDAY,0
3120053,FAST_FOOD,FRIDAY,1
3120053,FAST_FOOD,SATURDAY,1
3120053,FAST_FOOD,SUNDAY,-1
3120053,BUNSIK,MONDAY,2
3120053,BUNSIK,TUESDAY,2
3120053,BUNSIK,WEDNESDAY,3
3120053,BUNSIK,THURSDAY,3
3120053,BUNSIK,FRIDAY,3
3120053,BUNSIK,SATURDAY,-1
3120053,BUNSIK,SUNDAY,-6
3120053,CAFE_BEVERAGE,MONDAY,-3
3120053,CAFE_BEVERAGE,TUESDAY,-2
3120053,CAFE_BEVERAGE,WEDNESDAY,-2
3120053,CAFE_BEVERAGE,THURSDAY,-2
3120053,CAFE_BEVERAGE,FRIDAY,0
3120053,CAFE_BEVERAGE,SATURDAY,6
3120053,CAFE_BEVERAGE,SUNDAY,2
3120053,BAKERY,MONDAY,0
3120053,BAKERY,TUESDAY,1
3120053,BAKERY,WEDNESDAY,2
3120053,BAKERY,THURSDAY,1
3120053,BAKERY,FRIDAY,2
3120053,BAKERY,SATURDAY,0
3120053,BAKERY,SUNDAY,-4
3120054,KOREAN_FOOD,MONDAY,-1
3120054,KOREAN_FOOD,TUESDAY,0
3120054,KOREAN_FOOD,WEDNESDAY,1
3120054,KOREAN_FOOD,THURSDAY,1
3120054,KOREAN_FOOD,FRIDAY,1
3120054,KOREAN_FOOD,SATURDAY,0
3120054,KOREAN_FOOD,SUNDAY,-2
3120054,CHINESE_FOOD,MONDAY,-2
3120054,CHINESE_FOOD,TUESDAY,-2
3120054,CHINESE_FOOD,WEDNESDAY,-1
3120054,CHINESE_FOOD,THURSDAY,-1
3120054,CHINESE_FOOD,FRIDAY,-1
3120054,CHINESE_FOOD,SATURDAY,4
3120054,CHINESE_FOOD,SUNDAY,3
3120054,JAPANESE_FOOD,MONDAY,1
3120054,JAPANESE_FOOD,TUESDAY,5
3120054,JAPANESE_FOOD,WEDNESDAY,4
3120054,JAPANESE_FOOD,THURSDAY,5
3120054,JAPANESE_FOOD,FRIDAY,0
3120054,JAPANESE_FOOD,SATURDAY,-6
3120054,JAPANESE_FOOD,SUNDAY,-6
3120054,CHICKEN,MONDAY,-6
3120054,CHICKEN,TUESDAY,2
3120054,CHICKEN,WEDNESDAY,0
3120054,CHICKEN,THURSDAY,4
3120054,CHICKEN,FRIDAY,3
3120054,CHICKEN,SATURDAY,2
3120054,CHICKEN,SUNDAY,-1
3120054,FAST_FOOD,MONDAY,0
3120054,FAST_FOOD,TUESDAY,1
3120054,FAST_FOOD,WEDNESDAY,1
3120054,FAST_FOOD,THURSDAY,1
3120054,FAST_FOOD,FRIDAY,-1
3120054,FAST_FOOD,SATURDAY,-1
3120054,FAST_FOOD,SUNDAY,-2
3120054,BUNSIK,MONDAY,0
3120054,BUNSIK,TUESDAY,1
3120054,BUNSIK,WEDNESDAY,1
3120054,BUNSIK,THURSDAY,1
3120054,BUNSIK,FRIDAY,1
3120054,BUNSIK,SATURDAY,1
3120054,BUNSIK,SUNDAY,-5
3120054,CAFE_BEVERAGE,MONDAY,-1
3120054,CAFE_BEVERAGE,TUESDAY,0
3120054,CAFE_BEVERAGE,WEDNESDAY,0
3120054,CAFE_BEVERAGE,THURSDAY,0
3120054,CAFE_BEVERAGE,FRIDAY,0
3120054,CAFE_BEVERAGE,SATURDAY,1
3120054,CAFE_BEVERAGE,SUNDAY,0
3120054,BAKERY,MONDAY,0
3120054,BAKERY,TUESDAY,1
3120054,BAKERY,WEDNESDAY,1
3120054,BAKERY,THURSDAY,1
3120054,BAKERY,FRIDAY,0
3120054,BAKERY,SATURDAY,-1
3120054,BAKERY,SUNDAY,-2
3120055,KOREAN_FOOD,MONDAY,-1
3120055,KOREAN_FOOD,TUESDAY,0
3120055,KOREAN_FOOD,WEDNESDAY,0
3120055,KOREAN_FOOD,THURSDAY,0
3120055,KOREAN_FOOD,FRIDAY,3
3120055,KOREAN_FOOD,SATURDAY,1
3120055,KOREAN_FOOD,SUNDAY,-3
3120055,CHINESE_FOOD,MONDAY,-6
3120055,CHINESE_FOOD,TUESDAY,2
3120055,CHINESE_FOOD,WEDNESDAY,2
3120055,CHINESE_FOOD,THURSDAY,3
3120055,CHINESE_FOOD,FRIDAY,3
3120055,CHINESE_FOOD,SATURDAY,-1
3120055,CHINESE_FOOD,SUNDAY,-3
3120055,JAPANESE_FOOD,MONDAY,-5
3120055,JAPANESE_FOOD,TUESDAY,0
3120055,JAPANESE_FOOD,WEDNESDAY,2
3120055,JAPANESE_FOOD,THURSDAY,1
3120055,JAPANESE_FOOD,FRIDAY,5
3120055,JAPANESE_FOOD,SATURDAY,4
3120055,JAPANESE_FOOD,SUNDAY,-6
3120055,WESTERN_FOOD,MONDAY,-3
3120055,WESTERN_FOOD,TUESDAY,-1
3120055,WESTERN_FOOD,WEDNESDAY,-1
3120055,WESTERN_FOOD,THURSDAY,-1
3120055,WESTERN_FOOD,FRIDAY,3
3120055,WESTERN_FOOD,SATURDAY,3
3120055,WESTERN_FOOD,SUNDAY,0
3120055,CHICKEN,MONDAY,-4
3120055,CHICKEN,TUESDAY,-2
3120055,CHICKEN,WEDNESDAY,-1
3120055,CHICKEN,THURSDAY,-2
3120055,CHICKEN,FRIDAY,5
3120055,CHICKEN,SATURDAY,3
3120055,CHICKEN,SUNDAY,1
3120055,BUNSIK,MONDAY,1
3120055,BUNSIK,TUESDAY,4
3120055,BUNSIK,WEDNESDAY,4
3120055,BUNSIK,THURSDAY,3
3120055,BUNSIK,FRIDAY,3
3120055,BUNSIK,SATURDAY,-2
3120055,BUNSIK,SUNDAY,-6
3120055,CAFE_BEVERAGE,MONDAY,-2
3120055,CAFE_BEVERAGE,TUESDAY,-1
3120055,CAFE_BEVERAGE,WEDNESDAY,-1
3120055,CAFE_BEVERAGE,THURSDAY,-1
3120055,CAFE_BEVERAGE,FRIDAY,1
3120055,CAFE_BEVERAGE,SATURDAY,3
3120055,CAFE_BEVERAGE,SUNDAY,0
3120055,BAKERY,MONDAY,0
3120055,BAKERY,TUESDAY,0
3120055,BAKERY,WEDNESDAY,2
3120055,BAKERY,THURSDAY,0
3120055,BAKERY,FRIDAY,1
3120055,BAKERY,SATURDAY,0
3120055,BAKERY,SUNDAY,-4
3120056,KOREAN_FOOD,MONDAY,0
3120056,KOREAN_FOOD,TUESDAY,0
3120056,KOREAN_FOOD,WEDNESDAY,0
3120056,KOREAN_FOOD,THURSDAY,1
3120056,KOREAN_FOOD,FRIDAY,3
3120056,KOREAN_FOOD,SATURDAY,1
3120056,KOREAN_FOOD,SUNDAY,-5
3120056,CHINESE_FOOD,MONDAY,0
3120056,CHINESE_FOOD,TUESDAY,1
3120056,CHINESE_FOOD,WEDNESDAY,0
3120056,CHINESE_FOOD,THURSDAY,1
3120056,CHINESE_FOOD,FRIDAY,2
3120056,CHINESE_FOOD,SATURDAY,-2
3120056,CHINESE_FOOD,SUNDAY,-2
3120056,JAPANESE_FOOD,MONDAY,-2
3120056,JAPANESE_FOOD,TUESDAY,-1
3120056,JAPANESE_FOOD,WEDNESDAY,0
3120056,JAPANESE_FOOD,THURSDAY,0
3120056,JAPANESE_FOOD,FRIDAY,5
3120056,JAPANESE_FOOD,SATURDAY,6
3120056,JAPANESE_FOOD,SUNDAY,-6
3120056,FAST_FOOD,MONDAY,0
3120056,FAST_FOOD,TUESDAY,1
3120056,FAST_FOOD,WEDNESDAY,0
3120056,FAST_FOOD,THURSDAY,1
3120056,FAST_FOOD,FRIDAY,1
3120056,FAST_FOOD,SATURDAY,-2
3120056,FAST_FOOD,SUNDAY,0
3120056,BUNSIK,MONDAY,1
3120056,BUNSIK,TUESDAY,2
3120056,BUNSIK,WEDNESDAY,2
3120056,BUNSIK,THURSDAY,0
3120056,BUNSIK,FRIDAY,3
3120056,BUNSIK,SATURDAY,-1
3120056,BUNSIK,SUNDAY,-6
3120056,CAFE_BEVERAGE,MONDAY,0
3120056,CAFE_BEVERAGE,TUESDAY,0
3120056,CAFE_BEVERAGE,WEDNESDAY,0
3120056,CAFE_BEVERAGE,THURSDAY,1
3120056,CAFE_BEVERAGE,FRIDAY,2
3120056,CAFE_BEVERAGE,SATURDAY,0
3120056,CAFE_BEVERAGE,SUNDAY,-4
3120056,BAKERY,MONDAY,1
3120056,BAKERY,TUESDAY,1
3120056,BAKERY,WEDNESDAY,2
3120056,BAKERY,THURSDAY,0
3120056,BAKERY,FRIDAY,1
3120056,BAKERY,SATURDAY,-1
3120056,BAKERY,SUNDAY,-3
3120057,KOREAN_FOOD,MONDAY,-1
3120057,KOREAN_FOOD,TUESDAY,0
3120057,KOREAN_FOOD,WEDNESDAY,-1
3120057,KOREAN_FOOD,THURSDAY,0
3120057,KOREAN_FOOD,FRIDAY,1
3120057,KOREAN_FOOD,SATURDAY,1
3120057,KOREAN_FOOD,SUNDAY,0
3120057,CHINESE_FOOD,MONDAY,1
3120057,CHINESE_FOOD,TUESDAY,-6
3120057,CHINESE_FOOD,WEDNESDAY,1
3120057,CHINESE_FOOD,THURSDAY,2
3120057,CHINESE_FOOD,FRIDAY,5
3120057,CHINESE_FOOD,SATURDAY,5
3120057,CHINESE_FOOD,SUNDAY,-1
3120057,JAPANESE_FOOD,MONDAY,-6
3120057,JAPANESE_FOOD,TUESDAY,0
3120057,JAPANESE_FOOD,WEDNESDAY,3
3120057,JAPANESE_FOOD,THURSDAY,1
3120057,JAPANESE_FOOD,FRIDAY,3
3120057,JAPANESE_FOOD,SATURDAY,2
3120057,JAPANESE_FOOD,SUNDAY,2
3120057,WESTERN_FOOD,MONDAY,1
3120057,WESTERN_FOOD,TUESDAY,-1
3120057,WESTERN_FOOD,WEDNESDAY,0
3120057,WESTERN_FOOD,THURSDAY,-1
3120057,WESTERN_FOOD,FRIDAY,-1
3120057,WESTERN_FOOD,SATURDAY,1
3120057,WESTERN_FOOD,SUNDAY,3
3120057,CHICKEN,MONDAY,-2
3120057,CHICKEN,TUESDAY,-3
3120057,CHICKEN,WEDNESDAY,-3
3120057,CHICKEN,THURSDAY,-2
3120057,CHICKEN,FRIDAY,-1
3120057,CHICKEN,SATURDAY,5
3120057,CHICKEN,SUNDAY,5
3120057,FAST_FOOD,MONDAY,-1
3120057,FAST_FOOD,TUESDAY,-1
3120057,FAST_FOOD,WEDNESDAY,-1
3120057,FAST_FOOD,THURSDAY,-1
3120057,FAST_FOOD,FRIDAY,1
3120057,FAST_FOOD,SATURDAY,1
3120057,FAST_FOOD,SUNDAY,2
3120057,BUNSIK,MONDAY,-1
3120057,BUNSIK,TUESDAY,-4
3120057,BUNSIK,WEDNESDAY,-1
3120057,BUNSIK,THURSDAY,-1
3120057,BUNSIK,FRIDAY,0
3120057,BUNSIK,SATURDAY,5
3120057,BUNSIK,SUNDAY,3
3120057,CAFE_BEVERAGE,MONDAY,-3
3120057,CAFE_BEVERAGE,TUESDAY,-3
3120057,CAFE_BEVERAGE,WEDNESDAY,-2
3120057,CAFE_BEVERAGE,THURSDAY,-3
3120057,CAFE_BEVERAGE,FRIDAY,-1
3120057,CAFE_BEVERAGE,SATURDAY,6
3120057,CAFE_BEVERAGE,SUNDAY,6
3120057,BAKERY,MONDAY,-2
3120057,BAKERY,TUESDAY,-1
3120057,BAKERY,WEDNESDAY,-2
3120057,BAKERY,THURSDAY,-1
3120057,BAKERY,FRIDAY,0
3120057,BAKERY,SATURDAY,4
3120057,BAKERY,SUNDAY,2
3120058,KOREAN_FOOD,MONDAY,-4
3120058,KOREAN_FOOD,TUESDAY,0
3120058,KOREAN_FOOD,WEDNESDAY,0
3120058,KOREAN_FOOD,THURSDAY,1
3120058,KOREAN_FOOD,FRIDAY,2
3120058,KOREAN_FOOD,SATURDAY,2
3120058,KOREAN_FOOD,SUNDAY,-2
3120058,CHICKEN,MONDAY,-2
3120058,CHICKEN,TUESDAY,-2
3120058,CHICKEN,WEDNESDAY,-2
3120058,CHICKEN,THURSDAY,-1
3120058,CHICKEN,FRIDAY,1
3120058,CHICKEN,SATURDAY,4
3120058,CHICKEN,SUNDAY,4
3120058,FAST_FOOD,MONDAY,-3
3120058,FAST_FOOD,TUESDAY,-2
3120058,FAST_FOOD,WEDNESDAY,-5
3120058,FAST_FOOD,THURSDAY,-1
3120058,FAST_FOOD,FRIDAY,1
3120058,FAST_FOOD,SATURDAY,4
3120058,FAST_FOOD,SUNDAY,6
3120058,CAFE_BEVERAGE,MONDAY,-2
3120058,CAFE_BEVERAGE,TUESDAY,-2
3120058,CAFE_BEVERAGE,WEDNESDAY,-1
3120058,CAFE_BEVERAGE,THURSDAY,0
3120058,CAFE_BEVERAGE,FRIDAY,0
3120058,CAFE_BEVERAGE,SATURDAY,3
3120058,CAFE_BEVERAGE,SUNDAY,2
3120059,KOREAN_FOOD,MONDAY,-2
3120059,KOREAN_FOOD,TUESDAY,-1
3120059,KOREAN_FOOD,WEDNESDAY,-1
3120059,KOREAN_FOOD,THURSDAY,-1
3120059,KOREAN_FOOD,FRIDAY,2
3120059,KOREAN_FOOD,SATURDAY,2
3120059,KOREAN_FOOD,SUNDAY,0
3120059,JAPANESE_FOOD,MONDAY,0
3120059,JAPANESE_FOOD,TUESDAY,-1
3120059,JAPANESE_FOOD,WEDNESDAY,0
3120059,JAPANESE_FOOD,THURSDAY,-1
3120059,JAPANESE_FOOD,FRIDAY,3
3120059,JAPANESE_FOOD,SATURDAY,1
3120059,JAPANESE_FOOD,SUNDAY,-3
3120059,FAST_FOOD,MONDAY,-5
3120059,FAST_FOOD,TUESDAY,-5
3120059,FAST_FOOD,WEDNESDAY,-3
3120059,FAST_FOOD,THURSDAY,-3
3120059,FAST_FOOD,FRIDAY,2
3120059,FAST_FOOD,SATURDAY,6
3120059,FAST_FOOD,SUNDAY,6
3120059,BUNSIK,MONDAY,-2
3120059,BUNSIK,TUESDAY,-3
3120059,BUNSIK,WEDNESDAY,-1
3120059,BUNSIK,THURSDAY,-3
3120059,BUNSIK,FRIDAY,0
3120059,BUNSIK,SATURDAY,2
3120059,BUNSIK,SUNDAY,6
3120059,CAFE_BEVERAGE,MONDAY,-2
3120059,CAFE_BEVERAGE,TUESDAY,-2
3120059,CAFE_BEVERAGE,WEDNESDAY,0
3120059,CAFE_BEVERAGE,THURSDAY,-1
3120059,CAFE_BEVERAGE,FRIDAY,0
3120059,CAFE_BEVERAGE,SATURDAY,4
3120059,CAFE_BEVERAGE,SUNDAY,1
3120060,KOREAN_FOOD,MONDAY,2
3120060,KOREAN_FOOD,TUESDAY,-4
3120060,KOREAN_FOOD,WEDNESDAY,1
3120060,KOREAN_FOOD,THURSDAY,1
3120060,KOREAN_FOOD,FRIDAY,4
3120060,KOREAN_FOOD,SATURDAY,-1
3120060,KOREAN_FOOD,SUNDAY,-4
3120060,CHINESE_FOOD,MONDAY,0
3120060,CHINESE_FOOD,TUESDAY,-3
3120060,CHINESE_FOOD,WEDNESDAY,3
3120060,CHINESE_FOOD,THURSDAY,3
3120060,CHINESE_FOOD,FRIDAY,6
3120060,CHINESE_FOOD,SATURDAY,1
3120060,CHINESE_FOOD,SUNDAY,-6
3120060,JAPANESE_FOOD,MONDAY,-1
3120060,JAPANESE_FOOD,TUESDAY,-2
3120060,JAPANESE_FOOD,WEDNESDAY,0
3120060,JAPANESE_FOOD,THURSDAY,0
3120060,JAPANESE_FOOD,FRIDAY,4
3120060,JAPANESE_FOOD,SATURDAY,1
3120060,JAPANESE_FOOD,SUNDAY,-2
3120060,WESTERN_FOOD,MONDAY,-2
3120060,WESTERN_FOOD,TUESDAY,-2
3120060,WESTERN_FOOD,WEDNESDAY,-1
3120060,WESTERN_FOOD,THURSDAY,-1
3120060,WESTERN_FOOD,FRIDAY,2
3120060,WESTERN_FOOD,SATURDAY,2
3120060,WESTERN_FOOD,SUNDAY,1
3120060,FAST_FOOD,MONDAY,-2
3120060,FAST_FOOD,TUESDAY,-3
3120060,FAST_FOOD,WEDNESDAY,-1
3120060,FAST_FOOD,THURSDAY,-1
3120060,FAST_FOOD,FRIDAY,2
3120060,FAST_FOOD,SATURDAY,4
3120060,FAST_FOOD,SUNDAY,1
3120060,BUNSIK,MONDAY,-1
3120060,BUNSIK,TUESDAY,-4
3120060,BUNSIK,WEDNESDAY,-2
3120060,BUNSIK,THURSDAY,-1
3120060,BUNSIK,FRIDAY,3
3120060,BUNSIK,SATURDAY,4
3120060,BUNSIK,SUNDAY,2
3120060,CAFE_BEVERAGE,MONDAY,-2
3120060,CAFE_BEVERAGE,TUESDAY,-5
3120060,CAFE_BEVERAGE,WEDNESDAY,-3
3120060,CAFE_BEVERAGE,THURSDAY,-2
3120060,CAFE_BEVERAGE,FRIDAY,3
3120060,CAFE_BEVERAGE,SATURDAY,6
3120060,CAFE_BEVERAGE,SUNDAY,2
3120060,BAKERY,MONDAY,-2
3120060,BAKERY,TUESDAY,-2
3120060,BAKERY,WEDNESDAY,0
3120060,BAKERY,THURSDAY,-1
3120060,BAKERY,FRIDAY,2
3120060,BAKERY,SATURDAY,5
3120060,BAKERY,SUNDAY,-1
3120061,KOREAN_FOOD,MONDAY,-1
3120061,KOREAN_FOOD,TUESDAY,0
3120061,KOREAN_FOOD,WEDNESDAY,0
3120061,KOREAN_FOOD,THURSDAY,-3
3120061,KOREAN_FOOD,FRIDAY,2
3120061,KOREAN_FOOD,SATURDAY,3
3120061,KOREAN_FOOD,SUNDAY,-1
3120061,WESTERN_FOOD,MONDAY,-3
3120061,WESTERN_FOOD,TUESDAY,0
3120061,WESTERN_FOOD,WEDNESDAY,0
3120061,WESTERN_FOOD,THURSDAY,0
3120061,WESTERN_FOOD,FRIDAY,2
3120061,WESTERN_FOOD,SATURDAY,2
3120061,WESTERN_FOOD,SUNDAY,-2
3120061,FAST_FOOD,MONDAY,1
3120061,FAST_FOOD,TUESDAY,2
3120061,FAST_FOOD,WEDNESDAY,0
3120061,FAST_FOOD,THURSDAY,2
3120061,FAST_FOOD,FRIDAY,1
3120061,FAST_FOOD,SATURDAY,-2
3120061,FAST_FOOD,SUNDAY,-5
3120061,BUNSIK,MONDAY,1
3120061,BUNSIK,TUESDAY,2
3120061,BUNSIK,WEDNESDAY,2
3120061,BUNSIK,THURSDAY,2
3120061,BUNSIK,FRIDAY,3
3120061,BUNSIK,SATURDAY,2
3120061,BUNSIK,SUNDAY,-6
3120061,CAFE_BEVERAGE,MONDAY,-1
3120061,CAFE_BEVERAGE,TUESDAY,0
3120061,CAFE_BEVERAGE,WEDNESDAY,0
3120061,CAFE_BEVERAGE,THURSDAY,0
3120061,CAFE_BEVERAGE,FRIDAY,1
3120061,CAFE_BEVERAGE,SATURDAY,3
3120061,CAFE_BEVERAGE,SUNDAY,-1
3120061,BAKERY,MONDAY,-1
3120061,BAKERY,TUESDAY,0
3120061,BAKERY,WEDNESDAY,1
3120061,BAKERY,THURSDAY,0
3120061,BAKERY,FRIDAY,1
3120061,BAKERY,SATURDAY,2
3120061,BAKERY,SUNDAY,-3
3120062,KOREAN_FOOD,MONDAY,-2
3120062,KOREAN_FOOD,TUESDAY,-6
3120062,KOREAN_FOOD,WEDNESDAY,-1
3120062,KOREAN_FOOD,THURSDAY,-1
3120062,KOREAN_FOOD,FRIDAY,1
3120062,KOREAN_FOOD,SATURDAY,2
3120062,KOREAN_FOOD,SUNDAY,6
3120062,CHINESE_FOOD,MONDAY,-1
3120062,CHINESE_FOOD,TUESDAY,3
3120062,CHINESE_FOOD,WEDNESDAY,3
3120062,CHINESE_FOOD,THURSDAY,4
3120062,CHINESE_FOOD,FRIDAY,5
3120062,CHINESE_FOOD,SATURDAY,-6
3120062,CHINESE_FOOD,SUNDAY,-4
3120062,JAPANESE_FOOD,MONDAY,-3
3120062,JAPANESE_FOOD,TUESDAY,-3
3120062,JAPANESE_FOOD,WEDNESDAY,3
3120062,JAPANESE_FOOD,THURSDAY,4
3120062,JAPANESE_FOOD,FRIDAY,6
3120062,JAPANESE_FOOD,SATURDAY,-1
3120062,JAPANESE_FOOD,SUNDAY,-6
3120062,WESTERN_FOOD,MONDAY,3
3120062,WESTERN_FOOD,TUESDAY,5
3120062,WESTERN_FOOD,WEDNESDAY,5
3120062,WESTERN_FOOD,THURSDAY,6
3120062,WESTERN_FOOD,FRIDAY,6
3120062,WESTERN_FOOD,SATURDAY,-6
3120062,WESTERN_FOOD,SUNDAY,-6
3120062,CHICKEN,MONDAY,0
3120062,CHICKEN,TUESDAY,1
3120062,CHICKEN,WEDNESDAY,2
3120062,CHICKEN,THURSDAY,1
3120062,CHICKEN,FRIDAY,6
3120062,CHICKEN,SATURDAY,0
3120062,CHICKEN,SUNDAY,-6
3120062,BUNSIK,MONDAY,2
3120062,BUNSIK,TUESDAY,1
3120062,BUNSIK,WEDNESDAY,2
3120062,BUNSIK,THURSDAY,3
3120062,BUNSIK,FRIDAY,3
3120062,BUNSIK,SATURDAY,-3
3120062,BUNSIK,SUNDAY,-6
3120062,CAFE_BEVERAGE,MONDAY,2
3120062,CAFE_BEVERAGE,TUESDAY,2
3120062,CAFE_BEVERAGE,WEDNESDAY,1
3120062,CAFE_BEVERAGE,THURSDAY,2
3120062,CAFE_BEVERAGE,FRIDAY,3
3120062,CAFE_BEVERAGE,SATURDAY,-4
3120062,CAFE_BEVERAGE,SUNDAY,-6
3120062,BAKERY,MONDAY,1
3120062,BAKERY,TUESDAY,2
3120062,BAKERY,WEDNESDAY,3
3120062,BAKERY,THURSDAY,2
3120062,BAKERY,FRIDAY,2
3120062,BAKERY,SATURDAY,-4
3120062,BAKERY,SUNDAY,-6
3120063,KOREAN_FOOD,MONDAY,-3
3120063,KOREAN_FOOD,TUESDAY,-1
3120063,KOREAN_FOOD,WEDNESDAY,-1
3120063,KOREAN_FOOD,THURSDAY,0
3120063,KOREAN_FOOD,FRIDAY,1
3120063,KOREAN_FOOD,SATURDAY,3
3120063,KOREAN_FOOD,SUNDAY,1
3120063,CHINESE_FOOD,MONDAY,1
3120063,CHINESE_FOOD,TUESDAY,-5
3120063,CHINESE_FOOD,WEDNESDAY,1
3120063,CHINESE_FOOD,THURSDAY,1
3120063,CHINESE_FOOD,FRIDAY,2
3120063,CHINESE_FOOD,SATURDAY,1
3120063,CHINESE_FOOD,SUNDAY,-2
3120063,CHICKEN,MONDAY,-3
3120063,CHICKEN,TUESDAY,-2
3120063,CHICKEN,WEDNESDAY,-1
3120063,CHICKEN,THURSDAY,-2
3120063,CHICKEN,FRIDAY,2
3120063,CHICKEN,SATURDAY,5
3120063,CHICKEN,SUNDAY,2
3120063,BUNSIK,MONDAY,4
3120063,BUNSIK,TUESDAY,4
3120063,BUNSIK,WEDNESDAY,3
3120063,BUNSIK,THURSDAY,4
3120063,BUNSIK,FRIDAY,4
3120063,BUNSIK,SATURDAY,-1
3120063,BUNSIK,SUNDAY,-6
3120063,CAFE_BEVERAGE,MONDAY,0
3120063,CAFE_BEVERAGE,TUESDAY,-1
3120063,CAFE_BEVERAGE,WEDNESDAY,-1
3120063,CAFE_BEVERAGE,THURSDAY,0
3120063,CAFE_BEVERAGE,FRIDAY,1
3120063,CAFE_BEVERAGE,SATURDAY,1
3120063,CAFE_BEVERAGE,SUNDAY,-1
3120063,BAKERY,MONDAY,-2
3120063,BAKERY,TUESDAY,-1
3120063,BAKERY,WEDNESDAY,1
3120063,BAKERY,THURSDAY,0
3120063,BAKERY,FRIDAY,0
3120063,BAKERY,SATURDAY,2
3120063,BAKERY,SUNDAY,0
3120064,KOREAN_FOOD,MONDAY,2
3120064,KOREAN_FOOD,TUESDAY,1
3120064,KOREAN_FOOD,WEDNESDAY,2
3120064,KOREAN_FOOD,THURSDAY,2
3120064,KOREAN_FOOD,FRIDAY,1
3120064,KOREAN_FOOD,SATURDAY,-2
3120064,KOREAN_FOOD,SUNDAY,-5
3120064,CHINESE_FOOD,MONDAY,1
3120064,CHINESE_FOOD,TUESDAY,3
3120064,CHINESE_FOOD,WEDNESDAY,2
3120064,CHINESE_FOOD,THURSDAY,3
3120064,CHINESE_FOOD,FRIDAY,-1
3120064,CHINESE_FOOD,SATURDAY,-4
3120064,CHINESE_FOOD,SUNDAY,-4
3120064,JAPANESE_FOOD,MONDAY,1
3120064,JAPANESE_FOOD,TUESDAY,1
3120064,JAPANESE_FOOD,WEDNESDAY,2
3120064,JAPANESE_FOOD,THURSDAY,2
3120064,JAPANESE_FOOD,FRIDAY,0
3120064,JAPANESE_FOOD,SATURDAY,-2
3120064,JAPANESE_FOOD,SUNDAY,-5
3120064,WESTERN_FOOD,MONDAY,0
3120064,WESTERN_FOOD,TUESDAY,2
3120064,WESTERN_FOOD,WEDNESDAY,3
3120064,WESTERN_FOOD,THURSDAY,3
3120064,WESTERN_FOOD,FRIDAY,1
3120064,WESTERN_FOOD,SATURDAY,-1
3120064,WESTERN_FOOD,SUNDAY,-6
3120064,FAST_FOOD,MONDAY,2
3120064,FAST_FOOD,TUESDAY,1
3120064,FAST_FOOD,WEDNESDAY,2
3120064,FAST_FOOD,THURSDAY,2
3120064,FAST_FOOD,FRIDAY,0
3120064,FAST_FOOD,SATURDAY,-2
3120064,FAST_FOOD,SUNDAY,-4
3120064,BUNSIK,MONDAY,0
3120064,BUNSIK,TUESDAY,1
3120064,BUNSIK,WEDNESDAY,1
3120064,BUNSIK,THURSDAY,2
3120064,BUNSIK,FRIDAY,1
3120064,BUNSIK,SATURDAY,0
3120064,BUNSIK,SUNDAY,-4
3120064,CAFE_BEVERAGE,MONDAY,2
3120064,CAFE_BEVERAGE,TUESDAY,2
3120064,CAFE_BEVERAGE,WEDNESDAY,2
3120064,CAFE_BEVERAGE,THURSDAY,2
3120064,CAFE_BEVERAGE,FRIDAY,0
3120064,CAFE_BEVERAGE,SATURDAY,-3
3120064,CAFE_BEVERAGE,SUNDAY,-5
3120064,BAKERY,MONDAY,0
3120064,BAKERY,TUESDAY,1
3120064,BAKERY,WEDNESDAY,2
3120064,BAKERY,THURSDAY,1
3120064,BAKERY,FRIDAY,1
3120064,BAKERY,SATURDAY,-1
3120064,BAKERY,SUNDAY,-5
3120065,KOREAN_FOOD,MONDAY,-1
3120065,KOREAN_FOOD,TUESDAY,0
3120065,KOREAN_FOOD,WEDNESDAY,0
3120065,KOREAN_FOOD,THURSDAY,0
3120065,KOREAN_FOOD,FRIDAY,1
3120065,KOREAN_FOOD,SATURDAY,1
3120065,KOREAN_FOOD,SUNDAY,-1
3120065,JAPANESE_FOOD,MONDAY,-4
3120065,JAPANESE_FOOD,TUESDAY,-2
3120065,JAPANESE_FOOD,WEDNESDAY,-2
3120065,JAPANESE_FOOD,THURSDAY,0
3120065,JAPANESE_FOOD,FRIDAY,1
3120065,JAPANESE_FOOD,SATURDAY,5
3120065,JAPANESE_FOOD,SUNDAY,1
3120065,WESTERN_FOOD,MONDAY,-6
3120065,WESTERN_FOOD,TUESDAY,0
3120065,WESTERN_FOOD,WEDNESDAY,1
3120065,WESTERN_FOOD,THURSDAY,0
3120065,WESTERN_FOOD,FRIDAY,1
3120065,WESTERN_FOOD,SATURDAY,3
3120065,WESTERN_FOOD,SUNDAY,5
3120065,CHICKEN,MONDAY,-3
3120065,CHICKEN,TUESDAY,1
3120065,CHICKEN,WEDNESDAY,1
3120065,CHICKEN,THURSDAY,2
3120065,CHICKEN,FRIDAY,5
3120065,CHICKEN,SATURDAY,1
3120065,CHICKEN,SUNDAY,-6
3120065,BUNSIK,MONDAY,1
3120065,BUNSIK,TUESDAY,0
3120065,BUNSIK,WEDNESDAY,1
3120065,BUNSIK,THURSDAY,0
3120065,BUNSIK,FRIDAY,0
3120065,BUNSIK,SATURDAY,-2
3120065,BUNSIK,SUNDAY,0
3120065,CAFE_BEVERAGE,MONDAY,-1
3120065,CAFE_BEVERAGE,TUESDAY,-2
3120065,CAFE_BEVERAGE,WEDNESDAY,-1
3120065,CAFE_BEVERAGE,THURSDAY,-1
3120065,CAFE_BEVERAGE,FRIDAY,0
3120065,CAFE_BEVERAGE,SATURDAY,3
3120065,CAFE_BEVERAGE,SUNDAY,1
3120065,BAKERY,MONDAY,-1
3120065,BAKERY,TUESDAY,0
3120065,BAKERY,WEDNESDAY,-1
3120065,BAKERY,THURSDAY,0
3120065,BAKERY,FRIDAY,0
3120065,BAKERY,SATURDAY,0
3120065,BAKERY,SUNDAY,1
3120066,KOREAN_FOOD,MONDAY,1
3120066,KOREAN_FOOD,TUESDAY,1
3120066,KOREAN_FOOD,WEDNESDAY,2
3120066,KOREAN_FOOD,THURSDAY,2
3120066,KOREAN_FOOD,FRIDAY,3
3120066,KOREAN_FOOD,SATURDAY,-3
3120066,KOREAN_FOOD,SUNDAY,-6
3120066,CHINESE_FOOD,MONDAY,0
3120066,CHINESE_FOOD,TUESDAY,2
3120066,CHINESE_FOOD,WEDNESDAY,2
3120066,CHINESE_FOOD,THURSDAY,2
3120066,CHINESE_FOOD,FRIDAY,6
3120066,CHINESE_FOOD,SATURDAY,-4
3120066,CHINESE_FOOD,SUNDAY,-6
3120066,FAST_FOOD,MONDAY,-1
3120066,FAST_FOOD,TUESDAY,0
3120066,FAST_FOOD,WEDNESDAY,0
3120066,FAST_FOOD,THURSDAY,0
3120066,FAST_FOOD,FRIDAY,2
3120066,FAST_FOOD,SATURDAY,0
3120066,FAST_FOOD,SUNDAY,-1
3120066,BUNSIK,MONDAY,2
3120066,BUNSIK,TUESDAY,1
3120066,BUNSIK,WEDNESDAY,4
3120066,BUNSIK,THURSDAY,3
3120066,BUNSIK,FRIDAY,4
3120066,BUNSIK,SATURDAY,-4
3120066,BUNSIK,SUNDAY,-6
3120066,CAFE_BEVERAGE,MONDAY,1
3120066,CAFE_BEVERAGE,TUESDAY,2
3120066,CAFE_BEVERAGE,WEDNESDAY,2
3120066,CAFE_BEVERAGE,THURSDAY,2
3120066,CAFE_BEVERAGE,FRIDAY,3
3120066,CAFE_BEVERAGE,SATURDAY,-3
3120066,CAFE_BEVERAGE,SUNDAY,-6
3120066,BAKERY,MONDAY,0
3120066,BAKERY,TUESDAY,0
3120066,BAKERY,WEDNESDAY,2
3120066,BAKERY,THURSDAY,0
3120066,BAKERY,FRIDAY,2
3120066,BAKERY,SATURDAY,-1
3120066,BAKERY,SUNDAY,-3
3120067,KOREAN_FOOD,MONDAY,-1
3120067,KOREAN_FOOD,TUESDAY,0
3120067,KOREAN_FOOD,WEDNESDAY,0
3120067,KOREAN_FOOD,THURSDAY,0
3120067,KOREAN_FOOD,FRIDAY,2
3120067,KOREAN_FOOD,SATURDAY,1
3120067,KOREAN_FOOD,SUNDAY,-2
3120067,CHINESE_FOOD,MONDAY,-2
3120067,CHINESE_FOOD,TUESDAY,-2
3120067,CHINESE_FOOD,WEDNESDAY,0
3120067,CHINESE_FOOD,THURSDAY,0
3120067,CHINESE_FOOD,FRIDAY,0
3120067,CHINESE_FOOD,SATURDAY,2
3120067,CHINESE_FOOD,SUNDAY,3
3120067,JAPANESE_FOOD,MONDAY,0
3120067,JAPANESE_FOOD,TUESDAY,0
3120067,JAPANESE_FOOD,WEDNESDAY,0
3120067,JAPANESE_FOOD,THURSDAY,1
3120067,JAPANESE_FOOD,FRIDAY,6
3120067,JAPANESE_FOOD,SATURDAY,3
3120067,JAPANESE_FOOD,SUNDAY,-6
3120067,WESTERN_FOOD,MONDAY,-6
3120067,WESTERN_FOOD,TUESDAY,0
3120067,WESTERN_FOOD,WEDNESDAY,0
3120067,WESTERN_FOOD,THURSDAY,0
3120067,WESTERN_FOOD,FRIDAY,1
3120067,WESTERN_FOOD,SATURDAY,4
3120067,WESTERN_FOOD,SUNDAY,6
3120067,CHICKEN,MONDAY,-3
3120067,CHICKEN,TUESDAY,-1
3120067,CHICKEN,WEDNESDAY,0
3120067,CHICKEN,THURSDAY,2
3120067,CHICKEN,FRIDAY,4
3120067,CHICKEN,SATURDAY,1
3120067,CHICKEN,SUNDAY,-4
3120067,FAST_FOOD,MONDAY,-3
3120067,FAST_FOOD,TUESDAY,-1
3120067,FAST_FOOD,WEDNESDAY,-1
3120067,FAST_FOOD,THURSDAY,-1
3120067,FAST_FOOD,FRIDAY,1
3120067,FAST_FOOD,SATURDAY,4
3120067,FAST_FOOD,SUNDAY,2
3120067,BUNSIK,MONDAY,-1
3120067,BUNSIK,TUESDAY,-1
3120067,BUNSIK,WEDNESDAY,-3
3120067,BUNSIK,THURSDAY,0
3120067,BUNSIK,FRIDAY,1
3120067,BUNSIK,SATURDAY,3
3120067,BUNSIK,SUNDAY,0
3120067,CAFE_BEVERAGE,MONDAY,-1
3120067,CAFE_BEVERAGE,TUESDAY,-1
3120067,CAFE_BEVERAGE,WEDNESDAY,-1
3120067,CAFE_BEVERAGE,THURSDAY,-1
3120067,CAFE_BEVERAGE,FRIDAY,0
3120067,CAFE_BEVERAGE,SATURDAY,3
3120067,CAFE_BEVERAGE,SUNDAY,1
3120067,BAKERY,MONDAY,-1
3120067,BAKERY,TUESDAY,-1
3120067,BAKERY,WEDNESDAY,0
3120067,BAKERY,THURSDAY,-2
3120067,BAKERY,FRIDAY,1
3120067,BAKERY,SATURDAY,4
3120067,BAKERY,SUNDAY,0
3120068,KOREAN_FOOD,MONDAY,-3
3120068,KOREAN_FOOD,TUESDAY,0
3120068,KOREAN_FOOD,WEDNESDAY,-2
3120068,KOREAN_FOOD,THURSDAY,-1
3120068,KOREAN_FOOD,FRIDAY,1
3120068,KOREAN_FOOD,SATURDAY,3
3120068,KOREAN_FOOD,SUNDAY,1
3120068,CHICKEN,MONDAY,-2
3120068,CHICKEN,TUESDAY,1
3120068,CHICKEN,WEDNESDAY,-6
3120068,CHICKEN,THURSDAY,0
3120068,CHICKEN,FRIDAY,6
3120068,CHICKEN,SATURDAY,6
3120068,CHICKEN,SUNDAY,-4
3120068,FAST_FOOD,MONDAY,-2
3120068,FAST_FOOD,TUESDAY,-2
3120068,FAST_FOOD,WEDNESDAY,1
3120068,FAST_FOOD,THURSDAY,0
3120068,FAST_FOOD,FRIDAY,0
3120068,FAST_FOOD,SATURDAY,1
3120068,FAST_FOOD,SUNDAY,1
3120068,BUNSIK,MONDAY,0
3120068,BUNSIK,TUESDAY,0
3120068,BUNSIK,WEDNESDAY,0
3120068,BUNSIK,THURSDAY,0
3120068,BUNSIK,FRIDAY,1
3120068,BUNSIK,SATURDAY,3
3120068,BUNSIK,SUNDAY,-4
3120068,CAFE_BEVERAGE,MONDAY,-1
3120068,CAFE_BEVERAGE,TUESDAY,-1
3120068,CAFE_BEVERAGE,WEDNESDAY,-2
3120068,CAFE_BEVERAGE,THURSDAY,-2
3120068,CAFE_BEVERAGE,FRIDAY,1
3120068,CAFE_BEVERAGE,SATURDAY,4
3120068,CAFE_BEVERAGE,SUNDAY,1
3120068,BAKERY,MONDAY,0
3120068,BAKERY,TUESDAY,0
3120068,BAKERY,WEDNESDAY,0
3120068,BAKERY,THURSDAY,0
3120068,BAKERY,FRIDAY,1
3120068,BAKERY,SATURDAY,1
3120068,BAKERY,SUNDAY,-2
3120069,KOREAN_FOOD,MONDAY,-2
3120069,KOREAN_FOOD,TUESDAY,-1
3120069,KOREAN_FOOD,WEDNESDAY,-1
3120069,KOREAN_FOOD,THURSDAY,-1
3120069,KOREAN_FOOD,FRIDAY,2
3120069,KOREAN_FOOD,SATURDAY,4
3120069,KOREAN_FOOD,SUNDAY,-2
3120069,CHINESE_FOOD,MONDAY,-1
3120069,CHINESE_FOOD,TUESDAY,0
3120069,CHINESE_FOOD,WEDNESDAY,-6
3120069,CHINESE_FOOD,THURSDAY,0
3120069,CHINESE_FOOD,FRIDAY,2
3120069,CHINESE_FOOD,SATURDAY,5
3120069,CHINESE_FOOD,SUNDAY,4
3120069,JAPANESE_FOOD,MONDAY,-6
3120069,JAPANESE_FOOD,TUESDAY,0
3120069,JAPANESE_FOOD,WEDNESDAY,1
3120069,JAPANESE_FOOD,THURSDAY,1
3120069,JAPANESE_FOOD,FRIDAY,3
3120069,JAPANESE_FOOD,SATURDAY,2
3120069,JAPANESE_FOOD,SUNDAY,2
3120069,CHICKEN,MONDAY,-2
3120069,CHICKEN,TUESDAY,-3
3120069,CHICKEN,WEDNESDAY,-2
3120069,CHICKEN,THURSDAY,-2
3120069,CHICKEN,FRIDAY,1
3120069,CHICKEN,SATURDAY,5
3120069,CHICKEN,SUNDAY,3
3120069,FAST_FOOD,MONDAY,-1
3120069,FAST_FOOD,TUESDAY,-1
3120069,FAST_FOOD,WEDNESDAY,-2
3120069,FAST_FOOD,THURSDAY,0
3120069,FAST_FOOD,FRIDAY,1
3120069,FAST_FOOD,SATURDAY,6
3120069,FAST_FOOD,SUNDAY,-5
3120069,BUNSIK,MONDAY,-1
3120069,BUNSIK,TUESDAY,1
3120069,BUNSIK,WEDNESDAY,0
3120069,BUNSIK,THURSDAY,1
3120069,BUNSIK,FRIDAY,0
3120069,BUNSIK,SATURDAY,2
3120069,BUNSIK,SUNDAY,-4
3120069,CAFE_BEVERAGE,MONDAY,-2
3120069,CAFE_BEVERAGE,TUESDAY,-2
3120069,CAFE_BEVERAGE,WEDNESDAY,-2
3120069,CAFE_BEVERAGE,THURSDAY,-1
3120069,CAFE_BEVERAGE,FRIDAY,0
3120069,CAFE_BEVERAGE,SATURDAY,6
3120069,CAFE_BEVERAGE,SUNDAY,1
3120069,BAKERY,MONDAY,0
3120069,BAKERY,TUESDAY,0
3120069,BAKERY,WEDNESDAY,0
3120069,BAKERY,THURSDAY,0
3120069,BAKERY,FRIDAY,1
3120069,BAKERY,SATURDAY,3
3120069,BAKERY,SUNDAY,-4
3120070,KOREAN_FOOD,MONDAY,1
3120070,KOREAN_FOOD,TUESDAY,0
3120070,KOREAN_FOOD,WEDNESDAY,1
3120070,KOREAN_FOOD,THURSDAY,0
3120070,KOREAN_FOOD,FRIDAY,2
3120070,KOREAN_FOOD,SATURDAY,0
3120070,KOREAN_FOOD,SUNDAY,-4
3120070,WESTERN_FOOD,MONDAY,-1
3120070,WESTERN_FOOD,TUESDAY,-1
3120070,WESTERN_FOOD,WEDNESDAY,2
3120070,WESTERN_FOOD,THURSDAY,3
3120070,WESTERN_FOOD,FRIDAY,2
3120070,WESTERN_FOOD,SATURDAY,2
3120070,WESTERN_FOOD,SUNDAY,-6
3120070,CHICKEN,MONDAY,-4
3120070,CHICKEN,TUESDAY,-5
3120070,CHICKEN,WEDNESDAY,-1
3120070,CHICKEN,THURSDAY,0
3120070,CHICKEN,FRIDAY,4
3120070,CHICKEN,SATURDAY,5
3120070,CHICKEN,SUNDAY,1
3120070,FAST_FOOD,MONDAY,0
3120070,FAST_FOOD,TUESDAY,0
3120070,FAST_FOOD,WEDNESDAY,0
3120070,FAST_FOOD,THURSDAY,0
3120070,FAST_FOOD,FRIDAY,2
3120070,FAST_FOOD,SATURDAY,0
3120070,FAST_FOOD,SUNDAY,-2
3120070,CAFE_BEVERAGE,MONDAY,-2
3120070,CAFE_BEVERAGE,TUESDAY,-1
3120070,CAFE_BEVERAGE,WEDNESDAY,-1
3120070,CAFE_BEVERAGE,THURSDAY,-1
3120070,CAFE_BEVERAGE,FRIDAY,0
3120070,CAFE_BEVERAGE,SATURDAY,4
3120070,CAFE_BEVERAGE,SUNDAY,0
3120071,KOREAN_FOOD,MONDAY,1
3120071,KOREAN_FOOD,TUESDAY,0
3120071,KOREAN_FOOD,WEDNESDAY,0
3120071,KOREAN_FOOD,THURSDAY,0
3120071,KOREAN_FOOD,FRIDAY,1
3120071,KOREAN_FOOD,SATURDAY,0
3120071,KOREAN_FOOD,SUNDAY,-3
3120071,CHINESE_FOOD,MONDAY,-2
3120071,CHINESE_FOOD,TUESDAY,-3
3120071,CHINESE_FOOD,WEDNESDAY,-2
3120071,CHINESE_FOOD,THURSDAY,1
3120071,CHINESE_FOOD,FRIDAY,2
3120071,CHINESE_FOOD,SATURDAY,5
3120071,CHINESE_FOOD,SUNDAY,0
3120071,JAPANESE_FOOD,MONDAY,-1
3120071,JAPANESE_FOOD,TUESDAY,2
3120071,JAPANESE_FOOD,WEDNESDAY,4
3120071,JAPANESE_FOOD,THURSDAY,2
3120071,JAPANESE_FOOD,FRIDAY,3
3120071,JAPANESE_FOOD,SATURDAY,-3
3120071,JAPANESE_FOOD,SUNDAY,-6
3120071,BUNSIK,MONDAY,5
3120071,BUNSIK,TUESDAY,6
3120071,BUNSIK,WEDNESDAY,5
3120071,BUNSIK,THURSDAY,6
3120071,BUNSIK,FRIDAY,5
3120071,BUNSIK,SATURDAY,-6
3120071,BUNSIK,SUNDAY,-6
3120071,CAFE_BEVERAGE,MONDAY,3
3120071,CAFE_BEVERAGE,TUESDAY,2
3120071,CAFE_BEVERAGE,WEDNESDAY,3
3120071,CAFE_BEVERAGE,THURSDAY,4
3120071,CAFE_BEVERAGE,FRIDAY,3
3120071,CAFE_BEVERAGE,SATURDAY,-5
3120071,CAFE_BEVERAGE,SUNDAY,-6
3120072,KOREAN_FOOD,MONDAY,-1
3120072,KOREAN_FOOD,TUESDAY,-1
3120072,KOREAN_FOOD,WEDNESDAY,-1
3120072,KOREAN_FOOD,THURSDAY,-1
3120072,KOREAN_FOOD,FRIDAY,2
3120072,KOREAN_FOOD,SATURDAY,3
3120072,KOREAN_FOOD,SUNDAY,0
3120072,CHINESE_FOOD,MONDAY,-2
3120072,CHINESE_FOOD,TUESDAY,-2
3120072,CHINESE_FOOD,WEDNESDAY,0
3120072,CHINESE_FOOD,THURSDAY,-1
3120072,CHINESE_FOOD,FRIDAY,1
3120072,CHINESE_FOOD,SATURDAY,3
3120072,CHINESE_FOOD,SUNDAY,1
3120072,JAPANESE_FOOD,MONDAY,-1
3120072,JAPANESE_FOOD,TUESDAY,-1
3120072,JAPANESE_FOOD,WEDNESDAY,-2
3120072,JAPANESE_FOOD,THURSDAY,-1
3120072,JAPANESE_FOOD,FRIDAY,1
3120072,JAPANESE_FOOD,SATURDAY,3
3120072,JAPANESE_FOOD,SUNDAY,0
3120072,WESTERN_FOOD,MONDAY,-3
3120072,WESTERN_FOOD,TUESDAY,0
3120072,WESTERN_FOOD,WEDNESDAY,0
3120072,WESTERN_FOOD,THURSDAY,0
3120072,WESTERN_FOOD,FRIDAY,1
3120072,WESTERN_FOOD,SATURDAY,3
3120072,WESTERN_FOOD,SUNDAY,-2
3120072,CHICKEN,MONDAY,-6
3120072,CHICKEN,TUESDAY,-3
3120072,CHICKEN,WEDNESDAY,-2
3120072,CHICKEN,THURSDAY,-1
3120072,CHICKEN,FRIDAY,5
3120072,CHICKEN,SATURDAY,6
3120072,CHICKEN,SUNDAY,2
3120072,FAST_FOOD,MONDAY,0
3120072,FAST_FOOD,TUESDAY,0
3120072,FAST_FOOD,WEDNESDAY,1
3120072,FAST_FOOD,THURSDAY,0
3120072,FAST_FOOD,FRIDAY,0
3120072,FAST_FOOD,SATURDAY,1
3120072,FAST_FOOD,SUNDAY,-2
3120072,BUNSIK,MONDAY,0
3120072,BUNSIK,TUESDAY,0
3120072,BUNSIK,WEDNESDAY,1
3120072,BUNSIK,THURSDAY,1
3120072,BUNSIK,FRIDAY,1
3120072,BUNSIK,SATURDAY,0
3120072,BUNSIK,SUNDAY,-3
3120072,CAFE_BEVERAGE,MONDAY,-1
3120072,CAFE_BEVERAGE,TUESDAY,-1
3120072,CAFE_BEVERAGE,WEDNESDAY,0
3120072,CAFE_BEVERAGE,THURSDAY,-1
3120072,CAFE_BEVERAGE,FRIDAY,0
3120072,CAFE_BEVERAGE,SATURDAY,3
3120072,CAFE_BEVERAGE,SUNDAY,0
3120072,BAKERY,MONDAY,-2
3120072,BAKERY,TUESDAY,-1
3120072,BAKERY,WEDNESDAY,0
3120072,BAKERY,THURSDAY,-1
3120072,BAKERY,FRIDAY,2
3120072,BAKERY,SATURDAY,3
3120072,BAKERY,SUNDAY,-2
3120073,KOREAN_FOOD,MONDAY,-2
3120073,KOREAN_FOOD,TUESDAY,1
3120073,KOREAN_FOOD,WEDNESDAY,5
3120073,KOREAN_FOOD,THURSDAY,5
3120073,KOREAN_FOOD,FRIDAY,2
3120073,KOREAN_FOOD,SATURDAY,-3
3120073,KOREAN_FOOD,SUNDAY,-6
3120073,BUNSIK,MONDAY,2
3120073,BUNSIK,TUESDAY,2
3120073,BUNSIK,WEDNESDAY,2
3120073,BUNSIK,THURSDAY,3
3120073,BUNSIK,FRIDAY,3
3120073,BUNSIK,SATURDAY,3
3120073,BUNSIK,SUNDAY,-6
3120073,CAFE_BEVERAGE,MONDAY,-1
3120073,CAFE_BEVERAGE,TUESDAY,-1
3120073,CAFE_BEVERAGE,WEDNESDAY,0
3120073,CAFE_BEVERAGE,THURSDAY,-1
3120073,CAFE_BEVERAGE,FRIDAY,1
3120073,CAFE_BEVERAGE,SATURDAY,2
3120073,CAFE_BEVERAGE,SUNDAY,0
3120073,BAKERY,MONDAY,-2
3120073,BAKERY,TUESDAY,0
3120073,BAKERY,WEDNESDAY,-1
3120073,BAKERY,THURSDAY,2
3120073,BAKERY,FRIDAY,4
3120073,BAKERY,SATURDAY,3
3120073,BAKERY,SUNDAY,-6
3120074,KOREAN_FOOD,MONDAY,3
3120074,KOREAN_FOOD,TUESDAY,3
3120074,KOREAN_FOOD,WEDNESDAY,3
3120074,KOREAN_FOOD,THURSDAY,3
3120074,KOREAN_FOOD,FRIDAY,-1
3120074,KOREAN_FOOD,SATURDAY,-5
3120074,KOREAN_FOOD,SUNDAY,-6
3120074,JAPANESE_FOOD,MONDAY,6
3120074,JAPANESE_FOOD,TUESDAY,6
3120074,JAPANESE_FOOD,WEDNESDAY,6
3120074,JAPANESE_FOOD,THURSDAY,6
3120074,JAPANESE_FOOD,FRIDAY,4
3120074,JAPANESE_FOOD,SATURDAY,-6
3120074,JAPANESE_FOOD,SUNDAY,-6
3120074,WESTERN_FOOD,MONDAY,1
3120074,WESTERN_FOOD,TUESDAY,3
3120074,WESTERN_FOOD,WEDNESDAY,3
3120074,WESTERN_FOOD,THURSDAY,4
3120074,WESTERN_FOOD,FRIDAY,0
3120074,WESTERN_FOOD,SATURDAY,-6
3120074,WESTERN_FOOD,SUNDAY,-5
3120074,CHICKEN,MONDAY,-5
3120074,CHICKEN,TUESDAY,-2
3120074,CHICKEN,WEDNESDAY,-2
3120074,CHICKEN,THURSDAY,0
3120074,CHICKEN,FRIDAY,3
3120074,CHICKEN,SATURDAY,5
3120074,CHICKEN,SUNDAY,0
3120074,FAST_FOOD,MONDAY,4
3120074,FAST_FOOD,TUESDAY,4
3120074,FAST_FOOD,WEDNESDAY,3
3120074,FAST_FOOD,THURSDAY,3
3120074,FAST_FOOD,FRIDAY,-2
3120074,FAST_FOOD,SATURDAY,-6
3120074,FAST_FOOD,SUNDAY,-6
3120074,CAFE_BEVERAGE,MONDAY,4
3120074,CAFE_BEVERAGE,TUESDAY,4
3120074,CAFE_BEVERAGE,WEDNESDAY,4
3120074,CAFE_BEVERAGE,THURSDAY,4
3120074,CAFE_BEVERAGE,FRIDAY,1
3120074,CAFE_BEVERAGE,SATURDAY,-6
3120074,CAFE_BEVERAGE,SUNDAY,-6
3120074,BAKERY,MONDAY,1
3120074,BAKERY,TUESDAY,1
3120074,BAKERY,WEDNESDAY,4
3120074,BAKERY,THURSDAY,1
3120074,BAKERY,FRIDAY,0
3120074,BAKERY,SATURDAY,-3
3120074,BAKERY,SUNDAY,-3
3120075,KOREAN_FOOD,MONDAY,2
3120075,KOREAN_FOOD,TUESDAY,3
3120075,KOREAN_FOOD,WEDNESDAY,3
3120075,KOREAN_FOOD,THURSDAY,3
3120075,KOREAN_FOOD,FRIDAY,2
3120075,KOREAN_FOOD,SATURDAY,-6
3120075,KOREAN_FOOD,SUNDAY,-6
3120075,CHINESE_FOOD,MONDAY,0
3120075,CHINESE_FOOD,TUESDAY,-5
3120075,CHINESE_FOOD,WEDNESDAY,1
3120075,CHINESE_FOOD,THURSDAY,0
3120075,CHINESE_FOOD,FRIDAY,0
3120075,CHINESE_FOOD,SATURDAY,2
3120075,CHINESE_FOOD,SUNDAY,1
3120075,JAPANESE_FOOD,MONDAY,5
3120075,JAPANESE_FOOD,TUESDAY,2
3120075,JAPANESE_FOOD,WEDNESDAY,2
3120075,JAPANESE_FOOD,THURSDAY,1
3120075,JAPANESE_FOOD,FRIDAY,0
3120075,JAPANESE_FOOD,SATURDAY,-4
3120075,JAPANESE_FOOD,SUNDAY,-6
3120075,WESTERN_FOOD,MONDAY,6
3120075,WESTERN_FOOD,TUESDAY,6
3120075,WESTERN_FOOD,WEDNESDAY,6
3120075,WESTERN_FOOD,THURSDAY,5
3120075,WESTERN_FOOD,FRIDAY,0
3120075,WESTERN_FOOD,SATURDAY,-6
3120075,WESTERN_FOOD,SUNDAY,-6
3120075,CHICKEN,MONDAY,0
3120075,CHICKEN,TUESDAY,-2
3120075,CHICKEN,WEDNESDAY,-2
3120075,CHICKEN,THURSDAY,-1
3120075,CHICKEN,FRIDAY,5
3120075,CHICKEN,SATURDAY,4
3120075,CHICKEN,SUNDAY,-3
3120075,FAST_FOOD,MONDAY,2
3120075,FAST_FOOD,TUESDAY,2
3120075,FAST_FOOD,WEDNESDAY,2
3120075,FAST_FOOD,THURSDAY,1
3120075,FAST_FOOD,FRIDAY,-1
3120075,FAST_FOOD,SATURDAY,-3
3120075,FAST_FOOD,SUNDAY,-3
3120075,BUNSIK,MONDAY,1
3120075,BUNSIK,TUESDAY,0
3120075,BUNSIK,WEDNESDAY,1
3120075,BUNSIK,THURSDAY,0
3120075,BUNSIK,FRIDAY,0
3120075,BUNSIK,SATURDAY,0
3120075,BUNSIK,SUNDAY,-3
3120075,CAFE_BEVERAGE,MONDAY,2
3120075,CAFE_BEVERAGE,TUESDAY,2
3120075,CAFE_BEVERAGE,WEDNESDAY,3
3120075,CAFE_BEVERAGE,THURSDAY,2
3120075,CAFE_BEVERAGE,FRIDAY,0
3120075,CAFE_BEVERAGE,SATURDAY,-3
3120075,CAFE_BEVERAGE,SUNDAY,-6
3120075,BAKERY,MONDAY,0
3120075,BAKERY,TUESDAY,1
3120075,BAKERY,WEDNESDAY,1
3120075,BAKERY,THURSDAY,0
3120075,BAKERY,FRIDAY,0
3120075,BAKERY,SATURDAY,-1
3120075,BAKERY,SUNDAY,-2
3120076,KOREAN_FOOD,MONDAY,-1
3120076,KOREAN_FOOD,TUESDAY,-2
3120076,KOREAN_FOOD,WEDNESDAY,-1
3120076,KOREAN_FOOD,THURSDAY,-1
3120076,KOREAN_FOOD,FRIDAY,2
3120076,KOREAN_FOOD,SATURDAY,3
3120076,KOREAN_FOOD,SUNDAY,0
3120076,CHINESE_FOOD,MONDAY,-3
3120076,CHINESE_FOOD,TUESDAY,-2
3120076,CHINESE_FOOD,WEDNESDAY,-1
3120076,CHINESE_FOOD,THURSDAY,0
3120076,CHINESE_FOOD,FRIDAY,1
3120076,CHINESE_FOOD,SATURDAY,2
3120076,CHINESE_FOOD,SUNDAY,2
3120076,JAPANESE_FOOD,MONDAY,-2
3120076,JAPANESE_FOOD,TUESDAY,-2
3120076,JAPANESE_FOOD,WEDNESDAY,-2
3120076,JAPANESE_FOOD,THURSDAY,-2
3120076,JAPANESE_FOOD,FRIDAY,1
3120076,JAPANESE_FOOD,SATURDAY,4
3120076,JAPANESE_FOOD,SUNDAY,3
3120076,WESTERN_FOOD,MONDAY,0
3120076,WESTERN_FOOD,TUESDAY,1
3120076,WESTERN_FOOD,WEDNESDAY,1
3120076,WESTERN_FOOD,THURSDAY,0
3120076,WESTERN_FOOD,FRIDAY,4
3120076,WESTERN_FOOD,SATURDAY,-3
3120076,WESTERN_FOOD,SUNDAY,-3
3120076,CHICKEN,MONDAY,-4
3120076,CHICKEN,TUESDAY,-6
3120076,CHICKEN,WEDNESDAY,-1
3120076,CHICKEN,THURSDAY,-1
3120076,CHICKEN,FRIDAY,4
3120076,CHICKEN,SATURDAY,5
3120076,CHICKEN,SUNDAY,2
3120076,FAST_FOOD,MONDAY,-1
3120076,FAST_FOOD,TUESDAY,-1
3120076,FAST_FOOD,WEDNESDAY,0
3120076,FAST_FOOD,THURSDAY,0
3120076,FAST_FOOD,FRIDAY,1
3120076,FAST_FOOD,SATURDAY,1
3120076,FAST_FOOD,SUNDAY,0
3120076,BUNSIK,MONDAY,0
3120076,BUNSIK,TUESDAY,0
3120076,BUNSIK,WEDNESDAY,-1
3120076,BUNSIK,THURSDAY,0
3120076,BUNSIK,FRIDAY,2
3120076,BUNSIK,SATURDAY,1
3120076,BUNSIK,SUNDAY,-2
3120076,CAFE_BEVERAGE,MONDAY,-1
3120076,CAFE_BEVERAGE,TUESDAY,0
3120076,CAFE_BEVERAGE,WEDNESDAY,0
3120076,CAFE_BEVERAGE,THURSDAY,0
3120076,CAFE_BEVERAGE,FRIDAY,1
3120076,CAFE_BEVERAGE,SATURDAY,2
3120076,CAFE_BEVERAGE,SUNDAY,-1
3120076,BAKERY,MONDAY,0
3120076,BAKERY,TUESDAY,0
3120076,BAKERY,WEDNESDAY,2
3120076,BAKERY,THURSDAY,0
3120076,BAKERY,FRIDAY,1
3120076,BAKERY,SATURDAY,0
3120076,BAKERY,SUNDAY,-3
3120077,KOREAN_FOOD,MONDAY,1
3120077,KOREAN_FOOD,TUESDAY,2
3120077,KOREAN_FOOD,WEDNESDAY,1
3120077,KOREAN_FOOD,THURSDAY,1
3120077,KOREAN_FOOD,FRIDAY,2
3120077,KOREAN_FOOD,SATURDAY,-2
3120077,KOREAN_FOOD,SUNDAY,-6
3120077,CHINESE_FOOD,MONDAY,2
3120077,CHINESE_FOOD,TUESDAY,-6
3120077,CHINESE_FOOD,WEDNESDAY,4
3120077,CHINESE_FOOD,THURSDAY,2
3120077,CHINESE_FOOD,FRIDAY,3
3120077,CHINESE_FOOD,SATURDAY,1
3120077,CHINESE_FOOD,SUNDAY,-4
3120077,JAPANESE_FOOD,MONDAY,0
3120077,JAPANESE_FOOD,TUESDAY,2
3120077,JAPANESE_FOOD,WEDNESDAY,3
3120077,JAPANESE_FOOD,THURSDAY,3
3120077,JAPANESE_FOOD,FRIDAY,5
3120077,JAPANESE_FOOD,SATURDAY,0
3120077,JAPANESE_FOOD,SUNDAY,-6
3120077,CHICKEN,MONDAY,-1
3120077,CHICKEN,TUESDAY,-1
3120077,CHICKEN,WEDNESDAY,-2
3120077,CHICKEN,THURSDAY,0
3120077,CHICKEN,FRIDAY,3
3120077,CHICKEN,SATURDAY,3
3120077,CHICKEN,SUNDAY,-1
3120077,FAST_FOOD,MONDAY,-2
3120077,FAST_FOOD,TUESDAY,0
3120077,FAST_FOOD,WEDNESDAY,0
3120077,FAST_FOOD,THURSDAY,0
3120077,FAST_FOOD,FRIDAY,4
3120077,FAST_FOOD,SATURDAY,0
3120077,FAST_FOOD,SUNDAY,-2
3120077,BUNSIK,MONDAY,1
3120077,BUNSIK,TUESDAY,2
3120077,BUNSIK,WEDNESDAY,2
3120077,BUNSIK,THURSDAY,2
3120077,BUNSIK,FRIDAY,2
3120077,BUNSIK,SATURDAY,-2
3120077,BUNSIK,SUNDAY,-6
3120077,CAFE_BEVERAGE,MONDAY,1
3120077,CAFE_BEVERAGE,TUESDAY,1
3120077,CAFE_BEVERAGE,WEDNESDAY,1
3120077,CAFE_BEVERAGE,THURSDAY,2
3120077,CAFE_BEVERAGE,FRIDAY,2
3120077,CAFE_BEVERAGE,SATURDAY,-1
3120077,CAFE_BEVERAGE,SUNDAY,-6
3120077,BAKERY,MONDAY,1
3120077,BAKERY,TUESDAY,1
3120077,BAKERY,WEDNESDAY,1
3120077,BAKERY,THURSDAY,1
3120077,BAKERY,FRIDAY,2
3120077,BAKERY,SATURDAY,1
3120077,BAKERY,SUNDAY,-6
3120078,KOREAN_FOOD,MONDAY,-2
3120078,KOREAN_FOOD,TUESDAY,-2
3120078,KOREAN_FOOD,WEDNESDAY,-2
3120078,KOREAN_FOOD,THURSDAY,-2
3120078,KOREAN_FOOD,FRIDAY,2
3120078,KOREAN_FOOD,SATURDAY,5
3120078,KOREAN_FOOD,SUNDAY,2
3120078,CHINESE_FOOD,MONDAY,-1
3120078,CHINESE_FOOD,TUESDAY,-1
3120078,CHINESE_FOOD,WEDNESDAY,-1
3120078,CHINESE_FOOD,THURSDAY,-1
3120078,CHINESE_FOOD,FRIDAY,1
3120078,CHINESE_FOOD,SATURDAY,2
3120078,CHINESE_FOOD,SUNDAY,1
3120078,JAPANESE_FOOD,MONDAY,-2
3120078,JAPANESE_FOOD,TUESDAY,0
3120078,JAPANESE_FOOD,WEDNESDAY,-1
3120078,JAPANESE_FOOD,THURSDAY,-1
3120078,JAPANESE_FOOD,FRIDAY,6
3120078,JAPANESE_FOOD,SATURDAY,5
3120078,JAPANESE_FOOD,SUNDAY,-6
3120078,WESTERN_FOOD,MONDAY,-5
3120078,WESTERN_FOOD,TUESDAY,-5
3120078,WESTERN_FOOD,WEDNESDAY,-5
3120078,WESTERN_FOOD,THURSDAY,-5
3120078,WESTERN_FOOD,FRIDAY,0
3120078,WESTERN_FOOD,SATURDAY,6
3120078,WESTERN_FOOD,SUNDAY,6
3120078,CHICKEN,MONDAY,-5
3120078,CHICKEN,TUESDAY,-3
3120078,CHICKEN,WEDNESDAY,-3
3120078,CHICKEN,THURSDAY,-2
3120078,CHICKEN,FRIDAY,5
3120078,CHICKEN,SATURDAY,6
3120078,CHICKEN,SUNDAY,1
3120078,FAST_FOOD,MONDAY,-6
3120078,FAST_FOOD,TUESDAY,-3
3120078,FAST_FOOD,WEDNESDAY,6
3120078,FAST_FOOD,THURSDAY,-4
3120078,FAST_FOOD,FRIDAY,-1
3120078,FAST_FOOD,SATURDAY,4
3120078,FAST_FOOD,SUNDAY,1
3120078,CAFE_BEVERAGE,MONDAY,-1
3120078,CAFE_BEVERAGE,TUESDAY,-1
3120078,CAFE_BEVERAGE,WEDNESDAY,-1
3120078,CAFE_BEVERAGE,THURSDAY,-1
3120078,CAFE_BEVERAGE,FRIDAY,1
3120078,CAFE_BEVERAGE,SATURDAY,4
3120078,CAFE_BEVERAGE,SUNDAY,-1
3120078,BAKERY,MONDAY,0
3120078,BAKERY,TUESDAY,2
3120078,BAKERY,WEDNESDAY,1
3120078,BAKERY,THURSDAY,1
3120078,BAKERY,FRIDAY,3
3120078,BAKERY,SATURDAY,-1
3120078,BAKERY,SUNDAY,-5
3120079,KOREAN_FOOD,MONDAY,-1
3120079,KOREAN_FOOD,TUESDAY,-1
3120079,KOREAN_FOOD,WEDNESDAY,0
3120079,KOREAN_FOOD,THURSDAY,0
3120079,KOREAN_FOOD,FRIDAY,3
3120079,KOREAN_FOOD,SATURDAY,0
3120079,KOREAN_FOOD,SUNDAY,-2
3120079,CHINESE_FOOD,MONDAY,-6
3120079,CHINESE_FOOD,TUESDAY,1
3120079,CHINESE_FOOD,WEDNESDAY,1
3120079,CHINESE_FOOD,THURSDAY,1
3120079,CHINESE_FOOD,FRIDAY,3
3120079,CHINESE_FOOD,SATURDAY,2
3120079,CHINESE_FOOD,SUNDAY,-1
3120079,JAPANESE_FOOD,MONDAY,-6
3120079,JAPANESE_FOOD,TUESDAY,5
3120079,JAPANESE_FOOD,WEDNESDAY,5
3120079,JAPANESE_FOOD,THURSDAY,5
3120079,JAPANESE_FOOD,FRIDAY,6
3120079,JAPANESE_FOOD,SATURDAY,5
3120079,JAPANESE_FOOD,SUNDAY,-6
3120079,FAST_FOOD,MONDAY,0
3120079,FAST_FOOD,TUESDAY,0
3120079,FAST_FOOD,WEDNESDAY,1
3120079,FAST_FOOD,THURSDAY,2
3120079,FAST_FOOD,FRIDAY,2
3120079,FAST_FOOD,SATURDAY,0
3120079,FAST_FOOD,SUNDAY,-3
3120079,BUNSIK,MONDAY,0
3120079,BUNSIK,TUESDAY,0
3120079,BUNSIK,WEDNESDAY,0
3120079,BUNSIK,THURSDAY,0
3120079,BUNSIK,FRIDAY,2
3120079,BUNSIK,SATURDAY,2
3120079,BUNSIK,SUNDAY,-4
3120079,CAFE_BEVERAGE,MONDAY,-1
3120079,CAFE_BEVERAGE,TUESDAY,-1
3120079,CAFE_BEVERAGE,WEDNESDAY,0
3120079,CAFE_BEVERAGE,THURSDAY,0
3120079,CAFE_BEVERAGE,FRIDAY,1
3120079,CAFE_BEVERAGE,SATURDAY,2
3120079,CAFE_BEVERAGE,SUNDAY,-2
3120079,BAKERY,MONDAY,-1
3120079,BAKERY,TUESDAY,0
3120079,BAKERY,WEDNESDAY,1
3120079,BAKERY,THURSDAY,-1
3120079,BAKERY,FRIDAY,3
3120079,BAKERY,SATURDAY,1
3120079,BAKERY,SUNDAY,-3
3120080,KOREAN_FOOD,MONDAY,2
3120080,KOREAN_FOOD,TUESDAY,1
3120080,KOREAN_FOOD,WEDNESDAY,0
3120080,KOREAN_FOOD,THURSDAY,1
3120080,KOREAN_FOOD,FRIDAY,4
3120080,KOREAN_FOOD,SATURDAY,1
3120080,KOREAN_FOOD,SUNDAY,-6
3120080,CHINESE_FOOD,MONDAY,-6
3120080,CHINESE_FOOD,TUESDAY,-6
3120080,CHINESE_FOOD,WEDNESDAY,3
3120080,CHINESE_FOOD,THURSDAY,3
3120080,CHINESE_FOOD,FRIDAY,6
3120080,CHINESE_FOOD,SATURDAY,6
3120080,CHINESE_FOOD,SUNDAY,4
3120080,WESTERN_FOOD,MONDAY,5
3120080,WESTERN_FOOD,TUESDAY,5
3120080,WESTERN_FOOD,WEDNESDAY,4
3120080,WESTERN_FOOD,THURSDAY,5
3120080,WESTERN_FOOD,FRIDAY,4
3120080,WESTERN_FOOD,SATURDAY,-2
3120080,WESTERN_FOOD,SUNDAY,-6
3120080,CHICKEN,MONDAY,-3
3120080,CHICKEN,TUESDAY,-1
3120080,CHICKEN,WEDNESDAY,-1
3120080,CHICKEN,THURSDAY,0
3120080,CHICKEN,FRIDAY,4
3120080,CHICKEN,SATURDAY,2
3120080,CHICKEN,SUNDAY,0
3120080,FAST_FOOD,MONDAY,-1
3120080,FAST_FOOD,TUESDAY,-1
3120080,FAST_FOOD,WEDNESDAY,-2
3120080,FAST_FOOD,THURSDAY,0
3120080,FAST_FOOD,FRIDAY,2
3120080,FAST_FOOD,SATURDAY,4
3120080,FAST_FOOD,SUNDAY,-3
3120080,BUNSIK,MONDAY,-1
3120080,BUNSIK,TUESDAY,-1
3120080,BUNSIK,WEDNESDAY,-1
3120080,BUNSIK,THURSDAY,-1
3120080,BUNSIK,FRIDAY,1
3120080,BUNSIK,SATURDAY,4
3120080,BUNSIK,SUNDAY,-2
3120080,CAFE_BEVERAGE,MONDAY,-1
3120080,CAFE_BEVERAGE,TUESDAY,-2
3120080,CAFE_BEVERAGE,WEDNESDAY,-1
3120080,CAFE_BEVERAGE,THURSDAY,-1
3120080,CAFE_BEVERAGE,FRIDAY,0
3120080,CAFE_BEVERAGE,SATURDAY,4
3120080,CAFE_BEVERAGE,SUNDAY,1
3120080,BAKERY,MONDAY,0
3120080,BAKERY,TUESDAY,0
3120080,BAKERY,WEDNESDAY,0
3120080,BAKERY,THURSDAY,-1
3120080,BAKERY,FRIDAY,1
3120080,BAKERY,SATURDAY,1
3120080,BAKERY,SUNDAY,-2
3120081,KOREAN_FOOD,MONDAY,-1
3120081,KOREAN_FOOD,TUESDAY,-1
3120081,KOREAN_FOOD,WEDNESDAY,-1
3120081,KOREAN_FOOD,THURSDAY,-1
3120081,KOREAN_FOOD,FRIDAY,3
3120081,KOREAN_FOOD,SATURDAY,4
3120081,KOREAN_FOOD,SUNDAY,-1
3120081,CHINESE_FOOD,MONDAY,-1
3120081,CHINESE_FOOD,TUESDAY,-1
3120081,CHINESE_FOOD,WEDNESDAY,0
3120081,CHINESE_FOOD,THURSDAY,1
3120081,CHINESE_FOOD,FRIDAY,4
3120081,CHINESE_FOOD,SATURDAY,1
3120081,CHINESE_FOOD,SUNDAY,-4
3120081,JAPANESE_FOOD,MONDAY,0
3120081,JAPANESE_FOOD,TUESDAY,0
3120081,JAPANESE_FOOD,WEDNESDAY,1
3120081,JAPANESE_FOOD,THURSDAY,0
3120081,JAPANESE_FOOD,FRIDAY,2
3120081,JAPANESE_FOOD,SATURDAY,1
3120081,JAPANESE_FOOD,SUNDAY,-5
3120081,WESTERN_FOOD,MONDAY,-3
3120081,WESTERN_FOOD,TUESDAY,-3
3120081,WESTERN_FOOD,WEDNESDAY,-2
3120081,WESTERN_FOOD,THURSDAY,-3
3120081,WESTERN_FOOD,FRIDAY,0
3120081,WESTERN_FOOD,SATURDAY,6
3120081,WESTERN_FOOD,SUNDAY,3
3120081,CHICKEN,MONDAY,-5
3120081,CHICKEN,TUESDAY,-4
3120081,CHICKEN,WEDNESDAY,-3
3120081,CHICKEN,THURSDAY,-3
3120081,CHICKEN,FRIDAY,5
3120081,CHICKEN,SATURDAY,6
3120081,CHICKEN,SUNDAY,1
3120081,FAST_FOOD,MONDAY,0
3120081,FAST_FOOD,TUESDAY,0
3120081,FAST_FOOD,WEDNESDAY,1
3120081,FAST_FOOD,THURSDAY,0
3120081,FAST_FOOD,FRIDAY,2
3120081,FAST_FOOD,SATURDAY,1
3120081,FAST_FOOD,SUNDAY,-3
3120081,BUNSIK,MONDAY,-1
3120081,BUNSIK,TUESDAY,-1
3120081,BUNSIK,WEDNESDAY,0
3120081,BUNSIK,THURSDAY,0
3120081,BUNSIK,FRIDAY,2
3120081,BUNSIK,SATURDAY,2
3120081,BUNSIK,SUNDAY,-3
3120081,CAFE_BEVERAGE,MONDAY,-2
3120081,CAFE_BEVERAGE,TUESDAY,-2
3120081,CAFE_BEVERAGE,WEDNESDAY,-1
3120081,CAFE_BEVERAGE,THURSDAY,-1
3120081,CAFE_BEVERAGE,FRIDAY,1
3120081,CAFE_BEVERAGE,SATURDAY,4
3120081,CAFE_BEVERAGE,SUNDAY,0
3120081,BAKERY,MONDAY,-2
3120081,BAKERY,TUESDAY,-2
3120081,BAKERY,WEDNESDAY,2
3120081,BAKERY,THURSDAY,-1
3120081,BAKERY,FRIDAY,1
3120081,BAKERY,SATURDAY,3
3120081,BAKERY,SUNDAY,-1
3120082,KOREAN_FOOD,MONDAY,2
3120082,KOREAN_FOOD,TUESDAY,2
3120082,KOREAN_FOOD,WEDNESDAY,2
3120082,KOREAN_FOOD,THURSDAY,2
3120082,KOREAN_FOOD,FRIDAY,2
3120082,KOREAN_FOOD,SATURDAY,-1
3120082,KOREAN_FOOD,SUNDAY,-6
3120082,BUNSIK,MONDAY,-1
3120082,BUNSIK,TUESDAY,-3
3120082,BUNSIK,WEDNESDAY,0
3120082,BUNSIK,THURSDAY,-3
3120082,BUNSIK,FRIDAY,1
3120082,BUNSIK,SATURDAY,3
3120082,BUNSIK,SUNDAY,3
3120082,CAFE_BEVERAGE,MONDAY,0
3120082,CAFE_BEVERAGE,TUESDAY,0
3120082,CAFE_BEVERAGE,WEDNESDAY,0
3120082,CAFE_BEVERAGE,THURSDAY,1
3120082,CAFE_BEVERAGE,FRIDAY,0
3120082,CAFE_BEVERAGE,SATURDAY,0
3120082,CAFE_BEVERAGE,SUNDAY,-2
3120083,KOREAN_FOOD,MONDAY,0
3120083,KOREAN_FOOD,TUESDAY,0
3120083,KOREAN_FOOD,WEDNESDAY,0
3120083,KOREAN_FOOD,THURSDAY,0
3120083,KOREAN_FOOD,FRIDAY,1
3120083,KOREAN_FOOD,SATURDAY,3
3120083,KOREAN_FOOD,SUNDAY,-3
3120083,JAPANESE_FOOD,MONDAY,-2
3120083,JAPANESE_FOOD,TUESDAY,-3
3120083,JAPANESE_FOOD,WEDNESDAY,-1
3120083,JAPANESE_FOOD,THURSDAY,-1
3120083,JAPANESE_FOOD,FRIDAY,0
3120083,JAPANESE_FOOD,SATURDAY,5
3120083,JAPANESE_FOOD,SUNDAY,3
3120083,WESTERN_FOOD,MONDAY,-1
3120083,WESTERN_FOOD,TUESDAY,-1
3120083,WESTERN_FOOD,WEDNESDAY,-1
3120083,WESTERN_FOOD,THURSDAY,0
3120083,WESTERN_FOOD,FRIDAY,2
3120083,WESTERN_FOOD,SATURDAY,4
3120083,WESTERN_FOOD,SUNDAY,-4
3120083,CHICKEN,MONDAY,-4
3120083,CHICKEN,TUESDAY,-3
3120083,CHICKEN,WEDNESDAY,-3
3120083,CHICKEN,THURSDAY,-2
3120083,CHICKEN,FRIDAY,4
3120083,CHICKEN,SATURDAY,5
3120083,CHICKEN,SUNDAY,2
3120083,FAST_FOOD,MONDAY,-5
3120083,FAST_FOOD,TUESDAY,-3
3120083,FAST_FOOD,WEDNESDAY,0
3120083,FAST_FOOD,THURSDAY,-1
3120083,FAST_FOOD,FRIDAY,2
3120083,FAST_FOOD,SATURDAY,4
3120083,FAST_FOOD,SUNDAY,3
3120083,BUNSIK,MONDAY,-3
3120083,BUNSIK,TUESDAY,-2
3120083,BUNSIK,WEDNESDAY,-1
3120083,BUNSIK,THURSDAY,-2
3120083,BUNSIK,FRIDAY,0
3120083,BUNSIK,SATURDAY,5
3120083,BUNSIK,SUNDAY,4
3120083,CAFE_BEVERAGE,MONDAY,-4
3120083,CAFE_BEVERAGE,TUESDAY,-2
3120083,CAFE_BEVERAGE,WEDNESDAY,-1
3120083,CAFE_BEVERAGE,THURSDAY,-2
3120083,CAFE_BEVERAGE,FRIDAY,0
3120083,CAFE_BEVERAGE,SATURDAY,5
3120083,CAFE_BEVERAGE,SUNDAY,3
3120083,BAKERY,MONDAY,-2
3120083,BAKERY,TUESDAY,-1
3120083,BAKERY,WEDNESDAY,0
3120083,BAKERY,THURSDAY,-2
3120083,BAKERY,FRIDAY,0
3120083,BAKERY,SATURDAY,3
3120083,BAKERY,SUNDAY,2
3120084,KOREAN_FOOD,MONDAY,-2
3120084,KOREAN_FOOD,TUESDAY,-1
3120084,KOREAN_FOOD,WEDNESDAY,-1
3120084,KOREAN_FOOD,THURSDAY,-1
3120084,KOREAN_FOOD,FRIDAY,2
3120084,KOREAN_FOOD,SATURDAY,3
3120084,KOREAN_FOOD,SUNDAY,1
3120084,CHINESE_FOOD,MONDAY,-1
3120084,CHINESE_FOOD,TUESDAY,1
3120084,CHINESE_FOOD,WEDNESDAY,-1
3120084,CHINESE_FOOD,THURSDAY,-2
3120084,CHINESE_FOOD,FRIDAY,-1
3120084,CHINESE_FOOD,SATURDAY,1
3120084,CHINESE_FOOD,SUNDAY,4
3120084,JAPANESE_FOOD,MONDAY,1
3120084,JAPANESE_FOOD,TUESDAY,1
3120084,JAPANESE_FOOD,WEDNESDAY,-1
3120084,JAPANESE_FOOD,THURSDAY,0
3120084,JAPANESE_FOOD,FRIDAY,3
3120084,JAPANESE_FOOD,SATURDAY,-1
3120084,JAPANESE_FOOD,SUNDAY,-4
3120084,FAST_FOOD,MONDAY,-2
3120084,FAST_FOOD,TUESDAY,-1
3120084,FAST_FOOD,WEDNESDAY,-1
3120084,FAST_FOOD,THURSDAY,-1
3120084,FAST_FOOD,FRIDAY,0
3120084,FAST_FOOD,SATURDAY,2
3120084,FAST_FOOD,SUNDAY,3
3120084,BUNSIK,MONDAY,-1
3120084,BUNSIK,TUESDAY,-1
3120084,BUNSIK,WEDNESDAY,0
3120084,BUNSIK,THURSDAY,1
3120084,BUNSIK,FRIDAY,2
3120084,BUNSIK,SATURDAY,6
3120084,BUNSIK,SUNDAY,-6
3120084,CAFE_BEVERAGE,MONDAY,-3
3120084,CAFE_BEVERAGE,TUESDAY,-2
3120084,CAFE_BEVERAGE,WEDNESDAY,-3
3120084,CAFE_BEVERAGE,THURSDAY,-3
3120084,CAFE_BEVERAGE,FRIDAY,0
3120084,CAFE_BEVERAGE,SATURDAY,5
3120084,CAFE_BEVERAGE,SUNDAY,6
3120084,BAKERY,MONDAY,-1
3120084,BAKERY,TUESDAY,-1
3120084,BAKERY,WEDNESDAY,0
3120084,BAKERY,THURSDAY,-1
3120084,BAKERY,FRIDAY,1
3120084,BAKERY,SATURDAY,1
3120084,BAKERY,SUNDAY,0
3120085,KOREAN_FOOD,MONDAY,-1
3120085,KOREAN_FOOD,TUESDAY,0
3120085,KOREAN_FOOD,WEDNESDAY,0
3120085,KOREAN_FOOD,THURSDAY,1
3120085,KOREAN_FOOD,FRIDAY,1
3120085,KOREAN_FOOD,SATURDAY,2
3120085,KOREAN_FOOD,SUNDAY,-3
3120085,CHINESE_FOOD,MONDAY,0
3120085,CHINESE_FOOD,TUESDAY,-6
3120085,CHINESE_FOOD,WEDNESDAY,2
3120085,CHINESE_FOOD,THURSDAY,1
3120085,CHINESE_FOOD,FRIDAY,2
3120085,CHINESE_FOOD,SATURDAY,6
3120085,CHINESE_FOOD,SUNDAY,6
3120085,JAPANESE_FOOD,MONDAY,-4
3120085,JAPANESE_FOOD,TUESDAY,0
3120085,JAPANESE_FOOD,WEDNESDAY,-1
3120085,JAPANESE_FOOD,THURSDAY,0
3120085,JAPANESE_FOOD,FRIDAY,0
3120085,JAPANESE_FOOD,SATURDAY,4
3120085,JAPANESE_FOOD,SUNDAY,1
3120085,WESTERN_FOOD,MONDAY,-6
3120085,WESTERN_FOOD,TUESDAY,-1
3120085,WESTERN_FOOD,WEDNESDAY,-1
3120085,WESTERN_FOOD,THURSDAY,0
3120085,WESTERN_FOOD,FRIDAY,1
3120085,WESTERN_FOOD,SATURDAY,6
3120085,WESTERN_FOOD,SUNDAY,1
3120085,CHICKEN,MONDAY,-5
3120085,CHICKEN,TUESDAY,-2
3120085,CHICKEN,WEDNESDAY,0
3120085,CHICKEN,THURSDAY,1
3120085,CHICKEN,FRIDAY,4
3120085,CHICKEN,SATURDAY,5
3120085,CHICKEN,SUNDAY,-3
3120085,FAST_FOOD,MONDAY,-1
3120085,FAST_FOOD,TUESDAY,-5
3120085,FAST_FOOD,WEDNESDAY,0
3120085,FAST_FOOD,THURSDAY,0
3120085,FAST_FOOD,FRIDAY,1
3120085,FAST_FOOD,SATURDAY,5
3120085,FAST_FOOD,SUNDAY,1
3120085,BUNSIK,MONDAY,-6
3120085,BUNSIK,TUESDAY,0
3120085,BUNSIK,WEDNESDAY,-1
3120085,BUNSIK,THURSDAY,0
3120085,BUNSIK,FRIDAY,1
3120085,BUNSIK,SATURDAY,6
3120085,BUNSIK,SUNDAY,2
3120085,CAFE_BEVERAGE,MONDAY,-2
3120085,CAFE_BEVERAGE,TUESDAY,-1
3120085,CAFE_BEVERAGE,WEDNESDAY,-1
3120085,CAFE_BEVERAGE,THURSDAY,0
3120085,CAFE_BEVERAGE,FRIDAY,0
3120085,CAFE_BEVERAGE,SATURDAY,5
3120085,CAFE_BEVERAGE,SUNDAY,-1
3120085,BAKERY,MONDAY,2
3120085,BAKERY,TUESDAY,2
3120085,BAKERY,WEDNESDAY,1
3120085,BAKERY,THURSDAY,1
3120085,BAKERY,FRIDAY,1
3120085,BAKERY,SATURDAY,6
3120085,BAKERY,SUNDAY,-6
3120086,KOREAN_FOOD,MONDAY,0
3120086,KOREAN_FOOD,TUESDAY,-1
3120086,KOREAN_FOOD,WEDNESDAY,-2
3120086,KOREAN_FOOD,THURSDAY,0
3120086,KOREAN_FOOD,FRIDAY,2
3120086,KOREAN_FOOD,SATURDAY,2
3120086,KOREAN_FOOD,SUNDAY,-1
3120086,CHINESE_FOOD,MONDAY,-6
3120086,CHINESE_FOOD,TUESDAY,-1
3120086,CHINESE_FOOD,WEDNESDAY,-2
3120086,CHINESE_FOOD,THURSDAY,-1
3120086,CHINESE_FOOD,FRIDAY,1
3120086,CHINESE_FOOD,SATURDAY,6
3120086,CHINESE_FOOD,SUNDAY,6
3120086,JAPANESE_FOOD,MONDAY,4
3120086,JAPANESE_FOOD,TUESDAY,5
3120086,JAPANESE_FOOD,WEDNESDAY,4
3120086,JAPANESE_FOOD,THURSDAY,5
3120086,JAPANESE_FOOD,FRIDAY,6
3120086,JAPANESE_FOOD,SATURDAY,-6
3120086,JAPANESE_FOOD,SUNDAY,-6
3120086,FAST_FOOD,MONDAY,2
3120086,FAST_FOOD,TUESDAY,1
3120086,FAST_FOOD,WEDNESDAY,1
3120086,FAST_FOOD,THURSDAY,-1
3120086,FAST_FOOD,FRIDAY,0
3120086,FAST_FOOD,SATURDAY,0
3120086,FAST_FOOD,SUNDAY,-3
3120086,BUNSIK,MONDAY,1
3120086,BUNSIK,TUESDAY,1
3120086,BUNSIK,WEDNESDAY,2
3120086,BUNSIK,THURSDAY,2
3120086,BUNSIK,FRIDAY,1
3120086,BUNSIK,SATURDAY,-1
3120086,BUNSIK,SUNDAY,-6
3120086,CAFE_BEVERAGE,MONDAY,-2
3120086,CAFE_BEVERAGE,TUESDAY,-1
3120086,CAFE_BEVERAGE,WEDNESDAY,0
3120086,CAFE_BEVERAGE,THURSDAY,0
3120086,CAFE_BEVERAGE,FRIDAY,1
3120086,CAFE_BEVERAGE,SATURDAY,3
3120086,CAFE_BEVERAGE,SUNDAY,-1
3120086,BAKERY,MONDAY,-6
3120086,BAKERY,TUESDAY,2
3120086,BAKERY,WEDNESDAY,2
3120086,BAKERY,THURSDAY,1
3120086,BAKERY,FRIDAY,3
3120086,BAKERY,SATURDAY,6
3120086,BAKERY,SUNDAY,-1
3120087,KOREAN_FOOD,MONDAY,1
3120087,KOREAN_FOOD,TUESDAY,-3
3120087,KOREAN_FOOD,WEDNESDAY,-1
3120087,KOREAN_FOOD,THURSDAY,0
3120087,KOREAN_FOOD,FRIDAY,1
3120087,KOREAN_FOOD,SATURDAY,1
3120087,KOREAN_FOOD,SUNDAY,2
3120087,BUNSIK,MONDAY,0
3120087,BUNSIK,TUESDAY,-1
3120087,BUNSIK,WEDNESDAY,0
3120087,BUNSIK,THURSDAY,0
3120087,BUNSIK,FRIDAY,0
3120087,BUNSIK,SATURDAY,1
3120087,BUNSIK,SUNDAY,0
3120087,CAFE_BEVERAGE,MONDAY,-2
3120087,CAFE_BEVERAGE,TUESDAY,-3
3120087,CAFE_BEVERAGE,WEDNESDAY,-1
3120087,CAFE_BEVERAGE,THURSDAY,-2
3120087,CAFE_BEVERAGE,FRIDAY,0
3120087,CAFE_BEVERAGE,SATURDAY,5
3120087,CAFE_BEVERAGE,SUNDAY,4
3120087,BAKERY,MONDAY,1
3120087,BAKERY,TUESDAY,-1
3120087,BAKERY,WEDNESDAY,1
3120087,BAKERY,THURSDAY,0
3120087,BAKERY,FRIDAY,1
3120087,BAKERY,SATURDAY,0
3120087,BAKERY,SUNDAY,-2
3120088,KOREAN_FOOD,MONDAY,-1
3120088,KOREAN_FOOD,TUESDAY,0
3120088,KOREAN_FOOD,WEDNESDAY,0
3120088,KOREAN_FOOD,THURSDAY,0
3120088,KOREAN_FOOD,FRIDAY,1
3120088,KOREAN_FOOD,SATURDAY,3
3120088,KOREAN_FOOD,SUNDAY,-3
3120088,CHICKEN,MONDAY,-3
3120088,CHICKEN,TUESDAY,-1
3120088,CHICKEN,WEDNESDAY,-3
3120088,CHICKEN,THURSDAY,-4
3120088,CHICKEN,FRIDAY,3
3120088,CHICKEN,SATURDAY,6
3120088,CHICKEN,SUNDAY,2
3120088,FAST_FOOD,MONDAY,-1
3120088,FAST_FOOD,TUESDAY,-1
3120088,FAST_FOOD,WEDNESDAY,-1
3120088,FAST_FOOD,THURSDAY,0
3120088,FAST_FOOD,FRIDAY,0
3120088,FAST_FOOD,SATURDAY,2
3120088,FAST_FOOD,SUNDAY,0
3120088,BUNSIK,MONDAY,-2
3120088,BUNSIK,TUESDAY,1
3120088,BUNSIK,WEDNESDAY,0
3120088,BUNSIK,THURSDAY,1
3120088,BUNSIK,FRIDAY,2
3120088,BUNSIK,SATURDAY,4
3120088,BUNSIK,SUNDAY,-6
3120088,CAFE_BEVERAGE,MONDAY,0
3120088,CAFE_BEVERAGE,TUESDAY,-1
3120088,CAFE_BEVERAGE,WEDNESDAY,-1
3120088,CAFE_BEVERAGE,THURSDAY,-1
3120088,CAFE_BEVERAGE,FRIDAY,0
3120088,CAFE_BEVERAGE,SATURDAY,4
3120088,CAFE_BEVERAGE,SUNDAY,-1
3120089,KOREAN_FOOD,MONDAY,1
3120089,KOREAN_FOOD,TUESDAY,0
3120089,KOREAN_FOOD,WEDNESDAY,0
3120089,KOREAN_FOOD,THURSDAY,1
3120089,KOREAN_FOOD,FRIDAY,1
3120089,KOREAN_FOOD,SATURDAY,0
3120089,KOREAN_FOOD,SUNDAY,-3
3120089,CHINESE_FOOD,MONDAY,0
3120089,CHINESE_FOOD,TUESDAY,-3
3120089,CHINESE_FOOD,WEDNESDAY,0
3120089,CHINESE_FOOD,THURSDAY,0
3120089,CHINESE_FOOD,FRIDAY,0
3120089,CHINESE_FOOD,SATURDAY,1
3120089,CHINESE_FOOD,SUNDAY,2
3120089,JAPANESE_FOOD,MONDAY,-6
3120089,JAPANESE_FOOD,TUESDAY,5
3120089,JAPANESE_FOOD,WEDNESDAY,1
3120089,JAPANESE_FOOD,THURSDAY,2
3120089,JAPANESE_FOOD,FRIDAY,6
3120089,JAPANESE_FOOD,SATURDAY,3
3120089,JAPANESE_FOOD,SUNDAY,3
3120089,BUNSIK,MONDAY,1
3120089,BUNSIK,TUESDAY,1
3120089,BUNSIK,WEDNESDAY,2
3120089,BUNSIK,THURSDAY,0
3120089,BUNSIK,FRIDAY,3
3120089,BUNSIK,SATURDAY,3
3120089,BUNSIK,SUNDAY,-6
3120089,CAFE_BEVERAGE,MONDAY,-3
3120089,CAFE_BEVERAGE,TUESDAY,0
3120089,CAFE_BEVERAGE,WEDNESDAY,1
3120089,CAFE_BEVERAGE,THURSDAY,1
3120089,CAFE_BEVERAGE,FRIDAY,2
3120089,CAFE_BEVERAGE,SATURDAY,5
3120089,CAFE_BEVERAGE,SUNDAY,-5
3120090,KOREAN_FOOD,MONDAY,-2
3120090,KOREAN_FOOD,TUESDAY,0
3120090,KOREAN_FOOD,WEDNESDAY,-1
3120090,KOREAN_FOOD,THURSDAY,0
3120090,KOREAN_FOOD,FRIDAY,3
3120090,KOREAN_FOOD,SATURDAY,3
3120090,KOREAN_FOOD,SUNDAY,-3
3120090,WESTERN_FOOD,MONDAY,-6
3120090,WESTERN_FOOD,TUESDAY,3
3120090,WESTERN_FOOD,WEDNESDAY,1
3120090,WESTERN_FOOD,THURSDAY,2
3120090,WESTERN_FOOD,FRIDAY,4
3120090,WESTERN_FOOD,SATURDAY,3
3120090,WESTERN_FOOD,SUNDAY,-2
3120090,CHICKEN,MONDAY,-3
3120090,CHICKEN,TUESDAY,-5
3120090,CHICKEN,WEDNESDAY,-2
3120090,CHICKEN,THURSDAY,-2
3120090,CHICKEN,FRIDAY,4
3120090,CHICKEN,SATURDAY,5
3120090,CHICKEN,SUNDAY,3
3120090,FAST_FOOD,MONDAY,0
3120090,FAST_FOOD,TUESDAY,1
3120090,FAST_FOOD,WEDNESDAY,1
3120090,FAST_FOOD,THURSDAY,1
3120090,FAST_FOOD,FRIDAY,1
3120090,FAST_FOOD,SATURDAY,-1
3120090,FAST_FOOD,SUNDAY,-3
3120090,BUNSIK,MONDAY,2
3120090,BUNSIK,TUESDAY,4
3120090,BUNSIK,WEDNESDAY,-2
3120090,BUNSIK,THURSDAY,1
3120090,BUNSIK,FRIDAY,3
3120090,BUNSIK,SATURDAY,0
3120090,BUNSIK,SUNDAY,-6
3120090,CAFE_BEVERAGE,MONDAY,-2
3120090,CAFE_BEVERAGE,TUESDAY,-2
3120090,CAFE_BEVERAGE,WEDNESDAY,-2
3120090,CAFE_BEVERAGE,THURSDAY,-1
3120090,CAFE_BEVERAGE,FRIDAY,0
3120090,CAFE_BEVERAGE,SATURDAY,5
3120090,CAFE_BEVERAGE,SUNDAY,1
3120090,BAKERY,MONDAY,-1
3120090,BAKERY,TUESDAY,-1
3120090,BAKERY,WEDNESDAY,1
3120090,BAKERY,THURSDAY,-1
3120090,BAKERY,FRIDAY,3
3120090,BAKERY,SATURDAY,2
3120090,BAKERY,SUNDAY,-2
3120091,KOREAN_FOOD,MONDAY,1
3120091,KOREAN_FOOD,TUESDAY,1
3120091,KOREAN_FOOD,WEDNESDAY,0
3120091,KOREAN_FOOD,THURSDAY,0
3120091,KOREAN_FOOD,FRIDAY,2
3120091,KOREAN_FOOD,SATURDAY,4
3120091,KOREAN_FOOD,SUNDAY,-6
3120091,CHINESE_FOOD,MONDAY,-6
3120091,CHINESE_FOOD,TUESDAY,3
3120091,CHINESE_FOOD,WEDNESDAY,1
3120091,CHINESE_FOOD,THURSDAY,1
3120091,CHINESE_FOOD,FRIDAY,2
3120091,CHINESE_FOOD,SATURDAY,3
3120091,CHINESE_FOOD,SUNDAY,4
3120091,WESTERN_FOOD,MONDAY,-1
3120091,WESTERN_FOOD,TUESDAY,1
3120091,WESTERN_FOOD,WEDNESDAY,-1
3120091,WESTERN_FOOD,THURSDAY,0
3120091,WESTERN_FOOD,FRIDAY,0
3120091,WESTERN_FOOD,SATURDAY,0
3120091,WESTERN_FOOD,SUNDAY,0
3120091,FAST_FOOD,MONDAY,-1
3120091,FAST_FOOD,TUESDAY,0
3120091,FAST_FOOD,WEDNESDAY,-1
3120091,FAST_FOOD,THURSDAY,-1
3120091,FAST_FOOD,FRIDAY,1
3120091,FAST_FOOD,SATURDAY,1
3120091,FAST_FOOD,SUNDAY,0
3120091,BUNSIK,MONDAY,0
3120091,BUNSIK,TUESDAY,0
3120091,BUNSIK,WEDNESDAY,-1
3120091,BUNSIK,THURSDAY,-1
3120091,BUNSIK,FRIDAY,2
3120091,BUNSIK,SATURDAY,4
3120091,BUNSIK,SUNDAY,-4
3120091,CAFE_BEVERAGE,MONDAY,-1
3120091,CAFE_BEVERAGE,TUESDAY,-1
3120091,CAFE_BEVERAGE,WEDNESDAY,-2
3120091,CAFE_BEVERAGE,THURSDAY,-1
3120091,CAFE_BEVERAGE,FRIDAY,0
3120091,CAFE_BEVERAGE,SATURDAY,6
3120091,CAFE_BEVERAGE,SUNDAY,-1
3120091,BAKERY,MONDAY,2
3120091,BAKERY,TUESDAY,1
3120091,BAKERY,WEDNESDAY,1
3120091,BAKERY,THURSDAY,0
3120091,BAKERY,FRIDAY,1
3120091,BAKERY,SATURDAY,-1
3120091,BAKERY,SUNDAY,-4
3120092,KOREAN_FOOD,MONDAY,-3
3120092,KOREAN_FOOD,TUESDAY,0
3120092,KOREAN_FOOD,WEDNESDAY,0
3120092,KOREAN_FOOD,THURSDAY,-1
3120092,KOREAN_FOOD,FRIDAY,2
3120092,KOREAN_FOOD,SATURDAY,4
3120092,KOREAN_FOOD,SUNDAY,-2
3120092,CAFE_BEVERAGE,MONDAY,-2
3120092,CAFE_BEVERAGE,TUESDAY,-2
3120092,CAFE_BEVERAGE,WEDNESDAY,-2
3120092,CAFE_BEVERAGE,THURSDAY,-3
3120092,CAFE_BEVERAGE,FRIDAY,0
3120092,CAFE_BEVERAGE,SATURDAY,5
3120092,CAFE_BEVERAGE,SUNDAY,4
3120093,KOREAN_FOOD,MONDAY,-6
3120093,KOREAN_FOOD,TUESDAY,0
3120093,KOREAN_FOOD,WEDNESDAY,0
3120093,KOREAN_FOOD,THURSDAY,-1
3120093,KOREAN_FOOD,FRIDAY,1
3120093,KOREAN_FOOD,SATURDAY,4
3120093,KOREAN_FOOD,SUNDAY,2
3120093,CHINESE_FOOD,MONDAY,-4
3120093,CHINESE_FOOD,TUESDAY,-6
3120093,CHINESE_FOOD,WEDNESDAY,-1
3120093,CHINESE_FOOD,THURSDAY,0
3120093,CHINESE_FOOD,FRIDAY,1
3120093,CHINESE_FOOD,SATURDAY,6
3120093,CHINESE_FOOD,SUNDAY,4
3120093,JAPANESE_FOOD,MONDAY,-2
3120093,JAPANESE_FOOD,TUESDAY,-1
3120093,JAPANESE_FOOD,WEDNESDAY,0
3120093,JAPANESE_FOOD,THURSDAY,0
3120093,JAPANESE_FOOD,FRIDAY,0
3120093,JAPANESE_FOOD,SATURDAY,2
3120093,JAPANESE_FOOD,SUNDAY,0
3120093,WESTERN_FOOD,MONDAY,-6
3120093,WESTERN_FOOD,TUESDAY,-5
3120093,WESTERN_FOOD,WEDNESDAY,-2
3120093,WESTERN_FOOD,THURSDAY,-2
3120093,WESTERN_FOOD,FRIDAY,2
3120093,WESTERN_FOOD,SATURDAY,6
3120093,WESTERN_FOOD,SUNDAY,5
3120093,CHICKEN,MONDAY,-5
3120093,CHICKEN,TUESDAY,-2
3120093,CHICKEN,WEDNESDAY,-1
3120093,CHICKEN,THURSDAY,0
3120093,CHICKEN,FRIDAY,5
3120093,CHICKEN,SATURDAY,6
3120093,CHICKEN,SUNDAY,-4
3120093,FAST_FOOD,MONDAY,-2
3120093,FAST_FOOD,TUESDAY,1
3120093,FAST_FOOD,WEDNESDAY,1
3120093,FAST_FOOD,THURSDAY,1
3120093,FAST_FOOD,FRIDAY,0
3120093,FAST_FOOD,SATURDAY,-1
3120093,FAST_FOOD,SUNDAY,0
3120093,BUNSIK,MONDAY,-2
3120093,BUNSIK,TUESDAY,1
3120093,BUNSIK,WEDNESDAY,-2
3120093,BUNSIK,THURSDAY,1
3120093,BUNSIK,FRIDAY,1
3120093,BUNSIK,SATURDAY,3
3120093,BUNSIK,SUNDAY,-3
3120093,CAFE_BEVERAGE,MONDAY,-3
3120093,CAFE_BEVERAGE,TUESDAY,-2
3120093,CAFE_BEVERAGE,WEDNESDAY,-2
3120093,CAFE_BEVERAGE,THURSDAY,-1
3120093,CAFE_BEVERAGE,FRIDAY,0
3120093,CAFE_BEVERAGE,SATURDAY,6
3120093,CAFE_BEVERAGE,SUNDAY,3
3120093,BAKERY,MONDAY,-6
3120093,BAKERY,TUESDAY,-4
3120093,BAKERY,WEDNESDAY,-4
3120093,BAKERY,THURSDAY,0
3120093,BAKERY,FRIDAY,2
3120093,BAKERY,SATURDAY,6
3120093,BAKERY,SUNDAY,1
3120094,KOREAN_FOOD,MONDAY,0
3120094,KOREAN_FOOD,TUESDAY,0
3120094,KOREAN_FOOD,WEDNESDAY,0
3120094,KOREAN_FOOD,THURSDAY,0
3120094,KOREAN_FOOD,FRIDAY,1
3120094,KOREAN_FOOD,SATURDAY,2
3120094,KOREAN_FOOD,SUNDAY,-3
3120094,CHINESE_FOOD,MONDAY,-1
3120094,CHINESE_FOOD,TUESDAY,0
3120094,CHINESE_FOOD,WEDNESDAY,0
3120094,CHINESE_FOOD,THURSDAY,1
3120094,CHINESE_FOOD,FRIDAY,1
3120094,CHINESE_FOOD,SATURDAY,1
3120094,CHINESE_FOOD,SUNDAY,-2
3120094,JAPANESE_FOOD,MONDAY,-3
3120094,JAPANESE_FOOD,TUESDAY,1
3120094,JAPANESE_FOOD,WEDNESDAY,1
3120094,JAPANESE_FOOD,THURSDAY,2
3120094,JAPANESE_FOOD,FRIDAY,2
3120094,JAPANESE_FOOD,SATURDAY,1
3120094,JAPANESE_FOOD,SUNDAY,-4
3120094,WESTERN_FOOD,MONDAY,-2
3120094,WESTERN_FOOD,TUESDAY,-1
3120094,WESTERN_FOOD,WEDNESDAY,0
3120094,WESTERN_FOOD,THURSDAY,0
3120094,WESTERN_FOOD,FRIDAY,2
3120094,WESTERN_FOOD,SATURDAY,3
3120094,WESTERN_FOOD,SUNDAY,-2
3120094,CHICKEN,MONDAY,-3
3120094,CHICKEN,TUESDAY,-1
3120094,CHICKEN,WEDNESDAY,-1
3120094,CHICKEN,THURSDAY,0
3120094,CHICKEN,FRIDAY,3
3120094,CHICKEN,SATURDAY,4
3120094,CHICKEN,SUNDAY,-2
3120094,FAST_FOOD,MONDAY,0
3120094,FAST_FOOD,TUESDAY,0
3120094,FAST_FOOD,WEDNESDAY,0
3120094,FAST_FOOD,THURSDAY,1
3120094,FAST_FOOD,FRIDAY,1
3120094,FAST_FOOD,SATURDAY,0
3120094,FAST_FOOD,SUNDAY,-2
3120094,BUNSIK,MONDAY,-3
3120094,BUNSIK,TUESDAY,-1
3120094,BUNSIK,WEDNESDAY,-1
3120094,BUNSIK,THURSDAY,0
3120094,BUNSIK,FRIDAY,1
3120094,BUNSIK,SATURDAY,4
3120094,BUNSIK,SUNDAY,1
3120094,CAFE_BEVERAGE,MONDAY,-1
3120094,CAFE_BEVERAGE,TUESDAY,-1
3120094,CAFE_BEVERAGE,WEDNESDAY,0
3120094,CAFE_BEVERAGE,THURSDAY,0
3120094,CAFE_BEVERAGE,FRIDAY,0
3120094,CAFE_BEVERAGE,SATURDAY,3
3120094,CAFE_BEVERAGE,SUNDAY,-1
3120094,BAKERY,MONDAY,1
3120094,BAKERY,TUESDAY,1
3120094,BAKERY,WEDNESDAY,2
3120094,BAKERY,THURSDAY,0
3120094,BAKERY,FRIDAY,1
3120094,BAKERY,SATURDAY,-1
3120094,BAKERY,SUNDAY,-5
3120095,KOREAN_FOOD,MONDAY,-1
3120095,KOREAN_FOOD,TUESDAY,0
3120095,KOREAN_FOOD,WEDNESDAY,1
3120095,KOREAN_FOOD,THURSDAY,1
3120095,KOREAN_FOOD,FRIDAY,3
3120095,KOREAN_FOOD,SATURDAY,2
3120095,KOREAN_FOOD,SUNDAY,-6
3120095,CHINESE_FOOD,MONDAY,-3
3120095,CHINESE_FOOD,TUESDAY,0
3120095,CHINESE_FOOD,WEDNESDAY,-5
3120095,CHINESE_FOOD,THURSDAY,1
3120095,CHINESE_FOOD,FRIDAY,1
3120095,CHINESE_FOOD,SATURDAY,3
3120095,CHINESE_FOOD,SUNDAY,2
3120095,FAST_FOOD,MONDAY,0
3120095,FAST_FOOD,TUESDAY,-1
3120095,FAST_FOOD,WEDNESDAY,0
3120095,FAST_FOOD,THURSDAY,0
3120095,FAST_FOOD,FRIDAY,1
3120095,FAST_FOOD,SATURDAY,2
3120095,FAST_FOOD,SUNDAY,-1
3120095,BUNSIK,MONDAY,0
3120095,BUNSIK,TUESDAY,0
3120095,BUNSIK,WEDNESDAY,0
3120095,BUNSIK,THURSDAY,1
3120095,BUNSIK,FRIDAY,2
3120095,BUNSIK,SATURDAY,2
3120095,BUNSIK,SUNDAY,-5
3120095,CAFE_BEVERAGE,MONDAY,-1
3120095,CAFE_BEVERAGE,TUESDAY,-1
3120095,CAFE_BEVERAGE,WEDNESDAY,-1
3120095,CAFE_BEVERAGE,THURSDAY,-1
3120095,CAFE_BEVERAGE,FRIDAY,1
3120095,CAFE_BEVERAGE,SATURDAY,3
3120095,CAFE_BEVERAGE,SUNDAY,0
3120095,BAKERY,MONDAY,0
3120095,BAKERY,TUESDAY,0
3120095,BAKERY,WEDNESDAY,0
3120095,BAKERY,THURSDAY,0
3120095,BAKERY,FRIDAY,1
3120095,BAKERY,SATURDAY,1
3120095,BAKERY,SUNDAY,-3
3120096,KOREAN_FOOD,MONDAY,1
3120096,KOREAN_FOOD,TUESDAY,3
3120096,KOREAN_FOOD,WEDNESDAY,2
3120096,KOREAN_FOOD,THURSDAY,3
3120096,KOREAN_FOOD,FRIDAY,1
3120096,KOREAN_FOOD,SATURDAY,-2
3120096,KOREAN_FOOD,SUNDAY,-6
3120096,CHINESE_FOOD,MONDAY,5
3120096,CHINESE_FOOD,TUESDAY,2
3120096,CHINESE_FOOD,WEDNESDAY,3
3120096,CHINESE_FOOD,THURSDAY,-3
3120096,CHINESE_FOOD,FRIDAY,2
3120096,CHINESE_FOOD,SATURDAY,-5
3120096,CHINESE_FOOD,SUNDAY,-4
3120096,JAPANESE_FOOD,MONDAY,-6
3120096,JAPANESE_FOOD,TUESDAY,6
3120096,JAPANESE_FOOD,WEDNESDAY,6
3120096,JAPANESE_FOOD,THURSDAY,6
3120096,JAPANESE_FOOD,FRIDAY,6
3120096,JAPANESE_FOOD,SATURDAY,1
3120096,JAPANESE_FOOD,SUNDAY,-6
3120096,FAST_FOOD,MONDAY,1
3120096,FAST_FOOD,TUESDAY,1
3120096,FAST_FOOD,WEDNESDAY,1
3120096,FAST_FOOD,THURSDAY,1
3120096,FAST_FOOD,FRIDAY,1
3120096,FAST_FOOD,SATURDAY,-2
3120096,FAST_FOOD,SUNDAY,-3
3120096,BUNSIK,MONDAY,2
3120096,BUNSIK,TUESDAY,2
3120096,BUNSIK,WEDNESDAY,2
3120096,BUNSIK,THURSDAY,2
3120096,BUNSIK,FRIDAY,1
3120096,BUNSIK,SATURDAY,-2
3120096,BUNSIK,SUNDAY,-6
3120096,CAFE_BEVERAGE,MONDAY,1
3120096,CAFE_BEVERAGE,TUESDAY,0
3120096,CAFE_BEVERAGE,WEDNESDAY,1
3120096,CAFE_BEVERAGE,THURSDAY,1
3120096,CAFE_BEVERAGE,FRIDAY,1
3120096,CAFE_BEVERAGE,SATURDAY,0
3120096,CAFE_BEVERAGE,SUNDAY,-3
3120096,BAKERY,MONDAY,3
3120096,BAKERY,TUESDAY,2
3120096,BAKERY,WEDNESDAY,2
3120096,BAKERY,THURSDAY,2
3120096,BAKERY,FRIDAY,1
3120096,BAKERY,SATURDAY,-4
3120096,BAKERY,SUNDAY,-6
3120097,KOREAN_FOOD,MONDAY,6
3120097,KOREAN_FOOD,TUESDAY,6
3120097,KOREAN_FOOD,WEDNESDAY,6
3120097,KOREAN_FOOD,THURSDAY,6
3120097,KOREAN_FOOD,FRIDAY,6
3120097,KOREAN_FOOD,SATURDAY,-6
3120097,KOREAN_FOOD,SUNDAY,-6
3120097,CHINESE_FOOD,MONDAY,6
3120097,CHINESE_FOOD,TUESDAY,6
3120097,CHINESE_FOOD,WEDNESDAY,6
3120097,CHINESE_FOOD,THURSDAY,6
3120097,CHINESE_FOOD,FRIDAY,6
3120097,CHINESE_FOOD,SATURDAY,-6
3120097,CHINESE_FOOD,SUNDAY,-6
3120097,WESTERN_FOOD,MONDAY,3
3120097,WESTERN_FOOD,TUESDAY,3
3120097,WESTERN_FOOD,WEDNESDAY,6
3120097,WESTERN_FOOD,THURSDAY,6
3120097,WESTERN_FOOD,FRIDAY,6
3120097,WESTERN_FOOD,SATURDAY,-6
3120097,WESTERN_FOOD,SUNDAY,-6
3120097,FAST_FOOD,MONDAY,6
3120097,FAST_FOOD,TUESDAY,6
3120097,FAST_FOOD,WEDNESDAY,6
3120097,FAST_FOOD,THURSDAY,6
3120097,FAST_FOOD,FRIDAY,5
3120097,FAST_FOOD,SATURDAY,-6
3120097,FAST_FOOD,SUNDAY,-6
3120097,CAFE_BEVERAGE,MONDAY,5
3120097,CAFE_BEVERAGE,TUESDAY,6
3120097,CAFE_BEVERAGE,WEDNESDAY,6
3120097,CAFE_BEVERAGE,THURSDAY,6
3120097,CAFE_BEVERAGE,FRIDAY,6
3120097,CAFE_BEVERAGE,SATURDAY,-6
3120097,CAFE_BEVERAGE,SUNDAY,-6
3120098,KOREAN_FOOD,MONDAY,6
3120098,KOREAN_FOOD,TUESDAY,6
3120098,KOREAN_FOOD,WEDNESDAY,6
3120098,KOREAN_FOOD,THURSDAY,6
3120098,KOREAN_FOOD,FRIDAY,3
3120098,KOREAN_FOOD,SATURDAY,-6
3120098,KOREAN_FOOD,SUNDAY,-6
3120098,CHINESE_FOOD,MONDAY,3
3120098,CHINESE_FOOD,TUESDAY,6
3120098,CHINESE_FOOD,WEDNESDAY,6
3120098,CHINESE_FOOD,THURSDAY,6
3120098,CHINESE_FOOD,FRIDAY,5
3120098,CHINESE_FOOD,SATURDAY,-6
3120098,CHINESE_FOOD,SUNDAY,-6
3120098,JAPANESE_FOOD,MONDAY,5
3120098,JAPANESE_FOOD,TUESDAY,6
3120098,JAPANESE_FOOD,WEDNESDAY,6
3120098,JAPANESE_FOOD,THURSDAY,6
3120098,JAPANESE_FOOD,FRIDAY,5
3120098,JAPANESE_FOOD,SATURDAY,-6
3120098,JAPANESE_FOOD,SUNDAY,-6
3120098,WESTERN_FOOD,MONDAY,2
3120098,WESTERN_FOOD,TUESDAY,5
3120098,WESTERN_FOOD,WEDNESDAY,6
3120098,WESTERN_FOOD,THURSDAY,6
3120098,WESTERN_FOOD,FRIDAY,3
3120098,WESTERN_FOOD,SATURDAY,-6
3120098,WESTERN_FOOD,SUNDAY,-6
3120098,FAST_FOOD,MONDAY,0
3120098,FAST_FOOD,TUESDAY,2
3120098,FAST_FOOD,WEDNESDAY,2
3120098,FAST_FOOD,THURSDAY,4
3120098,FAST_FOOD,FRIDAY,1
3120098,FAST_FOOD,SATURDAY,-2
3120098,FAST_FOOD,SUNDAY,-6
3120098,BUNSIK,MONDAY,6
3120098,BUNSIK,TUESDAY,6
3120098,BUNSIK,WEDNESDAY,6
3120098,BUNSIK,THURSDAY,6
3120098,BUNSIK,FRIDAY,4
3120098,BUNSIK,SATURDAY,-6
3120098,BUNSIK,SUNDAY,-6
3120098,CAFE_BEVERAGE,MONDAY,5
3120098,CAFE_BEVERAGE,TUESDAY,6
3120098,CAFE_BEVERAGE,WEDNESDAY,6
3120098,CAFE_BEVERAGE,THURSDAY,6
3120098,CAFE_BEVERAGE,FRIDAY,4
3120098,CAFE_BEVERAGE,SATURDAY,-6
3120098,CAFE_BEVERAGE,SUNDAY,-6
3120098,BAKERY,MONDAY,2
3120098,BAKERY,TUESDAY,4
3120098,BAKERY,WEDNESDAY,4
3120098,BAKERY,THURSDAY,5
3120098,BAKERY,FRIDAY,5
3120098,BAKERY,SATURDAY,-5
3120098,BAKERY,SUNDAY,-6
3120099,KOREAN_FOOD,MONDAY,-6
3120099,KOREAN_FOOD,TUESDAY,-5
3120099,KOREAN_FOOD,WEDNESDAY,-5
3120099,KOREAN_FOOD,THURSDAY,-5
3120099,KOREAN_FOOD,FRIDAY,-4
3120099,KOREAN_FOOD,SATURDAY,6
3120099,KOREAN_FOOD,SUNDAY,6
3120099,JAPANESE_FOOD,MONDAY,-6
3120099,JAPANESE_FOOD,TUESDAY,-5
3120099,JAPANESE_FOOD,WEDNESDAY,-5
3120099,JAPANESE_FOOD,THURSDAY,-5
3120099,JAPANESE_FOOD,FRIDAY,-3
3120099,JAPANESE_FOOD,SATURDAY,6
3120099,JAPANESE_FOOD,SUNDAY,6
3120099,FAST_FOOD,MONDAY,-6
3120099,FAST_FOOD,TUESDAY,-5
3120099,FAST_FOOD,WEDNESDAY,-2
3120099,FAST_FOOD,THURSDAY,-3
3120099,FAST_FOOD,FRIDAY,-2
3120099,FAST_FOOD,SATURDAY,6
3120099,FAST_FOOD,SUNDAY,5
3120099,BUNSIK,MONDAY,-6
3120099,BUNSIK,TUESDAY,-6
3120099,BUNSIK,WEDNESDAY,-6
3120099,BUNSIK,THURSDAY,-5
3120099,BUNSIK,FRIDAY,-5
3120099,BUNSIK,SATURDAY,6
3120099,BUNSIK,SUNDAY,6
3120099,CAFE_BEVERAGE,MONDAY,-6
3120099,CAFE_BEVERAGE,TUESDAY,-6
3120099,CAFE_BEVERAGE,WEDNESDAY,-5
3120099,CAFE_BEVERAGE,THURSDAY,-5
3120099,CAFE_BEVERAGE,FRIDAY,-5
3120099,CAFE_BEVERAGE,SATURDAY,6
3120099,CAFE_BEVERAGE,SUNDAY,6
3120100,KOREAN_FOOD,MONDAY,-1
3120100,KOREAN_FOOD,TUESDAY,0
3120100,KOREAN_FOOD,WEDNESDAY,0
3120100,KOREAN_FOOD,THURSDAY,0
3120100,KOREAN_FOOD,FRIDAY,2
3120100,KOREAN_FOOD,SATURDAY,1
3120100,KOREAN_FOOD,SUNDAY,-3
3120100,CHINESE_FOOD,MONDAY,-2
3120100,CHINESE_FOOD,TUESDAY,1
3120100,CHINESE_FOOD,WEDNESDAY,0
3120100,CHINESE_FOOD,THURSDAY,-1
3120100,CHINESE_FOOD,FRIDAY,1
3120100,CHINESE_FOOD,SATURDAY,3
3120100,CHINESE_FOOD,SUNDAY,-1
3120100,JAPANESE_FOOD,MONDAY,-1
3120100,JAPANESE_FOOD,TUESDAY,-6
3120100,JAPANESE_FOOD,WEDNESDAY,-2
3120100,JAPANESE_FOOD,THURSDAY,0
3120100,JAPANESE_FOOD,FRIDAY,2
3120100,JAPANESE_FOOD,SATURDAY,5
3120100,JAPANESE_FOOD,SUNDAY,3
3120100,FAST_FOOD,MONDAY,-1
3120100,FAST_FOOD,TUESDAY,-1
3120100,FAST_FOOD,WEDNESDAY,-1
3120100,FAST_FOOD,THURSDAY,0
3120100,FAST_FOOD,FRIDAY,1
3120100,FAST_FOOD,SATURDAY,2
3120100,FAST_FOOD,SUNDAY,0
3120100,BUNSIK,MONDAY,-1
3120100,BUNSIK,TUESDAY,1
3120100,BUNSIK,WEDNESDAY,0
3120100,BUNSIK,THURSDAY,2
3120100,BUNSIK,FRIDAY,3
3120100,BUNSIK,SATURDAY,6
3120100,BUNSIK,SUNDAY,-6
3120100,CAFE_BEVERAGE,MONDAY,-2
3120100,CAFE_BEVERAGE,TUESDAY,-1
3120100,CAFE_BEVERAGE,WEDNESDAY,0
3120100,CAFE_BEVERAGE,THURSDAY,0
3120100,CAFE_BEVERAGE,FRIDAY,1
3120100,CAFE_BEVERAGE,SATURDAY,2
3120100,CAFE_BEVERAGE,SUNDAY,-1
3120100,BAKERY,MONDAY,-1
3120100,BAKERY,TUESDAY,-1
3120100,BAKERY,WEDNESDAY,0
3120100,BAKERY,THURSDAY,-1
3120100,BAKERY,FRIDAY,2
3120100,BAKERY,SATURDAY,2
3120100,BAKERY,SUNDAY,0
3120101,KOREAN_FOOD,MONDAY,0
3120101,KOREAN_FOOD,TUESDAY,0
3120101,KOREAN_FOOD,WEDNESDAY,0
3120101,KOREAN_FOOD,THURSDAY,1
3120101,KOREAN_FOOD,FRIDAY,3
3120101,KOREAN_FOOD,SATURDAY,1
3120101,KOREAN_FOOD,SUNDAY,-5
3120101,CHINESE_FOOD,MONDAY,-3
3120101,CHINESE_FOOD,TUESDAY,1
3120101,CHINESE_FOOD,WEDNESDAY,0
3120101,CHINESE_FOOD,THURSDAY,1
3120101,CHINESE_FOOD,FRIDAY,3
3120101,CHINESE_FOOD,SATURDAY,0
3120101,CHINESE_FOOD,SUNDAY,-1
3120101,JAPANESE_FOOD,MONDAY,-6
3120101,JAPANESE_FOOD,TUESDAY,-1
3120101,JAPANESE_FOOD,WEDNESDAY,0
3120101,JAPANESE_FOOD,THURSDAY,-1
3120101,JAPANESE_FOOD,FRIDAY,2
3120101,JAPANESE_FOOD,SATURDAY,5
3120101,JAPANESE_FOOD,SUNDAY,4
3120101,WESTERN_FOOD,MONDAY,-2
3120101,WESTERN_FOOD,TUESDAY,-1
3120101,WESTERN_FOOD,WEDNESDAY,-2
3120101,WESTERN_FOOD,THURSDAY,-1
3120101,WESTERN_FOOD,FRIDAY,2
3120101,WESTERN_FOOD,SATURDAY,4
3120101,WESTERN_FOOD,SUNDAY,1
3120101,CHICKEN,MONDAY,-4
3120101,CHICKEN,TUESDAY,-2
3120101,CHICKEN,WEDNESDAY,-1
3120101,CHICKEN,THURSDAY,1
3120101,CHICKEN,FRIDAY,5
3120101,CHICKEN,SATURDAY,4
3120101,CHICKEN,SUNDAY,-2
3120101,FAST_FOOD,MONDAY,-3
3120101,FAST_FOOD,TUESDAY,-4
3120101,FAST_FOOD,WEDNESDAY,-1
3120101,FAST_FOOD,THURSDAY,0
3120101,FAST_FOOD,FRIDAY,2
3120101,FAST_FOOD,SATURDAY,4
3120101,FAST_FOOD,SUNDAY,2
3120101,BUNSIK,MONDAY,-2
3120101,BUNSIK,TUESDAY,-1
3120101,BUNSIK,WEDNESDAY,-1
3120101,BUNSIK,THURSDAY,0
3120101,BUNSIK,FRIDAY,2
3120101,BUNSIK,SATURDAY,4
3120101,BUNSIK,SUNDAY,-2
3120101,CAFE_BEVERAGE,MONDAY,-1
3120101,CAFE_BEVERAGE,TUESDAY,0
3120101,CAFE_BEVERAGE,WEDNESDAY,0
3120101,CAFE_BEVERAGE,THURSDAY,0
3120101,CAFE_BEVERAGE,FRIDAY,2
3120101,CAFE_BEVERAGE,SATURDAY,1
3120101,CAFE_BEVERAGE,SUNDAY,-2
3120101,BAKERY,MONDAY,-1
3120101,BAKERY,TUESDAY,1
3120101,BAKERY,WEDNESDAY,2
3120101,BAKERY,THURSDAY,1
3120101,BAKERY,FRIDAY,3
3120101,BAKERY,SATURDAY,-1
3120101,BAKERY,SUNDAY,-5
3120102,KOREAN_FOOD,MONDAY,2
3120102,KOREAN_FOOD,TUESDAY,2
3120102,KOREAN_FOOD,WEDNESDAY,3
3120102,KOREAN_FOOD,THURSDAY,3
3120102,KOREAN_FOOD,FRIDAY,4
3120102,KOREAN_FOOD,SATURDAY,-4
3120102,KOREAN_FOOD,SUNDAY,-6
3120102,CHINESE_FOOD,MONDAY,0
3120102,CHINESE_FOOD,TUESDAY,2
3120102,CHINESE_FOOD,WEDNESDAY,3
3120102,CHINESE_FOOD,THURSDAY,4
3120102,CHINESE_FOOD,FRIDAY,4
3120102,CHINESE_FOOD,SATURDAY,-3
3120102,CHINESE_FOOD,SUNDAY,-6
3120102,JAPANESE_FOOD,MONDAY,2
3120102,JAPANESE_FOOD,TUESDAY,2
3120102,JAPANESE_FOOD,WEDNESDAY,2
3120102,JAPANESE_FOOD,THURSDAY,3
3120102,JAPANESE_FOOD,FRIDAY,4
3120102,JAPANESE_FOOD,SATURDAY,-6
3120102,JAPANESE_FOOD,SUNDAY,-6
3120102,WESTERN_FOOD,MONDAY,3
3120102,WESTERN_FOOD,TUESDAY,1
3120102,WESTERN_FOOD,WEDNESDAY,2
3120102,WESTERN_FOOD,THURSDAY,2
3120102,WESTERN_FOOD,FRIDAY,2
3120102,WESTERN_FOOD,SATURDAY,-3
3120102,WESTERN_FOOD,SUNDAY,-5
3120102,BUNSIK,MONDAY,3
3120102,BUNSIK,TUESDAY,4
3120102,BUNSIK,WEDNESDAY,1
3120102,BUNSIK,THURSDAY,4
3120102,BUNSIK,FRIDAY,4
3120102,BUNSIK,SATURDAY,-4
3120102,BUNSIK,SUNDAY,-6
3120102,CAFE_BEVERAGE,MONDAY,0
3120102,CAFE_BEVERAGE,TUESDAY,1
3120102,CAFE_BEVERAGE,WEDNESDAY,1
3120102,CAFE_BEVERAGE,THURSDAY,1
3120102,CAFE_BEVERAGE,FRIDAY,3
3120102,CAFE_BEVERAGE,SATURDAY,-1
3120102,CAFE_BEVERAGE,SUNDAY,-5
3120103,KOREAN_FOOD,MONDAY,-3
3120103,KOREAN_FOOD,TUESDAY,-3
3120103,KOREAN_FOOD,WEDNESDAY,-2
3120103,KOREAN_FOOD,THURSDAY,-2
3120103,KOREAN_FOOD,FRIDAY,2
3120103,KOREAN_FOOD,SATURDAY,6
3120103,KOREAN_FOOD,SUNDAY,1
3120103,CHINESE_FOOD,MONDAY,-3
3120103,CHINESE_FOOD,TUESDAY,-2
3120103,CHINESE_FOOD,WEDNESDAY,-1
3120103,CHINESE_FOOD,THURSDAY,-1
3120103,CHINESE_FOOD,FRIDAY,2
3120103,CHINESE_FOOD,SATURDAY,5
3120103,CHINESE_FOOD,SUNDAY,1
3120103,JAPANESE_FOOD,MONDAY,-4
3120103,JAPANESE_FOOD,TUESDAY,-3
3120103,JAPANESE_FOOD,WEDNESDAY,-3
3120103,JAPANESE_FOOD,THURSDAY,-2
3120103,JAPANESE_FOOD,FRIDAY,2
3120103,JAPANESE_FOOD,SATURDAY,6
3120103,JAPANESE_FOOD,SUNDAY,2
3120103,WESTERN_FOOD,MONDAY,-6
3120103,WESTERN_FOOD,TUESDAY,-6
3120103,WESTERN_FOOD,WEDNESDAY,-4
3120103,WESTERN_FOOD,THURSDAY,-3
3120103,WESTERN_FOOD,FRIDAY,2
3120103,WESTERN_FOOD,SATURDAY,6
3120103,WESTERN_FOOD,SUNDAY,6
3120103,CHICKEN,MONDAY,-6
3120103,CHICKEN,TUESDAY,-5
3120103,CHICKEN,WEDNESDAY,-6
3120103,CHICKEN,THURSDAY,-3
3120103,CHICKEN,FRIDAY,4
3120103,CHICKEN,SATURDAY,6
3120103,CHICKEN,SUNDAY,4
3120103,FAST_FOOD,MONDAY,-2
3120103,FAST_FOOD,TUESDAY,-2
3120103,FAST_FOOD,WEDNESDAY,-1
3120103,FAST_FOOD,THURSDAY,-2
3120103,FAST_FOOD,FRIDAY,0
3120103,FAST_FOOD,SATURDAY,5
3120103,FAST_FOOD,SUNDAY,2
3120103,BUNSIK,MONDAY,-3
3120103,BUNSIK,TUESDAY,-2
3120103,BUNSIK,WEDNESDAY,-2
3120103,BUNSIK,THURSDAY,0
3120103,BUNSIK,FRIDAY,2
3120103,BUNSIK,SATURDAY,5
3120103,BUNSIK,SUNDAY,0
3120103,CAFE_BEVERAGE,MONDAY,-3
3120103,CAFE_BEVERAGE,TUESDAY,-2
3120103,CAFE_BEVERAGE,WEDNESDAY,-1
3120103,CAFE_BEVERAGE,THURSDAY,-1
3120103,CAFE_BEVERAGE,FRIDAY,1
3120103,CAFE_BEVERAGE,SATURDAY,6
3120103,CAFE_BEVERAGE,SUNDAY,0
3120103,BAKERY,MONDAY,-3
3120103,BAKERY,TUESDAY,-3
3120103,BAKERY,WEDNESDAY,-2
3120103,BAKERY,THURSDAY,-2
3120103,BAKERY,FRIDAY,0
3120103,BAKERY,SATURDAY,6
3120103,BAKERY,SUNDAY,3
3120104,KOREAN_FOOD,MONDAY,-2
3120104,KOREAN_FOOD,TUESDAY,-2
3120104,KOREAN_FOOD,WEDNESDAY,-1
3120104,KOREAN_FOOD,THURSDAY,-1
3120104,KOREAN_FOOD,FRIDAY,2
3120104,KOREAN_FOOD,SATURDAY,5
3120104,KOREAN_FOOD,SUNDAY,-1
3120104,CHINESE_FOOD,MONDAY,-2
3120104,CHINESE_FOOD,TUESDAY,-2
3120104,CHINESE_FOOD,WEDNESDAY,-2
3120104,CHINESE_FOOD,THURSDAY,1
3120104,CHINESE_FOOD,FRIDAY,3
3120104,CHINESE_FOOD,SATURDAY,3
3120104,CHINESE_FOOD,SUNDAY,0
3120104,JAPANESE_FOOD,MONDAY,-3
3120104,JAPANESE_FOOD,TUESDAY,-2
3120104,JAPANESE_FOOD,WEDNESDAY,-1
3120104,JAPANESE_FOOD,THURSDAY,-1
3120104,JAPANESE_FOOD,FRIDAY,2
3120104,JAPANESE_FOOD,SATURDAY,6
3120104,JAPANESE_FOOD,SUNDAY,0
3120104,WESTERN_FOOD,MONDAY,-5
3120104,WESTERN_FOOD,TUESDAY,-5
3120104,WESTERN_FOOD,WEDNESDAY,-4
3120104,WESTERN_FOOD,THURSDAY,-4
3120104,WESTERN_FOOD,FRIDAY,0
3120104,WESTERN_FOOD,SATURDAY,6
3120104,WESTERN_FOOD,SUNDAY,6
3120104,CHICKEN,MONDAY,-6
3120104,CHICKEN,TUESDAY,-1
3120104,CHICKEN,WEDNESDAY,0
3120104,CHICKEN,THURSDAY,3
3120104,CHICKEN,FRIDAY,6
3120104,CHICKEN,SATURDAY,6
3120104,CHICKEN,SUNDAY,-6
3120104,FAST_FOOD,MONDAY,-1
3120104,FAST_FOOD,TUESDAY,-1
3120104,FAST_FOOD,WEDNESDAY,-1
3120104,FAST_FOOD,THURSDAY,-1
3120104,FAST_FOOD,FRIDAY,2
3120104,FAST_FOOD,SATURDAY,3
3120104,FAST_FOOD,SUNDAY,0
3120104,BUNSIK,MONDAY,1
3120104,BUNSIK,TUESDAY,2
3120104,BUNSIK,WEDNESDAY,2
3120104,BUNSIK,THURSDAY,3
3120104,BUNSIK,FRIDAY,3
3120104,BUNSIK,SATURDAY,-1
3120104,BUNSIK,SUNDAY,-6
3120104,CAFE_BEVERAGE,MONDAY,-2
3120104,CAFE_BEVERAGE,TUESDAY,-2
3120104,CAFE_BEVERAGE,WEDNESDAY,-1
3120104,CAFE_BEVERAGE,THURSDAY,-1
3120104,CAFE_BEVERAGE,FRIDAY,1
3120104,CAFE_BEVERAGE,SATURDAY,5
3120104,CAFE_BEVERAGE,SUNDAY,0
3120104,BAKERY,MONDAY,-2
3120104,BAKERY,TUESDAY,-1
3120104,BAKERY,WEDNESDAY,0
3120104,BAKERY,THURSDAY,0
3120104,BAKERY,FRIDAY,1
3120104,BAKERY,SATURDAY,3
3120104,BAKERY,SUNDAY,-2
3120105,KOREAN_FOOD,MONDAY,-1
3120105,KOREAN_FOOD,TUESDAY,1
3120105,KOREAN_FOOD,WEDNESDAY,1
3120105,KOREAN_FOOD,THURSDAY,1
3120105,KOREAN_FOOD,FRIDAY,3
3120105,KOREAN_FOOD,SATURDAY,0
3120105,KOREAN_FOOD,SUNDAY,-5
3120105,CHINESE_FOOD,MONDAY,0
3120105,CHINESE_FOOD,TUESDAY,-5
3120105,CHINESE_FOOD,WEDNESDAY,1
3120105,CHINESE_FOOD,THURSDAY,-1
3120105,CHINESE_FOOD,FRIDAY,6
3120105,CHINESE_FOOD,SATURDAY,6
3120105,CHINESE_FOOD,SUNDAY,-6
3120105,JAPANESE_FOOD,MONDAY,-2
3120105,JAPANESE_FOOD,TUESDAY,-3
3120105,JAPANESE_FOOD,WEDNESDAY,-1
3120105,JAPANESE_FOOD,THURSDAY,-1
3120105,JAPANESE_FOOD,FRIDAY,0
3120105,JAPANESE_FOOD,SATURDAY,4
3120105,JAPANESE_FOOD,SUNDAY,2
3120105,WESTERN_FOOD,MONDAY,-6
3120105,WESTERN_FOOD,TUESDAY,-2
3120105,WESTERN_FOOD,WEDNESDAY,-1
3120105,WESTERN_FOOD,THURSDAY,-2
3120105,WESTERN_FOOD,FRIDAY,2
3120105,WESTERN_FOOD,SATURDAY,6
3120105,WESTERN_FOOD,SUNDAY,2
3120105,FAST_FOOD,MONDAY,-6
3120105,FAST_FOOD,TUESDAY,-4
3120105,FAST_FOOD,WEDNESDAY,-3
3120105,FAST_FOOD,THURSDAY,-1
3120105,FAST_FOOD,FRIDAY,3
3120105,FAST_FOOD,SATURDAY,6
3120105,FAST_FOOD,SUNDAY,5
3120105,BUNSIK,MONDAY,-3
3120105,BUNSIK,TUESDAY,0
3120105,BUNSIK,WEDNESDAY,0
3120105,BUNSIK,THURSDAY,1
3120105,BUNSIK,FRIDAY,2
3120105,BUNSIK,SATURDAY,4
3120105,BUNSIK,SUNDAY,-4
3120105,CAFE_BEVERAGE,MONDAY,-3
3120105,CAFE_BEVERAGE,TUESDAY,-2
3120105,CAFE_BEVERAGE,WEDNESDAY,-1
3120105,CAFE_BEVERAGE,THURSDAY,0
3120105,CAFE_BEVERAGE,FRIDAY,1
3120105,CAFE_BEVERAGE,SATURDAY,4
3120105,CAFE_BEVERAGE,SUNDAY,0
3120105,BAKERY,MONDAY,-4
3120105,BAKERY,TUESDAY,-1
3120105,BAKERY,WEDNESDAY,-4
3120105,BAKERY,THURSDAY,-1
3120105,BAKERY,FRIDAY,2
3120105,BAKERY,SATURDAY,6
3120105,BAKERY,SUNDAY,1
3120106,KOREAN_FOOD,MONDAY,5
3120106,KOREAN_FOOD,TUESDAY,5
3120106,KOREAN_FOOD,WEDNESDAY,5
3120106,KOREAN_FOOD,THURSDAY,5
3120106,KOREAN_FOOD,FRIDAY,4
3120106,KOREAN_FOOD,SATURDAY,-6
3120106,KOREAN_FOOD,SUNDAY,-6
3120106,CHINESE_FOOD,MONDAY,1
3120106,CHINESE_FOOD,TUESDAY,4
3120106,CHINESE_FOOD,WEDNESDAY,4
3120106,CHINESE_FOOD,THURSDAY,4
3120106,CHINESE_FOOD,FRIDAY,4
3120106,CHINESE_FOOD,SATURDAY,-6
3120106,CHINESE_FOOD,SUNDAY,-6
3120106,JAPANESE_FOOD,MONDAY,4
3120106,JAPANESE_FOOD,TUESDAY,6
3120106,JAPANESE_FOOD,WEDNESDAY,6
3120106,JAPANESE_FOOD,THURSDAY,6
3120106,JAPANESE_FOOD,FRIDAY,6
3120106,JAPANESE_FOOD,SATURDAY,-6
3120106,JAPANESE_FOOD,SUNDAY,-6
3120106,BUNSIK,MONDAY,6
3120106,BUNSIK,TUESDAY,6
3120106,BUNSIK,WEDNESDAY,6
3120106,BUNSIK,THURSDAY,6
3120106,BUNSIK,FRIDAY,6
3120106,BUNSIK,SATURDAY,-6
3120106,BUNSIK,SUNDAY,-6
3120106,CAFE_BEVERAGE,MONDAY,4
3120106,CAFE_BEVERAGE,TUESDAY,5
3120106,CAFE_BEVERAGE,WEDNESDAY,5
3120106,CAFE_BEVERAGE,THURSDAY,6
3120106,CAFE_BEVERAGE,FRIDAY,5
3120106,CAFE_BEVERAGE,SATURDAY,-6
3120106,CAFE_BEVERAGE,SUNDAY,-6
3120106,BAKERY,MONDAY,4
3120106,BAKERY,TUESDAY,6
3120106,BAKERY,WEDNESDAY,5
3120106,BAKERY,THURSDAY,6
3120106,BAKERY,FRIDAY,6
3120106,BAKERY,SATURDAY,-6
3120106,BAKERY,SUNDAY,-6
3120107,KOREAN_FOOD,MONDAY,2
3120107,KOREAN_FOOD,TUESDAY,3
3120107,KOREAN_FOOD,WEDNESDAY,3
3120107,KOREAN_FOOD,THURSDAY,3
3120107,KOREAN_FOOD,FRIDAY,4
3120107,KOREAN_FOOD,SATURDAY,-6
3120107,KOREAN_FOOD,SUNDAY,-6
3120107,JAPANESE_FOOD,MONDAY,1
3120107,JAPANESE_FOOD,TUESDAY,6
3120107,JAPANESE_FOOD,WEDNESDAY,6
3120107,JAPANESE_FOOD,THURSDAY,6
3120107,JAPANESE_FOOD,FRIDAY,6
3120107,JAPANESE_FOOD,SATURDAY,-6
3120107,JAPANESE_FOOD,SUNDAY,-6
3120107,WESTERN_FOOD,MONDAY,-2
3120107,WESTERN_FOOD,TUESDAY,-1
3120107,WESTERN_FOOD,WEDNESDAY,0
3120107,WESTERN_FOOD,THURSDAY,0
3120107,WESTERN_FOOD,FRIDAY,2
3120107,WESTERN_FOOD,SATURDAY,1
3120107,WESTERN_FOOD,SUNDAY,-1
3120107,CHICKEN,MONDAY,2
3120107,CHICKEN,TUESDAY,3
3120107,CHICKEN,WEDNESDAY,4
3120107,CHICKEN,THURSDAY,6
3120107,CHICKEN,FRIDAY,6
3120107,CHICKEN,SATURDAY,-6
3120107,CHICKEN,SUNDAY,-6
3120107,FAST_FOOD,MONDAY,2
3120107,FAST_FOOD,TUESDAY,1
3120107,FAST_FOOD,WEDNESDAY,2
3120107,FAST_FOOD,THURSDAY,1
3120107,FAST_FOOD,FRIDAY,5
3120107,FAST_FOOD,SATURDAY,-1
3120107,FAST_FOOD,SUNDAY,-6
3120107,BUNSIK,MONDAY,4
3120107,BUNSIK,TUESDAY,5
3120107,BUNSIK,WEDNESDAY,5
3120107,BUNSIK,THURSDAY,6
3120107,BUNSIK,FRIDAY,5
3120107,BUNSIK,SATURDAY,-6
3120107,BUNSIK,SUNDAY,-6
3120107,CAFE_BEVERAGE,MONDAY,3
3120107,CAFE_BEVERAGE,TUESDAY,4
3120107,CAFE_BEVERAGE,WEDNESDAY,4
3120107,CAFE_BEVERAGE,THURSDAY,5
3120107,CAFE_BEVERAGE,FRIDAY,4
3120107,CAFE_BEVERAGE,SATURDAY,-6
3120107,CAFE_BEVERAGE,SUNDAY,-6
3120107,BAKERY,MONDAY,1
3120107,BAKERY,TUESDAY,2
3120107,BAKERY,WEDNESDAY,2
3120107,BAKERY,THURSDAY,2
3120107,BAKERY,FRIDAY,3
3120107,BAKERY,SATURDAY,-3
3120107,BAKERY,SUNDAY,-6
3120108,KOREAN_FOOD,MONDAY,-1
3120108,KOREAN_FOOD,TUESDAY,-1
3120108,KOREAN_FOOD,WEDNESDAY,-1
3120108,KOREAN_FOOD,THURSDAY,-1
3120108,KOREAN_FOOD,FRIDAY,2
3120108,KOREAN_FOOD,SATURDAY,3
3120108,KOREAN_FOOD,SUNDAY,0
3120108,CHINESE_FOOD,MONDAY,-6
3120108,CHINESE_FOOD,TUESDAY,-2
3120108,CHINESE_FOOD,WEDNESDAY,-2
3120108,CHINESE_FOOD,THURSDAY,-2
3120108,CHINESE_FOOD,FRIDAY,0
3120108,CHINESE_FOOD,SATURDAY,6
3120108,CHINESE_FOOD,SUNDAY,6
3120108,CHICKEN,MONDAY,-4
3120108,CHICKEN,TUESDAY,-1
3120108,CHICKEN,WEDNESDAY,-1
3120108,CHICKEN,THURSDAY,-2
3120108,CHICKEN,FRIDAY,3
3120108,CHICKEN,SATURDAY,2
3120108,CHICKEN,SUNDAY,3
3120108,FAST_FOOD,MONDAY,-1
3120108,FAST_FOOD,TUESDAY,0
3120108,FAST_FOOD,WEDNESDAY,0
3120108,FAST_FOOD,THURSDAY,-1
3120108,FAST_FOOD,FRIDAY,2
3120108,FAST_FOOD,SATURDAY,1
3120108,FAST_FOOD,SUNDAY,-1
3120108,BUNSIK,MONDAY,-6
3120108,BUNSIK,TUESDAY,1
3120108,BUNSIK,WEDNESDAY,1
3120108,BUNSIK,THURSDAY,0
3120108,BUNSIK,FRIDAY,2
3120108,BUNSIK,SATURDAY,4
3120108,BUNSIK,SUNDAY,2
3120108,CAFE_BEVERAGE,MONDAY,-1
3120108,CAFE_BEVERAGE,TUESDAY,-1
3120108,CAFE_BEVERAGE,WEDNESDAY,-1
3120108,CAFE_BEVERAGE,THURSDAY,-1
3120108,CAFE_BEVERAGE,FRIDAY,0
3120108,CAFE_BEVERAGE,SATURDAY,4
3120108,CAFE_BEVERAGE,SUNDAY,1
3120108,BAKERY,MONDAY,-5
3120108,BAKERY,TUESDAY,-1
3120108,BAKERY,WEDNESDAY,0
3120108,BAKERY,THURSDAY,0
3120108,BAKERY,FRIDAY,3
3120108,BAKERY,SATURDAY,5
3120108,BAKERY,SUNDAY,-3
3120109,KOREAN_FOOD,MONDAY,1
3120109,KOREAN_FOOD,TUESDAY,1
3120109,KOREAN_FOOD,WEDNESDAY,1
3120109,KOREAN_FOOD,THURSDAY,1
3120109,KOREAN_FOOD,FRIDAY,2
3120109,KOREAN_FOOD,SATURDAY,-2
3120109,KOREAN_FOOD,SUNDAY,-4
3120109,JAPANESE_FOOD,MONDAY,-2
3120109,JAPANESE_FOOD,TUESDAY,-1
3120109,JAPANESE_FOOD,WEDNESDAY,-1
3120109,JAPANESE_FOOD,THURSDAY,0
3120109,JAPANESE_FOOD,FRIDAY,1
3120109,JAPANESE_FOOD,SATURDAY,1
3120109,JAPANESE_FOOD,SUNDAY,1
3120109,CHICKEN,MONDAY,-6
3120109,CHICKEN,TUESDAY,-5
3120109,CHICKEN,WEDNESDAY,-2
3120109,CHICKEN,THURSDAY,-1
3120109,CHICKEN,FRIDAY,5
3120109,CHICKEN,SATURDAY,5
3120109,CHICKEN,SUNDAY,5
3120109,FAST_FOOD,MONDAY,-2
3120109,FAST_FOOD,TUESDAY,0
3120109,FAST_FOOD,WEDNESDAY,-1
3120109,FAST_FOOD,THURSDAY,-1
3120109,FAST_FOOD,FRIDAY,2
3120109,FAST_FOOD,SATURDAY,6
3120109,FAST_FOOD,SUNDAY,-6
3120109,BUNSIK,MONDAY,-2
3120109,BUNSIK,TUESDAY,-1
3120109,BUNSIK,WEDNESDAY,-1
3120109,BUNSIK,THURSDAY,0
3120109,BUNSIK,FRIDAY,2
3120109,BUNSIK,SATURDAY,6
3120109,BUNSIK,SUNDAY,-5
3120109,CAFE_BEVERAGE,MONDAY,1
3120109,CAFE_BEVERAGE,TUESDAY,3
3120109,CAFE_BEVERAGE,WEDNESDAY,3
3120109,CAFE_BEVERAGE,THURSDAY,4
3120109,CAFE_BEVERAGE,FRIDAY,3
3120109,CAFE_BEVERAGE,SATURDAY,-6
3120109,CAFE_BEVERAGE,SUNDAY,-6
3120110,KOREAN_FOOD,MONDAY,-1
3120110,KOREAN_FOOD,TUESDAY,0
3120110,KOREAN_FOOD,WEDNESDAY,0
3120110,KOREAN_FOOD,THURSDAY,0
3120110,KOREAN_FOOD,FRIDAY,3
3120110,KOREAN_FOOD,SATURDAY,1
3120110,KOREAN_FOOD,SUNDAY,-3
3120110,CHINESE_FOOD,MONDAY,-6
3120110,CHINESE_FOOD,TUESDAY,0
3120110,CHINESE_FOOD,WEDNESDAY,1
3120110,CHINESE_FOOD,THURSDAY,2
3120110,CHINESE_FOOD,FRIDAY,4
3120110,CHINESE_FOOD,SATURDAY,5
3120110,CHINESE_FOOD,SUNDAY,0
3120110,JAPANESE_FOOD,MONDAY,-4
3120110,JAPANESE_FOOD,TUESDAY,0
3120110,JAPANESE_FOOD,WEDNESDAY,2
3120110,JAPANESE_FOOD,THURSDAY,0
3120110,JAPANESE_FOOD,FRIDAY,6
3120110,JAPANESE_FOOD,SATURDAY,6
3120110,JAPANESE_FOOD,SUNDAY,-6
3120110,WESTERN_FOOD,MONDAY,4
3120110,WESTERN_FOOD,TUESDAY,3
3120110,WESTERN_FOOD,WEDNESDAY,1
3120110,WESTERN_FOOD,THURSDAY,1
3120110,WESTERN_FOOD,FRIDAY,1
3120110,WESTERN_FOOD,SATURDAY,-3
3120110,WESTERN_FOOD,SUNDAY,-6
3120110,CHICKEN,MONDAY,-2
3120110,CHICKEN,TUESDAY,0
3120110,CHICKEN,WEDNESDAY,1
3120110,CHICKEN,THURSDAY,1
3120110,CHICKEN,FRIDAY,6
3120110,CHICKEN,SATURDAY,5
3120110,CHICKEN,SUNDAY,-6
3120110,FAST_FOOD,MONDAY,0
3120110,FAST_FOOD,TUESDAY,0
3120110,FAST_FOOD,WEDNESDAY,0
3120110,FAST_FOOD,THURSDAY,0
3120110,FAST_FOOD,FRIDAY,1
3120110,FAST_FOOD,SATURDAY,1
3120110,FAST_FOOD,SUNDAY,-2
3120110,BUNSIK,MONDAY,1
3120110,BUNSIK,TUESDAY,1
3120110,BUNSIK,WEDNESDAY,2
3120110,BUNSIK,THURSDAY,1
3120110,BUNSIK,FRIDAY,2
3120110,BUNSIK,SATURDAY,-1
3120110,BUNSIK,SUNDAY,-6
3120110,CAFE_BEVERAGE,MONDAY,-2
3120110,CAFE_BEVERAGE,TUESDAY,0
3120110,CAFE_BEVERAGE,WEDNESDAY,0
3120110,CAFE_BEVERAGE,THURSDAY,0
3120110,CAFE_BEVERAGE,FRIDAY,1
3120110,CAFE_BEVERAGE,SATURDAY,1
3120110,CAFE_BEVERAGE,SUNDAY,-2
3120110,BAKERY,MONDAY,-1
3120110,BAKERY,TUESDAY,-1
3120110,BAKERY,WEDNESDAY,1
3120110,BAKERY,THURSDAY,0
3120110,BAKERY,FRIDAY,1
3120110,BAKERY,SATURDAY,1
3120110,BAKERY,SUNDAY,-1
3120111,KOREAN_FOOD,MONDAY,-1
3120111,KOREAN_FOOD,TUESDAY,-3
3120111,KOREAN_FOOD,WEDNESDAY,-1
3120111,KOREAN_FOOD,THURSDAY,-1
3120111,KOREAN_FOOD,FRIDAY,1
3120111,KOREAN_FOOD,SATURDAY,3
3120111,KOREAN_FOOD,SUNDAY,2
3120111,CHINESE_FOOD,MONDAY,-6
3120111,CHINESE_FOOD,TUESDAY,2
3120111,CHINESE_FOOD,WEDNESDAY,0
3120111,CHINESE_FOOD,THURSDAY,1
3120111,CHINESE_FOOD,FRIDAY,2
3120111,CHINESE_FOOD,SATURDAY,6
3120111,CHINESE_FOOD,SUNDAY,6
3120111,CHICKEN,MONDAY,-6
3120111,CHICKEN,TUESDAY,-5
3120111,CHICKEN,WEDNESDAY,0
3120111,CHICKEN,THURSDAY,-1
3120111,CHICKEN,FRIDAY,6
3120111,CHICKEN,SATURDAY,5
3120111,CHICKEN,SUNDAY,2
3120111,FAST_FOOD,MONDAY,0
3120111,FAST_FOOD,TUESDAY,-1
3120111,FAST_FOOD,WEDNESDAY,-1
3120111,FAST_FOOD,THURSDAY,0
3120111,FAST_FOOD,FRIDAY,1
3120111,FAST_FOOD,SATURDAY,2
3120111,FAST_FOOD,SUNDAY,-1
3120111,BUNSIK,MONDAY,4
3120111,BUNSIK,TUESDAY,2
3120111,BUNSIK,WEDNESDAY,2
3120111,BUNSIK,THURSDAY,2
3120111,BUNSIK,FRIDAY,3
3120111,BUNSIK,SATURDAY,4
3120111,BUNSIK,SUNDAY,-6
3120111,CAFE_BEVERAGE,MONDAY,-1
3120111,CAFE_BEVERAGE,TUESDAY,-2
3120111,CAFE_BEVERAGE,WEDNESDAY,-1
3120111,CAFE_BEVERAGE,THURSDAY,-1
3120111,CAFE_BEVERAGE,FRIDAY,0
3120111,CAFE_BEVERAGE,SATURDAY,4
3120111,CAFE_BEVERAGE,SUNDAY,1
3120112,KOREAN_FOOD,MONDAY,0
3120112,KOREAN_FOOD,TUESDAY,1
3120112,KOREAN_FOOD,WEDNESDAY,1
3120112,KOREAN_FOOD,THURSDAY,1
3120112,KOREAN_FOOD,FRIDAY,3
3120112,KOREAN_FOOD,SATURDAY,0
3120112,KOREAN_FOOD,SUNDAY,-6
3120112,CHINESE_FOOD,MONDAY,1
3120112,CHINESE_FOOD,TUESDAY,-1
3120112,CHINESE_FOOD,WEDNESDAY,-2
3120112,CHINESE_FOOD,THURSDAY,0
3120112,CHINESE_FOOD,FRIDAY,1
3120112,CHINESE_FOOD,SATURDAY,0
3120112,CHINESE_FOOD,SUNDAY,2
3120112,JAPANESE_FOOD,MONDAY,1
3120112,JAPANESE_FOOD,TUESDAY,-3
3120112,JAPANESE_FOOD,WEDNESDAY,1
3120112,JAPANESE_FOOD,THURSDAY,2
3120112,JAPANESE_FOOD,FRIDAY,5
3120112,JAPANESE_FOOD,SATURDAY,3
3120112,JAPANESE_FOOD,SUNDAY,-6
3120112,CHICKEN,MONDAY,-1
3120112,CHICKEN,TUESDAY,-4
3120112,CHICKEN,WEDNESDAY,-2
3120112,CHICKEN,THURSDAY,1
3120112,CHICKEN,FRIDAY,6
3120112,CHICKEN,SATURDAY,6
3120112,CHICKEN,SUNDAY,-6
3120112,FAST_FOOD,MONDAY,-6
3120112,FAST_FOOD,TUESDAY,1
3120112,FAST_FOOD,WEDNESDAY,0
3120112,FAST_FOOD,THURSDAY,1
3120112,FAST_FOOD,FRIDAY,1
3120112,FAST_FOOD,SATURDAY,2
3120112,FAST_FOOD,SUNDAY,3
3120112,BUNSIK,MONDAY,0
3120112,BUNSIK,TUESDAY,0
3120112,BUNSIK,WEDNESDAY,-1
3120112,BUNSIK,THURSDAY,0
3120112,BUNSIK,FRIDAY,2
3120112,BUNSIK,SATURDAY,1
3120112,BUNSIK,SUNDAY,-2
3120112,CAFE_BEVERAGE,MONDAY,-1
3120112,CAFE_BEVERAGE,TUESDAY,-1
3120112,CAFE_BEVERAGE,WEDNESDAY,-1
3120112,CAFE_BEVERAGE,THURSDAY,-1
3120112,CAFE_BEVERAGE,FRIDAY,0
3120112,CAFE_BEVERAGE,SATURDAY,3
3120112,CAFE_BEVERAGE,SUNDAY,2
3120112,BAKERY,MONDAY,0
3120112,BAKERY,TUESDAY,0
3120112,BAKERY,WEDNESDAY,1
3120112,BAKERY,THURSDAY,0
3120112,BAKERY,FRIDAY,0
3120112,BAKERY,SATURDAY,0
3120112,BAKERY,SUNDAY,-2
3120113,KOREAN_FOOD,MONDAY,-3
3120113,KOREAN_FOOD,TUESDAY,-2
3120113,KOREAN_FOOD,WEDNESDAY,-1
3120113,KOREAN_FOOD,THURSDAY,-1
3120113,KOREAN_FOOD,FRIDAY,3
3120113,KOREAN_FOOD,SATURDAY,4
3120113,KOREAN_FOOD,SUNDAY,-1
3120113,CHINESE_FOOD,MONDAY,-1
3120113,CHINESE_FOOD,TUESDAY,-5
3120113,CHINESE_FOOD,WEDNESDAY,0
3120113,CHINESE_FOOD,THURSDAY,0
3120113,CHINESE_FOOD,FRIDAY,2
3120113,CHINESE_FOOD,SATURDAY,5
3120113,CHINESE_FOOD,SUNDAY,-2
3120113,JAPANESE_FOOD,MONDAY,-1
3120113,JAPANESE_FOOD,TUESDAY,-2
3120113,JAPANESE_FOOD,WEDNESDAY,0
3120113,JAPANESE_FOOD,THURSDAY,1
3120113,JAPANESE_FOOD,FRIDAY,6
3120113,JAPANESE_FOOD,SATURDAY,6
3120113,JAPANESE_FOOD,SUNDAY,-6
3120113,CHICKEN,MONDAY,-6
3120113,CHICKEN,TUESDAY,-2
3120113,CHICKEN,WEDNESDAY,-2
3120113,CHICKEN,THURSDAY,-2
3120113,CHICKEN,FRIDAY,4
3120113,CHICKEN,SATURDAY,5
3120113,CHICKEN,SUNDAY,4
3120113,FAST_FOOD,MONDAY,-2
3120113,FAST_FOOD,TUESDAY,0
3120113,FAST_FOOD,WEDNESDAY,0
3120113,FAST_FOOD,THURSDAY,1
3120113,FAST_FOOD,FRIDAY,0
3120113,FAST_FOOD,SATURDAY,1
3120113,FAST_FOOD,SUNDAY,-1
3120113,BUNSIK,MONDAY,-1
3120113,BUNSIK,TUESDAY,0
3120113,BUNSIK,WEDNESDAY,0
3120113,BUNSIK,THURSDAY,-1
3120113,BUNSIK,FRIDAY,1
3120113,BUNSIK,SATURDAY,3
3120113,BUNSIK,SUNDAY,-2
3120113,CAFE_BEVERAGE,MONDAY,-3
3120113,CAFE_BEVERAGE,TUESDAY,-1
3120113,CAFE_BEVERAGE,WEDNESDAY,-1
3120113,CAFE_BEVERAGE,THURSDAY,-1
3120113,CAFE_BEVERAGE,FRIDAY,2
3120113,CAFE_BEVERAGE,SATURDAY,5
3120113,CAFE_BEVERAGE,SUNDAY,-1
3120113,BAKERY,MONDAY,-6
3120113,BAKERY,TUESDAY,2
3120113,BAKERY,WEDNESDAY,0
3120113,BAKERY,THURSDAY,0
3120113,BAKERY,FRIDAY,2
3120113,BAKERY,SATURDAY,6
3120113,BAKERY,SUNDAY,3
3120114,KOREAN_FOOD,MONDAY,2
3120114,KOREAN_FOOD,TUESDAY,2
3120114,KOREAN_FOOD,WEDNESDAY,2
3120114,KOREAN_FOOD,THURSDAY,2
3120114,KOREAN_FOOD,FRIDAY,2
3120114,KOREAN_FOOD,SATURDAY,-2
3120114,KOREAN_FOOD,SUNDAY,-6
3120114,CHINESE_FOOD,MONDAY,0
3120114,CHINESE_FOOD,TUESDAY,-1
3120114,CHINESE_FOOD,WEDNESDAY,0
3120114,CHINESE_FOOD,THURSDAY,0
3120114,CHINESE_FOOD,FRIDAY,1
3120114,CHINESE_FOOD,SATURDAY,0
3120114,CHINESE_FOOD,SUNDAY,-1
3120114,JAPANESE_FOOD,MONDAY,-4
3120114,JAPANESE_FOOD,TUESDAY,0
3120114,JAPANESE_FOOD,WEDNESDAY,1
3120114,JAPANESE_FOOD,THURSDAY,1
3120114,JAPANESE_FOOD,FRIDAY,1
3120114,JAPANESE_FOOD,SATURDAY,5
3120114,JAPANESE_FOOD,SUNDAY,-4
3120114,WESTERN_FOOD,MONDAY,-2
3120114,WESTERN_FOOD,TUESDAY,-4
3120114,WESTERN_FOOD,WEDNESDAY,-1
3120114,WESTERN_FOOD,THURSDAY,-1
3120114,WESTERN_FOOD,FRIDAY,-1
3120114,WESTERN_FOOD,SATURDAY,6
3120114,WESTERN_FOOD,SUNDAY,4
3120114,CHICKEN,MONDAY,-5
3120114,CHICKEN,TUESDAY,-3
3120114,CHICKEN,WEDNESDAY,-2
3120114,CHICKEN,THURSDAY,0
3120114,CHICKEN,FRIDAY,6
3120114,CHICKEN,SATURDAY,3
3120114,CHICKEN,SUNDAY,2
3120114,FAST_FOOD,MONDAY,-3
3120114,FAST_FOOD,TUESDAY,-1
3120114,FAST_FOOD,WEDNESDAY,-1
3120114,FAST_FOOD,THURSDAY,-1
3120114,FAST_FOOD,FRIDAY,0
3120114,FAST_FOOD,SATURDAY,4
3120114,FAST_FOOD,SUNDAY,2
3120114,BUNSIK,MONDAY,-2
3120114,BUNSIK,TUESDAY,-1
3120114,BUNSIK,WEDNESDAY,0
3120114,BUNSIK,THURSDAY,-2
3120114,BUNSIK,FRIDAY,1
3120114,BUNSIK,SATURDAY,5
3120114,BUNSIK,SUNDAY,0
3120114,CAFE_BEVERAGE,MONDAY,-1
3120114,CAFE_BEVERAGE,TUESDAY,0
3120114,CAFE_BEVERAGE,WEDNESDAY,0
3120114,CAFE_BEVERAGE,THURSDAY,0
3120114,CAFE_BEVERAGE,FRIDAY,1
3120114,CAFE_BEVERAGE,SATURDAY,2
3120114,CAFE_BEVERAGE,SUNDAY,-2
3120114,BAKERY,MONDAY,-6
3120114,BAKERY,TUESDAY,-1
3120114,BAKERY,WEDNESDAY,0
3120114,BAKERY,THURSDAY,-1
3120114,BAKERY,FRIDAY,1
3120114,BAKERY,SATURDAY,6
3120114,BAKERY,SUNDAY,0
3120115,KOREAN_FOOD,MONDAY,-2
3120115,KOREAN_FOOD,TUESDAY,-1
3120115,KOREAN_FOOD,WEDNESDAY,1
3120115,KOREAN_FOOD,THURSDAY,2
3120115,KOREAN_FOOD,FRIDAY,4
3120115,KOREAN_FOOD,SATURDAY,0
3120115,KOREAN_FOOD,SUNDAY,-4
3120116,KOREAN_FOOD,MONDAY,-2
3120116,KOREAN_FOOD,TUESDAY,-1
3120116,KOREAN_FOOD,WEDNESDAY,-1
3120116,KOREAN_FOOD,THURSDAY,-1
3120116,KOREAN_FOOD,FRIDAY,2
3120116,KOREAN_FOOD,SATURDAY,2
3120116,KOREAN_FOOD,SUNDAY,0
3120116,FAST_FOOD,MONDAY,0
3120116,FAST_FOOD,TUESDAY,1
3120116,FAST_FOOD,WEDNESDAY,0
3120116,FAST_FOOD,THURSDAY,0
3120116,FAST_FOOD,FRIDAY,1
3120116,FAST_FOOD,SATURDAY,0
3120116,FAST_FOOD,SUNDAY,-2
3120116,CAFE_BEVERAGE,MONDAY,-1
3120116,CAFE_BEVERAGE,TUESDAY,0
3120116,CAFE_BEVERAGE,WEDNESDAY,0
3120116,CAFE_BEVERAGE,THURSDAY,0
3120116,CAFE_BEVERAGE,FRIDAY,1
3120116,CAFE_BEVERAGE,SATURDAY,0
3120116,CAFE_BEVERAGE,SUNDAY,-1
3120117,KOREAN_FOOD,MONDAY,-3
3120117,KOREAN_FOOD,TUESDAY,-3
3120117,KOREAN_FOOD,WEDNESDAY,-2
3120117,KOREAN_FOOD,THURSDAY,-2
3120117,KOREAN_FOOD,FRIDAY,0
3120117,KOREAN_FOOD,SATURDAY,6
3120117,KOREAN_FOOD,SUNDAY,2
3120117,BUNSIK,MONDAY,-6
3120117,BUNSIK,TUESDAY,-6
3120117,BUNSIK,WEDNESDAY,-6
3120117,BUNSIK,THURSDAY,-6
3120117,BUNSIK,FRIDAY,-4
3120117,BUNSIK,SATURDAY,6
3120117,BUNSIK,SUNDAY,6
3120118,KOREAN_FOOD,MONDAY,2
3120118,KOREAN_FOOD,TUESDAY,4
3120118,KOREAN_FOOD,WEDNESDAY,5
3120118,KOREAN_FOOD,THURSDAY,5
3120118,KOREAN_FOOD,FRIDAY,3
3120118,KOREAN_FOOD,SATURDAY,-6
3120118,KOREAN_FOOD,SUNDAY,-6
3120118,BUNSIK,MONDAY,2
3120118,BUNSIK,TUESDAY,3
3120118,BUNSIK,WEDNESDAY,3
3120118,BUNSIK,THURSDAY,4
3120118,BUNSIK,FRIDAY,4
3120118,BUNSIK,SATURDAY,-6
3120118,BUNSIK,SUNDAY,-6
3120119,KOREAN_FOOD,MONDAY,0
3120119,KOREAN_FOOD,TUESDAY,2
3120119,KOREAN_FOOD,WEDNESDAY,2
3120119,KOREAN_FOOD,THURSDAY,3
3120119,KOREAN_FOOD,FRIDAY,2
3120119,KOREAN_FOOD,SATURDAY,-3
3120119,KOREAN_FOOD,SUNDAY,-6
3120119,CHINESE_FOOD,MONDAY,-5
3120119,CHINESE_FOOD,TUESDAY,-4
3120119,CHINESE_FOOD,WEDNESDAY,-2
3120119,CHINESE_FOOD,THURSDAY,-3
3120119,CHINESE_FOOD,FRIDAY,-2
3120119,CHINESE_FOOD,SATURDAY,6
3120119,CHINESE_FOOD,SUNDAY,6
3120119,JAPANESE_FOOD,MONDAY,-3
3120119,JAPANESE_FOOD,TUESDAY,-1
3120119,JAPANESE_FOOD,WEDNESDAY,0
3120119,JAPANESE_FOOD,THURSDAY,1
3120119,JAPANESE_FOOD,FRIDAY,3
3120119,JAPANESE_FOOD,SATURDAY,3
3120119,JAPANESE_FOOD,SUNDAY,-3
3120119,WESTERN_FOOD,MONDAY,-5
3120119,WESTERN_FOOD,TUESDAY,0
3120119,WESTERN_FOOD,WEDNESDAY,2
3120119,WESTERN_FOOD,THURSDAY,1
3120119,WESTERN_FOOD,FRIDAY,2
3120119,WESTERN_FOOD,SATURDAY,1
3120119,WESTERN_FOOD,SUNDAY,-2
3120119,CHICKEN,MONDAY,-3
3120119,CHICKEN,TUESDAY,1
3120119,CHICKEN,WEDNESDAY,1
3120119,CHICKEN,THURSDAY,2
3120119,CHICKEN,FRIDAY,2
3120119,CHICKEN,SATURDAY,1
3120119,CHICKEN,SUNDAY,-3
3120119,FAST_FOOD,MONDAY,-6
3120119,FAST_FOOD,TUESDAY,-5
3120119,FAST_FOOD,WEDNESDAY,-1
3120119,FAST_FOOD,THURSDAY,-3
3120119,FAST_FOOD,FRIDAY,1
3120119,FAST_FOOD,SATURDAY,6
3120119,FAST_FOOD,SUNDAY,6
3120119,BUNSIK,MONDAY,-1
3120119,BUNSIK,TUESDAY,-1
3120119,BUNSIK,WEDNESDAY,1
3120119,BUNSIK,THURSDAY,0
3120119,BUNSIK,FRIDAY,1
3120119,BUNSIK,SATURDAY,1
3120119,BUNSIK,SUNDAY,-2
3120119,CAFE_BEVERAGE,MONDAY,0
3120119,CAFE_BEVERAGE,TUESDAY,1
3120119,CAFE_BEVERAGE,WEDNESDAY,1
3120119,CAFE_BEVERAGE,THURSDAY,1
3120119,CAFE_BEVERAGE,FRIDAY,2
3120119,CAFE_BEVERAGE,SATURDAY,-1
3120119,CAFE_BEVERAGE,SUNDAY,-4
3120119,BAKERY,MONDAY,-1
3120119,BAKERY,TUESDAY,0
3120119,BAKERY,WEDNESDAY,1
3120119,BAKERY,THURSDAY,1
3120119,BAKERY,FRIDAY,3
3120119,BAKERY,SATURDAY,-1
3120119,BAKERY,SUNDAY,-3
3120120,KOREAN_FOOD,MONDAY,-1
3120120,KOREAN_FOOD,TUESDAY,0
3120120,KOREAN_FOOD,WEDNESDAY,-1
3120120,KOREAN_FOOD,THURSDAY,-1
3120120,KOREAN_FOOD,FRIDAY,2
3120120,KOREAN_FOOD,SATURDAY,2
3120120,KOREAN_FOOD,SUNDAY,-1
3120120,CHINESE_FOOD,MONDAY,0
3120120,CHINESE_FOOD,TUESDAY,-1
3120120,CHINESE_FOOD,WEDNESDAY,0
3120120,CHINESE_FOOD,THURSDAY,-1
3120120,CHINESE_FOOD,FRIDAY,2
3120120,CHINESE_FOOD,SATURDAY,2
3120120,CHINESE_FOOD,SUNDAY,-2
3120120,JAPANESE_FOOD,MONDAY,0
3120120,JAPANESE_FOOD,TUESDAY,0
3120120,JAPANESE_FOOD,WEDNESDAY,-5
3120120,JAPANESE_FOOD,THURSDAY,3
3120120,JAPANESE_FOOD,FRIDAY,4
3120120,JAPANESE_FOOD,SATURDAY,0
3120120,JAPANESE_FOOD,SUNDAY,-3
3120120,CHICKEN,MONDAY,-3
3120120,CHICKEN,TUESDAY,-3
3120120,CHICKEN,WEDNESDAY,-1
3120120,CHICKEN,THURSDAY,0
3120120,CHICKEN,FRIDAY,5
3120120,CHICKEN,SATURDAY,6
3120120,CHICKEN,SUNDAY,-4
3120120,BUNSIK,MONDAY,1
3120120,BUNSIK,TUESDAY,0
3120120,BUNSIK,WEDNESDAY,1
3120120,BUNSIK,THURSDAY,1
3120120,BUNSIK,FRIDAY,2
3120120,BUNSIK,SATURDAY,0
3120120,BUNSIK,SUNDAY,-5
3120120,CAFE_BEVERAGE,MONDAY,-1
3120120,CAFE_BEVERAGE,TUESDAY,-1
3120120,CAFE_BEVERAGE,WEDNESDAY,0
3120120,CAFE_BEVERAGE,THURSDAY,-1
3120120,CAFE_BEVERAGE,FRIDAY,1
3120120,CAFE_BEVERAGE,SATURDAY,3
3120120,CAFE_BEVERAGE,SUNDAY,0
3120120,BAKERY,MONDAY,1
3120120,BAKERY,TUESDAY,1
3120120,BAKERY,WEDNESDAY,2
3120120,BAKERY,THURSDAY,1
3120120,BAKERY,FRIDAY,2
3120120,BAKERY,SATURDAY,-1
3120120,BAKERY,SUNDAY,-5
3120121,KOREAN_FOOD,MONDAY,-3
3120121,KOREAN_FOOD,TUESDAY,-2
3120121,KOREAN_FOOD,WEDNESDAY,-2
3120121,KOREAN_FOOD,THURSDAY,-2
3120121,KOREAN_FOOD,FRIDAY,0
3120121,KOREAN_FOOD,SATURDAY,4
3120121,KOREAN_FOOD,SUNDAY,4
3120121,CHICKEN,MONDAY,-4
3120121,CHICKEN,TUESDAY,-2
3120121,CHICKEN,WEDNESDAY,-2
3120121,CHICKEN,THURSDAY,-1
3120121,CHICKEN,FRIDAY,1
3120121,CHICKEN,SATURDAY,5
3120121,CHICKEN,SUNDAY,2
3120121,FAST_FOOD,MONDAY,-1
3120121,FAST_FOOD,TUESDAY,0
3120121,FAST_FOOD,WEDNESDAY,-1
3120121,FAST_FOOD,THURSDAY,0
3120121,FAST_FOOD,FRIDAY,1
3120121,FAST_FOOD,SATURDAY,1
3120121,FAST_FOOD,SUNDAY,0
3120121,BUNSIK,MONDAY,-2
3120121,BUNSIK,TUESDAY,0
3120121,BUNSIK,WEDNESDAY,-2
3120121,BUNSIK,THURSDAY,-1
3120121,BUNSIK,FRIDAY,-1
3120121,BUNSIK,SATURDAY,5
3120121,BUNSIK,SUNDAY,1
3120121,CAFE_BEVERAGE,MONDAY,-3
3120121,CAFE_BEVERAGE,TUESDAY,-2
3120121,CAFE_BEVERAGE,WEDNESDAY,-3
3120121,CAFE_BEVERAGE,THURSDAY,-3
3120121,CAFE_BEVERAGE,FRIDAY,-1
3120121,CAFE_BEVERAGE,SATURDAY,4
3120121,CAFE_BEVERAGE,SUNDAY,6
3120122,KOREAN_FOOD,MONDAY,-2
3120122,KOREAN_FOOD,TUESDAY,-1
3120122,KOREAN_FOOD,WEDNESDAY,0
3120122,KOREAN_FOOD,THURSDAY,0
3120122,KOREAN_FOOD,FRIDAY,1
3120122,KOREAN_FOOD,SATURDAY,2
3120122,KOREAN_FOOD,SUNDAY,0
3120122,CHINESE_FOOD,MONDAY,-1
3120122,CHINESE_FOOD,TUESDAY,-5
3120122,CHINESE_FOOD,WEDNESDAY,1
3120122,CHINESE_FOOD,THURSDAY,1
3120122,CHINESE_FOOD,FRIDAY,3
3120122,CHINESE_FOOD,SATURDAY,1
3120122,CHINESE_FOOD,SUNDAY,0
3120122,JAPANESE_FOOD,MONDAY,1
3120122,JAPANESE_FOOD,TUESDAY,1
3120122,JAPANESE_FOOD,WEDNESDAY,3
3120122,JAPANESE_FOOD,THURSDAY,3
3120122,JAPANESE_FOOD,FRIDAY,5
3120122,JAPANESE_FOOD,SATURDAY,-4
3120122,JAPANESE_FOOD,SUNDAY,-6
3120122,WESTERN_FOOD,MONDAY,3
3120122,WESTERN_FOOD,TUESDAY,1
3120122,WESTERN_FOOD,WEDNESDAY,0
3120122,WESTERN_FOOD,THURSDAY,2
3120122,WESTERN_FOOD,FRIDAY,6
3120122,WESTERN_FOOD,SATURDAY,4
3120122,WESTERN_FOOD,SUNDAY,-6
3120122,CHICKEN,MONDAY,-2
3120122,CHICKEN,TUESDAY,-2
3120122,CHICKEN,WEDNESDAY,-2
3120122,CHICKEN,THURSDAY,-1
3120122,CHICKEN,FRIDAY,3
3120122,CHICKEN,SATURDAY,3
3120122,CHICKEN,SUNDAY,1
3120122,FAST_FOOD,MONDAY,-3
3120122,FAST_FOOD,TUESDAY,-1
3120122,FAST_FOOD,WEDNESDAY,-1
3120122,FAST_FOOD,THURSDAY,-1
3120122,FAST_FOOD,FRIDAY,3
3120122,FAST_FOOD,SATURDAY,1
3120122,FAST_FOOD,SUNDAY,1
3120122,BUNSIK,MONDAY,-4
3120122,BUNSIK,TUESDAY,2
3120122,BUNSIK,WEDNESDAY,3
3120122,BUNSIK,THURSDAY,1
3120122,BUNSIK,FRIDAY,3
3120122,BUNSIK,SATURDAY,1
3120122,BUNSIK,SUNDAY,-5
3120122,CAFE_BEVERAGE,MONDAY,0
3120122,CAFE_BEVERAGE,TUESDAY,0
3120122,CAFE_BEVERAGE,WEDNESDAY,0
3120122,CAFE_BEVERAGE,THURSDAY,0
3120122,CAFE_BEVERAGE,FRIDAY,1
3120122,CAFE_BEVERAGE,SATURDAY,1
3120122,CAFE_BEVERAGE,SUNDAY,-1
3120122,BAKERY,MONDAY,1
3120122,BAKERY,TUESDAY,0
3120122,BAKERY,WEDNESDAY,2
3120122,BAKERY,THURSDAY,1
3120122,BAKERY,FRIDAY,1
3120122,BAKERY,SATURDAY,-1
3120122,BAKERY,SUNDAY,-4
3120123,KOREAN_FOOD,MONDAY,-1
3120123,KOREAN_FOOD,TUESDAY,0
3120123,KOREAN_FOOD,WEDNESDAY,0
3120123,KOREAN_FOOD,THURSDAY,0
3120123,KOREAN_FOOD,FRIDAY,2
3120123,KOREAN_FOOD,SATURDAY,2
3120123,KOREAN_FOOD,SUNDAY,-3
3120123,CHINESE_FOOD,MONDAY,-1
3120123,CHINESE_FOOD,TUESDAY,-6
3120123,CHINESE_FOOD,WEDNESDAY,0
3120123,CHINESE_FOOD,THURSDAY,0
3120123,CHINESE_FOOD,FRIDAY,4
3120123,CHINESE_FOOD,SATURDAY,3
3120123,CHINESE_FOOD,SUNDAY,6
3120123,FAST_FOOD,MONDAY,-1
3120123,FAST_FOOD,TUESDAY,-1
3120123,FAST_FOOD,WEDNESDAY,0
3120123,FAST_FOOD,THURSDAY,-1
3120123,FAST_FOOD,FRIDAY,0
3120123,FAST_FOOD,SATURDAY,2
3120123,FAST_FOOD,SUNDAY,0
3120123,BUNSIK,MONDAY,0
3120123,BUNSIK,TUESDAY,0
3120123,BUNSIK,WEDNESDAY,1
3120123,BUNSIK,THURSDAY,0
3120123,BUNSIK,FRIDAY,1
3120123,BUNSIK,SATURDAY,0
3120123,BUNSIK,SUNDAY,-2
3120123,CAFE_BEVERAGE,MONDAY,-2
3120123,CAFE_BEVERAGE,TUESDAY,-2
3120123,CAFE_BEVERAGE,WEDNESDAY,-2
3120123,CAFE_BEVERAGE,THURSDAY,-1
3120123,CAFE_BEVERAGE,FRIDAY,0
3120123,CAFE_BEVERAGE,SATURDAY,4
3120123,CAFE_BEVERAGE,SUNDAY,2
3120124,KOREAN_FOOD,MONDAY,-3
3120124,KOREAN_FOOD,TUESDAY,-2
3120124,KOREAN_FOOD,WEDNESDAY,-1
3120124,KOREAN_FOOD,THURSDAY,-1
3120124,KOREAN_FOOD,FRIDAY,2
3120124,KOREAN_FOOD,SATURDAY,4
3120124,KOREAN_FOOD,SUNDAY,0
3120124,CHINESE_FOOD,MONDAY,0
3120124,CHINESE_FOOD,TUESDAY,0
3120124,CHINESE_FOOD,WEDNESDAY,-1
3120124,CHINESE_FOOD,THURSDAY,-1
3120124,CHINESE_FOOD,FRIDAY,1
3120124,CHINESE_FOOD,SATURDAY,2
3120124,CHINESE_FOOD,SUNDAY,-1
3120124,CHICKEN,MONDAY,-4
3120124,CHICKEN,TUESDAY,-3
3120124,CHICKEN,WEDNESDAY,-2
3120124,CHICKEN,THURSDAY,-3
3120124,CHICKEN,FRIDAY,4
3120124,CHICKEN,SATURDAY,6
3120124,CHICKEN,SUNDAY,2
3120124,FAST_FOOD,MONDAY,0
3120124,FAST_FOOD,TUESDAY,-2
3120124,FAST_FOOD,WEDNESDAY,1
3120124,FAST_FOOD,THURSDAY,0
3120124,FAST_FOOD,FRIDAY,2
3120124,FAST_FOOD,SATURDAY,6
3120124,FAST_FOOD,SUNDAY,-6
3120124,BUNSIK,MONDAY,-4
3120124,BUNSIK,TUESDAY,2
3120124,BUNSIK,WEDNESDAY,-3
3120124,BUNSIK,THURSDAY,2
3120124,BUNSIK,FRIDAY,3
3120124,BUNSIK,SATURDAY,2
3120124,BUNSIK,SUNDAY,-2
3120124,CAFE_BEVERAGE,MONDAY,-1
3120124,CAFE_BEVERAGE,TUESDAY,0
3120124,CAFE_BEVERAGE,WEDNESDAY,0
3120124,CAFE_BEVERAGE,THURSDAY,0
3120124,CAFE_BEVERAGE,FRIDAY,2
3120124,CAFE_BEVERAGE,SATURDAY,2
3120124,CAFE_BEVERAGE,SUNDAY,-4
3120124,BAKERY,MONDAY,-1
3120124,BAKERY,TUESDAY,-1
3120124,BAKERY,WEDNESDAY,0
3120124,BAKERY,THURSDAY,-2
3120124,BAKERY,FRIDAY,0
3120124,BAKERY,SATURDAY,2
3120124,BAKERY,SUNDAY,1
3120125,KOREAN_FOOD,MONDAY,5
3120125,KOREAN_FOOD,TUESDAY,5
3120125,KOREAN_FOOD,WEDNESDAY,5
3120125,KOREAN_FOOD,THURSDAY,5
3120125,KOREAN_FOOD,FRIDAY,5
3120125,KOREAN_FOOD,SATURDAY,-6
3120125,KOREAN_FOOD,SUNDAY,-6
3120125,CHINESE_FOOD,MONDAY,-1
3120125,CHINESE_FOOD,TUESDAY,1
3120125,CHINESE_FOOD,WEDNESDAY,1
3120125,CHINESE_FOOD,THURSDAY,3
3120125,CHINESE_FOOD,FRIDAY,4
3120125,CHINESE_FOOD,SATURDAY,-2
3120125,CHINESE_FOOD,SUNDAY,-6
3120125,JAPANESE_FOOD,MONDAY,-3
3120125,JAPANESE_FOOD,TUESDAY,-1
3120125,JAPANESE_FOOD,WEDNESDAY,0
3120125,JAPANESE_FOOD,THURSDAY,-1
3120125,JAPANESE_FOOD,FRIDAY,1
3120125,JAPANESE_FOOD,SATURDAY,3
3120125,JAPANESE_FOOD,SUNDAY,2
3120125,WESTERN_FOOD,MONDAY,-1
3120125,WESTERN_FOOD,TUESDAY,0
3120125,WESTERN_FOOD,WEDNESDAY,2
3120125,WESTERN_FOOD,THURSDAY,1
3120125,WESTERN_FOOD,FRIDAY,3
3120125,WESTERN_FOOD,SATURDAY,-2
3120125,WESTERN_FOOD,SUNDAY,-2
3120125,FAST_FOOD,MONDAY,1
3120125,FAST_FOOD,TUESDAY,3
3120125,FAST_FOOD,WEDNESDAY,4
3120125,FAST_FOOD,THURSDAY,4
3120125,FAST_FOOD,FRIDAY,4
3120125,FAST_FOOD,SATURDAY,-6
3120125,FAST_FOOD,SUNDAY,-6
3120125,BUNSIK,MONDAY,-2
3120125,BUNSIK,TUESDAY,-1
3120125,BUNSIK,WEDNESDAY,1
3120125,BUNSIK,THURSDAY,0
3120125,BUNSIK,FRIDAY,1
3120125,BUNSIK,SATURDAY,1
3120125,BUNSIK,SUNDAY,1
3120125,CAFE_BEVERAGE,MONDAY,4
3120125,CAFE_BEVERAGE,TUESDAY,5
3120125,CAFE_BEVERAGE,WEDNESDAY,5
3120125,CAFE_BEVERAGE,THURSDAY,6
3120125,CAFE_BEVERAGE,FRIDAY,6
3120125,CAFE_BEVERAGE,SATURDAY,-6
3120125,CAFE_BEVERAGE,SUNDAY,-6
3120125,BAKERY,MONDAY,-5
3120125,BAKERY,TUESDAY,-4
3120125,BAKERY,WEDNESDAY,-1
3120125,BAKERY,THURSDAY,-4
3120125,BAKERY,FRIDAY,-2
3120125,BAKERY,SATURDAY,6
3120125,BAKERY,SUNDAY,6
3120126,KOREAN_FOOD,MONDAY,-1
3120126,KOREAN_FOOD,TUESDAY,0
3120126,KOREAN_FOOD,WEDNESDAY,0
3120126,KOREAN_FOOD,THURSDAY,0
3120126,KOREAN_FOOD,FRIDAY,-1
3120126,KOREAN_FOOD,SATURDAY,-1
3120126,KOREAN_FOOD,SUNDAY,2
3120126,CHINESE_FOOD,MONDAY,-6
3120126,CHINESE_FOOD,TUESDAY,-2
3120126,CHINESE_FOOD,WEDNESDAY,-1
3120126,CHINESE_FOOD,THURSDAY,-2
3120126,CHINESE_FOOD,FRIDAY,-1
3120126,CHINESE_FOOD,SATURDAY,5
3120126,CHINESE_FOOD,SUNDAY,6
3120126,BUNSIK,MONDAY,0
3120126,BUNSIK,TUESDAY,0
3120126,BUNSIK,WEDNESDAY,2
3120126,BUNSIK,THURSDAY,1
3120126,BUNSIK,FRIDAY,1
3120126,BUNSIK,SATURDAY,1
3120126,BUNSIK,SUNDAY,-5
3120127,KOREAN_FOOD,MONDAY,2
3120127,KOREAN_FOOD,TUESDAY,1
3120127,KOREAN_FOOD,WEDNESDAY,2
3120127,KOREAN_FOOD,THURSDAY,2
3120127,KOREAN_FOOD,FRIDAY,3
3120127,KOREAN_FOOD,SATURDAY,-4
3120127,KOREAN_FOOD,SUNDAY,-6
3120127,FAST_FOOD,MONDAY,-2
3120127,FAST_FOOD,TUESDAY,1
3120127,FAST_FOOD,WEDNESDAY,0
3120127,FAST_FOOD,THURSDAY,1
3120127,FAST_FOOD,FRIDAY,2
3120127,FAST_FOOD,SATURDAY,0
3120127,FAST_FOOD,SUNDAY,-2
3120127,BUNSIK,MONDAY,1
3120127,BUNSIK,TUESDAY,1
3120127,BUNSIK,WEDNESDAY,2
3120127,BUNSIK,THURSDAY,1
3120127,BUNSIK,FRIDAY,1
3120127,BUNSIK,SATURDAY,-2
3120127,BUNSIK,SUNDAY,-4
3120127,CAFE_BEVERAGE,MONDAY,0
3120127,CAFE_BEVERAGE,TUESDAY,0
3120127,CAFE_BEVERAGE,WEDNESDAY,1
3120127,CAFE_BEVERAGE,THURSDAY,1
3120127,CAFE_BEVERAGE,FRIDAY,2
3120127,CAFE_BEVERAGE,SATURDAY,-1
3120127,CAFE_BEVERAGE,SUNDAY,-3
3120127,BAKERY,MONDAY,1
3120127,BAKERY,TUESDAY,1
3120127,BAKERY,WEDNESDAY,1
3120127,BAKERY,THURSDAY,0
3120127,BAKERY,FRIDAY,2
3120127,BAKERY,SATURDAY,0
3120127,BAKERY,SUNDAY,-4
3120128,KOREAN_FOOD,MONDAY,1
3120128,KOREAN_FOOD,TUESDAY,0
3120128,KOREAN_FOOD,WEDNESDAY,2
3120128,KOREAN_FOOD,THURSDAY,2
3120128,KOREAN_FOOD,FRIDAY,4
3120128,KOREAN_FOOD,SATURDAY,-2
3120128,KOREAN_FOOD,SUNDAY,-6
3120128,CHINESE_FOOD,MONDAY,1
3120128,CHINESE_FOOD,TUESDAY,0
3120128,CHINESE_FOOD,WEDNESDAY,3
3120128,CHINESE_FOOD,THURSDAY,3
3120128,CHINESE_FOOD,FRIDAY,3
3120128,CHINESE_FOOD,SATURDAY,-2
3120128,CHINESE_FOOD,SUNDAY,-6
3120128,JAPANESE_FOOD,MONDAY,2
3120128,JAPANESE_FOOD,TUESDAY,-6
3120128,JAPANESE_FOOD,WEDNESDAY,2
3120128,JAPANESE_FOOD,THURSDAY,1
3120128,JAPANESE_FOOD,FRIDAY,3
3120128,JAPANESE_FOOD,SATURDAY,1
3120128,JAPANESE_FOOD,SUNDAY,-2
3120128,WESTERN_FOOD,MONDAY,-6
3120128,WESTERN_FOOD,TUESDAY,1
3120128,WESTERN_FOOD,WEDNESDAY,0
3120128,WESTERN_FOOD,THURSDAY,0
3120128,WESTERN_FOOD,FRIDAY,3
3120128,WESTERN_FOOD,SATURDAY,5
3120128,WESTERN_FOOD,SUNDAY,0
3120128,CHICKEN,MONDAY,-4
3120128,CHICKEN,TUESDAY,-3
3120128,CHICKEN,WEDNESDAY,-2
3120128,CHICKEN,THURSDAY,-1
3120128,CHICKEN,FRIDAY,5
3120128,CHICKEN,SATURDAY,5
3120128,CHICKEN,SUNDAY,1
3120128,FAST_FOOD,MONDAY,-1
3120128,FAST_FOOD,TUESDAY,-2
3120128,FAST_FOOD,WEDNESDAY,0
3120128,FAST_FOOD,THURSDAY,0
3120128,FAST_FOOD,FRIDAY,1
3120128,FAST_FOOD,SATURDAY,3
3120128,FAST_FOOD,SUNDAY,0
3120128,BUNSIK,MONDAY,0
3120128,BUNSIK,TUESDAY,-2
3120128,BUNSIK,WEDNESDAY,-3
3120128,BUNSIK,THURSDAY,2
3120128,BUNSIK,FRIDAY,2
3120128,BUNSIK,SATURDAY,4
3120128,BUNSIK,SUNDAY,-3
3120128,CAFE_BEVERAGE,MONDAY,-1
3120128,CAFE_BEVERAGE,TUESDAY,-2
3120128,CAFE_BEVERAGE,WEDNESDAY,-1
3120128,CAFE_BEVERAGE,THURSDAY,0
3120128,CAFE_BEVERAGE,FRIDAY,1
3120128,CAFE_BEVERAGE,SATURDAY,6
3120128,CAFE_BEVERAGE,SUNDAY,-2
3120128,BAKERY,MONDAY,0
3120128,BAKERY,TUESDAY,-4
3120128,BAKERY,WEDNESDAY,1
3120128,BAKERY,THURSDAY,-1
3120128,BAKERY,FRIDAY,0
3120128,BAKERY,SATURDAY,5
3120128,BAKERY,SUNDAY,-1
3120129,KOREAN_FOOD,MONDAY,6
3120129,KOREAN_FOOD,TUESDAY,6
3120129,KOREAN_FOOD,WEDNESDAY,6
3120129,KOREAN_FOOD,THURSDAY,6
3120129,KOREAN_FOOD,FRIDAY,5
3120129,KOREAN_FOOD,SATURDAY,-6
3120129,KOREAN_FOOD,SUNDAY,-6
3120129,CHINESE_FOOD,MONDAY,5
3120129,CHINESE_FOOD,TUESDAY,6
3120129,CHINESE_FOOD,WEDNESDAY,6
3120129,CHINESE_FOOD,THURSDAY,6
3120129,CHINESE_FOOD,FRIDAY,6
3120129,CHINESE_FOOD,SATURDAY,-6
3120129,CHINESE_FOOD,SUNDAY,-6
3120129,JAPANESE_FOOD,MONDAY,3
3120129,JAPANESE_FOOD,TUESDAY,4
3120129,JAPANESE_FOOD,WEDNESDAY,5
3120129,JAPANESE_FOOD,THURSDAY,5
3120129,JAPANESE_FOOD,FRIDAY,6
3120129,JAPANESE_FOOD,SATURDAY,-6
3120129,JAPANESE_FOOD,SUNDAY,-6
3120129,WESTERN_FOOD,MONDAY,5
3120129,WESTERN_FOOD,TUESDAY,6
3120129,WESTERN_FOOD,WEDNESDAY,6
3120129,WESTERN_FOOD,THURSDAY,6
3120129,WESTERN_FOOD,FRIDAY,6
3120129,WESTERN_FOOD,SATURDAY,-6
3120129,WESTERN_FOOD,SUNDAY,-6
3120129,CHICKEN,MONDAY,0
3120129,CHICKEN,TUESDAY,2
3120129,CHICKEN,WEDNESDAY,4
3120129,CHICKEN,THURSDAY,5
3120129,CHICKEN,FRIDAY,6
3120129,CHICKEN,SATURDAY,-6
3120129,CHICKEN,SUNDAY,-6
3120129,FAST_FOOD,MONDAY,-5
3120129,FAST_FOOD,TUESDAY,-4
3120129,FAST_FOOD,WEDNESDAY,-3
3120129,FAST_FOOD,THURSDAY,-2
3120129,FAST_FOOD,FRIDAY,2
3120129,FAST_FOOD,SATURDAY,6
3120129,FAST_FOOD,SUNDAY,3
3120129,BUNSIK,MONDAY,5
3120129,BUNSIK,TUESDAY,6
3120129,BUNSIK,WEDNESDAY,6
3120129,BUNSIK,THURSDAY,6
3120129,BUNSIK,FRIDAY,5
3120129,BUNSIK,SATURDAY,-6
3120129,BUNSIK,SUNDAY,-6
3120129,CAFE_BEVERAGE,MONDAY,6
3120129,CAFE_BEVERAGE,TUESDAY,6
3120129,CAFE_BEVERAGE,WEDNESDAY,6
3120129,CAFE_BEVERAGE,THURSDAY,6
3120129,CAFE_BEVERAGE,FRIDAY,6
3120129,CAFE_BEVERAGE,SATURDAY,-6
3120129,CAFE_BEVERAGE,SUNDAY,-6
3120129,BAKERY,MONDAY,4
3120129,BAKERY,TUESDAY,5
3120129,BAKERY,WEDNESDAY,6
3120129,BAKERY,THURSDAY,6
3120129,BAKERY,FRIDAY,6
3120129,BAKERY,SATURDAY,-6
3120129,BAKERY,SUNDAY,-6
3120130,KOREAN_FOOD,MONDAY,-2
3120130,KOREAN_FOOD,TUESDAY,-1
3120130,KOREAN_FOOD,WEDNESDAY,0
3120130,KOREAN_FOOD,THURSDAY,1
3120130,KOREAN_FOOD,FRIDAY,4
3120130,KOREAN_FOOD,SATURDAY,2
3120130,KOREAN_FOOD,SUNDAY,-3
3120130,CHINESE_FOOD,MONDAY,-1
3120130,CHINESE_FOOD,TUESDAY,0
3120130,CHINESE_FOOD,WEDNESDAY,1
3120130,CHINESE_FOOD,THURSDAY,1
3120130,CHINESE_FOOD,FRIDAY,5
3120130,CHINESE_FOOD,SATURDAY,-1
3120130,CHINESE_FOOD,SUNDAY,-5
3120130,JAPANESE_FOOD,MONDAY,-4
3120130,JAPANESE_FOOD,TUESDAY,-3
3120130,JAPANESE_FOOD,WEDNESDAY,-1
3120130,JAPANESE_FOOD,THURSDAY,0
3120130,JAPANESE_FOOD,FRIDAY,3
3120130,JAPANESE_FOOD,SATURDAY,5
3120130,JAPANESE_FOOD,SUNDAY,0
3120130,WESTERN_FOOD,MONDAY,0
3120130,WESTERN_FOOD,TUESDAY,0
3120130,WESTERN_FOOD,WEDNESDAY,2
3120130,WESTERN_FOOD,THURSDAY,3
3120130,WESTERN_FOOD,FRIDAY,6
3120130,WESTERN_FOOD,SATURDAY,-4
3120130,WESTERN_FOOD,SUNDAY,-6
3120130,CHICKEN,MONDAY,-1
3120130,CHICKEN,TUESDAY,1
3120130,CHICKEN,WEDNESDAY,1
3120130,CHICKEN,THURSDAY,2
3120130,CHICKEN,FRIDAY,5
3120130,CHICKEN,SATURDAY,1
3120130,CHICKEN,SUNDAY,-6
3120130,FAST_FOOD,MONDAY,-3
3120130,FAST_FOOD,TUESDAY,-1
3120130,FAST_FOOD,WEDNESDAY,0
3120130,FAST_FOOD,THURSDAY,0
3120130,FAST_FOOD,FRIDAY,1
3120130,FAST_FOOD,SATURDAY,3
3120130,FAST_FOOD,SUNDAY,0
3120130,BUNSIK,MONDAY,0
3120130,BUNSIK,TUESDAY,0
3120130,BUNSIK,WEDNESDAY,0
3120130,BUNSIK,THURSDAY,1
3120130,BUNSIK,FRIDAY,2
3120130,BUNSIK,SATURDAY,1
3120130,BUNSIK,SUNDAY,-5
3120130,CAFE_BEVERAGE,MONDAY,-2
3120130,CAFE_BEVERAGE,TUESDAY,-1
3120130,CAFE_BEVERAGE,WEDNESDAY,-1
3120130,CAFE_BEVERAGE,THURSDAY,0
3120130,CAFE_BEVERAGE,FRIDAY,3
3120130,CAFE_BEVERAGE,SATURDAY,3
3120130,CAFE_BEVERAGE,SUNDAY,-2
3120130,BAKERY,MONDAY,0
3120130,BAKERY,TUESDAY,2
3120130,BAKERY,WEDNESDAY,3
3120130,BAKERY,THURSDAY,3
3120130,BAKERY,FRIDAY,3
3120130,BAKERY,SATURDAY,-1
3120130,BAKERY,SUNDAY,-6
3120131,KOREAN_FOOD,MONDAY,6
3120131,KOREAN_FOOD,TUESDAY,6
3120131,KOREAN_FOOD,WEDNESDAY,6
3120131,KOREAN_FOOD,THURSDAY,6
3120131,KOREAN_FOOD,FRIDAY,6
3120131,KOREAN_FOOD,SATURDAY,-6
3120131,KOREAN_FOOD,SUNDAY,-6
3120131,CHINESE_FOOD,MONDAY,3
3120131,CHINESE_FOOD,TUESDAY,6
3120131,CHINESE_FOOD,WEDNESDAY,6
3120131,CHINESE_FOOD,THURSDAY,6
3120131,CHINESE_FOOD,FRIDAY,6
3120131,CHINESE_FOOD,SATURDAY,-6
3120131,CHINESE_FOOD,SUNDAY,-6
3120131,JAPANESE_FOOD,MONDAY,3
3120131,JAPANESE_FOOD,TUESDAY,6
3120131,JAPANESE_FOOD,WEDNESDAY,5
3120131,JAPANESE_FOOD,THURSDAY,6
3120131,JAPANESE_FOOD,FRIDAY,6
3120131,JAPANESE_FOOD,SATURDAY,-6
3120131,JAPANESE_FOOD,SUNDAY,-6
3120131,WESTERN_FOOD,MONDAY,2
3120131,WESTERN_FOOD,TUESDAY,5
3120131,WESTERN_FOOD,WEDNESDAY,6
3120131,WESTERN_FOOD,THURSDAY,6
3120131,WESTERN_FOOD,FRIDAY,6
3120131,WESTERN_FOOD,SATURDAY,-6
3120131,WESTERN_FOOD,SUNDAY,-6
3120131,CHICKEN,MONDAY,1
3120131,CHICKEN,TUESDAY,5
3120131,CHICKEN,WEDNESDAY,6
3120131,CHICKEN,THURSDAY,6
3120131,CHICKEN,FRIDAY,6
3120131,CHICKEN,SATURDAY,-6
3120131,CHICKEN,SUNDAY,-6
3120131,FAST_FOOD,MONDAY,2
3120131,FAST_FOOD,TUESDAY,3
3120131,FAST_FOOD,WEDNESDAY,3
3120131,FAST_FOOD,THURSDAY,4
3120131,FAST_FOOD,FRIDAY,4
3120131,FAST_FOOD,SATURDAY,-6
3120131,FAST_FOOD,SUNDAY,-6
3120131,BUNSIK,MONDAY,6
3120131,BUNSIK,TUESDAY,6
3120131,BUNSIK,WEDNESDAY,6
3120131,BUNSIK,THURSDAY,6
3120131,BUNSIK,FRIDAY,6
3120131,BUNSIK,SATURDAY,-6
3120131,BUNSIK,SUNDAY,-6
3120131,CAFE_BEVERAGE,MONDAY,5
3120131,CAFE_BEVERAGE,TUESDAY,6
3120131,CAFE_BEVERAGE,WEDNESDAY,6
3120131,CAFE_BEVERAGE,THURSDAY,6
3120131,CAFE_BEVERAGE,FRIDAY,6
3120131,CAFE_BEVERAGE,SATURDAY,-6
3120131,CAFE_BEVERAGE,SUNDAY,-6
3120131,BAKERY,MONDAY,2
3120131,BAKERY,TUESDAY,5
3120131,BAKERY,WEDNESDAY,5
3120131,BAKERY,THURSDAY,6
3120131,BAKERY,FRIDAY,6
3120131,BAKERY,SATURDAY,-6
3120131,BAKERY,SUNDAY,-6
3120132,KOREAN_FOOD,MONDAY,1
3120132,KOREAN_FOOD,TUESDAY,2
3120132,KOREAN_FOOD,WEDNESDAY,2
3120132,KOREAN_FOOD,THURSDAY,2
3120132,KOREAN_FOOD,FRIDAY,3
3120132,KOREAN_FOOD,SATURDAY,-2
3120132,KOREAN_FOOD,SUNDAY,-6
3120132,CHINESE_FOOD,MONDAY,-2
3120132,CHINESE_FOOD,TUESDAY,0
3120132,CHINESE_FOOD,WEDNESDAY,-2
3120132,CHINESE_FOOD,THURSDAY,-1
3120132,CHINESE_FOOD,FRIDAY,1
3120132,CHINESE_FOOD,SATURDAY,1
3120132,CHINESE_FOOD,SUNDAY,3
3120132,JAPANESE_FOOD,MONDAY,5
3120132,JAPANESE_FOOD,TUESDAY,5
3120132,JAPANESE_FOOD,WEDNESDAY,5
3120132,JAPANESE_FOOD,THURSDAY,6
3120132,JAPANESE_FOOD,FRIDAY,5
3120132,JAPANESE_FOOD,SATURDAY,-6
3120132,JAPANESE_FOOD,SUNDAY,-6
3120132,WESTERN_FOOD,MONDAY,1
3120132,WESTERN_FOOD,TUESDAY,1
3120132,WESTERN_FOOD,WEDNESDAY,3
3120132,WESTERN_FOOD,THURSDAY,3
3120132,WESTERN_FOOD,FRIDAY,5
3120132,WESTERN_FOOD,SATURDAY,-3
3120132,WESTERN_FOOD,SUNDAY,-6
3120132,CHICKEN,MONDAY,-4
3120132,CHICKEN,TUESDAY,-3
3120132,CHICKEN,WEDNESDAY,-1
3120132,CHICKEN,THURSDAY,-1
3120132,CHICKEN,FRIDAY,3
3120132,CHICKEN,SATURDAY,4
3120132,CHICKEN,SUNDAY,2
3120132,FAST_FOOD,MONDAY,0
3120132,FAST_FOOD,TUESDAY,1
3120132,FAST_FOOD,WEDNESDAY,-2
3120132,FAST_FOOD,THURSDAY,1
3120132,FAST_FOOD,FRIDAY,2
3120132,FAST_FOOD,SATURDAY,2
3120132,FAST_FOOD,SUNDAY,-4
3120132,BUNSIK,MONDAY,1
3120132,BUNSIK,TUESDAY,1
3120132,BUNSIK,WEDNESDAY,1
3120132,BUNSIK,THURSDAY,1
3120132,BUNSIK,FRIDAY,2
3120132,BUNSIK,SATURDAY,2
3120132,BUNSIK,SUNDAY,-6
3120132,CAFE_BEVERAGE,MONDAY,0
3120132,CAFE_BEVERAGE,TUESDAY,0
3120132,CAFE_BEVERAGE,WEDNESDAY,0
3120132,CAFE_BEVERAGE,THURSDAY,0
3120132,CAFE_BEVERAGE,FRIDAY,2
3120132,CAFE_BEVERAGE,SATURDAY,2
3120132,CAFE_BEVERAGE,SUNDAY,-4
3120132,BAKERY,MONDAY,4
3120132,BAKERY,TUESDAY,6
3120132,BAKERY,WEDNESDAY,6
3120132,BAKERY,THURSDAY,6
3120132,BAKERY,FRIDAY,6
3120132,BAKERY,SATURDAY,-6
3120132,BAKERY,SUNDAY,-6
3120133,KOREAN_FOOD,MONDAY,-4
3120133,KOREAN_FOOD,TUESDAY,-2
3120133,KOREAN_FOOD,WEDNESDAY,-2
3120133,KOREAN_FOOD,THURSDAY,0
3120133,KOREAN_FOOD,FRIDAY,6
3120133,KOREAN_FOOD,SATURDAY,6
3120133,KOREAN_FOOD,SUNDAY,-5
3120133,CHINESE_FOOD,MONDAY,-1
3120133,CHINESE_FOOD,TUESDAY,-1
3120133,CHINESE_FOOD,WEDNESDAY,-1
3120133,CHINESE_FOOD,THURSDAY,-2
3120133,CHINESE_FOOD,FRIDAY,0
3120133,CHINESE_FOOD,SATURDAY,1
3120133,CHINESE_FOOD,SUNDAY,3
3120133,CHICKEN,MONDAY,-4
3120133,CHICKEN,TUESDAY,-3
3120133,CHICKEN,WEDNESDAY,-3
3120133,CHICKEN,THURSDAY,-2
3120133,CHICKEN,FRIDAY,5
3120133,CHICKEN,SATURDAY,6
3120133,CHICKEN,SUNDAY,-1
3120133,FAST_FOOD,MONDAY,-3
3120133,FAST_FOOD,TUESDAY,1
3120133,FAST_FOOD,WEDNESDAY,1
3120133,FAST_FOOD,THURSDAY,1
3120133,FAST_FOOD,FRIDAY,1
3120133,FAST_FOOD,SATURDAY,0
3120133,FAST_FOOD,SUNDAY,-1
3120133,CAFE_BEVERAGE,MONDAY,-1
3120133,CAFE_BEVERAGE,TUESDAY,-1
3120133,CAFE_BEVERAGE,WEDNESDAY,-1
3120133,CAFE_BEVERAGE,THURSDAY,-1
3120133,CAFE_BEVERAGE,FRIDAY,1
3120133,CAFE_BEVERAGE,SATURDAY,4
3120133,CAFE_BEVERAGE,SUNDAY,0
3120133,BAKERY,MONDAY,-1
3120133,BAKERY,TUESDAY,-1
3120133,BAKERY,WEDNESDAY,2
3120133,BAKERY,THURSDAY,0
3120133,BAKERY,FRIDAY,1
3120133,BAKERY,SATURDAY,1
3120133,BAKERY,SUNDAY,-3
3120134,KOREAN_FOOD,MONDAY,0
3120134,KOREAN_FOOD,TUESDAY,0
3120134,KOREAN_FOOD,WEDNESDAY,1
3120134,KOREAN_FOOD,THURSDAY,1
3120134,KOREAN_FOOD,FRIDAY,2
3120134,KOREAN_FOOD,SATURDAY,1
3120134,KOREAN_FOOD,SUNDAY,-5
3120134,CHINESE_FOOD,MONDAY,-6
3120134,CHINESE_FOOD,TUESDAY,-5
3120134,CHINESE_FOOD,WEDNESDAY,2
3120134,CHINESE_FOOD,THURSDAY,1
3120134,CHINESE_FOOD,FRIDAY,2
3120134,CHINESE_FOOD,SATURDAY,3
3120134,CHINESE_FOOD,SUNDAY,6
3120134,CHICKEN,MONDAY,-4
3120134,CHICKEN,TUESDAY,-2
3120134,CHICKEN,WEDNESDAY,-2
3120134,CHICKEN,THURSDAY,-2
3120134,CHICKEN,FRIDAY,2
3120134,CHICKEN,SATURDAY,5
3120134,CHICKEN,SUNDAY,2
3120134,FAST_FOOD,MONDAY,-4
3120134,FAST_FOOD,TUESDAY,-2
3120134,FAST_FOOD,WEDNESDAY,-1
3120134,FAST_FOOD,THURSDAY,-1
3120134,FAST_FOOD,FRIDAY,-1
3120134,FAST_FOOD,SATURDAY,3
3120134,FAST_FOOD,SUNDAY,6
3120134,BUNSIK,MONDAY,-4
3120134,BUNSIK,TUESDAY,-2
3120134,BUNSIK,WEDNESDAY,-1
3120134,BUNSIK,THURSDAY,0
3120134,BUNSIK,FRIDAY,1
3120134,BUNSIK,SATURDAY,4
3120134,BUNSIK,SUNDAY,2
3120134,CAFE_BEVERAGE,MONDAY,-1
3120134,CAFE_BEVERAGE,TUESDAY,-1
3120134,CAFE_BEVERAGE,WEDNESDAY,0
3120134,CAFE_BEVERAGE,THURSDAY,0
3120134,CAFE_BEVERAGE,FRIDAY,1
3120134,CAFE_BEVERAGE,SATURDAY,1
3120134,CAFE_BEVERAGE,SUNDAY,1
3120134,BAKERY,MONDAY,-2
3120134,BAKERY,TUESDAY,0
3120134,BAKERY,WEDNESDAY,0
3120134,BAKERY,THURSDAY,0
3120134,BAKERY,FRIDAY,2
3120134,BAKERY,SATURDAY,3
3120134,BAKERY,SUNDAY,-2
3120135,KOREAN_FOOD,MONDAY,6
3120135,KOREAN_FOOD,TUESDAY,6
3120135,KOREAN_FOOD,WEDNESDAY,6
3120135,KOREAN_FOOD,THURSDAY,5
3120135,KOREAN_FOOD,FRIDAY,4
3120135,KOREAN_FOOD,SATURDAY,-6
3120135,KOREAN_FOOD,SUNDAY,-6
3120135,CAFE_BEVERAGE,MONDAY,4
3120135,CAFE_BEVERAGE,TUESDAY,4
3120135,CAFE_BEVERAGE,WEDNESDAY,4
3120135,CAFE_BEVERAGE,THURSDAY,4
3120135,CAFE_BEVERAGE,FRIDAY,3
3120135,CAFE_BEVERAGE,SATURDAY,-6
3120135,CAFE_BEVERAGE,SUNDAY,-6
3120136,KOREAN_FOOD,MONDAY,2
3120136,KOREAN_FOOD,TUESDAY,2
3120136,KOREAN_FOOD,WEDNESDAY,3
3120136,KOREAN_FOOD,THURSDAY,3
3120136,KOREAN_FOOD,FRIDAY,5
3120136,KOREAN_FOOD,SATURDAY,-5
3120136,KOREAN_FOOD,SUNDAY,-6
3120136,CHINESE_FOOD,MONDAY,3
3120136,CHINESE_FOOD,TUESDAY,4
3120136,CHINESE_FOOD,WEDNESDAY,5
3120136,CHINESE_FOOD,THURSDAY,6
3120136,CHINESE_FOOD,FRIDAY,6
3120136,CHINESE_FOOD,SATURDAY,-5
3120136,CHINESE_FOOD,SUNDAY,-6
3120136,JAPANESE_FOOD,MONDAY,2
3120136,JAPANESE_FOOD,TUESDAY,3
3120136,JAPANESE_FOOD,WEDNESDAY,4
3120136,JAPANESE_FOOD,THURSDAY,5
3120136,JAPANESE_FOOD,FRIDAY,6
3120136,JAPANESE_FOOD,SATURDAY,0
3120136,JAPANESE_FOOD,SUNDAY,-6
3120136,WESTERN_FOOD,MONDAY,3
3120136,WESTERN_FOOD,TUESDAY,6
3120136,WESTERN_FOOD,WEDNESDAY,6
3120136,WESTERN_FOOD,THURSDAY,6
3120136,WESTERN_FOOD,FRIDAY,6
3120136,WESTERN_FOOD,SATURDAY,-6
3120136,WESTERN_FOOD,SUNDAY,-6
3120136,CHICKEN,MONDAY,-1
3120136,CHICKEN,TUESDAY,2
3120136,CHICKEN,WEDNESDAY,1
3120136,CHICKEN,THURSDAY,3
3120136,CHICKEN,FRIDAY,6
3120136,CHICKEN,SATURDAY,0
3120136,CHICKEN,SUNDAY,-6
3120136,FAST_FOOD,MONDAY,0
3120136,FAST_FOOD,TUESDAY,1
3120136,FAST_FOOD,WEDNESDAY,2
3120136,FAST_FOOD,THURSDAY,3
3120136,FAST_FOOD,FRIDAY,4
3120136,FAST_FOOD,SATURDAY,2
3120136,FAST_FOOD,SUNDAY,-6
3120136,BUNSIK,MONDAY,2
3120136,BUNSIK,TUESDAY,3
3120136,BUNSIK,WEDNESDAY,3
3120136,BUNSIK,THURSDAY,3
3120136,BUNSIK,FRIDAY,3
3120136,BUNSIK,SATURDAY,-4
3120136,BUNSIK,SUNDAY,-6
3120136,CAFE_BEVERAGE,MONDAY,1
3120136,CAFE_BEVERAGE,TUESDAY,2
3120136,CAFE_BEVERAGE,WEDNESDAY,2
3120136,CAFE_BEVERAGE,THURSDAY,3
3120136,CAFE_BEVERAGE,FRIDAY,3
3120136,CAFE_BEVERAGE,SATURDAY,-4
3120136,CAFE_BEVERAGE,SUNDAY,-6
3120136,BAKERY,MONDAY,0
3120136,BAKERY,TUESDAY,0
3120136,BAKERY,WEDNESDAY,0
3120136,BAKERY,THURSDAY,1
3120136,BAKERY,FRIDAY,2
3120136,BAKERY,SATURDAY,-1
3120136,BAKERY,SUNDAY,-3
3120137,KOREAN_FOOD,MONDAY,1
3120137,KOREAN_FOOD,TUESDAY,1
3120137,KOREAN_FOOD,WEDNESDAY,2
3120137,KOREAN_FOOD,THURSDAY,3
3120137,KOREAN_FOOD,FRIDAY,4
3120137,KOREAN_FOOD,SATURDAY,-3
3120137,KOREAN_FOOD,SUNDAY,-6
3120137,JAPANESE_FOOD,MONDAY,-1
3120137,JAPANESE_FOOD,TUESDAY,1
3120137,JAPANESE_FOOD,WEDNESDAY,1
3120137,JAPANESE_FOOD,THURSDAY,1
3120137,JAPANESE_FOOD,FRIDAY,4
3120137,JAPANESE_FOOD,SATURDAY,-2
3120137,JAPANESE_FOOD,SUNDAY,-5
3120137,CAFE_BEVERAGE,MONDAY,0
3120137,CAFE_BEVERAGE,TUESDAY,0
3120137,CAFE_BEVERAGE,WEDNESDAY,1
3120137,CAFE_BEVERAGE,THURSDAY,2
3120137,CAFE_BEVERAGE,FRIDAY,3
3120137,CAFE_BEVERAGE,SATURDAY,4
3120137,CAFE_BEVERAGE,SUNDAY,-6
3120138,KOREAN_FOOD,MONDAY,6
3120138,KOREAN_FOOD,TUESDAY,6
3120138,KOREAN_FOOD,WEDNESDAY,6
3120138,KOREAN_FOOD,THURSDAY,6
3120138,KOREAN_FOOD,FRIDAY,5
3120138,KOREAN_FOOD,SATURDAY,-6
3120138,KOREAN_FOOD,SUNDAY,-6
3120138,CHINESE_FOOD,MONDAY,2
3120138,CHINESE_FOOD,TUESDAY,3
3120138,CHINESE_FOOD,WEDNESDAY,4
3120138,CHINESE_FOOD,THURSDAY,3
3120138,CHINESE_FOOD,FRIDAY,4
3120138,CHINESE_FOOD,SATURDAY,-1
3120138,CHINESE_FOOD,SUNDAY,-6
3120138,CHICKEN,MONDAY,6
3120138,CHICKEN,TUESDAY,6
3120138,CHICKEN,WEDNESDAY,4
3120138,CHICKEN,THURSDAY,6
3120138,CHICKEN,FRIDAY,4
3120138,CHICKEN,SATURDAY,-6
3120138,CHICKEN,SUNDAY,-6
3120138,FAST_FOOD,MONDAY,-3
3120138,FAST_FOOD,TUESDAY,2
3120138,FAST_FOOD,WEDNESDAY,3
3120138,FAST_FOOD,THURSDAY,2
3120138,FAST_FOOD,FRIDAY,6
3120138,FAST_FOOD,SATURDAY,-5
3120138,FAST_FOOD,SUNDAY,-5
3120138,BUNSIK,MONDAY,6
3120138,BUNSIK,TUESDAY,6
3120138,BUNSIK,WEDNESDAY,6
3120138,BUNSIK,THURSDAY,6
3120138,BUNSIK,FRIDAY,6
3120138,BUNSIK,SATURDAY,-6
3120138,BUNSIK,SUNDAY,-6
3120138,CAFE_BEVERAGE,MONDAY,2
3120138,CAFE_BEVERAGE,TUESDAY,3
3120138,CAFE_BEVERAGE,WEDNESDAY,4
3120138,CAFE_BEVERAGE,THURSDAY,3
3120138,CAFE_BEVERAGE,FRIDAY,5
3120138,CAFE_BEVERAGE,SATURDAY,-5
3120138,CAFE_BEVERAGE,SUNDAY,-6
3120138,BAKERY,MONDAY,1
3120138,BAKERY,TUESDAY,0
3120138,BAKERY,WEDNESDAY,1
3120138,BAKERY,THURSDAY,0
3120138,BAKERY,FRIDAY,2
3120138,BAKERY,SATURDAY,-2
3120138,BAKERY,SUNDAY,-3
3120139,KOREAN_FOOD,MONDAY,2
3120139,KOREAN_FOOD,TUESDAY,2
3120139,KOREAN_FOOD,WEDNESDAY,2
3120139,KOREAN_FOOD,THURSDAY,2
3120139,KOREAN_FOOD,FRIDAY,3
3120139,KOREAN_FOOD,SATURDAY,-3
3120139,KOREAN_FOOD,SUNDAY,-6
3120139,CHINESE_FOOD,MONDAY,0
3120139,CHINESE_FOOD,TUESDAY,1
3120139,CHINESE_FOOD,WEDNESDAY,0
3120139,CHINESE_FOOD,THURSDAY,1
3120139,CHINESE_FOOD,FRIDAY,1
3120139,CHINESE_FOOD,SATURDAY,-1
3120139,CHINESE_FOOD,SUNDAY,-3
3120139,CHICKEN,MONDAY,-4
3120139,CHICKEN,TUESDAY,-2
3120139,CHICKEN,WEDNESDAY,-1
3120139,CHICKEN,THURSDAY,0
3120139,CHICKEN,FRIDAY,3
3120139,CHICKEN,SATURDAY,4
3120139,CHICKEN,SUNDAY,0
3120139,FAST_FOOD,MONDAY,-6
3120139,FAST_FOOD,TUESDAY,-3
3120139,FAST_FOOD,WEDNESDAY,0
3120139,FAST_FOOD,THURSDAY,0
3120139,FAST_FOOD,FRIDAY,3
3120139,FAST_FOOD,SATURDAY,2
3120139,FAST_FOOD,SUNDAY,4
3120139,BUNSIK,MONDAY,4
3120139,BUNSIK,TUESDAY,5
3120139,BUNSIK,WEDNESDAY,3
3120139,BUNSIK,THURSDAY,4
3120139,BUNSIK,FRIDAY,4
3120139,BUNSIK,SATURDAY,-6
3120139,BUNSIK,SUNDAY,-6
3120139,CAFE_BEVERAGE,MONDAY,2
3120139,CAFE_BEVERAGE,TUESDAY,2
3120139,CAFE_BEVERAGE,WEDNESDAY,2
3120139,CAFE_BEVERAGE,THURSDAY,2
3120139,CAFE_BEVERAGE,FRIDAY,2
3120139,CAFE_BEVERAGE,SATURDAY,-6
3120139,CAFE_BEVERAGE,SUNDAY,-5
3120139,BAKERY,MONDAY,0
3120139,BAKERY,TUESDAY,1
3120139,BAKERY,WEDNESDAY,1
3120139,BAKERY,THURSDAY,0
3120139,BAKERY,FRIDAY,1
3120139,BAKERY,SATURDAY,-1
3120139,BAKERY,SUNDAY,-2
3120140,KOREAN_FOOD,MONDAY,6
3120140,KOREAN_FOOD,TUESDAY,6
3120140,KOREAN_FOOD,WEDNESDAY,6
3120140,KOREAN_FOOD,THURSDAY,6
3120140,KOREAN_FOOD,FRIDAY,6
3120140,KOREAN_FOOD,SATURDAY,-6
3120140,KOREAN_FOOD,SUNDAY,-6
3120140,CHINESE_FOOD,MONDAY,5
3120140,CHINESE_FOOD,TUESDAY,6
3120140,CHINESE_FOOD,WEDNESDAY,6
3120140,CHINESE_FOOD,THURSDAY,6
3120140,CHINESE_FOOD,FRIDAY,6
3120140,CHINESE_FOOD,SATURDAY,-6
3120140,CHINESE_FOOD,SUNDAY,-6
3120140,JAPANESE_FOOD,MONDAY,6
3120140,JAPANESE_FOOD,TUESDAY,6
3120140,JAPANESE_FOOD,WEDNESDAY,6
3120140,JAPANESE_FOOD,THURSDAY,6
3120140,JAPANESE_FOOD,FRIDAY,6
3120140,JAPANESE_FOOD,SATURDAY,-6
3120140,JAPANESE_FOOD,SUNDAY,-6
3120140,WESTERN_FOOD,MONDAY,2
3120140,WESTERN_FOOD,TUESDAY,6
3120140,WESTERN_FOOD,WEDNESDAY,6
3120140,WESTERN_FOOD,THURSDAY,6
3120140,WESTERN_FOOD,FRIDAY,6
3120140,WESTERN_FOOD,SATURDAY,-6
3120140,WESTERN_FOOD,SUNDAY,-6
3120140,BUNSIK,MONDAY,6
3120140,BUNSIK,TUESDAY,6
3120140,BUNSIK,WEDNESDAY,6
3120140,BUNSIK,THURSDAY,6
3120140,BUNSIK,FRIDAY,6
3120140,BUNSIK,SATURDAY,-6
3120140,BUNSIK,SUNDAY,-6
3120140,CAFE_BEVERAGE,MONDAY,5
3120140,CAFE_BEVERAGE,TUESDAY,6
3120140,CAFE_BEVERAGE,WEDNESDAY,6
3120140,CAFE_BEVERAGE,THURSDAY,6
3120140,CAFE_BEVERAGE,FRIDAY,6
3120140,CAFE_BEVERAGE,SATURDAY,-6
3120140,CAFE_BEVERAGE,SUNDAY,-6
3120141,KOREAN_FOOD,MONDAY,5
3120141,KOREAN_FOOD,TUESDAY,5
3120141,KOREAN_FOOD,WEDNESDAY,5
3120141,KOREAN_FOOD,THURSDAY,5
3120141,KOREAN_FOOD,FRIDAY,6
3120141,KOREAN_FOOD,SATURDAY,-6
3120141,KOREAN_FOOD,SUNDAY,-6
3120141,FAST_FOOD,MONDAY,-5
3120141,FAST_FOOD,TUESDAY,-4
3120141,FAST_FOOD,WEDNESDAY,4
3120141,FAST_FOOD,THURSDAY,-2
3120141,FAST_FOOD,FRIDAY,0
3120141,FAST_FOOD,SATURDAY,3
3120141,FAST_FOOD,SUNDAY,5
3120141,BUNSIK,MONDAY,6
3120141,BUNSIK,TUESDAY,6
3120141,BUNSIK,WEDNESDAY,6
3120141,BUNSIK,THURSDAY,5
3120141,BUNSIK,FRIDAY,5
3120141,BUNSIK,SATURDAY,-6
3120141,BUNSIK,SUNDAY,-6
3120141,CAFE_BEVERAGE,MONDAY,1
3120141,CAFE_BEVERAGE,TUESDAY,3
3120141,CAFE_BEVERAGE,WEDNESDAY,2
3120141,CAFE_BEVERAGE,THURSDAY,2
3120141,CAFE_BEVERAGE,FRIDAY,4
3120141,CAFE_BEVERAGE,SATURDAY,-5
3120141,CAFE_BEVERAGE,SUNDAY,-6
3120142,KOREAN_FOOD,MONDAY,-1
3120142,KOREAN_FOOD,TUESDAY,-1
3120142,KOREAN_FOOD,WEDNESDAY,-1
3120142,KOREAN_FOOD,THURSDAY,-1
3120142,KOREAN_FOOD,FRIDAY,0
3120142,KOREAN_FOOD,SATURDAY,2
3120142,KOREAN_FOOD,SUNDAY,2
3120142,CHINESE_FOOD,MONDAY,-2
3120142,CHINESE_FOOD,TUESDAY,-2
3120142,CHINESE_FOOD,WEDNESDAY,-3
3120142,CHINESE_FOOD,THURSDAY,-3
3120142,CHINESE_FOOD,FRIDAY,-1
3120142,CHINESE_FOOD,SATURDAY,5
3120142,CHINESE_FOOD,SUNDAY,6
3120142,BUNSIK,MONDAY,1
3120142,BUNSIK,TUESDAY,2
3120142,BUNSIK,WEDNESDAY,2
3120142,BUNSIK,THURSDAY,2
3120142,BUNSIK,FRIDAY,1
3120142,BUNSIK,SATURDAY,-1
3120142,BUNSIK,SUNDAY,-6
3120142,CAFE_BEVERAGE,MONDAY,-2
3120142,CAFE_BEVERAGE,TUESDAY,-1
3120142,CAFE_BEVERAGE,WEDNESDAY,-1
3120142,CAFE_BEVERAGE,THURSDAY,-1
3120142,CAFE_BEVERAGE,FRIDAY,0
3120142,CAFE_BEVERAGE,SATURDAY,2
3120142,CAFE_BEVERAGE,SUNDAY,4
3120142,BAKERY,MONDAY,0
3120142,BAKERY,TUESDAY,0
3120142,BAKERY,WEDNESDAY,3
3120142,BAKERY,THURSDAY,-2
3120142,BAKERY,FRIDAY,1
3120142,BAKERY,SATURDAY,1
3120142,BAKERY,SUNDAY,-3
3120143,KOREAN_FOOD,MONDAY,0
3120143,KOREAN_FOOD,TUESDAY,1
3120143,KOREAN_FOOD,WEDNESDAY,1
3120143,KOREAN_FOOD,THURSDAY,1
3120143,KOREAN_FOOD,FRIDAY,4
3120143,KOREAN_FOOD,SATURDAY,-1
3120143,KOREAN_FOOD,SUNDAY,-6
3120143,CHINESE_FOOD,MONDAY,-2
3120143,CHINESE_FOOD,TUESDAY,0
3120143,CHINESE_FOOD,WEDNESDAY,2
3120143,CHINESE_FOOD,THURSDAY,2
3120143,CHINESE_FOOD,FRIDAY,4
3120143,CHINESE_FOOD,SATURDAY,-3
3120143,CHINESE_FOOD,SUNDAY,-3
3120143,JAPANESE_FOOD,MONDAY,0
3120143,JAPANESE_FOOD,TUESDAY,2
3120143,JAPANESE_FOOD,WEDNESDAY,3
3120143,JAPANESE_FOOD,THURSDAY,3
3120143,JAPANESE_FOOD,FRIDAY,6
3120143,JAPANESE_FOOD,SATURDAY,-3
3120143,JAPANESE_FOOD,SUNDAY,-6
3120143,FAST_FOOD,MONDAY,1
3120143,FAST_FOOD,TUESDAY,0
3120143,FAST_FOOD,WEDNESDAY,0
3120143,FAST_FOOD,THURSDAY,1
3120143,FAST_FOOD,FRIDAY,1
3120143,FAST_FOOD,SATURDAY,1
3120143,FAST_FOOD,SUNDAY,-4
3120143,BUNSIK,MONDAY,1
3120143,BUNSIK,TUESDAY,0
3120143,BUNSIK,WEDNESDAY,1
3120143,BUNSIK,THURSDAY,2
3120143,BUNSIK,FRIDAY,1
3120143,BUNSIK,SATURDAY,-2
3120143,BUNSIK,SUNDAY,-4
3120143,CAFE_BEVERAGE,MONDAY,-1
3120143,CAFE_BEVERAGE,TUESDAY,0
3120143,CAFE_BEVERAGE,WEDNESDAY,0
3120143,CAFE_BEVERAGE,THURSDAY,0
3120143,CAFE_BEVERAGE,FRIDAY,2
3120143,CAFE_BEVERAGE,SATURDAY,1
3120143,CAFE_BEVERAGE,SUNDAY,-2
3120144,KOREAN_FOOD,MONDAY,2
3120144,KOREAN_FOOD,TUESDAY,3
3120144,KOREAN_FOOD,WEDNESDAY,3
3120144,KOREAN_FOOD,THURSDAY,4
3120144,KOREAN_FOOD,FRIDAY,5
3120144,KOREAN_FOOD,SATURDAY,-6
3120144,KOREAN_FOOD,SUNDAY,-6
3120144,JAPANESE_FOOD,MONDAY,0
3120144,JAPANESE_FOOD,TUESDAY,-1
3120144,JAPANESE_FOOD,WEDNESDAY,0
3120144,JAPANESE_FOOD,THURSDAY,-1
3120144,JAPANESE_FOOD,FRIDAY,2
3120144,JAPANESE_FOOD,SATURDAY,5
3120144,JAPANESE_FOOD,SUNDAY,-6
3120144,CAFE_BEVERAGE,MONDAY,6
3120144,CAFE_BEVERAGE,TUESDAY,6
3120144,CAFE_BEVERAGE,WEDNESDAY,6
3120144,CAFE_BEVERAGE,THURSDAY,6
3120144,CAFE_BEVERAGE,FRIDAY,6
3120144,CAFE_BEVERAGE,SATURDAY,-6
3120144,CAFE_BEVERAGE,SUNDAY,-6
3120145,KOREAN_FOOD,MONDAY,-4
3120145,KOREAN_FOOD,TUESDAY,-4
3120145,KOREAN_FOOD,WEDNESDAY,-3
3120145,KOREAN_FOOD,THURSDAY,-3
3120145,KOREAN_FOOD,FRIDAY,1
3120145,KOREAN_FOOD,SATURDAY,6
3120145,KOREAN_FOOD,SUNDAY,4
3120145,CHINESE_FOOD,MONDAY,-4
3120145,CHINESE_FOOD,TUESDAY,-3
3120145,CHINESE_FOOD,WEDNESDAY,-2
3120145,CHINESE_FOOD,THURSDAY,-2
3120145,CHINESE_FOOD,FRIDAY,2
3120145,CHINESE_FOOD,SATURDAY,6
3120145,CHINESE_FOOD,SUNDAY,3
3120145,JAPANESE_FOOD,MONDAY,-3
3120145,JAPANESE_FOOD,TUESDAY,-4
3120145,JAPANESE_FOOD,WEDNESDAY,-3
3120145,JAPANESE_FOOD,THURSDAY,-3
3120145,JAPANESE_FOOD,FRIDAY,0
3120145,JAPANESE_FOOD,SATURDAY,6
3120145,JAPANESE_FOOD,SUNDAY,5
3120145,WESTERN_FOOD,MONDAY,-4
3120145,WESTERN_FOOD,TUESDAY,-3
3120145,WESTERN_FOOD,WEDNESDAY,-3
3120145,WESTERN_FOOD,THURSDAY,-3
3120145,WESTERN_FOOD,FRIDAY,0
3120145,WESTERN_FOOD,SATURDAY,6
3120145,WESTERN_FOOD,SUNDAY,5
3120145,CHICKEN,MONDAY,-6
3120145,CHICKEN,TUESDAY,-6
3120145,CHICKEN,WEDNESDAY,-5
3120145,CHICKEN,THURSDAY,-5
3120145,CHICKEN,FRIDAY,4
3120145,CHICKEN,SATURDAY,6
3120145,CHICKEN,SUNDAY,5
3120145,FAST_FOOD,MONDAY,-3
3120145,FAST_FOOD,TUESDAY,-4
3120145,FAST_FOOD,WEDNESDAY,-2
3120145,FAST_FOOD,THURSDAY,-2
3120145,FAST_FOOD,FRIDAY,1
3120145,FAST_FOOD,SATURDAY,6
3120145,FAST_FOOD,SUNDAY,3
3120145,BUNSIK,MONDAY,-3
3120145,BUNSIK,TUESDAY,-5
3120145,BUNSIK,WEDNESDAY,-1
3120145,BUNSIK,THURSDAY,-1
3120145,BUNSIK,FRIDAY,1
3120145,BUNSIK,SATURDAY,5
3120145,BUNSIK,SUNDAY,3
3120145,CAFE_BEVERAGE,MONDAY,-3
3120145,CAFE_BEVERAGE,TUESDAY,-3
3120145,CAFE_BEVERAGE,WEDNESDAY,-2
3120145,CAFE_BEVERAGE,THURSDAY,-2
3120145,CAFE_BEVERAGE,FRIDAY,1
3120145,CAFE_BEVERAGE,SATURDAY,6
3120145,CAFE_BEVERAGE,SUNDAY,2
3120145,BAKERY,MONDAY,-4
3120145,BAKERY,TUESDAY,-5
3120145,BAKERY,WEDNESDAY,-3
3120145,BAKERY,THURSDAY,-4
3120145,BAKERY,FRIDAY,-1
3120145,BAKERY,SATURDAY,6
3120145,BAKERY,SUNDAY,5
3120146,KOREAN_FOOD,MONDAY,5
3120146,KOREAN_FOOD,TUESDAY,5
3120146,KOREAN_FOOD,WEDNESDAY,5
3120146,KOREAN_FOOD,THURSDAY,5
3120146,KOREAN_FOOD,FRIDAY,5
3120146,KOREAN_FOOD,SATURDAY,-6
3120146,KOREAN_FOOD,SUNDAY,-6
3120146,CAFE_BEVERAGE,MONDAY,1
3120146,CAFE_BEVERAGE,TUESDAY,2
3120146,CAFE_BEVERAGE,WEDNESDAY,2
3120146,CAFE_BEVERAGE,THURSDAY,3
3120146,CAFE_BEVERAGE,FRIDAY,3
3120146,CAFE_BEVERAGE,SATURDAY,-5
3120146,CAFE_BEVERAGE,SUNDAY,-6
3120147,KOREAN_FOOD,MONDAY,-1
3120147,KOREAN_FOOD,TUESDAY,0
3120147,KOREAN_FOOD,WEDNESDAY,0
3120147,KOREAN_FOOD,THURSDAY,0
3120147,KOREAN_FOOD,FRIDAY,1
3120147,KOREAN_FOOD,SATURDAY,-1
3120147,KOREAN_FOOD,SUNDAY,-1
3120147,CAFE_BEVERAGE,MONDAY,-1
3120147,CAFE_BEVERAGE,TUESDAY,-1
3120147,CAFE_BEVERAGE,WEDNESDAY,0
3120147,CAFE_BEVERAGE,THURSDAY,0
3120147,CAFE_BEVERAGE,FRIDAY,1
3120147,CAFE_BEVERAGE,SATURDAY,1
3120147,CAFE_BEVERAGE,SUNDAY,0
3120148,KOREAN_FOOD,MONDAY,4
3120148,KOREAN_FOOD,TUESDAY,5
3120148,KOREAN_FOOD,WEDNESDAY,6
3120148,KOREAN_FOOD,THURSDAY,6
3120148,KOREAN_FOOD,FRIDAY,5
3120148,KOREAN_FOOD,SATURDAY,-6
3120148,KOREAN_FOOD,SUNDAY,-6
3120148,CHINESE_FOOD,MONDAY,2
3120148,CHINESE_FOOD,TUESDAY,4
3120148,CHINESE_FOOD,WEDNESDAY,5
3120148,CHINESE_FOOD,THURSDAY,6
3120148,CHINESE_FOOD,FRIDAY,6
3120148,CHINESE_FOOD,SATURDAY,-6
3120148,CHINESE_FOOD,SUNDAY,-6
3120148,JAPANESE_FOOD,MONDAY,3
3120148,JAPANESE_FOOD,TUESDAY,5
3120148,JAPANESE_FOOD,WEDNESDAY,5
3120148,JAPANESE_FOOD,THURSDAY,6
3120148,JAPANESE_FOOD,FRIDAY,6
3120148,JAPANESE_FOOD,SATURDAY,-6
3120148,JAPANESE_FOOD,SUNDAY,-6
3120148,WESTERN_FOOD,MONDAY,2
3120148,WESTERN_FOOD,TUESDAY,4
3120148,WESTERN_FOOD,WEDNESDAY,5
3120148,WESTERN_FOOD,THURSDAY,5
3120148,WESTERN_FOOD,FRIDAY,5
3120148,WESTERN_FOOD,SATURDAY,-6
3120148,WESTERN_FOOD,SUNDAY,-6
3120148,CHICKEN,MONDAY,0
3120148,CHICKEN,TUESDAY,4
3120148,CHICKEN,WEDNESDAY,3
3120148,CHICKEN,THURSDAY,5
3120148,CHICKEN,FRIDAY,4
3120148,CHICKEN,SATURDAY,-6
3120148,CHICKEN,SUNDAY,-6
3120148,FAST_FOOD,MONDAY,2
3120148,FAST_FOOD,TUESDAY,3
3120148,FAST_FOOD,WEDNESDAY,3
3120148,FAST_FOOD,THURSDAY,3
3120148,FAST_FOOD,FRIDAY,4
3120148,FAST_FOOD,SATURDAY,-6
3120148,FAST_FOOD,SUNDAY,-6
3120148,BUNSIK,MONDAY,3
3120148,BUNSIK,TUESDAY,5
3120148,BUNSIK,WEDNESDAY,5
3120148,BUNSIK,THURSDAY,5
3120148,BUNSIK,FRIDAY,6
3120148,BUNSIK,SATURDAY,-6
3120148,BUNSIK,SUNDAY,-6
3120148,CAFE_BEVERAGE,MONDAY,2
3120148,CAFE_BEVERAGE,TUESDAY,4
3120148,CAFE_BEVERAGE,WEDNESDAY,5
3120148,CAFE_BEVERAGE,THURSDAY,4
3120148,CAFE_BEVERAGE,FRIDAY,5
3120148,CAFE_BEVERAGE,SATURDAY,-6
3120148,CAFE_BEVERAGE,SUNDAY,-6
3120148,BAKERY,MONDAY,-1
3120148,BAKERY,TUESDAY,1
3120148,BAKERY,WEDNESDAY,3
3120148,BAKERY,THURSDAY,1
3120148,BAKERY,FRIDAY,4
3120148,BAKERY,SATURDAY,-6
3120148,BAKERY,SUNDAY,4
3120149,KOREAN_FOOD,MONDAY,4
3120149,KOREAN_FOOD,TUESDAY,5
3120149,KOREAN_FOOD,WEDNESDAY,5
3120149,KOREAN_FOOD,THURSDAY,5
3120149,KOREAN_FOOD,FRIDAY,4
3120149,KOREAN_FOOD,SATURDAY,-6
3120149,KOREAN_FOOD,SUNDAY,-6
3120149,CHINESE_FOOD,MONDAY,2
3120149,CHINESE_FOOD,TUESDAY,5
3120149,CHINESE_FOOD,WEDNESDAY,5
3120149,CHINESE_FOOD,THURSDAY,5
3120149,CHINESE_FOOD,FRIDAY,4
3120149,CHINESE_FOOD,SATURDAY,-6
3120149,CHINESE_FOOD,SUNDAY,-6
3120149,JAPANESE_FOOD,MONDAY,3
3120149,JAPANESE_FOOD,TUESDAY,5
3120149,JAPANESE_FOOD,WEDNESDAY,5
3120149,JAPANESE_FOOD,THURSDAY,6
3120149,JAPANESE_FOOD,FRIDAY,5
3120149,JAPANESE_FOOD,SATURDAY,-6
3120149,JAPANESE_FOOD,SUNDAY,-6
3120149,WESTERN_FOOD,MONDAY,0
3120149,WESTERN_FOOD,TUESDAY,2
3120149,WESTERN_FOOD,WEDNESDAY,2
3120149,WESTERN_FOOD,THURSDAY,2
3120149,WESTERN_FOOD,FRIDAY,3
3120149,WESTERN_FOOD,SATURDAY,-4
3120149,WESTERN_FOOD,SUNDAY,-5
3120149,CHICKEN,MONDAY,0
3120149,CHICKEN,TUESDAY,3
3120149,CHICKEN,WEDNESDAY,3
3120149,CHICKEN,THURSDAY,5
3120149,CHICKEN,FRIDAY,4
3120149,CHICKEN,SATURDAY,-6
3120149,CHICKEN,SUNDAY,-6
3120149,FAST_FOOD,MONDAY,5
3120149,FAST_FOOD,TUESDAY,5
3120149,FAST_FOOD,WEDNESDAY,5
3120149,FAST_FOOD,THURSDAY,6
3120149,FAST_FOOD,FRIDAY,5
3120149,FAST_FOOD,SATURDAY,-6
3120149,FAST_FOOD,SUNDAY,-6
3120149,BUNSIK,MONDAY,4
3120149,BUNSIK,TUESDAY,5
3120149,BUNSIK,WEDNESDAY,5
3120149,BUNSIK,THURSDAY,6
3120149,BUNSIK,FRIDAY,5
3120149,BUNSIK,SATURDAY,-6
3120149,BUNSIK,SUNDAY,-6
3120149,CAFE_BEVERAGE,MONDAY,5
3120149,CAFE_BEVERAGE,TUESDAY,6
3120149,CAFE_BEVERAGE,WEDNESDAY,6
3120149,CAFE_BEVERAGE,THURSDAY,6
3120149,CAFE_BEVERAGE,FRIDAY,6
3120149,CAFE_BEVERAGE,SATURDAY,-6
3120149,CAFE_BEVERAGE,SUNDAY,-6
3120149,BAKERY,MONDAY,1
3120149,BAKERY,TUESDAY,2
3120149,BAKERY,WEDNESDAY,2
3120149,BAKERY,THURSDAY,2
3120149,BAKERY,FRIDAY,4
3120149,BAKERY,SATURDAY,-4
3120149,BAKERY,SUNDAY,-6
3120150,KOREAN_FOOD,MONDAY,5
3120150,KOREAN_FOOD,TUESDAY,6
3120150,KOREAN_FOOD,WEDNESDAY,6
3120150,KOREAN_FOOD,THURSDAY,6
3120150,KOREAN_FOOD,FRIDAY,4
3120150,KOREAN_FOOD,SATURDAY,-6
3120150,KOREAN_FOOD,SUNDAY,-6
3120150,BUNSIK,MONDAY,3
3120150,BUNSIK,TUESDAY,6
3120150,BUNSIK,WEDNESDAY,6
3120150,BUNSIK,THURSDAY,6
3120150,BUNSIK,FRIDAY,6
3120150,BUNSIK,SATURDAY,-6
3120150,BUNSIK,SUNDAY,-6
3120150,CAFE_BEVERAGE,MONDAY,6
3120150,CAFE_BEVERAGE,TUESDAY,6
3120150,CAFE_BEVERAGE,WEDNESDAY,6
3120150,CAFE_BEVERAGE,THURSDAY,6
3120150,CAFE_BEVERAGE,FRIDAY,6
3120150,CAFE_BEVERAGE,SATURDAY,-6
3120150,CAFE_BEVERAGE,SUNDAY,-6
3120151,KOREAN_FOOD,MONDAY,3
3120151,KOREAN_FOOD,TUESDAY,4
3120151,KOREAN_FOOD,WEDNESDAY,3
3120151,KOREAN_FOOD,THURSDAY,4
3120151,KOREAN_FOOD,FRIDAY,3
3120151,KOREAN_FOOD,SATURDAY,-6
3120151,KOREAN_FOOD,SUNDAY,-6
3120151,CHINESE_FOOD,MONDAY,1
3120151,CHINESE_FOOD,TUESDAY,3
3120151,CHINESE_FOOD,WEDNESDAY,3
3120151,CHINESE_FOOD,THURSDAY,4
3120151,CHINESE_FOOD,FRIDAY,3
3120151,CHINESE_FOOD,SATURDAY,-6
3120151,CHINESE_FOOD,SUNDAY,-6
3120151,JAPANESE_FOOD,MONDAY,0
3120151,JAPANESE_FOOD,TUESDAY,1
3120151,JAPANESE_FOOD,WEDNESDAY,0
3120151,JAPANESE_FOOD,THURSDAY,1
3120151,JAPANESE_FOOD,FRIDAY,3
3120151,JAPANESE_FOOD,SATURDAY,0
3120151,JAPANESE_FOOD,SUNDAY,-5
3120151,WESTERN_FOOD,MONDAY,1
3120151,WESTERN_FOOD,TUESDAY,2
3120151,WESTERN_FOOD,WEDNESDAY,2
3120151,WESTERN_FOOD,THURSDAY,2
3120151,WESTERN_FOOD,FRIDAY,2
3120151,WESTERN_FOOD,SATURDAY,-4
3120151,WESTERN_FOOD,SUNDAY,-4
3120151,CHICKEN,MONDAY,-1
3120151,CHICKEN,TUESDAY,1
3120151,CHICKEN,WEDNESDAY,2
3120151,CHICKEN,THURSDAY,4
3120151,CHICKEN,FRIDAY,3
3120151,CHICKEN,SATURDAY,-4
3120151,CHICKEN,SUNDAY,-5
3120151,FAST_FOOD,MONDAY,1
3120151,FAST_FOOD,TUESDAY,1
3120151,FAST_FOOD,WEDNESDAY,2
3120151,FAST_FOOD,THURSDAY,1
3120151,FAST_FOOD,FRIDAY,1
3120151,FAST_FOOD,SATURDAY,-3
3120151,FAST_FOOD,SUNDAY,-3
3120151,BUNSIK,MONDAY,0
3120151,BUNSIK,TUESDAY,1
3120151,BUNSIK,WEDNESDAY,1
3120151,BUNSIK,THURSDAY,1
3120151,BUNSIK,FRIDAY,2
3120151,BUNSIK,SATURDAY,-2
3120151,BUNSIK,SUNDAY,-3
3120151,CAFE_BEVERAGE,MONDAY,1
3120151,CAFE_BEVERAGE,TUESDAY,2
3120151,CAFE_BEVERAGE,WEDNESDAY,2
3120151,CAFE_BEVERAGE,THURSDAY,2
3120151,CAFE_BEVERAGE,FRIDAY,1
3120151,CAFE_BEVERAGE,SATURDAY,-3
3120151,CAFE_BEVERAGE,SUNDAY,-4
3120151,BAKERY,MONDAY,2
3120151,BAKERY,TUESDAY,2
3120151,BAKERY,WEDNESDAY,2
3120151,BAKERY,THURSDAY,2
3120151,BAKERY,FRIDAY,2
3120151,BAKERY,SATURDAY,-3
3120151,BAKERY,SUNDAY,-6
3120152,KOREAN_FOOD,MONDAY,-2
3120152,KOREAN_FOOD,TUESDAY,0
3120152,KOREAN_FOOD,WEDNESDAY,0
3120152,KOREAN_FOOD,THURSDAY,0
3120152,KOREAN_FOOD,FRIDAY,4
3120152,KOREAN_FOOD,SATURDAY,2
3120152,KOREAN_FOOD,SUNDAY,-3
3120152,CHINESE_FOOD,MONDAY,-6
3120152,CHINESE_FOOD,TUESDAY,1
3120152,CHINESE_FOOD,WEDNESDAY,0
3120152,CHINESE_FOOD,THURSDAY,1
3120152,CHINESE_FOOD,FRIDAY,2
3120152,CHINESE_FOOD,SATURDAY,2
3120152,CHINESE_FOOD,SUNDAY,1
3120152,JAPANESE_FOOD,MONDAY,2
3120152,JAPANESE_FOOD,TUESDAY,-6
3120152,JAPANESE_FOOD,WEDNESDAY,2
3120152,JAPANESE_FOOD,THURSDAY,3
3120152,JAPANESE_FOOD,FRIDAY,5
3120152,JAPANESE_FOOD,SATURDAY,2
3120152,JAPANESE_FOOD,SUNDAY,-2
3120152,CHICKEN,MONDAY,-4
3120152,CHICKEN,TUESDAY,-1
3120152,CHICKEN,WEDNESDAY,-1
3120152,CHICKEN,THURSDAY,-1
3120152,CHICKEN,FRIDAY,6
3120152,CHICKEN,SATURDAY,3
3120152,CHICKEN,SUNDAY,-1
3120152,BUNSIK,MONDAY,1
3120152,BUNSIK,TUESDAY,0
3120152,BUNSIK,WEDNESDAY,-6
3120152,BUNSIK,THURSDAY,1
3120152,BUNSIK,FRIDAY,3
3120152,BUNSIK,SATURDAY,5
3120152,BUNSIK,SUNDAY,-2
3120152,CAFE_BEVERAGE,MONDAY,-1
3120152,CAFE_BEVERAGE,TUESDAY,-2
3120152,CAFE_BEVERAGE,WEDNESDAY,-2
3120152,CAFE_BEVERAGE,THURSDAY,-2
3120152,CAFE_BEVERAGE,FRIDAY,0
3120152,CAFE_BEVERAGE,SATURDAY,5
3120152,CAFE_BEVERAGE,SUNDAY,1
3120152,BAKERY,MONDAY,0
3120152,BAKERY,TUESDAY,-1
3120152,BAKERY,WEDNESDAY,0
3120152,BAKERY,THURSDAY,-2
3120152,BAKERY,FRIDAY,1
3120152,BAKERY,SATURDAY,2
3120152,BAKERY,SUNDAY,-1
3120153,KOREAN_FOOD,MONDAY,-3
3120153,KOREAN_FOOD,TUESDAY,-2
3120153,KOREAN_FOOD,WEDNESDAY,-2
3120153,KOREAN_FOOD,THURSDAY,-1
3120153,KOREAN_FOOD,FRIDAY,2
3120153,KOREAN_FOOD,SATURDAY,6
3120153,KOREAN_FOOD,SUNDAY,-1
3120153,CHINESE_FOOD,MONDAY,0
3120153,CHINESE_FOOD,TUESDAY,2
3120153,CHINESE_FOOD,WEDNESDAY,-4
3120153,CHINESE_FOOD,THURSDAY,1
3120153,CHINESE_FOOD,FRIDAY,2
3120153,CHINESE_FOOD,SATURDAY,2
3120153,CHINESE_FOOD,SUNDAY,-2
3120153,JAPANESE_FOOD,MONDAY,1
3120153,JAPANESE_FOOD,TUESDAY,0
3120153,JAPANESE_FOOD,WEDNESDAY,0
3120153,JAPANESE_FOOD,THURSDAY,0
3120153,JAPANESE_FOOD,FRIDAY,1
3120153,JAPANESE_FOOD,SATURDAY,0
3120153,JAPANESE_FOOD,SUNDAY,-3
3120153,WESTERN_FOOD,MONDAY,1
3120153,WESTERN_FOOD,TUESDAY,1
3120153,WESTERN_FOOD,WEDNESDAY,2
3120153,WESTERN_FOOD,THURSDAY,2
3120153,WESTERN_FOOD,FRIDAY,2
3120153,WESTERN_FOOD,SATURDAY,-1
3120153,WESTERN_FOOD,SUNDAY,-6
3120153,CHICKEN,MONDAY,-4
3120153,CHICKEN,TUESDAY,-1
3120153,CHICKEN,WEDNESDAY,0
3120153,CHICKEN,THURSDAY,1
3120153,CHICKEN,FRIDAY,4
3120153,CHICKEN,SATURDAY,5
3120153,CHICKEN,SUNDAY,-5
3120153,FAST_FOOD,MONDAY,0
3120153,FAST_FOOD,TUESDAY,-1
3120153,FAST_FOOD,WEDNESDAY,0
3120153,FAST_FOOD,THURSDAY,0
3120153,FAST_FOOD,FRIDAY,1
3120153,FAST_FOOD,SATURDAY,2
3120153,FAST_FOOD,SUNDAY,-1
3120153,BUNSIK,MONDAY,-1
3120153,BUNSIK,TUESDAY,0
3120153,BUNSIK,WEDNESDAY,0
3120153,BUNSIK,THURSDAY,0
3120153,BUNSIK,FRIDAY,1
3120153,BUNSIK,SATURDAY,1
3120153,BUNSIK,SUNDAY,-2
3120153,CAFE_BEVERAGE,MONDAY,0
3120153,CAFE_BEVERAGE,TUESDAY,0
3120153,CAFE_BEVERAGE,WEDNESDAY,0
3120153,CAFE_BEVERAGE,THURSDAY,0
3120153,CAFE_BEVERAGE,FRIDAY,2
3120153,CAFE_BEVERAGE,SATURDAY,3
3120153,CAFE_BEVERAGE,SUNDAY,-4
3120153,BAKERY,MONDAY,-3
3120153,BAKERY,TUESDAY,2
3120153,BAKERY,WEDNESDAY,2
3120153,BAKERY,THURSDAY,1
3120153,BAKERY,FRIDAY,2
3120153,BAKERY,SATURDAY,1
3120153,BAKERY,SUNDAY,-5
3120154,KOREAN_FOOD,MONDAY,0
3120154,KOREAN_FOOD,TUESDAY,1
3120154,KOREAN_FOOD,WEDNESDAY,0
3120154,KOREAN_FOOD,THURSDAY,1
3120154,KOREAN_FOOD,FRIDAY,1
3120154,KOREAN_FOOD,SATURDAY,0
3120154,KOREAN_FOOD,SUNDAY,-3
3120154,CAFE_BEVERAGE,MONDAY,-1
3120154,CAFE_BEVERAGE,TUESDAY,1
3120154,CAFE_BEVERAGE,WEDNESDAY,0
3120154,CAFE_BEVERAGE,THURSDAY,0
3120154,CAFE_BEVERAGE,FRIDAY,2
3120154,CAFE_BEVERAGE,SATURDAY,2
3120154,CAFE_BEVERAGE,SUNDAY,-4
3120154,BAKERY,MONDAY,2
3120154,BAKERY,TUESDAY,1
3120154,BAKERY,WEDNESDAY,1
3120154,BAKERY,THURSDAY,1
3120154,BAKERY,FRIDAY,3
3120154,BAKERY,SATURDAY,2
3120154,BAKERY,SUNDAY,-6
3120156,KOREAN_FOOD,MONDAY,0
3120156,KOREAN_FOOD,TUESDAY,0
3120156,KOREAN_FOOD,WEDNESDAY,0
3120156,KOREAN_FOOD,THURSDAY,0
3120156,KOREAN_FOOD,FRIDAY,3
3120156,KOREAN_FOOD,SATURDAY,1
3120156,KOREAN_FOOD,SUNDAY,-4
3120156,CHINESE_FOOD,MONDAY,-6
3120156,CHINESE_FOOD,TUESDAY,-1
3120156,CHINESE_FOOD,WEDNESDAY,1
3120156,CHINESE_FOOD,THURSDAY,2
3120156,CHINESE_FOOD,FRIDAY,5
3120156,CHINESE_FOOD,SATURDAY,3
3120156,CHINESE_FOOD,SUNDAY,-2
3120156,JAPANESE_FOOD,MONDAY,1
3120156,JAPANESE_FOOD,TUESDAY,1
3120156,JAPANESE_FOOD,WEDNESDAY,-1
3120156,JAPANESE_FOOD,THURSDAY,1
3120156,JAPANESE_FOOD,FRIDAY,3
3120156,JAPANESE_FOOD,SATURDAY,0
3120156,JAPANESE_FOOD,SUNDAY,-5
3120156,WESTERN_FOOD,MONDAY,-1
3120156,WESTERN_FOOD,TUESDAY,0
3120156,WESTERN_FOOD,WEDNESDAY,1
3120156,WESTERN_FOOD,THURSDAY,1
3120156,WESTERN_FOOD,FRIDAY,1
3120156,WESTERN_FOOD,SATURDAY,1
3120156,WESTERN_FOOD,SUNDAY,-2
3120156,CHICKEN,MONDAY,-5
3120156,CHICKEN,TUESDAY,-2
3120156,CHICKEN,WEDNESDAY,-1
3120156,CHICKEN,THURSDAY,-2
3120156,CHICKEN,FRIDAY,6
3120156,CHICKEN,SATURDAY,5
3120156,CHICKEN,SUNDAY,-1
3120156,FAST_FOOD,MONDAY,-6
3120156,FAST_FOOD,TUESDAY,1
3120156,FAST_FOOD,WEDNESDAY,1
3120156,FAST_FOOD,THURSDAY,1
3120156,FAST_FOOD,FRIDAY,1
3120156,FAST_FOOD,SATURDAY,4
3120156,FAST_FOOD,SUNDAY,-1
3120156,BUNSIK,MONDAY,-2
3120156,BUNSIK,TUESDAY,1
3120156,BUNSIK,WEDNESDAY,0
3120156,BUNSIK,THURSDAY,0
3120156,BUNSIK,FRIDAY,2
3120156,BUNSIK,SATURDAY,1
3120156,BUNSIK,SUNDAY,-3
3120156,CAFE_BEVERAGE,MONDAY,-2
3120156,CAFE_BEVERAGE,TUESDAY,-1
3120156,CAFE_BEVERAGE,WEDNESDAY,-1
3120156,CAFE_BEVERAGE,THURSDAY,-1
3120156,CAFE_BEVERAGE,FRIDAY,2
3120156,CAFE_BEVERAGE,SATURDAY,4
3120156,CAFE_BEVERAGE,SUNDAY,0
3120156,BAKERY,MONDAY,1
3120156,BAKERY,TUESDAY,2
3120156,BAKERY,WEDNESDAY,3
3120156,BAKERY,THURSDAY,2
3120156,BAKERY,FRIDAY,3
3120156,BAKERY,SATURDAY,-4
3120156,BAKERY,SUNDAY,-6
3120157,KOREAN_FOOD,MONDAY,-2
3120157,KOREAN_FOOD,TUESDAY,-1
3120157,KOREAN_FOOD,WEDNESDAY,-1
3120157,KOREAN_FOOD,THURSDAY,-1
3120157,KOREAN_FOOD,FRIDAY,1
3120157,KOREAN_FOOD,SATURDAY,3
3120157,KOREAN_FOOD,SUNDAY,1
3120157,CHINESE_FOOD,MONDAY,-2
3120157,CHINESE_FOOD,TUESDAY,-1
3120157,CHINESE_FOOD,WEDNESDAY,-1
3120157,CHINESE_FOOD,THURSDAY,-1
3120157,CHINESE_FOOD,FRIDAY,0
3120157,CHINESE_FOOD,SATURDAY,2
3120157,CHINESE_FOOD,SUNDAY,2
3120157,JAPANESE_FOOD,MONDAY,-2
3120157,JAPANESE_FOOD,TUESDAY,-5
3120157,JAPANESE_FOOD,WEDNESDAY,-1
3120157,JAPANESE_FOOD,THURSDAY,-2
3120157,JAPANESE_FOOD,FRIDAY,1
3120157,JAPANESE_FOOD,SATURDAY,5
3120157,JAPANESE_FOOD,SUNDAY,3
3120157,WESTERN_FOOD,MONDAY,-3
3120157,WESTERN_FOOD,TUESDAY,-3
3120157,WESTERN_FOOD,WEDNESDAY,-2
3120157,WESTERN_FOOD,THURSDAY,-4
3120157,WESTERN_FOOD,FRIDAY,-1
3120157,WESTERN_FOOD,SATURDAY,6
3120157,WESTERN_FOOD,SUNDAY,6
3120157,CHICKEN,MONDAY,-2
3120157,CHICKEN,TUESDAY,-2
3120157,CHICKEN,WEDNESDAY,-2
3120157,CHICKEN,THURSDAY,-1
3120157,CHICKEN,FRIDAY,2
3120157,CHICKEN,SATURDAY,3
3120157,CHICKEN,SUNDAY,2
3120157,FAST_FOOD,MONDAY,-1
3120157,FAST_FOOD,TUESDAY,-1
3120157,FAST_FOOD,WEDNESDAY,-1
3120157,FAST_FOOD,THURSDAY,-1
3120157,FAST_FOOD,FRIDAY,0
3120157,FAST_FOOD,SATURDAY,2
3120157,FAST_FOOD,SUNDAY,2
3120157,BUNSIK,MONDAY,0
3120157,BUNSIK,TUESDAY,0
3120157,BUNSIK,WEDNESDAY,1
3120157,BUNSIK,THURSDAY,1
3120157,BUNSIK,FRIDAY,1
3120157,BUNSIK,SATURDAY,0
3120157,BUNSIK,SUNDAY,-3
3120157,CAFE_BEVERAGE,MONDAY,-2
3120157,CAFE_BEVERAGE,TUESDAY,-2
3120157,CAFE_BEVERAGE,WEDNESDAY,-1
3120157,CAFE_BEVERAGE,THURSDAY,-1
3120157,CAFE_BEVERAGE,FRIDAY,1
3120157,CAFE_BEVERAGE,SATURDAY,4
3120157,CAFE_BEVERAGE,SUNDAY,1
3120157,BAKERY,MONDAY,-2
3120157,BAKERY,TUESDAY,-3
3120157,BAKERY,WEDNESDAY,-2
3120157,BAKERY,THURSDAY,-3
3120157,BAKERY,FRIDAY,-1
3120157,BAKERY,SATURDAY,6
3120157,BAKERY,SUNDAY,5
3120158,KOREAN_FOOD,MONDAY,0
3120158,KOREAN_FOOD,TUESDAY,1
3120158,KOREAN_FOOD,WEDNESDAY,1
3120158,KOREAN_FOOD,THURSDAY,-1
3120158,KOREAN_FOOD,FRIDAY,1
3120158,KOREAN_FOOD,SATURDAY,1
3120158,KOREAN_FOOD,SUNDAY,-3
3120158,CHINESE_FOOD,MONDAY,4
3120158,CHINESE_FOOD,TUESDAY,-6
3120158,CHINESE_FOOD,WEDNESDAY,2
3120158,CHINESE_FOOD,THURSDAY,3
3120158,CHINESE_FOOD,FRIDAY,-2
3120158,CHINESE_FOOD,SATURDAY,1
3120158,CHINESE_FOOD,SUNDAY,0
3120158,JAPANESE_FOOD,MONDAY,-1
3120158,JAPANESE_FOOD,TUESDAY,2
3120158,JAPANESE_FOOD,WEDNESDAY,-1
3120158,JAPANESE_FOOD,THURSDAY,2
3120158,JAPANESE_FOOD,FRIDAY,2
3120158,JAPANESE_FOOD,SATURDAY,3
3120158,JAPANESE_FOOD,SUNDAY,-6
3120158,WESTERN_FOOD,MONDAY,-6
3120158,WESTERN_FOOD,TUESDAY,1
3120158,WESTERN_FOOD,WEDNESDAY,0
3120158,WESTERN_FOOD,THURSDAY,0
3120158,WESTERN_FOOD,FRIDAY,2
3120158,WESTERN_FOOD,SATURDAY,2
3120158,WESTERN_FOOD,SUNDAY,1
3120158,CHICKEN,MONDAY,-3
3120158,CHICKEN,TUESDAY,-1
3120158,CHICKEN,WEDNESDAY,-3
3120158,CHICKEN,THURSDAY,-1
3120158,CHICKEN,FRIDAY,3
3120158,CHICKEN,SATURDAY,6
3120158,CHICKEN,SUNDAY,-1
3120158,FAST_FOOD,MONDAY,0
3120158,FAST_FOOD,TUESDAY,0
3120158,FAST_FOOD,WEDNESDAY,0
3120158,FAST_FOOD,THURSDAY,0
3120158,FAST_FOOD,FRIDAY,1
3120158,FAST_FOOD,SATURDAY,0
3120158,FAST_FOOD,SUNDAY,-1
3120158,BUNSIK,MONDAY,1
3120158,BUNSIK,TUESDAY,1
3120158,BUNSIK,WEDNESDAY,1
3120158,BUNSIK,THURSDAY,1
3120158,BUNSIK,FRIDAY,0
3120158,BUNSIK,SATURDAY,0
3120158,BUNSIK,SUNDAY,-4
3120158,CAFE_BEVERAGE,MONDAY,-1
3120158,CAFE_BEVERAGE,TUESDAY,-1
3120158,CAFE_BEVERAGE,WEDNESDAY,0
3120158,CAFE_BEVERAGE,THURSDAY,-1
3120158,CAFE_BEVERAGE,FRIDAY,0
3120158,CAFE_BEVERAGE,SATURDAY,3
3120158,CAFE_BEVERAGE,SUNDAY,0
3120158,BAKERY,MONDAY,0
3120158,BAKERY,TUESDAY,-1
3120158,BAKERY,WEDNESDAY,0
3120158,BAKERY,THURSDAY,-1
3120158,BAKERY,FRIDAY,0
3120158,BAKERY,SATURDAY,1
3120158,BAKERY,SUNDAY,0
3120159,KOREAN_FOOD,MONDAY,-1
3120159,KOREAN_FOOD,TUESDAY,-1
3120159,KOREAN_FOOD,WEDNESDAY,0
3120159,KOREAN_FOOD,THURSDAY,-1
3120159,KOREAN_FOOD,FRIDAY,1
3120159,KOREAN_FOOD,SATURDAY,2
3120159,KOREAN_FOOD,SUNDAY,-1
3120159,CHINESE_FOOD,MONDAY,-2
3120159,CHINESE_FOOD,TUESDAY,-1
3120159,CHINESE_FOOD,WEDNESDAY,-1
3120159,CHINESE_FOOD,THURSDAY,0
3120159,CHINESE_FOOD,FRIDAY,2
3120159,CHINESE_FOOD,SATURDAY,2
3120159,CHINESE_FOOD,SUNDAY,0
3120159,JAPANESE_FOOD,MONDAY,-1
3120159,JAPANESE_FOOD,TUESDAY,0
3120159,JAPANESE_FOOD,WEDNESDAY,-1
3120159,JAPANESE_FOOD,THURSDAY,0
3120159,JAPANESE_FOOD,FRIDAY,2
3120159,JAPANESE_FOOD,SATURDAY,2
3120159,JAPANESE_FOOD,SUNDAY,-2
3120159,WESTERN_FOOD,MONDAY,-1
3120159,WESTERN_FOOD,TUESDAY,-1
3120159,WESTERN_FOOD,WEDNESDAY,0
3120159,WESTERN_FOOD,THURSDAY,-1
3120159,WESTERN_FOOD,FRIDAY,2
3120159,WESTERN_FOOD,SATURDAY,2
3120159,WESTERN_FOOD,SUNDAY,-1
3120159,CHICKEN,MONDAY,-4
3120159,CHICKEN,TUESDAY,-2
3120159,CHICKEN,WEDNESDAY,-2
3120159,CHICKEN,THURSDAY,-2
3120159,CHICKEN,FRIDAY,4
3120159,CHICKEN,SATURDAY,5
3120159,CHICKEN,SUNDAY,2
3120159,FAST_FOOD,MONDAY,-1
3120159,FAST_FOOD,TUESDAY,0
3120159,FAST_FOOD,WEDNESDAY,3
3120159,FAST_FOOD,THURSDAY,0
3120159,FAST_FOOD,FRIDAY,1
3120159,FAST_FOOD,SATURDAY,0
3120159,FAST_FOOD,SUNDAY,-3
3120159,BUNSIK,MONDAY,1
3120159,BUNSIK,TUESDAY,2
3120159,BUNSIK,WEDNESDAY,-2
3120159,BUNSIK,THURSDAY,2
3120159,BUNSIK,FRIDAY,2
3120159,BUNSIK,SATURDAY,0
3120159,BUNSIK,SUNDAY,-5
3120159,CAFE_BEVERAGE,MONDAY,-2
3120159,CAFE_BEVERAGE,TUESDAY,-2
3120159,CAFE_BEVERAGE,WEDNESDAY,-1
3120159,CAFE_BEVERAGE,THURSDAY,-1
3120159,CAFE_BEVERAGE,FRIDAY,0
3120159,CAFE_BEVERAGE,SATURDAY,4
3120159,CAFE_BEVERAGE,SUNDAY,1
3120159,BAKERY,MONDAY,0
3120159,BAKERY,TUESDAY,0
3120159,BAKERY,WEDNESDAY,0
3120159,BAKERY,THURSDAY,0
3120159,BAKERY,FRIDAY,1
3120159,BAKERY,SATURDAY,0
3120159,BAKERY,SUNDAY,-2
3120160,KOREAN_FOOD,MONDAY,-2
3120160,KOREAN_FOOD,TUESDAY,0
3120160,KOREAN_FOOD,WEDNESDAY,0
3120160,KOREAN_FOOD,THURSDAY,1
3120160,KOREAN_FOOD,FRIDAY,4
3120160,KOREAN_FOOD,SATURDAY,2
3120160,KOREAN_FOOD,SUNDAY,-5
3120160,CHINESE_FOOD,MONDAY,-1
3120160,CHINESE_FOOD,TUESDAY,1
3120160,CHINESE_FOOD,WEDNESDAY,1
3120160,CHINESE_FOOD,THURSDAY,1
3120160,CHINESE_FOOD,FRIDAY,4
3120160,CHINESE_FOOD,SATURDAY,-2
3120160,CHINESE_FOOD,SUNDAY,-4
3120160,JAPANESE_FOOD,MONDAY,-4
3120160,JAPANESE_FOOD,TUESDAY,-3
3120160,JAPANESE_FOOD,WEDNESDAY,-2
3120160,JAPANESE_FOOD,THURSDAY,0
3120160,JAPANESE_FOOD,FRIDAY,5
3120160,JAPANESE_FOOD,SATURDAY,6
3120160,JAPANESE_FOOD,SUNDAY,-5
3120160,WESTERN_FOOD,MONDAY,-5
3120160,WESTERN_FOOD,TUESDAY,-4
3120160,WESTERN_FOOD,WEDNESDAY,-2
3120160,WESTERN_FOOD,THURSDAY,-2
3120160,WESTERN_FOOD,FRIDAY,2
3120160,WESTERN_FOOD,SATURDAY,6
3120160,WESTERN_FOOD,SUNDAY,3
3120160,CHICKEN,MONDAY,-4
3120160,CHICKEN,TUESDAY,-2
3120160,CHICKEN,WEDNESDAY,-1
3120160,CHICKEN,THURSDAY,-1
3120160,CHICKEN,FRIDAY,5
3120160,CHICKEN,SATURDAY,4
3120160,CHICKEN,SUNDAY,-1
3120160,FAST_FOOD,MONDAY,-3
3120160,FAST_FOOD,TUESDAY,-2
3120160,FAST_FOOD,WEDNESDAY,3
3120160,FAST_FOOD,THURSDAY,-1
3120160,FAST_FOOD,FRIDAY,1
3120160,FAST_FOOD,SATURDAY,3
3120160,FAST_FOOD,SUNDAY,0
3120160,BUNSIK,MONDAY,-1
3120160,BUNSIK,TUESDAY,-1
3120160,BUNSIK,WEDNESDAY,0
3120160,BUNSIK,THURSDAY,0
3120160,BUNSIK,FRIDAY,1
3120160,BUNSIK,SATURDAY,4
3120160,BUNSIK,SUNDAY,-3
3120160,CAFE_BEVERAGE,MONDAY,-3
3120160,CAFE_BEVERAGE,TUESDAY,-2
3120160,CAFE_BEVERAGE,WEDNESDAY,0
3120160,CAFE_BEVERAGE,THURSDAY,-1
3120160,CAFE_BEVERAGE,FRIDAY,2
3120160,CAFE_BEVERAGE,SATURDAY,4
3120160,CAFE_BEVERAGE,SUNDAY,-1
3120160,BAKERY,MONDAY,-1
3120160,BAKERY,TUESDAY,0
3120160,BAKERY,WEDNESDAY,0
3120160,BAKERY,THURSDAY,0
3120160,BAKERY,FRIDAY,1
3120160,BAKERY,SATURDAY,2
3120160,BAKERY,SUNDAY,-2
3120161,KOREAN_FOOD,MONDAY,2
3120161,KOREAN_FOOD,TUESDAY,4
3120161,KOREAN_FOOD,WEDNESDAY,6
3120161,KOREAN_FOOD,THURSDAY,5
3120161,KOREAN_FOOD,FRIDAY,4
3120161,KOREAN_FOOD,SATURDAY,-6
3120161,KOREAN_FOOD,SUNDAY,-6
3120161,CAFE_BEVERAGE,MONDAY,5
3120161,CAFE_BEVERAGE,TUESDAY,6
3120161,CAFE_BEVERAGE,WEDNESDAY,6
3120161,CAFE_BEVERAGE,THURSDAY,5
3120161,CAFE_BEVERAGE,FRIDAY,6
3120161,CAFE_BEVERAGE,SATURDAY,-6
3120161,CAFE_BEVERAGE,SUNDAY,-6
3120162,KOREAN_FOOD,MONDAY,2
3120162,KOREAN_FOOD,TUESDAY,2
3120162,KOREAN_FOOD,WEDNESDAY,2
3120162,KOREAN_FOOD,THURSDAY,2
3120162,KOREAN_FOOD,FRIDAY,2
3120162,KOREAN_FOOD,SATURDAY,-3
3120162,KOREAN_FOOD,SUNDAY,-6
3120162,JAPANESE_FOOD,MONDAY,-1
3120162,JAPANESE_FOOD,TUESDAY,3
3120162,JAPANESE_FOOD,WEDNESDAY,3
3120162,JAPANESE_FOOD,THURSDAY,3
3120162,JAPANESE_FOOD,FRIDAY,6
3120162,JAPANESE_FOOD,SATURDAY,1
3120162,JAPANESE_FOOD,SUNDAY,-6
3120162,WESTERN_FOOD,MONDAY,-1
3120162,WESTERN_FOOD,TUESDAY,0
3120162,WESTERN_FOOD,WEDNESDAY,0
3120162,WESTERN_FOOD,THURSDAY,0
3120162,WESTERN_FOOD,FRIDAY,1
3120162,WESTERN_FOOD,SATURDAY,-1
3120162,WESTERN_FOOD,SUNDAY,1
3120162,CHICKEN,MONDAY,-3
3120162,CHICKEN,TUESDAY,-3
3120162,CHICKEN,WEDNESDAY,-2
3120162,CHICKEN,THURSDAY,-2
3120162,CHICKEN,FRIDAY,2
3120162,CHICKEN,SATURDAY,4
3120162,CHICKEN,SUNDAY,2
3120162,BUNSIK,MONDAY,3
3120162,BUNSIK,TUESDAY,3
3120162,BUNSIK,WEDNESDAY,2
3120162,BUNSIK,THURSDAY,4
3120162,BUNSIK,FRIDAY,5
3120162,BUNSIK,SATURDAY,-2
3120162,BUNSIK,SUNDAY,-6
3120162,CAFE_BEVERAGE,MONDAY,-2
3120162,CAFE_BEVERAGE,TUESDAY,0
3120162,CAFE_BEVERAGE,WEDNESDAY,0
3120162,CAFE_BEVERAGE,THURSDAY,0
3120162,CAFE_BEVERAGE,FRIDAY,1
3120162,CAFE_BEVERAGE,SATURDAY,2
3120162,CAFE_BEVERAGE,SUNDAY,-1
3120162,BAKERY,MONDAY,-1
3120162,BAKERY,TUESDAY,-1
3120162,BAKERY,WEDNESDAY,0
3120162,BAKERY,THURSDAY,-1
3120162,BAKERY,FRIDAY,-1
3120162,BAKERY,SATURDAY,2
3120162,BAKERY,SUNDAY,3
3120163,KOREAN_FOOD,MONDAY,0
3120163,KOREAN_FOOD,TUESDAY,1
3120163,KOREAN_FOOD,WEDNESDAY,0
3120163,KOREAN_FOOD,THURSDAY,2
3120163,KOREAN_FOOD,FRIDAY,3
3120163,KOREAN_FOOD,SATURDAY,-6
3120163,KOREAN_FOOD,SUNDAY,-1
3120163,CAFE_BEVERAGE,MONDAY,0
3120163,CAFE_BEVERAGE,TUESDAY,-2
3120163,CAFE_BEVERAGE,WEDNESDAY,-6
3120163,CAFE_BEVERAGE,THURSDAY,1
3120163,CAFE_BEVERAGE,FRIDAY,2
3120163,CAFE_BEVERAGE,SATURDAY,5
3120163,CAFE_BEVERAGE,SUNDAY,3
3120164,KOREAN_FOOD,MONDAY,2
3120164,KOREAN_FOOD,TUESDAY,2
3120164,KOREAN_FOOD,WEDNESDAY,2
3120164,KOREAN_FOOD,THURSDAY,2
3120164,KOREAN_FOOD,FRIDAY,3
3120164,KOREAN_FOOD,SATURDAY,-4
3120164,KOREAN_FOOD,SUNDAY,-6
3120164,CHINESE_FOOD,MONDAY,2
3120164,CHINESE_FOOD,TUESDAY,4
3120164,CHINESE_FOOD,WEDNESDAY,4
3120164,CHINESE_FOOD,THURSDAY,4
3120164,CHINESE_FOOD,FRIDAY,1
3120164,CHINESE_FOOD,SATURDAY,-6
3120164,CHINESE_FOOD,SUNDAY,-6
3120164,JAPANESE_FOOD,MONDAY,5
3120164,JAPANESE_FOOD,TUESDAY,5
3120164,JAPANESE_FOOD,WEDNESDAY,6
3120164,JAPANESE_FOOD,THURSDAY,6
3120164,JAPANESE_FOOD,FRIDAY,6
3120164,JAPANESE_FOOD,SATURDAY,-6
3120164,JAPANESE_FOOD,SUNDAY,-6
3120164,WESTERN_FOOD,MONDAY,2
3120164,WESTERN_FOOD,TUESDAY,3
3120164,WESTERN_FOOD,WEDNESDAY,3
3120164,WESTERN_FOOD,THURSDAY,4
3120164,WESTERN_FOOD,FRIDAY,4
3120164,WESTERN_FOOD,SATURDAY,-5
3120164,WESTERN_FOOD,SUNDAY,-6
3120164,FAST_FOOD,MONDAY,3
3120164,FAST_FOOD,TUESDAY,4
3120164,FAST_FOOD,WEDNESDAY,3
3120164,FAST_FOOD,THURSDAY,4
3120164,FAST_FOOD,FRIDAY,6
3120164,FAST_FOOD,SATURDAY,-6
3120164,FAST_FOOD,SUNDAY,-6
3120164,BUNSIK,MONDAY,1
3120164,BUNSIK,TUESDAY,5
3120164,BUNSIK,WEDNESDAY,4
3120164,BUNSIK,THURSDAY,4
3120164,BUNSIK,FRIDAY,4
3120164,BUNSIK,SATURDAY,-4
3120164,BUNSIK,SUNDAY,-6
3120164,CAFE_BEVERAGE,MONDAY,0
3120164,CAFE_BEVERAGE,TUESDAY,1
3120164,CAFE_BEVERAGE,WEDNESDAY,1
3120164,CAFE_BEVERAGE,THURSDAY,2
3120164,CAFE_BEVERAGE,FRIDAY,2
3120164,CAFE_BEVERAGE,SATURDAY,0
3120164,CAFE_BEVERAGE,SUNDAY,-5
3120164,BAKERY,MONDAY,0
3120164,BAKERY,TUESDAY,2
3120164,BAKERY,WEDNESDAY,2
3120164,BAKERY,THURSDAY,3
3120164,BAKERY,FRIDAY,4
3120164,BAKERY,SATURDAY,-4
3120164,BAKERY,SUNDAY,-6
3120165,KOREAN_FOOD,MONDAY,0
3120165,KOREAN_FOOD,TUESDAY,1
3120165,KOREAN_FOOD,WEDNESDAY,2
3120165,KOREAN_FOOD,THURSDAY,2
3120165,KOREAN_FOOD,FRIDAY,2
3120165,KOREAN_FOOD,SATURDAY,-1
3120165,KOREAN_FOOD,SUNDAY,-6
3120165,CHINESE_FOOD,MONDAY,-1
3120165,CHINESE_FOOD,TUESDAY,1
3120165,CHINESE_FOOD,WEDNESDAY,0
3120165,CHINESE_FOOD,THURSDAY,1
3120165,CHINESE_FOOD,FRIDAY,2
3120165,CHINESE_FOOD,SATURDAY,-1
3120165,CHINESE_FOOD,SUNDAY,-3
3120165,JAPANESE_FOOD,MONDAY,2
3120165,JAPANESE_FOOD,TUESDAY,1
3120165,JAPANESE_FOOD,WEDNESDAY,0
3120165,JAPANESE_FOOD,THURSDAY,3
3120165,JAPANESE_FOOD,FRIDAY,2
3120165,JAPANESE_FOOD,SATURDAY,-2
3120165,JAPANESE_FOOD,SUNDAY,-6
3120165,WESTERN_FOOD,MONDAY,-3
3120165,WESTERN_FOOD,TUESDAY,-2
3120165,WESTERN_FOOD,WEDNESDAY,-1
3120165,WESTERN_FOOD,THURSDAY,-1
3120165,WESTERN_FOOD,FRIDAY,1
3120165,WESTERN_FOOD,SATURDAY,5
3120165,WESTERN_FOOD,SUNDAY,1
3120165,BUNSIK,MONDAY,5
3120165,BUNSIK,TUESDAY,5
3120165,BUNSIK,WEDNESDAY,4
3120165,BUNSIK,THURSDAY,4
3120165,BUNSIK,FRIDAY,5
3120165,BUNSIK,SATURDAY,-6
3120165,BUNSIK,SUNDAY,-6
3120165,CAFE_BEVERAGE,MONDAY,-2
3120165,CAFE_BEVERAGE,TUESDAY,-1
3120165,CAFE_BEVERAGE,WEDNESDAY,0
3120165,CAFE_BEVERAGE,THURSDAY,-1
3120165,CAFE_BEVERAGE,FRIDAY,1
3120165,CAFE_BEVERAGE,SATURDAY,4
3120165,CAFE_BEVERAGE,SUNDAY,-1
3120165,BAKERY,MONDAY,-3
3120165,BAKERY,TUESDAY,-1
3120165,BAKERY,WEDNESDAY,0
3120165,BAKERY,THURSDAY,-1
3120165,BAKERY,FRIDAY,1
3120165,BAKERY,SATURDAY,6
3120165,BAKERY,SUNDAY,0
3120166,KOREAN_FOOD,MONDAY,2
3120166,KOREAN_FOOD,TUESDAY,4
3120166,KOREAN_FOOD,WEDNESDAY,3
3120166,KOREAN_FOOD,THURSDAY,4
3120166,KOREAN_FOOD,FRIDAY,3
3120166,KOREAN_FOOD,SATURDAY,-6
3120166,KOREAN_FOOD,SUNDAY,-6
3120166,CHINESE_FOOD,MONDAY,2
3120166,CHINESE_FOOD,TUESDAY,4
3120166,CHINESE_FOOD,WEDNESDAY,4
3120166,CHINESE_FOOD,THURSDAY,4
3120166,CHINESE_FOOD,FRIDAY,4
3120166,CHINESE_FOOD,SATURDAY,-6
3120166,CHINESE_FOOD,SUNDAY,-6
3120166,JAPANESE_FOOD,MONDAY,2
3120166,JAPANESE_FOOD,TUESDAY,5
3120166,JAPANESE_FOOD,WEDNESDAY,5
3120166,JAPANESE_FOOD,THURSDAY,5
3120166,JAPANESE_FOOD,FRIDAY,4
3120166,JAPANESE_FOOD,SATURDAY,-2
3120166,JAPANESE_FOOD,SUNDAY,-6
3120166,WESTERN_FOOD,MONDAY,1
3120166,WESTERN_FOOD,TUESDAY,4
3120166,WESTERN_FOOD,WEDNESDAY,4
3120166,WESTERN_FOOD,THURSDAY,5
3120166,WESTERN_FOOD,FRIDAY,5
3120166,WESTERN_FOOD,SATURDAY,-6
3120166,WESTERN_FOOD,SUNDAY,-6
3120166,CHICKEN,MONDAY,-4
3120166,CHICKEN,TUESDAY,-1
3120166,CHICKEN,WEDNESDAY,0
3120166,CHICKEN,THURSDAY,2
3120166,CHICKEN,FRIDAY,4
3120166,CHICKEN,SATURDAY,2
3120166,CHICKEN,SUNDAY,-2
3120166,FAST_FOOD,MONDAY,2
3120166,FAST_FOOD,TUESDAY,2
3120166,FAST_FOOD,WEDNESDAY,2
3120166,FAST_FOOD,THURSDAY,3
3120166,FAST_FOOD,FRIDAY,1
3120166,FAST_FOOD,SATURDAY,-2
3120166,FAST_FOOD,SUNDAY,-6
3120166,BUNSIK,MONDAY,2
3120166,BUNSIK,TUESDAY,3
3120166,BUNSIK,WEDNESDAY,3
3120166,BUNSIK,THURSDAY,3
3120166,BUNSIK,FRIDAY,2
3120166,BUNSIK,SATURDAY,-5
3120166,BUNSIK,SUNDAY,-6
3120166,CAFE_BEVERAGE,MONDAY,1
3120166,CAFE_BEVERAGE,TUESDAY,2
3120166,CAFE_BEVERAGE,WEDNESDAY,2
3120166,CAFE_BEVERAGE,THURSDAY,3
3120166,CAFE_BEVERAGE,FRIDAY,2
3120166,CAFE_BEVERAGE,SATURDAY,-2
3120166,CAFE_BEVERAGE,SUNDAY,-6
3120166,BAKERY,MONDAY,0
3120166,BAKERY,TUESDAY,1
3120166,BAKERY,WEDNESDAY,1
3120166,BAKERY,THURSDAY,1
3120166,BAKERY,FRIDAY,1
3120166,BAKERY,SATURDAY,-1
3120166,BAKERY,SUNDAY,-3
3120167,KOREAN_FOOD,MONDAY,-1
3120167,KOREAN_FOOD,TUESDAY,1
3120167,KOREAN_FOOD,WEDNESDAY,1
3120167,KOREAN_FOOD,THURSDAY,2
3120167,KOREAN_FOOD,FRIDAY,4
3120167,KOREAN_FOOD,SATURDAY,1
3120167,KOREAN_FOOD,SUNDAY,-6
3120167,WESTERN_FOOD,MONDAY,-1
3120167,WESTERN_FOOD,TUESDAY,-2
3120167,WESTERN_FOOD,WEDNESDAY,-2
3120167,WESTERN_FOOD,THURSDAY,-1
3120167,WESTERN_FOOD,FRIDAY,0
3120167,WESTERN_FOOD,SATURDAY,2
3120167,WESTERN_FOOD,SUNDAY,3
3120167,CHICKEN,MONDAY,-6
3120167,CHICKEN,TUESDAY,-2
3120167,CHICKEN,WEDNESDAY,-2
3120167,CHICKEN,THURSDAY,0
3120167,CHICKEN,FRIDAY,6
3120167,CHICKEN,SATURDAY,5
3120167,CHICKEN,SUNDAY,-2
3120167,BUNSIK,MONDAY,0
3120167,BUNSIK,TUESDAY,0
3120167,BUNSIK,WEDNESDAY,0
3120167,BUNSIK,THURSDAY,0
3120167,BUNSIK,FRIDAY,1
3120167,BUNSIK,SATURDAY,4
3120167,BUNSIK,SUNDAY,-4
3120167,CAFE_BEVERAGE,MONDAY,0
3120167,CAFE_BEVERAGE,TUESDAY,-1
3120167,CAFE_BEVERAGE,WEDNESDAY,-1
3120167,CAFE_BEVERAGE,THURSDAY,-1
3120167,CAFE_BEVERAGE,FRIDAY,0
3120167,CAFE_BEVERAGE,SATURDAY,4
3120167,CAFE_BEVERAGE,SUNDAY,0
3120167,BAKERY,MONDAY,3
3120167,BAKERY,TUESDAY,-1
3120167,BAKERY,WEDNESDAY,1
3120167,BAKERY,THURSDAY,0
3120167,BAKERY,FRIDAY,0
3120167,BAKERY,SATURDAY,1
3120167,BAKERY,SUNDAY,-5
3120168,KOREAN_FOOD,MONDAY,6
3120168,KOREAN_FOOD,TUESDAY,6
3120168,KOREAN_FOOD,WEDNESDAY,6
3120168,KOREAN_FOOD,THURSDAY,5
3120168,KOREAN_FOOD,FRIDAY,3
3120168,KOREAN_FOOD,SATURDAY,-6
3120168,KOREAN_FOOD,SUNDAY,-6
3120168,WESTERN_FOOD,MONDAY,5
3120168,WESTERN_FOOD,TUESDAY,6
3120168,WESTERN_FOOD,WEDNESDAY,5
3120168,WESTERN_FOOD,THURSDAY,6
3120168,WESTERN_FOOD,FRIDAY,6
3120168,WESTERN_FOOD,SATURDAY,-6
3120168,WESTERN_FOOD,SUNDAY,-6
3120168,CAFE_BEVERAGE,MONDAY,2
3120168,CAFE_BEVERAGE,TUESDAY,4
3120168,CAFE_BEVERAGE,WEDNESDAY,5
3120168,CAFE_BEVERAGE,THURSDAY,4
3120168,CAFE_BEVERAGE,FRIDAY,3
3120168,CAFE_BEVERAGE,SATURDAY,-6
3120168,CAFE_BEVERAGE,SUNDAY,-6
3120169,KOREAN_FOOD,MONDAY,4
3120169,KOREAN_FOOD,TUESDAY,5
3120169,KOREAN_FOOD,WEDNESDAY,5
3120169,KOREAN_FOOD,THURSDAY,5
3120169,KOREAN_FOOD,FRIDAY,3
3120169,KOREAN_FOOD,SATURDAY,-6
3120169,KOREAN_FOOD,SUNDAY,-6
3120169,CHINESE_FOOD,MONDAY,3
3120169,CHINESE_FOOD,TUESDAY,4
3120169,CHINESE_FOOD,WEDNESDAY,4
3120169,CHINESE_FOOD,THURSDAY,5
3120169,CHINESE_FOOD,FRIDAY,5
3120169,CHINESE_FOOD,SATURDAY,-6
3120169,CHINESE_FOOD,SUNDAY,-6
3120169,JAPANESE_FOOD,MONDAY,2
3120169,JAPANESE_FOOD,TUESDAY,5
3120169,JAPANESE_FOOD,WEDNESDAY,6
3120169,JAPANESE_FOOD,THURSDAY,6
3120169,JAPANESE_FOOD,FRIDAY,6
3120169,JAPANESE_FOOD,SATURDAY,-6
3120169,JAPANESE_FOOD,SUNDAY,-6
3120169,WESTERN_FOOD,MONDAY,1
3120169,WESTERN_FOOD,TUESDAY,3
3120169,WESTERN_FOOD,WEDNESDAY,3
3120169,WESTERN_FOOD,THURSDAY,4
3120169,WESTERN_FOOD,FRIDAY,2
3120169,WESTERN_FOOD,SATURDAY,-6
3120169,WESTERN_FOOD,SUNDAY,-5
3120169,FAST_FOOD,MONDAY,-3
3120169,FAST_FOOD,TUESDAY,1
3120169,FAST_FOOD,WEDNESDAY,3
3120169,FAST_FOOD,THURSDAY,2
3120169,FAST_FOOD,FRIDAY,1
3120169,FAST_FOOD,SATURDAY,-6
3120169,FAST_FOOD,SUNDAY,2
3120169,BUNSIK,MONDAY,4
3120169,BUNSIK,TUESDAY,5
3120169,BUNSIK,WEDNESDAY,6
3120169,BUNSIK,THURSDAY,6
3120169,BUNSIK,FRIDAY,3
3120169,BUNSIK,SATURDAY,-6
3120169,BUNSIK,SUNDAY,-6
3120169,CAFE_BEVERAGE,MONDAY,-1
3120169,CAFE_BEVERAGE,TUESDAY,1
3120169,CAFE_BEVERAGE,WEDNESDAY,1
3120169,CAFE_BEVERAGE,THURSDAY,1
3120169,CAFE_BEVERAGE,FRIDAY,1
3120169,CAFE_BEVERAGE,SATURDAY,-6
3120169,CAFE_BEVERAGE,SUNDAY,3
3120169,BAKERY,MONDAY,-1
3120169,BAKERY,TUESDAY,-1
3120169,BAKERY,WEDNESDAY,0
3120169,BAKERY,THURSDAY,1
3120169,BAKERY,FRIDAY,1
3120169,BAKERY,SATURDAY,-4
3120169,BAKERY,SUNDAY,4
3120170,KOREAN_FOOD,MONDAY,0
3120170,KOREAN_FOOD,TUESDAY,3
3120170,KOREAN_FOOD,WEDNESDAY,2
3120170,KOREAN_FOOD,THURSDAY,3
3120170,KOREAN_FOOD,FRIDAY,3
3120170,KOREAN_FOOD,SATURDAY,-4
3120170,KOREAN_FOOD,SUNDAY,-6
3120170,JAPANESE_FOOD,MONDAY,-3
3120170,JAPANESE_FOOD,TUESDAY,0
3120170,JAPANESE_FOOD,WEDNESDAY,1
3120170,JAPANESE_FOOD,THURSDAY,1
3120170,JAPANESE_FOOD,FRIDAY,2
3120170,JAPANESE_FOOD,SATURDAY,1
3120170,JAPANESE_FOOD,SUNDAY,-2
3120170,WESTERN_FOOD,MONDAY,-6
3120170,WESTERN_FOOD,TUESDAY,1
3120170,WESTERN_FOOD,WEDNESDAY,2
3120170,WESTERN_FOOD,THURSDAY,1
3120170,WESTERN_FOOD,FRIDAY,4
3120170,WESTERN_FOOD,SATURDAY,5
3120170,WESTERN_FOOD,SUNDAY,-4
3120170,BUNSIK,MONDAY,2
3120170,BUNSIK,TUESDAY,3
3120170,BUNSIK,WEDNESDAY,3
3120170,BUNSIK,THURSDAY,3
3120170,BUNSIK,FRIDAY,4
3120170,BUNSIK,SATURDAY,0
3120170,BUNSIK,SUNDAY,-6
3120170,CAFE_BEVERAGE,MONDAY,-2
3120170,CAFE_BEVERAGE,TUESDAY,1
3120170,CAFE_BEVERAGE,WEDNESDAY,1
3120170,CAFE_BEVERAGE,THURSDAY,1
3120170,CAFE_BEVERAGE,FRIDAY,2
3120170,CAFE_BEVERAGE,SATURDAY,3
3120170,CAFE_BEVERAGE,SUNDAY,-5
3120171,KOREAN_FOOD,MONDAY,0
3120171,KOREAN_FOOD,TUESDAY,3
3120171,KOREAN_FOOD,WEDNESDAY,3
3120171,KOREAN_FOOD,THURSDAY,3
3120171,KOREAN_FOOD,FRIDAY,3
3120171,KOREAN_FOOD,SATURDAY,-4
3120171,KOREAN_FOOD,SUNDAY,-6
3120171,CHINESE_FOOD,MONDAY,-1
3120171,CHINESE_FOOD,TUESDAY,3
3120171,CHINESE_FOOD,WEDNESDAY,4
3120171,CHINESE_FOOD,THURSDAY,3
3120171,CHINESE_FOOD,FRIDAY,4
3120171,CHINESE_FOOD,SATURDAY,-5
3120171,CHINESE_FOOD,SUNDAY,-6
3120171,JAPANESE_FOOD,MONDAY,0
3120171,JAPANESE_FOOD,TUESDAY,2
3120171,JAPANESE_FOOD,WEDNESDAY,2
3120171,JAPANESE_FOOD,THURSDAY,2
3120171,JAPANESE_FOOD,FRIDAY,3
3120171,JAPANESE_FOOD,SATURDAY,1
3120171,JAPANESE_FOOD,SUNDAY,-6
3120171,WESTERN_FOOD,MONDAY,-5
3120171,WESTERN_FOOD,TUESDAY,0
3120171,WESTERN_FOOD,WEDNESDAY,1
3120171,WESTERN_FOOD,THURSDAY,1
3120171,WESTERN_FOOD,FRIDAY,3
3120171,WESTERN_FOOD,SATURDAY,1
3120171,WESTERN_FOOD,SUNDAY,-1
3120171,BUNSIK,MONDAY,1
3120171,BUNSIK,TUESDAY,6
3120171,BUNSIK,WEDNESDAY,6
3120171,BUNSIK,THURSDAY,6
3120171,BUNSIK,FRIDAY,6
3120171,BUNSIK,SATURDAY,-6
3120171,BUNSIK,SUNDAY,-6
3120171,CAFE_BEVERAGE,MONDAY,1
3120171,CAFE_BEVERAGE,TUESDAY,2
3120171,CAFE_BEVERAGE,WEDNESDAY,3
3120171,CAFE_BEVERAGE,THURSDAY,3
3120171,CAFE_BEVERAGE,FRIDAY,4
3120171,CAFE_BEVERAGE,SATURDAY,-5
3120171,CAFE_BEVERAGE,SUNDAY,-6
3120171,BAKERY,MONDAY,-3
3120171,BAKERY,TUESDAY,-1
3120171,BAKERY,WEDNESDAY,-1
3120171,BAKERY,THURSDAY,0
3120171,BAKERY,FRIDAY,1
3120171,BAKERY,SATURDAY,4
3120171,BAKERY,SUNDAY,1
3120172,KOREAN_FOOD,MONDAY,4
3120172,KOREAN_FOOD,TUESDAY,5
3120172,KOREAN_FOOD,WEDNESDAY,5
3120172,KOREAN_FOOD,THURSDAY,5
3120172,KOREAN_FOOD,FRIDAY,5
3120172,KOREAN_FOOD,SATURDAY,-6
3120172,KOREAN_FOOD,SUNDAY,-6
3120172,CHINESE_FOOD,MONDAY,3
3120172,CHINESE_FOOD,TUESDAY,5
3120172,CHINESE_FOOD,WEDNESDAY,6
3120172,CHINESE_FOOD,THURSDAY,5
3120172,CHINESE_FOOD,FRIDAY,6
3120172,CHINESE_FOOD,SATURDAY,-6
3120172,CHINESE_FOOD,SUNDAY,-6
3120172,JAPANESE_FOOD,MONDAY,-1
3120172,JAPANESE_FOOD,TUESDAY,2
3120172,JAPANESE_FOOD,WEDNESDAY,5
3120172,JAPANESE_FOOD,THURSDAY,4
3120172,JAPANESE_FOOD,FRIDAY,4
3120172,JAPANESE_FOOD,SATURDAY,-6
3120172,JAPANESE_FOOD,SUNDAY,-6
3120172,WESTERN_FOOD,MONDAY,3
3120172,WESTERN_FOOD,TUESDAY,6
3120172,WESTERN_FOOD,WEDNESDAY,6
3120172,WESTERN_FOOD,THURSDAY,6
3120172,WESTERN_FOOD,FRIDAY,6
3120172,WESTERN_FOOD,SATURDAY,-6
3120172,WESTERN_FOOD,SUNDAY,-6
3120172,CHICKEN,MONDAY,-1
3120172,CHICKEN,TUESDAY,0
3120172,CHICKEN,WEDNESDAY,3
3120172,CHICKEN,THURSDAY,3
3120172,CHICKEN,FRIDAY,6
3120172,CHICKEN,SATURDAY,-5
3120172,CHICKEN,SUNDAY,-6
3120172,FAST_FOOD,MONDAY,4
3120172,FAST_FOOD,TUESDAY,5
3120172,FAST_FOOD,WEDNESDAY,6
3120172,FAST_FOOD,THURSDAY,5
3120172,FAST_FOOD,FRIDAY,5
3120172,FAST_FOOD,SATURDAY,-6
3120172,FAST_FOOD,SUNDAY,-6
3120172,BUNSIK,MONDAY,4
3120172,BUNSIK,TUESDAY,5
3120172,BUNSIK,WEDNESDAY,5
3120172,BUNSIK,THURSDAY,6
3120172,BUNSIK,FRIDAY,5
3120172,BUNSIK,SATURDAY,-6
3120172,BUNSIK,SUNDAY,-6
3120172,CAFE_BEVERAGE,MONDAY,2
3120172,CAFE_BEVERAGE,TUESDAY,3
3120172,CAFE_BEVERAGE,WEDNESDAY,3
3120172,CAFE_BEVERAGE,THURSDAY,3
3120172,CAFE_BEVERAGE,FRIDAY,3
3120172,CAFE_BEVERAGE,SATURDAY,-6
3120172,CAFE_BEVERAGE,SUNDAY,-6
3120173,KOREAN_FOOD,MONDAY,4
3120173,KOREAN_FOOD,TUESDAY,5
3120173,KOREAN_FOOD,WEDNESDAY,5
3120173,KOREAN_FOOD,THURSDAY,5
3120173,KOREAN_FOOD,FRIDAY,4
3120173,KOREAN_FOOD,SATURDAY,-6
3120173,KOREAN_FOOD,SUNDAY,-6
3120173,CHINESE_FOOD,MONDAY,1
3120173,CHINESE_FOOD,TUESDAY,4
3120173,CHINESE_FOOD,WEDNESDAY,5
3120173,CHINESE_FOOD,THURSDAY,5
3120173,CHINESE_FOOD,FRIDAY,5
3120173,CHINESE_FOOD,SATURDAY,-6
3120173,CHINESE_FOOD,SUNDAY,-6
3120173,JAPANESE_FOOD,MONDAY,2
3120173,JAPANESE_FOOD,TUESDAY,3
3120173,JAPANESE_FOOD,WEDNESDAY,4
3120173,JAPANESE_FOOD,THURSDAY,4
3120173,JAPANESE_FOOD,FRIDAY,5
3120173,JAPANESE_FOOD,SATURDAY,-6
3120173,JAPANESE_FOOD,SUNDAY,-6
3120173,WESTERN_FOOD,MONDAY,3
3120173,WESTERN_FOOD,TUESDAY,5
3120173,WESTERN_FOOD,WEDNESDAY,5
3120173,WESTERN_FOOD,THURSDAY,5
3120173,WESTERN_FOOD,FRIDAY,5
3120173,WESTERN_FOOD,SATURDAY,-6
3120173,WESTERN_FOOD,SUNDAY,-6
3120173,CHICKEN,MONDAY,1
3120173,CHICKEN,TUESDAY,3
3120173,CHICKEN,WEDNESDAY,4
3120173,CHICKEN,THURSDAY,5
3120173,CHICKEN,FRIDAY,6
3120173,CHICKEN,SATURDAY,-6
3120173,CHICKEN,SUNDAY,-6
3120173,FAST_FOOD,MONDAY,2
3120173,FAST_FOOD,TUESDAY,2
3120173,FAST_FOOD,WEDNESDAY,3
3120173,FAST_FOOD,THURSDAY,3
3120173,FAST_FOOD,FRIDAY,3
3120173,FAST_FOOD,SATURDAY,-5
3120173,FAST_FOOD,SUNDAY,-6
3120173,BUNSIK,MONDAY,4
3120173,BUNSIK,TUESDAY,4
3120173,BUNSIK,WEDNESDAY,4
3120173,BUNSIK,THURSDAY,4
3120173,BUNSIK,FRIDAY,4
3120173,BUNSIK,SATURDAY,-6
3120173,BUNSIK,SUNDAY,-6
3120173,CAFE_BEVERAGE,MONDAY,3
3120173,CAFE_BEVERAGE,TUESDAY,4
3120173,CAFE_BEVERAGE,WEDNESDAY,4
3120173,CAFE_BEVERAGE,THURSDAY,4
3120173,CAFE_BEVERAGE,FRIDAY,5
3120173,CAFE_BEVERAGE,SATURDAY,-6
3120173,CAFE_BEVERAGE,SUNDAY,-6
3120173,BAKERY,MONDAY,1
3120173,BAKERY,TUESDAY,3
3120173,BAKERY,WEDNESDAY,4
3120173,BAKERY,THURSDAY,4
3120173,BAKERY,FRIDAY,4
3120173,BAKERY,SATURDAY,-6
3120173,BAKERY,SUNDAY,-6
3120175,KOREAN_FOOD,MONDAY,4
3120175,KOREAN_FOOD,TUESDAY,5
3120175,KOREAN_FOOD,WEDNESDAY,4
3120175,KOREAN_FOOD,THURSDAY,5
3120175,KOREAN_FOOD,FRIDAY,4
3120175,KOREAN_FOOD,SATURDAY,-6
3120175,KOREAN_FOOD,SUNDAY,-6
3120175,CHINESE_FOOD,MONDAY,3
3120175,CHINESE_FOOD,TUESDAY,4
3120175,CHINESE_FOOD,WEDNESDAY,5
3120175,CHINESE_FOOD,THURSDAY,5
3120175,CHINESE_FOOD,FRIDAY,4
3120175,CHINESE_FOOD,SATURDAY,-6
3120175,CHINESE_FOOD,SUNDAY,-6
3120175,JAPANESE_FOOD,MONDAY,3
3120175,JAPANESE_FOOD,TUESDAY,6
3120175,JAPANESE_FOOD,WEDNESDAY,5
3120175,JAPANESE_FOOD,THURSDAY,6
3120175,JAPANESE_FOOD,FRIDAY,6
3120175,JAPANESE_FOOD,SATURDAY,-6
3120175,JAPANESE_FOOD,SUNDAY,-6
3120175,WESTERN_FOOD,MONDAY,1
3120175,WESTERN_FOOD,TUESDAY,2
3120175,WESTERN_FOOD,WEDNESDAY,3
3120175,WESTERN_FOOD,THURSDAY,3
3120175,WESTERN_FOOD,FRIDAY,5
3120175,WESTERN_FOOD,SATURDAY,5
3120175,WESTERN_FOOD,SUNDAY,-6
3120175,CHICKEN,MONDAY,-1
3120175,CHICKEN,TUESDAY,1
3120175,CHICKEN,WEDNESDAY,0
3120175,CHICKEN,THURSDAY,2
3120175,CHICKEN,FRIDAY,3
3120175,CHICKEN,SATURDAY,-2
3120175,CHICKEN,SUNDAY,-4
3120175,FAST_FOOD,MONDAY,-1
3120175,FAST_FOOD,TUESDAY,0
3120175,FAST_FOOD,WEDNESDAY,0
3120175,FAST_FOOD,THURSDAY,1
3120175,FAST_FOOD,FRIDAY,3
3120175,FAST_FOOD,SATURDAY,0
3120175,FAST_FOOD,SUNDAY,-3
3120175,BUNSIK,MONDAY,0
3120175,BUNSIK,TUESDAY,0
3120175,BUNSIK,WEDNESDAY,0
3120175,BUNSIK,THURSDAY,1
3120175,BUNSIK,FRIDAY,4
3120175,BUNSIK,SATURDAY,-1
3120175,BUNSIK,SUNDAY,-4
3120175,CAFE_BEVERAGE,MONDAY,2
3120175,CAFE_BEVERAGE,TUESDAY,2
3120175,CAFE_BEVERAGE,WEDNESDAY,2
3120175,CAFE_BEVERAGE,THURSDAY,3
3120175,CAFE_BEVERAGE,FRIDAY,3
3120175,CAFE_BEVERAGE,SATURDAY,-4
3120175,CAFE_BEVERAGE,SUNDAY,-6
3120175,BAKERY,MONDAY,0
3120175,BAKERY,TUESDAY,0
3120175,BAKERY,WEDNESDAY,1
3120175,BAKERY,THURSDAY,1
3120175,BAKERY,FRIDAY,4
3120175,BAKERY,SATURDAY,-1
3120175,BAKERY,SUNDAY,-4
3120176,KOREAN_FOOD,MONDAY,-4
3120176,KOREAN_FOOD,TUESDAY,0
3120176,KOREAN_FOOD,WEDNESDAY,2
3120176,KOREAN_FOOD,THURSDAY,1
3120176,KOREAN_FOOD,FRIDAY,3
3120176,KOREAN_FOOD,SATURDAY,1
3120176,KOREAN_FOOD,SUNDAY,-2
3120176,CAFE_BEVERAGE,MONDAY,1
3120176,CAFE_BEVERAGE,TUESDAY,2
3120176,CAFE_BEVERAGE,WEDNESDAY,3
3120176,CAFE_BEVERAGE,THURSDAY,4
3120176,CAFE_BEVERAGE,FRIDAY,5
3120176,CAFE_BEVERAGE,SATURDAY,-3
3120176,CAFE_BEVERAGE,SUNDAY,-6
3120177,KOREAN_FOOD,MONDAY,4
3120177,KOREAN_FOOD,TUESDAY,5
3120177,KOREAN_FOOD,WEDNESDAY,5
3120177,KOREAN_FOOD,THURSDAY,6
3120177,KOREAN_FOOD,FRIDAY,5
3120177,KOREAN_FOOD,SATURDAY,-6
3120177,KOREAN_FOOD,SUNDAY,-6
3120177,WESTERN_FOOD,MONDAY,3
3120177,WESTERN_FOOD,TUESDAY,3
3120177,WESTERN_FOOD,WEDNESDAY,5
3120177,WESTERN_FOOD,THURSDAY,5
3120177,WESTERN_FOOD,FRIDAY,4
3120177,WESTERN_FOOD,SATURDAY,0
3120177,WESTERN_FOOD,SUNDAY,-6
3120177,BUNSIK,MONDAY,3
3120177,BUNSIK,TUESDAY,4
3120177,BUNSIK,WEDNESDAY,3
3120177,BUNSIK,THURSDAY,4
3120177,BUNSIK,FRIDAY,3
3120177,BUNSIK,SATURDAY,-6
3120177,BUNSIK,SUNDAY,-5
3120177,CAFE_BEVERAGE,MONDAY,0
3120177,CAFE_BEVERAGE,TUESDAY,0
3120177,CAFE_BEVERAGE,WEDNESDAY,2
3120177,CAFE_BEVERAGE,THURSDAY,1
3120177,CAFE_BEVERAGE,FRIDAY,2
3120177,CAFE_BEVERAGE,SATURDAY,1
3120177,CAFE_BEVERAGE,SUNDAY,-5
3120178,KOREAN_FOOD,MONDAY,1
3120178,KOREAN_FOOD,TUESDAY,2
3120178,KOREAN_FOOD,WEDNESDAY,2
3120178,KOREAN_FOOD,THURSDAY,3
3120178,KOREAN_FOOD,FRIDAY,4
3120178,KOREAN_FOOD,SATURDAY,-4
3120178,KOREAN_FOOD,SUNDAY,-6
3120178,CHINESE_FOOD,MONDAY,0
3120178,CHINESE_FOOD,TUESDAY,1
3120178,CHINESE_FOOD,WEDNESDAY,2
3120178,CHINESE_FOOD,THURSDAY,4
3120178,CHINESE_FOOD,FRIDAY,5
3120178,CHINESE_FOOD,SATURDAY,-4
3120178,CHINESE_FOOD,SUNDAY,-6
3120178,JAPANESE_FOOD,MONDAY,-2
3120178,JAPANESE_FOOD,TUESDAY,0
3120178,JAPANESE_FOOD,WEDNESDAY,0
3120178,JAPANESE_FOOD,THURSDAY,1
3120178,JAPANESE_FOOD,FRIDAY,6
3120178,JAPANESE_FOOD,SATURDAY,2
3120178,JAPANESE_FOOD,SUNDAY,-6
3120178,WESTERN_FOOD,MONDAY,0
3120178,WESTERN_FOOD,TUESDAY,-2
3120178,WESTERN_FOOD,WEDNESDAY,0
3120178,WESTERN_FOOD,THURSDAY,1
3120178,WESTERN_FOOD,FRIDAY,6
3120178,WESTERN_FOOD,SATURDAY,1
3120178,WESTERN_FOOD,SUNDAY,-6
3120178,CHICKEN,MONDAY,-2
3120178,CHICKEN,TUESDAY,0
3120178,CHICKEN,WEDNESDAY,0
3120178,CHICKEN,THURSDAY,2
3120178,CHICKEN,FRIDAY,3
3120178,CHICKEN,SATURDAY,0
3120178,CHICKEN,SUNDAY,-3
3120178,FAST_FOOD,MONDAY,3
3120178,FAST_FOOD,TUESDAY,3
3120178,FAST_FOOD,WEDNESDAY,2
3120178,FAST_FOOD,THURSDAY,3
3120178,FAST_FOOD,FRIDAY,3
3120178,FAST_FOOD,SATURDAY,-5
3120178,FAST_FOOD,SUNDAY,-6
3120178,BUNSIK,MONDAY,3
3120178,BUNSIK,TUESDAY,3
3120178,BUNSIK,WEDNESDAY,3
3120178,BUNSIK,THURSDAY,4
3120178,BUNSIK,FRIDAY,3
3120178,BUNSIK,SATURDAY,-6
3120178,BUNSIK,SUNDAY,-6
3120178,CAFE_BEVERAGE,MONDAY,2
3120178,CAFE_BEVERAGE,TUESDAY,3
3120178,CAFE_BEVERAGE,WEDNESDAY,3
3120178,CAFE_BEVERAGE,THURSDAY,4
3120178,CAFE_BEVERAGE,FRIDAY,4
3120178,CAFE_BEVERAGE,SATURDAY,-4
3120178,CAFE_BEVERAGE,SUNDAY,-6
3120178,BAKERY,MONDAY,2
3120178,BAKERY,TUESDAY,4
3120178,BAKERY,WEDNESDAY,4
3120178,BAKERY,THURSDAY,4
3120178,BAKERY,FRIDAY,6
3120178,BAKERY,SATURDAY,-1
3120178,BAKERY,SUNDAY,-6
3120179,KOREAN_FOOD,MONDAY,1
3120179,KOREAN_FOOD,TUESDAY,4
3120179,KOREAN_FOOD,WEDNESDAY,4
3120179,KOREAN_FOOD,THURSDAY,4
3120179,KOREAN_FOOD,FRIDAY,5
3120179,KOREAN_FOOD,SATURDAY,-6
3120179,KOREAN_FOOD,SUNDAY,-6
3120179,CHINESE_FOOD,MONDAY,0
3120179,CHINESE_FOOD,TUESDAY,3
3120179,CHINESE_FOOD,WEDNESDAY,4
3120179,CHINESE_FOOD,THURSDAY,5
3120179,CHINESE_FOOD,FRIDAY,6
3120179,CHINESE_FOOD,SATURDAY,-6
3120179,CHINESE_FOOD,SUNDAY,-6
3120179,JAPANESE_FOOD,MONDAY,3
3120179,JAPANESE_FOOD,TUESDAY,4
3120179,JAPANESE_FOOD,WEDNESDAY,5
3120179,JAPANESE_FOOD,THURSDAY,6
3120179,JAPANESE_FOOD,FRIDAY,6
3120179,JAPANESE_FOOD,SATURDAY,-6
3120179,JAPANESE_FOOD,SUNDAY,-6
3120179,WESTERN_FOOD,MONDAY,3
3120179,WESTERN_FOOD,TUESDAY,4
3120179,WESTERN_FOOD,WEDNESDAY,4
3120179,WESTERN_FOOD,THURSDAY,5
3120179,WESTERN_FOOD,FRIDAY,5
3120179,WESTERN_FOOD,SATURDAY,-6
3120179,WESTERN_FOOD,SUNDAY,-6
3120179,CHICKEN,MONDAY,0
3120179,CHICKEN,TUESDAY,3
3120179,CHICKEN,WEDNESDAY,4
3120179,CHICKEN,THURSDAY,6
3120179,CHICKEN,FRIDAY,5
3120179,CHICKEN,SATURDAY,-5
3120179,CHICKEN,SUNDAY,-6
3120179,FAST_FOOD,MONDAY,1
3120179,FAST_FOOD,TUESDAY,1
3120179,FAST_FOOD,WEDNESDAY,2
3120179,FAST_FOOD,THURSDAY,3
3120179,FAST_FOOD,FRIDAY,4
3120179,FAST_FOOD,SATURDAY,-4
3120179,FAST_FOOD,SUNDAY,-6
3120179,BUNSIK,MONDAY,1
3120179,BUNSIK,TUESDAY,2
3120179,BUNSIK,WEDNESDAY,3
3120179,BUNSIK,THURSDAY,3
3120179,BUNSIK,FRIDAY,4
3120179,BUNSIK,SATURDAY,-4
3120179,BUNSIK,SUNDAY,-6
3120179,CAFE_BEVERAGE,MONDAY,1
3120179,CAFE_BEVERAGE,TUESDAY,2
3120179,CAFE_BEVERAGE,WEDNESDAY,3
3120179,CAFE_BEVERAGE,THURSDAY,4
3120179,CAFE_BEVERAGE,FRIDAY,4
3120179,CAFE_BEVERAGE,SATURDAY,-5
3120179,CAFE_BEVERAGE,SUNDAY,-6
3120179,BAKERY,MONDAY,2
3120179,BAKERY,TUESDAY,4
3120179,BAKERY,WEDNESDAY,4
3120179,BAKERY,THURSDAY,4
3120179,BAKERY,FRIDAY,4
3120179,BAKERY,SATURDAY,-6
3120179,BAKERY,SUNDAY,-6
3120180,KOREAN_FOOD,MONDAY,6
3120180,KOREAN_FOOD,TUESDAY,6
3120180,KOREAN_FOOD,WEDNESDAY,4
3120180,KOREAN_FOOD,THURSDAY,6
3120180,KOREAN_FOOD,FRIDAY,4
3120180,KOREAN_FOOD,SATURDAY,-6
3120180,KOREAN_FOOD,SUNDAY,-6
3120180,WESTERN_FOOD,MONDAY,6
3120180,WESTERN_FOOD,TUESDAY,6
3120180,WESTERN_FOOD,WEDNESDAY,6
3120180,WESTERN_FOOD,THURSDAY,6
3120180,WESTERN_FOOD,FRIDAY,6
3120180,WESTERN_FOOD,SATURDAY,-6
3120180,WESTERN_FOOD,SUNDAY,-6
3120180,BUNSIK,MONDAY,5
3120180,BUNSIK,TUESDAY,6
3120180,BUNSIK,WEDNESDAY,5
3120180,BUNSIK,THURSDAY,6
3120180,BUNSIK,FRIDAY,6
3120180,BUNSIK,SATURDAY,-6
3120180,BUNSIK,SUNDAY,-6
3120180,CAFE_BEVERAGE,MONDAY,3
3120180,CAFE_BEVERAGE,TUESDAY,3
3120180,CAFE_BEVERAGE,WEDNESDAY,1
3120180,CAFE_BEVERAGE,THURSDAY,4
3120180,CAFE_BEVERAGE,FRIDAY,4
3120180,CAFE_BEVERAGE,SATURDAY,-6
3120180,CAFE_BEVERAGE,SUNDAY,-6
3120181,KOREAN_FOOD,MONDAY,5
3120181,KOREAN_FOOD,TUESDAY,4
3120181,KOREAN_FOOD,WEDNESDAY,5
3120181,KOREAN_FOOD,THURSDAY,4
3120181,KOREAN_FOOD,FRIDAY,3
3120181,KOREAN_FOOD,SATURDAY,-6
3120181,KOREAN_FOOD,SUNDAY,-6
3120181,WESTERN_FOOD,MONDAY,-3
3120181,WESTERN_FOOD,TUESDAY,-2
3120181,WESTERN_FOOD,WEDNESDAY,0
3120181,WESTERN_FOOD,THURSDAY,0
3120181,WESTERN_FOOD,FRIDAY,3
3120181,WESTERN_FOOD,SATURDAY,-4
3120181,WESTERN_FOOD,SUNDAY,6
3120181,BUNSIK,MONDAY,5
3120181,BUNSIK,TUESDAY,4
3120181,BUNSIK,WEDNESDAY,4
3120181,BUNSIK,THURSDAY,4
3120181,BUNSIK,FRIDAY,0
3120181,BUNSIK,SATURDAY,-6
3120181,BUNSIK,SUNDAY,-3
3120181,CAFE_BEVERAGE,MONDAY,3
3120181,CAFE_BEVERAGE,TUESDAY,3
3120181,CAFE_BEVERAGE,WEDNESDAY,4
3120181,CAFE_BEVERAGE,THURSDAY,4
3120181,CAFE_BEVERAGE,FRIDAY,3
3120181,CAFE_BEVERAGE,SATURDAY,-6
3120181,CAFE_BEVERAGE,SUNDAY,-5
3120182,KOREAN_FOOD,MONDAY,1
3120182,KOREAN_FOOD,TUESDAY,2
3120182,KOREAN_FOOD,WEDNESDAY,2
3120182,KOREAN_FOOD,THURSDAY,3
3120182,KOREAN_FOOD,FRIDAY,3
3120182,KOREAN_FOOD,SATURDAY,-4
3120182,KOREAN_FOOD,SUNDAY,-6
3120182,CHINESE_FOOD,MONDAY,-2
3120182,CHINESE_FOOD,TUESDAY,1
3120182,CHINESE_FOOD,WEDNESDAY,2
3120182,CHINESE_FOOD,THURSDAY,4
3120182,CHINESE_FOOD,FRIDAY,5
3120182,CHINESE_FOOD,SATURDAY,0
3120182,CHINESE_FOOD,SUNDAY,-6
3120182,JAPANESE_FOOD,MONDAY,-2
3120182,JAPANESE_FOOD,TUESDAY,2
3120182,JAPANESE_FOOD,WEDNESDAY,2
3120182,JAPANESE_FOOD,THURSDAY,4
3120182,JAPANESE_FOOD,FRIDAY,4
3120182,JAPANESE_FOOD,SATURDAY,-2
3120182,JAPANESE_FOOD,SUNDAY,-6
3120182,WESTERN_FOOD,MONDAY,-1
3120182,WESTERN_FOOD,TUESDAY,5
3120182,WESTERN_FOOD,WEDNESDAY,6
3120182,WESTERN_FOOD,THURSDAY,6
3120182,WESTERN_FOOD,FRIDAY,5
3120182,WESTERN_FOOD,SATURDAY,-6
3120182,WESTERN_FOOD,SUNDAY,-6
3120182,CHICKEN,MONDAY,-2
3120182,CHICKEN,TUESDAY,0
3120182,CHICKEN,WEDNESDAY,1
3120182,CHICKEN,THURSDAY,3
3120182,CHICKEN,FRIDAY,5
3120182,CHICKEN,SATURDAY,-1
3120182,CHICKEN,SUNDAY,-6
3120182,BUNSIK,MONDAY,0
3120182,BUNSIK,TUESDAY,0
3120182,BUNSIK,WEDNESDAY,2
3120182,BUNSIK,THURSDAY,3
3120182,BUNSIK,FRIDAY,3
3120182,BUNSIK,SATURDAY,-4
3120182,BUNSIK,SUNDAY,-5
3120182,CAFE_BEVERAGE,MONDAY,0
3120182,CAFE_BEVERAGE,TUESDAY,1
3120182,CAFE_BEVERAGE,WEDNESDAY,1
3120182,CAFE_BEVERAGE,THURSDAY,1
3120182,CAFE_BEVERAGE,FRIDAY,3
3120182,CAFE_BEVERAGE,SATURDAY,-2
3120182,CAFE_BEVERAGE,SUNDAY,-4
3120182,BAKERY,MONDAY,2
3120182,BAKERY,TUESDAY,2
3120182,BAKERY,WEDNESDAY,2
3120182,BAKERY,THURSDAY,2
3120182,BAKERY,FRIDAY,2
3120182,BAKERY,SATURDAY,-4
3120182,BAKERY,SUNDAY,-5
3120183,KOREAN_FOOD,MONDAY,5
3120183,KOREAN_FOOD,TUESDAY,5
3120183,KOREAN_FOOD,WEDNESDAY,5
3120183,KOREAN_FOOD,THURSDAY,6
3120183,KOREAN_FOOD,FRIDAY,5
3120183,KOREAN_FOOD,SATURDAY,-6
3120183,KOREAN_FOOD,SUNDAY,-6
3120183,CHINESE_FOOD,MONDAY,-3
3120183,CHINESE_FOOD,TUESDAY,-5
3120183,CHINESE_FOOD,WEDNESDAY,-3
3120183,CHINESE_FOOD,THURSDAY,-1
3120183,CHINESE_FOOD,FRIDAY,0
3120183,CHINESE_FOOD,SATURDAY,4
3120183,CHINESE_FOOD,SUNDAY,6
3120183,WESTERN_FOOD,MONDAY,-2
3120183,WESTERN_FOOD,TUESDAY,1
3120183,WESTERN_FOOD,WEDNESDAY,1
3120183,WESTERN_FOOD,THURSDAY,2
3120183,WESTERN_FOOD,FRIDAY,5
3120183,WESTERN_FOOD,SATURDAY,-2
3120183,WESTERN_FOOD,SUNDAY,-4
3120183,FAST_FOOD,MONDAY,-6
3120183,FAST_FOOD,TUESDAY,-2
3120183,FAST_FOOD,WEDNESDAY,-5
3120183,FAST_FOOD,THURSDAY,6
3120183,FAST_FOOD,FRIDAY,-1
3120183,FAST_FOOD,SATURDAY,1
3120183,FAST_FOOD,SUNDAY,6
3120183,BUNSIK,MONDAY,5
3120183,BUNSIK,TUESDAY,5
3120183,BUNSIK,WEDNESDAY,6
3120183,BUNSIK,THURSDAY,4
3120183,BUNSIK,FRIDAY,6
3120183,BUNSIK,SATURDAY,-6
3120183,BUNSIK,SUNDAY,-6
3120183,CAFE_BEVERAGE,MONDAY,-3
3120183,CAFE_BEVERAGE,TUESDAY,0
3120183,CAFE_BEVERAGE,WEDNESDAY,1
3120183,CAFE_BEVERAGE,THURSDAY,0
3120183,CAFE_BEVERAGE,FRIDAY,1
3120183,CAFE_BEVERAGE,SATURDAY,0
3120183,CAFE_BEVERAGE,SUNDAY,1
3120184,KOREAN_FOOD,MONDAY,3
3120184,KOREAN_FOOD,TUESDAY,3
3120184,KOREAN_FOOD,WEDNESDAY,3
3120184,KOREAN_FOOD,THURSDAY,3
3120184,KOREAN_FOOD,FRIDAY,3
3120184,KOREAN_FOOD,SATURDAY,-6
3120184,KOREAN_FOOD,SUNDAY,-6
3120184,CHINESE_FOOD,MONDAY,1
3120184,CHINESE_FOOD,TUESDAY,3
3120184,CHINESE_FOOD,WEDNESDAY,3
3120184,CHINESE_FOOD,THURSDAY,3
3120184,CHINESE_FOOD,FRIDAY,3
3120184,CHINESE_FOOD,SATURDAY,-6
3120184,CHINESE_FOOD,SUNDAY,-6
3120184,JAPANESE_FOOD,MONDAY,5
3120184,JAPANESE_FOOD,TUESDAY,6
3120184,JAPANESE_FOOD,WEDNESDAY,6
3120184,JAPANESE_FOOD,THURSDAY,6
3120184,JAPANESE_FOOD,FRIDAY,6
3120184,JAPANESE_FOOD,SATURDAY,-6
3120184,JAPANESE_FOOD,SUNDAY,-6
3120184,WESTERN_FOOD,MONDAY,-1
3120184,WESTERN_FOOD,TUESDAY,1
3120184,WESTERN_FOOD,WEDNESDAY,3
3120184,WESTERN_FOOD,THURSDAY,3
3120184,WESTERN_FOOD,FRIDAY,4
3120184,WESTERN_FOOD,SATURDAY,-4
3120184,WESTERN_FOOD,SUNDAY,-6
3120184,CHICKEN,MONDAY,1
3120184,CHICKEN,TUESDAY,3
3120184,CHICKEN,WEDNESDAY,2
3120184,CHICKEN,THURSDAY,3
3120184,CHICKEN,FRIDAY,4
3120184,CHICKEN,SATURDAY,-4
3120184,CHICKEN,SUNDAY,-6
3120184,FAST_FOOD,MONDAY,1
3120184,FAST_FOOD,TUESDAY,2
3120184,FAST_FOOD,WEDNESDAY,2
3120184,FAST_FOOD,THURSDAY,4
3120184,FAST_FOOD,FRIDAY,3
3120184,FAST_FOOD,SATURDAY,-6
3120184,FAST_FOOD,SUNDAY,-4
3120184,BUNSIK,MONDAY,3
3120184,BUNSIK,TUESDAY,3
3120184,BUNSIK,WEDNESDAY,5
3120184,BUNSIK,THURSDAY,4
3120184,BUNSIK,FRIDAY,4
3120184,BUNSIK,SATURDAY,-6
3120184,BUNSIK,SUNDAY,-6
3120184,CAFE_BEVERAGE,MONDAY,2
3120184,CAFE_BEVERAGE,TUESDAY,2
3120184,CAFE_BEVERAGE,WEDNESDAY,3
3120184,CAFE_BEVERAGE,THURSDAY,3
3120184,CAFE_BEVERAGE,FRIDAY,4
3120184,CAFE_BEVERAGE,SATURDAY,-6
3120184,CAFE_BEVERAGE,SUNDAY,-6
3120184,BAKERY,MONDAY,2
3120184,BAKERY,TUESDAY,2
3120184,BAKERY,WEDNESDAY,3
3120184,BAKERY,THURSDAY,3
3120184,BAKERY,FRIDAY,3
3120184,BAKERY,SATURDAY,-3
3120184,BAKERY,SUNDAY,-6
3120185,KOREAN_FOOD,MONDAY,3
3120185,KOREAN_FOOD,TUESDAY,4
3120185,KOREAN_FOOD,WEDNESDAY,4
3120185,KOREAN_FOOD,THURSDAY,4
3120185,KOREAN_FOOD,FRIDAY,4
3120185,KOREAN_FOOD,SATURDAY,-6
3120185,KOREAN_FOOD,SUNDAY,-6
3120185,CHINESE_FOOD,MONDAY,4
3120185,CHINESE_FOOD,TUESDAY,5
3120185,CHINESE_FOOD,WEDNESDAY,5
3120185,CHINESE_FOOD,THURSDAY,5
3120185,CHINESE_FOOD,FRIDAY,5
3120185,CHINESE_FOOD,SATURDAY,-6
3120185,CHINESE_FOOD,SUNDAY,-6
3120185,JAPANESE_FOOD,MONDAY,0
3120185,JAPANESE_FOOD,TUESDAY,2
3120185,JAPANESE_FOOD,WEDNESDAY,2
3120185,JAPANESE_FOOD,THURSDAY,3
3120185,JAPANESE_FOOD,FRIDAY,6
3120185,JAPANESE_FOOD,SATURDAY,-3
3120185,JAPANESE_FOOD,SUNDAY,-6
3120185,WESTERN_FOOD,MONDAY,-2
3120185,WESTERN_FOOD,TUESDAY,1
3120185,WESTERN_FOOD,WEDNESDAY,2
3120185,WESTERN_FOOD,THURSDAY,3
3120185,WESTERN_FOOD,FRIDAY,5
3120185,WESTERN_FOOD,SATURDAY,-1
3120185,WESTERN_FOOD,SUNDAY,-6
3120185,CHICKEN,MONDAY,-2
3120185,CHICKEN,TUESDAY,-3
3120185,CHICKEN,WEDNESDAY,0
3120185,CHICKEN,THURSDAY,3
3120185,CHICKEN,FRIDAY,5
3120185,CHICKEN,SATURDAY,0
3120185,CHICKEN,SUNDAY,-2
3120185,FAST_FOOD,MONDAY,1
3120185,FAST_FOOD,TUESDAY,1
3120185,FAST_FOOD,WEDNESDAY,1
3120185,FAST_FOOD,THURSDAY,2
3120185,FAST_FOOD,FRIDAY,2
3120185,FAST_FOOD,SATURDAY,-3
3120185,FAST_FOOD,SUNDAY,-5
3120185,BUNSIK,MONDAY,1
3120185,BUNSIK,TUESDAY,2
3120185,BUNSIK,WEDNESDAY,2
3120185,BUNSIK,THURSDAY,3
3120185,BUNSIK,FRIDAY,2
3120185,BUNSIK,SATURDAY,-2
3120185,BUNSIK,SUNDAY,-6
3120185,CAFE_BEVERAGE,MONDAY,2
3120185,CAFE_BEVERAGE,TUESDAY,2
3120185,CAFE_BEVERAGE,WEDNESDAY,3
3120185,CAFE_BEVERAGE,THURSDAY,3
3120185,CAFE_BEVERAGE,FRIDAY,3
3120185,CAFE_BEVERAGE,SATURDAY,-3
3120185,CAFE_BEVERAGE,SUNDAY,-6
3120185,BAKERY,MONDAY,1
3120185,BAKERY,TUESDAY,2
3120185,BAKERY,WEDNESDAY,3
3120185,BAKERY,THURSDAY,2
3120185,BAKERY,FRIDAY,3
3120185,BAKERY,SATURDAY,-2
3120185,BAKERY,SUNDAY,-6
3120186,KOREAN_FOOD,MONDAY,0
3120186,KOREAN_FOOD,TUESDAY,0
3120186,KOREAN_FOOD,WEDNESDAY,1
3120186,KOREAN_FOOD,THURSDAY,2
3120186,KOREAN_FOOD,FRIDAY,4
3120186,KOREAN_FOOD,SATURDAY,0
3120186,KOREAN_FOOD,SUNDAY,-6
3120186,CHINESE_FOOD,MONDAY,-6
3120186,CHINESE_FOOD,TUESDAY,2
3120186,CHINESE_FOOD,WEDNESDAY,3
3120186,CHINESE_FOOD,THURSDAY,4
3120186,CHINESE_FOOD,FRIDAY,6
3120186,CHINESE_FOOD,SATURDAY,2
3120186,CHINESE_FOOD,SUNDAY,-6
3120186,JAPANESE_FOOD,MONDAY,-4
3120186,JAPANESE_FOOD,TUESDAY,-2
3120186,JAPANESE_FOOD,WEDNESDAY,-2
3120186,JAPANESE_FOOD,THURSDAY,-1
3120186,JAPANESE_FOOD,FRIDAY,5
3120186,JAPANESE_FOOD,SATURDAY,6
3120186,JAPANESE_FOOD,SUNDAY,-2
3120186,WESTERN_FOOD,MONDAY,-3
3120186,WESTERN_FOOD,TUESDAY,-2
3120186,WESTERN_FOOD,WEDNESDAY,-1
3120186,WESTERN_FOOD,THURSDAY,-1
3120186,WESTERN_FOOD,FRIDAY,3
3120186,WESTERN_FOOD,SATURDAY,6
3120186,WESTERN_FOOD,SUNDAY,-1
3120186,CHICKEN,MONDAY,-2
3120186,CHICKEN,TUESDAY,-1
3120186,CHICKEN,WEDNESDAY,0
3120186,CHICKEN,THURSDAY,2
3120186,CHICKEN,FRIDAY,5
3120186,CHICKEN,SATURDAY,2
3120186,CHICKEN,SUNDAY,-5
3120186,FAST_FOOD,MONDAY,-2
3120186,FAST_FOOD,TUESDAY,0
3120186,FAST_FOOD,WEDNESDAY,1
3120186,FAST_FOOD,THURSDAY,2
3120186,FAST_FOOD,FRIDAY,2
3120186,FAST_FOOD,SATURDAY,0
3120186,FAST_FOOD,SUNDAY,-3
3120186,BUNSIK,MONDAY,-1
3120186,BUNSIK,TUESDAY,1
3120186,BUNSIK,WEDNESDAY,2
3120186,BUNSIK,THURSDAY,2
3120186,BUNSIK,FRIDAY,4
3120186,BUNSIK,SATURDAY,1
3120186,BUNSIK,SUNDAY,-6
3120186,CAFE_BEVERAGE,MONDAY,-2
3120186,CAFE_BEVERAGE,TUESDAY,-1
3120186,CAFE_BEVERAGE,WEDNESDAY,0
3120186,CAFE_BEVERAGE,THURSDAY,0
3120186,CAFE_BEVERAGE,FRIDAY,2
3120186,CAFE_BEVERAGE,SATURDAY,3
3120186,CAFE_BEVERAGE,SUNDAY,-2
3120186,BAKERY,MONDAY,-5
3120186,BAKERY,TUESDAY,-4
3120186,BAKERY,WEDNESDAY,-2
3120186,BAKERY,THURSDAY,-2
3120186,BAKERY,FRIDAY,3
3120186,BAKERY,SATURDAY,6
3120186,BAKERY,SUNDAY,2
3120187,KOREAN_FOOD,MONDAY,1
3120187,KOREAN_FOOD,TUESDAY,2
3120187,KOREAN_FOOD,WEDNESDAY,2
3120187,KOREAN_FOOD,THURSDAY,3
3120187,KOREAN_FOOD,FRIDAY,4
3120187,KOREAN_FOOD,SATURDAY,-2
3120187,KOREAN_FOOD,SUNDAY,-6
3120187,CHINESE_FOOD,MONDAY,-3
3120187,CHINESE_FOOD,TUESDAY,3
3120187,CHINESE_FOOD,WEDNESDAY,4
3120187,CHINESE_FOOD,THURSDAY,5
3120187,CHINESE_FOOD,FRIDAY,4
3120187,CHINESE_FOOD,SATURDAY,-4
3120187,CHINESE_FOOD,SUNDAY,-6
3120187,JAPANESE_FOOD,MONDAY,-2
3120187,JAPANESE_FOOD,TUESDAY,1
3120187,JAPANESE_FOOD,WEDNESDAY,1
3120187,JAPANESE_FOOD,THURSDAY,2
3120187,JAPANESE_FOOD,FRIDAY,4
3120187,JAPANESE_FOOD,SATURDAY,0
3120187,JAPANESE_FOOD,SUNDAY,-6
3120187,WESTERN_FOOD,MONDAY,-3
3120187,WESTERN_FOOD,TUESDAY,-1
3120187,WESTERN_FOOD,WEDNESDAY,-1
3120187,WESTERN_FOOD,THURSDAY,-1
3120187,WESTERN_FOOD,FRIDAY,3
3120187,WESTERN_FOOD,SATURDAY,5
3120187,WESTERN_FOOD,SUNDAY,-2
3120187,CHICKEN,MONDAY,1
3120187,CHICKEN,TUESDAY,2
3120187,CHICKEN,WEDNESDAY,2
3120187,CHICKEN,THURSDAY,2
3120187,CHICKEN,FRIDAY,5
3120187,CHICKEN,SATURDAY,-2
3120187,CHICKEN,SUNDAY,-6
3120187,FAST_FOOD,MONDAY,-2
3120187,FAST_FOOD,TUESDAY,0
3120187,FAST_FOOD,WEDNESDAY,2
3120187,FAST_FOOD,THURSDAY,2
3120187,FAST_FOOD,FRIDAY,4
3120187,FAST_FOOD,SATURDAY,-2
3120187,FAST_FOOD,SUNDAY,-4
3120187,BUNSIK,MONDAY,2
3120187,BUNSIK,TUESDAY,2
3120187,BUNSIK,WEDNESDAY,2
3120187,BUNSIK,THURSDAY,3
3120187,BUNSIK,FRIDAY,4
3120187,BUNSIK,SATURDAY,-2
3120187,BUNSIK,SUNDAY,-6
3120187,CAFE_BEVERAGE,MONDAY,1
3120187,CAFE_BEVERAGE,TUESDAY,1
3120187,CAFE_BEVERAGE,WEDNESDAY,2
3120187,CAFE_BEVERAGE,THURSDAY,2
3120187,CAFE_BEVERAGE,FRIDAY,3
3120187,CAFE_BEVERAGE,SATURDAY,-1
3120187,CAFE_BEVERAGE,SUNDAY,-6
3120187,BAKERY,MONDAY,-1
3120187,BAKERY,TUESDAY,2
3120187,BAKERY,WEDNESDAY,3
3120187,BAKERY,THURSDAY,3
3120187,BAKERY,FRIDAY,4
3120187,BAKERY,SATURDAY,4
3120187,BAKERY,SUNDAY,-6
3120188,KOREAN_FOOD,MONDAY,2
3120188,KOREAN_FOOD,TUESDAY,2
3120188,KOREAN_FOOD,WEDNESDAY,3
3120188,KOREAN_FOOD,THURSDAY,3
3120188,KOREAN_FOOD,FRIDAY,3
3120188,KOREAN_FOOD,SATURDAY,-5
3120188,KOREAN_FOOD,SUNDAY,-6
3120188,CHINESE_FOOD,MONDAY,2
3120188,CHINESE_FOOD,TUESDAY,3
3120188,CHINESE_FOOD,WEDNESDAY,2
3120188,CHINESE_FOOD,THURSDAY,3
3120188,CHINESE_FOOD,FRIDAY,4
3120188,CHINESE_FOOD,SATURDAY,-5
3120188,CHINESE_FOOD,SUNDAY,-6
3120188,JAPANESE_FOOD,MONDAY,1
3120188,JAPANESE_FOOD,TUESDAY,2
3120188,JAPANESE_FOOD,WEDNESDAY,2
3120188,JAPANESE_FOOD,THURSDAY,2
3120188,JAPANESE_FOOD,FRIDAY,3
3120188,JAPANESE_FOOD,SATURDAY,-1
3120188,JAPANESE_FOOD,SUNDAY,-6
3120188,WESTERN_FOOD,MONDAY,-2
3120188,WESTERN_FOOD,TUESDAY,-2
3120188,WESTERN_FOOD,WEDNESDAY,-1
3120188,WESTERN_FOOD,THURSDAY,0
3120188,WESTERN_FOOD,FRIDAY,3
3120188,WESTERN_FOOD,SATURDAY,4
3120188,WESTERN_FOOD,SUNDAY,-3
3120188,CHICKEN,MONDAY,-3
3120188,CHICKEN,TUESDAY,-1
3120188,CHICKEN,WEDNESDAY,0
3120188,CHICKEN,THURSDAY,3
3120188,CHICKEN,FRIDAY,3
3120188,CHICKEN,SATURDAY,0
3120188,CHICKEN,SUNDAY,-3
3120188,FAST_FOOD,MONDAY,1
3120188,FAST_FOOD,TUESDAY,0
3120188,FAST_FOOD,WEDNESDAY,1
3120188,FAST_FOOD,THURSDAY,1
3120188,FAST_FOOD,FRIDAY,2
3120188,FAST_FOOD,SATURDAY,-1
3120188,FAST_FOOD,SUNDAY,-4
3120188,BUNSIK,MONDAY,-1
3120188,BUNSIK,TUESDAY,2
3120188,BUNSIK,WEDNESDAY,2
3120188,BUNSIK,THURSDAY,2
3120188,BUNSIK,FRIDAY,3
3120188,BUNSIK,SATURDAY,0
3120188,BUNSIK,SUNDAY,-6
3120188,CAFE_BEVERAGE,MONDAY,1
3120188,CAFE_BEVERAGE,TUESDAY,2
3120188,CAFE_BEVERAGE,WEDNESDAY,1
3120188,CAFE_BEVERAGE,THURSDAY,2
3120188,CAFE_BEVERAGE,FRIDAY,3
3120188,CAFE_BEVERAGE,SATURDAY,-1
3120188,CAFE_BEVERAGE,SUNDAY,-6
3120188,BAKERY,MONDAY,0
3120188,BAKERY,TUESDAY,0
3120188,BAKERY,WEDNESDAY,1
3120188,BAKERY,THURSDAY,1
3120188,BAKERY,FRIDAY,2
3120188,BAKERY,SATURDAY,0
3120188,BAKERY,SUNDAY,-3
3120189,KOREAN_FOOD,MONDAY,0
3120189,KOREAN_FOOD,TUESDAY,1
3120189,KOREAN_FOOD,WEDNESDAY,1
3120189,KOREAN_FOOD,THURSDAY,2
3120189,KOREAN_FOOD,FRIDAY,4
3120189,KOREAN_FOOD,SATURDAY,-2
3120189,KOREAN_FOOD,SUNDAY,-6
3120189,CHINESE_FOOD,MONDAY,0
3120189,CHINESE_FOOD,TUESDAY,2
3120189,CHINESE_FOOD,WEDNESDAY,2
3120189,CHINESE_FOOD,THURSDAY,3
3120189,CHINESE_FOOD,FRIDAY,4
3120189,CHINESE_FOOD,SATURDAY,-3
3120189,CHINESE_FOOD,SUNDAY,-6
3120189,JAPANESE_FOOD,MONDAY,1
3120189,JAPANESE_FOOD,TUESDAY,2
3120189,JAPANESE_FOOD,WEDNESDAY,2
3120189,JAPANESE_FOOD,THURSDAY,2
3120189,JAPANESE_FOOD,FRIDAY,3
3120189,JAPANESE_FOOD,SATURDAY,-1
3120189,JAPANESE_FOOD,SUNDAY,-6
3120189,WESTERN_FOOD,MONDAY,-1
3120189,WESTERN_FOOD,TUESDAY,0
3120189,WESTERN_FOOD,WEDNESDAY,0
3120189,WESTERN_FOOD,THURSDAY,1
3120189,WESTERN_FOOD,FRIDAY,3
3120189,WESTERN_FOOD,SATURDAY,2
3120189,WESTERN_FOOD,SUNDAY,-5
3120189,CHICKEN,MONDAY,-1
3120189,CHICKEN,TUESDAY,2
3120189,CHICKEN,WEDNESDAY,3
3120189,CHICKEN,THURSDAY,4
3120189,CHICKEN,FRIDAY,6
3120189,CHICKEN,SATURDAY,-4
3120189,CHICKEN,SUNDAY,-6
3120189,FAST_FOOD,MONDAY,1
3120189,FAST_FOOD,TUESDAY,1
3120189,FAST_FOOD,WEDNESDAY,2
3120189,FAST_FOOD,THURSDAY,2
3120189,FAST_FOOD,FRIDAY,2
3120189,FAST_FOOD,SATURDAY,-1
3120189,FAST_FOOD,SUNDAY,-6
3120189,BUNSIK,MONDAY,1
3120189,BUNSIK,TUESDAY,2
3120189,BUNSIK,WEDNESDAY,2
3120189,BUNSIK,THURSDAY,2
3120189,BUNSIK,FRIDAY,3
3120189,BUNSIK,SATURDAY,-1
3120189,BUNSIK,SUNDAY,-6
3120189,CAFE_BEVERAGE,MONDAY,1
3120189,CAFE_BEVERAGE,TUESDAY,3
3120189,CAFE_BEVERAGE,WEDNESDAY,3
3120189,CAFE_BEVERAGE,THURSDAY,3
3120189,CAFE_BEVERAGE,FRIDAY,4
3120189,CAFE_BEVERAGE,SATURDAY,-4
3120189,CAFE_BEVERAGE,SUNDAY,-6
3120189,BAKERY,MONDAY,1
3120189,BAKERY,TUESDAY,2
3120189,BAKERY,WEDNESDAY,3
3120189,BAKERY,THURSDAY,3
3120189,BAKERY,FRIDAY,5
3120189,BAKERY,SATURDAY,-3
3120189,BAKERY,SUNDAY,-6
3120190,KOREAN_FOOD,MONDAY,2
3120190,KOREAN_FOOD,TUESDAY,3
3120190,KOREAN_FOOD,WEDNESDAY,3
3120190,KOREAN_FOOD,THURSDAY,4
3120190,KOREAN_FOOD,FRIDAY,4
3120190,KOREAN_FOOD,SATURDAY,-6
3120190,KOREAN_FOOD,SUNDAY,-6
3120190,CHINESE_FOOD,MONDAY,3
3120190,CHINESE_FOOD,TUESDAY,5
3120190,CHINESE_FOOD,WEDNESDAY,5
3120190,CHINESE_FOOD,THURSDAY,5
3120190,CHINESE_FOOD,FRIDAY,5
3120190,CHINESE_FOOD,SATURDAY,-6
3120190,CHINESE_FOOD,SUNDAY,-6
3120190,JAPANESE_FOOD,MONDAY,-1
3120190,JAPANESE_FOOD,TUESDAY,2
3120190,JAPANESE_FOOD,WEDNESDAY,3
3120190,JAPANESE_FOOD,THURSDAY,4
3120190,JAPANESE_FOOD,FRIDAY,6
3120190,JAPANESE_FOOD,SATURDAY,-2
3120190,JAPANESE_FOOD,SUNDAY,-6
3120190,WESTERN_FOOD,MONDAY,-3
3120190,WESTERN_FOOD,TUESDAY,3
3120190,WESTERN_FOOD,WEDNESDAY,3
3120190,WESTERN_FOOD,THURSDAY,5
3120190,WESTERN_FOOD,FRIDAY,6
3120190,WESTERN_FOOD,SATURDAY,-4
3120190,WESTERN_FOOD,SUNDAY,-6
3120190,CHICKEN,MONDAY,-3
3120190,CHICKEN,TUESDAY,-1
3120190,CHICKEN,WEDNESDAY,1
3120190,CHICKEN,THURSDAY,1
3120190,CHICKEN,FRIDAY,4
3120190,CHICKEN,SATURDAY,1
3120190,CHICKEN,SUNDAY,-3
3120190,FAST_FOOD,MONDAY,4
3120190,FAST_FOOD,TUESDAY,5
3120190,FAST_FOOD,WEDNESDAY,6
3120190,FAST_FOOD,THURSDAY,5
3120190,FAST_FOOD,FRIDAY,6
3120190,FAST_FOOD,SATURDAY,-6
3120190,FAST_FOOD,SUNDAY,-6
3120190,BUNSIK,MONDAY,6
3120190,BUNSIK,TUESDAY,6
3120190,BUNSIK,WEDNESDAY,6
3120190,BUNSIK,THURSDAY,6
3120190,BUNSIK,FRIDAY,6
3120190,BUNSIK,SATURDAY,-6
3120190,BUNSIK,SUNDAY,-6
3120190,CAFE_BEVERAGE,MONDAY,3
3120190,CAFE_BEVERAGE,TUESDAY,4
3120190,CAFE_BEVERAGE,WEDNESDAY,5
3120190,CAFE_BEVERAGE,THURSDAY,5
3120190,CAFE_BEVERAGE,FRIDAY,5
3120190,CAFE_BEVERAGE,SATURDAY,-6
3120190,CAFE_BEVERAGE,SUNDAY,-6
3120190,BAKERY,MONDAY,3
3120190,BAKERY,TUESDAY,4
3120190,BAKERY,WEDNESDAY,5
3120190,BAKERY,THURSDAY,5
3120190,BAKERY,FRIDAY,4
3120190,BAKERY,SATURDAY,-6
3120190,BAKERY,SUNDAY,-6
3120191,KOREAN_FOOD,MONDAY,5
3120191,KOREAN_FOOD,TUESDAY,6
3120191,KOREAN_FOOD,WEDNESDAY,6
3120191,KOREAN_FOOD,THURSDAY,6
3120191,KOREAN_FOOD,FRIDAY,4
3120191,KOREAN_FOOD,SATURDAY,-6
3120191,KOREAN_FOOD,SUNDAY,-6
3120191,CHINESE_FOOD,MONDAY,3
3120191,CHINESE_FOOD,TUESDAY,5
3120191,CHINESE_FOOD,WEDNESDAY,4
3120191,CHINESE_FOOD,THURSDAY,5
3120191,CHINESE_FOOD,FRIDAY,4
3120191,CHINESE_FOOD,SATURDAY,-6
3120191,CHINESE_FOOD,SUNDAY,-6
3120191,JAPANESE_FOOD,MONDAY,5
3120191,JAPANESE_FOOD,TUESDAY,6
3120191,JAPANESE_FOOD,WEDNESDAY,6
3120191,JAPANESE_FOOD,THURSDAY,6
3120191,JAPANESE_FOOD,FRIDAY,6
3120191,JAPANESE_FOOD,SATURDAY,-6
3120191,JAPANESE_FOOD,SUNDAY,-6
3120191,WESTERN_FOOD,MONDAY,2
3120191,WESTERN_FOOD,TUESDAY,5
3120191,WESTERN_FOOD,WEDNESDAY,6
3120191,WESTERN_FOOD,THURSDAY,6
3120191,WESTERN_FOOD,FRIDAY,5
3120191,WESTERN_FOOD,SATURDAY,-6
3120191,WESTERN_FOOD,SUNDAY,-6
3120191,CHICKEN,MONDAY,5
3120191,CHICKEN,TUESDAY,6
3120191,CHICKEN,WEDNESDAY,6
3120191,CHICKEN,THURSDAY,6
3120191,CHICKEN,FRIDAY,3
3120191,CHICKEN,SATURDAY,-6
3120191,CHICKEN,SUNDAY,-6
3120191,FAST_FOOD,MONDAY,4
3120191,FAST_FOOD,TUESDAY,5
3120191,FAST_FOOD,WEDNESDAY,5
3120191,FAST_FOOD,THURSDAY,5
3120191,FAST_FOOD,FRIDAY,3
3120191,FAST_FOOD,SATURDAY,-6
3120191,FAST_FOOD,SUNDAY,-6
3120191,BUNSIK,MONDAY,5
3120191,BUNSIK,TUESDAY,6
3120191,BUNSIK,WEDNESDAY,6
3120191,BUNSIK,THURSDAY,6
3120191,BUNSIK,FRIDAY,5
3120191,BUNSIK,SATURDAY,-6
3120191,BUNSIK,SUNDAY,-6
3120191,CAFE_BEVERAGE,MONDAY,3
3120191,CAFE_BEVERAGE,TUESDAY,4
3120191,CAFE_BEVERAGE,WEDNESDAY,5
3120191,CAFE_BEVERAGE,THURSDAY,4
3120191,CAFE_BEVERAGE,FRIDAY,4
3120191,CAFE_BEVERAGE,SATURDAY,-6
3120191,CAFE_BEVERAGE,SUNDAY,-6
3120192,KOREAN_FOOD,MONDAY,5
3120192,KOREAN_FOOD,TUESDAY,5
3120192,KOREAN_FOOD,WEDNESDAY,5
3120192,KOREAN_FOOD,THURSDAY,5
3120192,KOREAN_FOOD,FRIDAY,4
3120192,KOREAN_FOOD,SATURDAY,-6
3120192,KOREAN_FOOD,SUNDAY,-6
3120192,CHINESE_FOOD,MONDAY,3
3120192,CHINESE_FOOD,TUESDAY,5
3120192,CHINESE_FOOD,WEDNESDAY,5
3120192,CHINESE_FOOD,THURSDAY,6
3120192,CHINESE_FOOD,FRIDAY,5
3120192,CHINESE_FOOD,SATURDAY,-6
3120192,CHINESE_FOOD,SUNDAY,-6
3120192,JAPANESE_FOOD,MONDAY,6
3120192,JAPANESE_FOOD,TUESDAY,6
3120192,JAPANESE_FOOD,WEDNESDAY,6
3120192,JAPANESE_FOOD,THURSDAY,6
3120192,JAPANESE_FOOD,FRIDAY,5
3120192,JAPANESE_FOOD,SATURDAY,-6
3120192,JAPANESE_FOOD,SUNDAY,-6
3120192,WESTERN_FOOD,MONDAY,3
3120192,WESTERN_FOOD,TUESDAY,5
3120192,WESTERN_FOOD,WEDNESDAY,6
3120192,WESTERN_FOOD,THURSDAY,6
3120192,WESTERN_FOOD,FRIDAY,4
3120192,WESTERN_FOOD,SATURDAY,-6
3120192,WESTERN_FOOD,SUNDAY,-6
3120192,CHICKEN,MONDAY,1
3120192,CHICKEN,TUESDAY,1
3120192,CHICKEN,WEDNESDAY,5
3120192,CHICKEN,THURSDAY,6
3120192,CHICKEN,FRIDAY,6
3120192,CHICKEN,SATURDAY,-6
3120192,CHICKEN,SUNDAY,-6
3120192,FAST_FOOD,MONDAY,2
3120192,FAST_FOOD,TUESDAY,2
3120192,FAST_FOOD,WEDNESDAY,2
3120192,FAST_FOOD,THURSDAY,3
3120192,FAST_FOOD,FRIDAY,2
3120192,FAST_FOOD,SATURDAY,-4
3120192,FAST_FOOD,SUNDAY,-6
3120192,BUNSIK,MONDAY,3
3120192,BUNSIK,TUESDAY,5
3120192,BUNSIK,WEDNESDAY,4
3120192,BUNSIK,THURSDAY,4
3120192,BUNSIK,FRIDAY,3
3120192,BUNSIK,SATURDAY,-6
3120192,BUNSIK,SUNDAY,-6
3120192,CAFE_BEVERAGE,MONDAY,3
3120192,CAFE_BEVERAGE,TUESDAY,4
3120192,CAFE_BEVERAGE,WEDNESDAY,5
3120192,CAFE_BEVERAGE,THURSDAY,5
3120192,CAFE_BEVERAGE,FRIDAY,4
3120192,CAFE_BEVERAGE,SATURDAY,-6
3120192,CAFE_BEVERAGE,SUNDAY,-6
3120192,BAKERY,MONDAY,2
3120192,BAKERY,TUESDAY,3
3120192,BAKERY,WEDNESDAY,5
3120192,BAKERY,THURSDAY,4
3120192,BAKERY,FRIDAY,4
3120192,BAKERY,SATURDAY,-6
3120192,BAKERY,SUNDAY,-6
3120193,KOREAN_FOOD,MONDAY,3
3120193,KOREAN_FOOD,TUESDAY,4
3120193,KOREAN_FOOD,WEDNESDAY,4
3120193,KOREAN_FOOD,THURSDAY,4
3120193,KOREAN_FOOD,FRIDAY,3
3120193,KOREAN_FOOD,SATURDAY,-6
3120193,KOREAN_FOOD,SUNDAY,-6
3120193,CHINESE_FOOD,MONDAY,2
3120193,CHINESE_FOOD,TUESDAY,5
3120193,CHINESE_FOOD,WEDNESDAY,4
3120193,CHINESE_FOOD,THURSDAY,5
3120193,CHINESE_FOOD,FRIDAY,4
3120193,CHINESE_FOOD,SATURDAY,-6
3120193,CHINESE_FOOD,SUNDAY,-6
3120193,JAPANESE_FOOD,MONDAY,-1
3120193,JAPANESE_FOOD,TUESDAY,0
3120193,JAPANESE_FOOD,WEDNESDAY,2
3120193,JAPANESE_FOOD,THURSDAY,5
3120193,JAPANESE_FOOD,FRIDAY,5
3120193,JAPANESE_FOOD,SATURDAY,-1
3120193,JAPANESE_FOOD,SUNDAY,-6
3120193,WESTERN_FOOD,MONDAY,-2
3120193,WESTERN_FOOD,TUESDAY,-2
3120193,WESTERN_FOOD,WEDNESDAY,0
3120193,WESTERN_FOOD,THURSDAY,2
3120193,WESTERN_FOOD,FRIDAY,4
3120193,WESTERN_FOOD,SATURDAY,1
3120193,WESTERN_FOOD,SUNDAY,-4
3120193,CAFE_BEVERAGE,MONDAY,5
3120193,CAFE_BEVERAGE,TUESDAY,5
3120193,CAFE_BEVERAGE,WEDNESDAY,5
3120193,CAFE_BEVERAGE,THURSDAY,5
3120193,CAFE_BEVERAGE,FRIDAY,4
3120193,CAFE_BEVERAGE,SATURDAY,-6
3120193,CAFE_BEVERAGE,SUNDAY,-6
3120194,KOREAN_FOOD,MONDAY,5
3120194,KOREAN_FOOD,TUESDAY,6
3120194,KOREAN_FOOD,WEDNESDAY,6
3120194,KOREAN_FOOD,THURSDAY,6
3120194,KOREAN_FOOD,FRIDAY,5
3120194,KOREAN_FOOD,SATURDAY,-6
3120194,KOREAN_FOOD,SUNDAY,-6
3120194,WESTERN_FOOD,MONDAY,2
3120194,WESTERN_FOOD,TUESDAY,6
3120194,WESTERN_FOOD,WEDNESDAY,6
3120194,WESTERN_FOOD,THURSDAY,6
3120194,WESTERN_FOOD,FRIDAY,6
3120194,WESTERN_FOOD,SATURDAY,-6
3120194,WESTERN_FOOD,SUNDAY,-6
3120194,FAST_FOOD,MONDAY,5
3120194,FAST_FOOD,TUESDAY,6
3120194,FAST_FOOD,WEDNESDAY,6
3120194,FAST_FOOD,THURSDAY,6
3120194,FAST_FOOD,FRIDAY,4
3120194,FAST_FOOD,SATURDAY,-6
3120194,FAST_FOOD,SUNDAY,-6
3120194,BUNSIK,MONDAY,5
3120194,BUNSIK,TUESDAY,5
3120194,BUNSIK,WEDNESDAY,5
3120194,BUNSIK,THURSDAY,5
3120194,BUNSIK,FRIDAY,4
3120194,BUNSIK,SATURDAY,-6
3120194,BUNSIK,SUNDAY,-6
3120194,CAFE_BEVERAGE,MONDAY,1
3120194,CAFE_BEVERAGE,TUESDAY,2
3120194,CAFE_BEVERAGE,WEDNESDAY,2
3120194,CAFE_BEVERAGE,THURSDAY,3
3120194,CAFE_BEVERAGE,FRIDAY,3
3120194,CAFE_BEVERAGE,SATURDAY,-3
3120194,CAFE_BEVERAGE,SUNDAY,-6
3120195,KOREAN_FOOD,MONDAY,0
3120195,KOREAN_FOOD,TUESDAY,1
3120195,KOREAN_FOOD,WEDNESDAY,1
3120195,KOREAN_FOOD,THURSDAY,2
3120195,KOREAN_FOOD,FRIDAY,2
3120195,KOREAN_FOOD,SATURDAY,0
3120195,KOREAN_FOOD,SUNDAY,-6
3120195,CHINESE_FOOD,MONDAY,0
3120195,CHINESE_FOOD,TUESDAY,1
3120195,CHINESE_FOOD,WEDNESDAY,2
3120195,CHINESE_FOOD,THURSDAY,2
3120195,CHINESE_FOOD,FRIDAY,3
3120195,CHINESE_FOOD,SATURDAY,-3
3120195,CHINESE_FOOD,SUNDAY,-4
3120195,WESTERN_FOOD,MONDAY,-6
3120195,WESTERN_FOOD,TUESDAY,-3
3120195,WESTERN_FOOD,WEDNESDAY,-1
3120195,WESTERN_FOOD,THURSDAY,-1
3120195,WESTERN_FOOD,FRIDAY,4
3120195,WESTERN_FOOD,SATURDAY,6
3120195,WESTERN_FOOD,SUNDAY,0
3120195,FAST_FOOD,MONDAY,2
3120195,FAST_FOOD,TUESDAY,6
3120195,FAST_FOOD,WEDNESDAY,3
3120195,FAST_FOOD,THURSDAY,4
3120195,FAST_FOOD,FRIDAY,6
3120195,FAST_FOOD,SATURDAY,-6
3120195,FAST_FOOD,SUNDAY,-6
3120195,BUNSIK,MONDAY,6
3120195,BUNSIK,TUESDAY,6
3120195,BUNSIK,WEDNESDAY,5
3120195,BUNSIK,THURSDAY,6
3120195,BUNSIK,FRIDAY,4
3120195,BUNSIK,SATURDAY,-6
3120195,BUNSIK,SUNDAY,-6
3120195,CAFE_BEVERAGE,MONDAY,1
3120195,CAFE_BEVERAGE,TUESDAY,3
3120195,CAFE_BEVERAGE,WEDNESDAY,3
3120195,CAFE_BEVERAGE,THURSDAY,3
3120195,CAFE_BEVERAGE,FRIDAY,3
3120195,CAFE_BEVERAGE,SATURDAY,-4
3120195,CAFE_BEVERAGE,SUNDAY,-6
3120196,KOREAN_FOOD,MONDAY,1
3120196,KOREAN_FOOD,TUESDAY,2
3120196,KOREAN_FOOD,WEDNESDAY,2
3120196,KOREAN_FOOD,THURSDAY,3
3120196,KOREAN_FOOD,FRIDAY,3
3120196,KOREAN_FOOD,SATURDAY,-3
3120196,KOREAN_FOOD,SUNDAY,-6
3120196,CHINESE_FOOD,MONDAY,4
3120196,CHINESE_FOOD,TUESDAY,6
3120196,CHINESE_FOOD,WEDNESDAY,6
3120196,CHINESE_FOOD,THURSDAY,6
3120196,CHINESE_FOOD,FRIDAY,6
3120196,CHINESE_FOOD,SATURDAY,-6
3120196,CHINESE_FOOD,SUNDAY,-6
3120196,JAPANESE_FOOD,MONDAY,-2
3120196,JAPANESE_FOOD,TUESDAY,0
3120196,JAPANESE_FOOD,WEDNESDAY,1
3120196,JAPANESE_FOOD,THURSDAY,1
3120196,JAPANESE_FOOD,FRIDAY,4
3120196,JAPANESE_FOOD,SATURDAY,-2
3120196,JAPANESE_FOOD,SUNDAY,-2
3120196,WESTERN_FOOD,MONDAY,3
3120196,WESTERN_FOOD,TUESDAY,5
3120196,WESTERN_FOOD,WEDNESDAY,6
3120196,WESTERN_FOOD,THURSDAY,5
3120196,WESTERN_FOOD,FRIDAY,6
3120196,WESTERN_FOOD,SATURDAY,-6
3120196,WESTERN_FOOD,SUNDAY,-6
3120196,CAFE_BEVERAGE,MONDAY,3
3120196,CAFE_BEVERAGE,TUESDAY,5
3120196,CAFE_BEVERAGE,WEDNESDAY,5
3120196,CAFE_BEVERAGE,THURSDAY,6
3120196,CAFE_BEVERAGE,FRIDAY,5
3120196,CAFE_BEVERAGE,SATURDAY,-6
3120196,CAFE_BEVERAGE,SUNDAY,-6
3120197,KOREAN_FOOD,MONDAY,5
3120197,KOREAN_FOOD,TUESDAY,6
3120197,KOREAN_FOOD,WEDNESDAY,6
3120197,KOREAN_FOOD,THURSDAY,6
3120197,KOREAN_FOOD,FRIDAY,4
3120197,KOREAN_FOOD,SATURDAY,-6
3120197,KOREAN_FOOD,SUNDAY,-6
3120197,CHINESE_FOOD,MONDAY,4
3120197,CHINESE_FOOD,TUESDAY,6
3120197,CHINESE_FOOD,WEDNESDAY,6
3120197,CHINESE_FOOD,THURSDAY,6
3120197,CHINESE_FOOD,FRIDAY,5
3120197,CHINESE_FOOD,SATURDAY,-6
3120197,CHINESE_FOOD,SUNDAY,-6
3120197,JAPANESE_FOOD,MONDAY,5
3120197,JAPANESE_FOOD,TUESDAY,6
3120197,JAPANESE_FOOD,WEDNESDAY,6
3120197,JAPANESE_FOOD,THURSDAY,6
3120197,JAPANESE_FOOD,FRIDAY,5
3120197,JAPANESE_FOOD,SATURDAY,-6
3120197,JAPANESE_FOOD,SUNDAY,-6
3120197,WESTERN_FOOD,MONDAY,1
3120197,WESTERN_FOOD,TUESDAY,4
3120197,WESTERN_FOOD,WEDNESDAY,4
3120197,WESTERN_FOOD,THURSDAY,5
3120197,WESTERN_FOOD,FRIDAY,6
3120197,WESTERN_FOOD,SATURDAY,-6
3120197,WESTERN_FOOD,SUNDAY,-6
3120197,CHICKEN,MONDAY,4
3120197,CHICKEN,TUESDAY,5
3120197,CHICKEN,WEDNESDAY,5
3120197,CHICKEN,THURSDAY,6
3120197,CHICKEN,FRIDAY,3
3120197,CHICKEN,SATURDAY,-6
3120197,CHICKEN,SUNDAY,-6
3120197,FAST_FOOD,MONDAY,4
3120197,FAST_FOOD,TUESDAY,5
3120197,FAST_FOOD,WEDNESDAY,5
3120197,FAST_FOOD,THURSDAY,5
3120197,FAST_FOOD,FRIDAY,3
3120197,FAST_FOOD,SATURDAY,-6
3120197,FAST_FOOD,SUNDAY,-6
3120197,BUNSIK,MONDAY,6
3120197,BUNSIK,TUESDAY,6
3120197,BUNSIK,WEDNESDAY,6
3120197,BUNSIK,THURSDAY,6
3120197,BUNSIK,FRIDAY,4
3120197,BUNSIK,SATURDAY,-6
3120197,BUNSIK,SUNDAY,-6
3120197,CAFE_BEVERAGE,MONDAY,4
3120197,CAFE_BEVERAGE,TUESDAY,6
3120197,CAFE_BEVERAGE,WEDNESDAY,6
3120197,CAFE_BEVERAGE,THURSDAY,6
3120197,CAFE_BEVERAGE,FRIDAY,5
3120197,CAFE_BEVERAGE,SATURDAY,-6
3120197,CAFE_BEVERAGE,SUNDAY,-6
3120197,BAKERY,MONDAY,4
3120197,BAKERY,TUESDAY,6
3120197,BAKERY,WEDNESDAY,6
3120197,BAKERY,THURSDAY,6
3120197,BAKERY,FRIDAY,6
3120197,BAKERY,SATURDAY,-6
3120197,BAKERY,SUNDAY,-6
3120198,KOREAN_FOOD,MONDAY,5
3120198,KOREAN_FOOD,TUESDAY,6
3120198,KOREAN_FOOD,WEDNESDAY,6
3120198,KOREAN_FOOD,THURSDAY,6
3120198,KOREAN_FOOD,FRIDAY,4
3120198,KOREAN_FOOD,SATURDAY,-6
3120198,KOREAN_FOOD,SUNDAY,-6
3120198,CHINESE_FOOD,MONDAY,4
3120198,CHINESE_FOOD,TUESDAY,6
3120198,CHINESE_FOOD,WEDNESDAY,6
3120198,CHINESE_FOOD,THURSDAY,6
3120198,CHINESE_FOOD,FRIDAY,5
3120198,CHINESE_FOOD,SATURDAY,-6
3120198,CHINESE_FOOD,SUNDAY,-6
3120198,JAPANESE_FOOD,MONDAY,6
3120198,JAPANESE_FOOD,TUESDAY,6
3120198,JAPANESE_FOOD,WEDNESDAY,6
3120198,JAPANESE_FOOD,THURSDAY,6
3120198,JAPANESE_FOOD,FRIDAY,5
3120198,JAPANESE_FOOD,SATURDAY,-6
3120198,JAPANESE_FOOD,SUNDAY,-6
3120198,WESTERN_FOOD,MONDAY,5
3120198,WESTERN_FOOD,TUESDAY,6
3120198,WESTERN_FOOD,WEDNESDAY,6
3120198,WESTERN_FOOD,THURSDAY,6
3120198,WESTERN_FOOD,FRIDAY,6
3120198,WESTERN_FOOD,SATURDAY,-6
3120198,WESTERN_FOOD,SUNDAY,-6
3120198,CHICKEN,MONDAY,-2
3120198,CHICKEN,TUESDAY,0
3120198,CHICKEN,WEDNESDAY,1
3120198,CHICKEN,THURSDAY,2
3120198,CHICKEN,FRIDAY,3
3120198,CHICKEN,SATURDAY,-1
3120198,CHICKEN,SUNDAY,-4
3120198,FAST_FOOD,MONDAY,-6
3120198,FAST_FOOD,TUESDAY,-2
3120198,FAST_FOOD,WEDNESDAY,2
3120198,FAST_FOOD,THURSDAY,0
3120198,FAST_FOOD,FRIDAY,6
3120198,FAST_FOOD,SATURDAY,2
3120198,FAST_FOOD,SUNDAY,3
3120198,BUNSIK,MONDAY,2
3120198,BUNSIK,TUESDAY,6
3120198,BUNSIK,WEDNESDAY,6
3120198,BUNSIK,THURSDAY,6
3120198,BUNSIK,FRIDAY,6
3120198,BUNSIK,SATURDAY,-6
3120198,BUNSIK,SUNDAY,-6
3120198,CAFE_BEVERAGE,MONDAY,3
3120198,CAFE_BEVERAGE,TUESDAY,5
3120198,CAFE_BEVERAGE,WEDNESDAY,4
3120198,CAFE_BEVERAGE,THURSDAY,5
3120198,CAFE_BEVERAGE,FRIDAY,4
3120198,CAFE_BEVERAGE,SATURDAY,-6
3120198,CAFE_BEVERAGE,SUNDAY,-6
3120199,KOREAN_FOOD,MONDAY,5
3120199,KOREAN_FOOD,TUESDAY,6
3120199,KOREAN_FOOD,WEDNESDAY,6
3120199,KOREAN_FOOD,THURSDAY,6
3120199,KOREAN_FOOD,FRIDAY,5
3120199,KOREAN_FOOD,SATURDAY,-6
3120199,KOREAN_FOOD,SUNDAY,-6
3120199,WESTERN_FOOD,MONDAY,2
3120199,WESTERN_FOOD,TUESDAY,1
3120199,WESTERN_FOOD,WEDNESDAY,1
3120199,WESTERN_FOOD,THURSDAY,2
3120199,WESTERN_FOOD,FRIDAY,1
3120199,WESTERN_FOOD,SATURDAY,-3
3120199,WESTERN_FOOD,SUNDAY,-4
3120199,CAFE_BEVERAGE,MONDAY,5
3120199,CAFE_BEVERAGE,TUESDAY,6
3120199,CAFE_BEVERAGE,WEDNESDAY,6
3120199,CAFE_BEVERAGE,THURSDAY,6
3120199,CAFE_BEVERAGE,FRIDAY,6
3120199,CAFE_BEVERAGE,SATURDAY,-6
3120199,CAFE_BEVERAGE,SUNDAY,-6
3120200,KOREAN_FOOD,MONDAY,0
3120200,KOREAN_FOOD,TUESDAY,2
3120200,KOREAN_FOOD,WEDNESDAY,2
3120200,KOREAN_FOOD,THURSDAY,2
3120200,KOREAN_FOOD,FRIDAY,3
3120200,KOREAN_FOOD,SATURDAY,-2
3120200,KOREAN_FOOD,SUNDAY,-6
3120200,CHINESE_FOOD,MONDAY,-1
3120200,CHINESE_FOOD,TUESDAY,1
3120200,CHINESE_FOOD,WEDNESDAY,1
3120200,CHINESE_FOOD,THURSDAY,1
3120200,CHINESE_FOOD,FRIDAY,1
3120200,CHINESE_FOOD,SATURDAY,-3
3120200,CHINESE_FOOD,SUNDAY,0
3120200,JAPANESE_FOOD,MONDAY,-2
3120200,JAPANESE_FOOD,TUESDAY,0
3120200,JAPANESE_FOOD,WEDNESDAY,1
3120200,JAPANESE_FOOD,THURSDAY,1
3120200,JAPANESE_FOOD,FRIDAY,3
3120200,JAPANESE_FOOD,SATURDAY,2
3120200,JAPANESE_FOOD,SUNDAY,-4
3120200,WESTERN_FOOD,MONDAY,-6
3120200,WESTERN_FOOD,TUESDAY,-3
3120200,WESTERN_FOOD,WEDNESDAY,-1
3120200,WESTERN_FOOD,THURSDAY,-1
3120200,WESTERN_FOOD,FRIDAY,3
3120200,WESTERN_FOOD,SATURDAY,6
3120200,WESTERN_FOOD,SUNDAY,-1
3120200,FAST_FOOD,MONDAY,-3
3120200,FAST_FOOD,TUESDAY,-1
3120200,FAST_FOOD,WEDNESDAY,0
3120200,FAST_FOOD,THURSDAY,0
3120200,FAST_FOOD,FRIDAY,2
3120200,FAST_FOOD,SATURDAY,3
3120200,FAST_FOOD,SUNDAY,-1
3120200,BUNSIK,MONDAY,0
3120200,BUNSIK,TUESDAY,4
3120200,BUNSIK,WEDNESDAY,3
3120200,BUNSIK,THURSDAY,4
3120200,BUNSIK,FRIDAY,4
3120200,BUNSIK,SATURDAY,-1
3120200,BUNSIK,SUNDAY,-6
3120200,CAFE_BEVERAGE,MONDAY,-2
3120200,CAFE_BEVERAGE,TUESDAY,0
3120200,CAFE_BEVERAGE,WEDNESDAY,1
3120200,CAFE_BEVERAGE,THURSDAY,1
3120200,CAFE_BEVERAGE,FRIDAY,3
3120200,CAFE_BEVERAGE,SATURDAY,2
3120200,CAFE_BEVERAGE,SUNDAY,-5
3120200,BAKERY,MONDAY,-2
3120200,BAKERY,TUESDAY,-1
3120200,BAKERY,WEDNESDAY,-1
3120200,BAKERY,THURSDAY,2
3120200,BAKERY,FRIDAY,4
3120200,BAKERY,SATURDAY,2
3120200,BAKERY,SUNDAY,-4
3120201,KOREAN_FOOD,MONDAY,5
3120201,KOREAN_FOOD,TUESDAY,5
3120201,KOREAN_FOOD,WEDNESDAY,5
3120201,KOREAN_FOOD,THURSDAY,6
3120201,KOREAN_FOOD,FRIDAY,5
3120201,KOREAN_FOOD,SATURDAY,-6
3120201,KOREAN_FOOD,SUNDAY,-6
3120201,CHINESE_FOOD,MONDAY,6
3120201,CHINESE_FOOD,TUESDAY,6
3120201,CHINESE_FOOD,WEDNESDAY,6
3120201,CHINESE_FOOD,THURSDAY,6
3120201,CHINESE_FOOD,FRIDAY,5
3120201,CHINESE_FOOD,SATURDAY,-6
3120201,CHINESE_FOOD,SUNDAY,-6
3120201,JAPANESE_FOOD,MONDAY,4
3120201,JAPANESE_FOOD,TUESDAY,6
3120201,JAPANESE_FOOD,WEDNESDAY,6
3120201,JAPANESE_FOOD,THURSDAY,6
3120201,JAPANESE_FOOD,FRIDAY,5
3120201,JAPANESE_FOOD,SATURDAY,-6
3120201,JAPANESE_FOOD,SUNDAY,-6
3120201,WESTERN_FOOD,MONDAY,0
3120201,WESTERN_FOOD,TUESDAY,3
3120201,WESTERN_FOOD,WEDNESDAY,2
3120201,WESTERN_FOOD,THURSDAY,2
3120201,WESTERN_FOOD,FRIDAY,3
3120201,WESTERN_FOOD,SATURDAY,-5
3120201,WESTERN_FOOD,SUNDAY,-5
3120201,BUNSIK,MONDAY,3
3120201,BUNSIK,TUESDAY,4
3120201,BUNSIK,WEDNESDAY,4
3120201,BUNSIK,THURSDAY,4
3120201,BUNSIK,FRIDAY,3
3120201,BUNSIK,SATURDAY,-2
3120201,BUNSIK,SUNDAY,-6
3120201,CAFE_BEVERAGE,MONDAY,3
3120201,CAFE_BEVERAGE,TUESDAY,6
3120201,CAFE_BEVERAGE,WEDNESDAY,5
3120201,CAFE_BEVERAGE,THURSDAY,6
3120201,CAFE_BEVERAGE,FRIDAY,6
3120201,CAFE_BEVERAGE,SATURDAY,-6
3120201,CAFE_BEVERAGE,SUNDAY,-6
3120201,BAKERY,MONDAY,1
3120201,BAKERY,TUESDAY,2
3120201,BAKERY,WEDNESDAY,2
3120201,BAKERY,THURSDAY,2
3120201,BAKERY,FRIDAY,2
3120201,BAKERY,SATURDAY,-4
3120201,BAKERY,SUNDAY,-6
3120202,KOREAN_FOOD,MONDAY,-2
3120202,KOREAN_FOOD,TUESDAY,0
3120202,KOREAN_FOOD,WEDNESDAY,0
3120202,KOREAN_FOOD,THURSDAY,0
3120202,KOREAN_FOOD,FRIDAY,3
3120202,KOREAN_FOOD,SATURDAY,2
3120202,KOREAN_FOOD,SUNDAY,-4
3120202,CHINESE_FOOD,MONDAY,-5
3120202,CHINESE_FOOD,TUESDAY,-2
3120202,CHINESE_FOOD,WEDNESDAY,-2
3120202,CHINESE_FOOD,THURSDAY,-2
3120202,CHINESE_FOOD,FRIDAY,3
3120202,CHINESE_FOOD,SATURDAY,6
3120202,CHINESE_FOOD,SUNDAY,1
3120202,JAPANESE_FOOD,MONDAY,-5
3120202,JAPANESE_FOOD,TUESDAY,-3
3120202,JAPANESE_FOOD,WEDNESDAY,-2
3120202,JAPANESE_FOOD,THURSDAY,-1
3120202,JAPANESE_FOOD,FRIDAY,5
3120202,JAPANESE_FOOD,SATURDAY,6
3120202,JAPANESE_FOOD,SUNDAY,-4
3120202,WESTERN_FOOD,MONDAY,-3
3120202,WESTERN_FOOD,TUESDAY,-1
3120202,WESTERN_FOOD,WEDNESDAY,-1
3120202,WESTERN_FOOD,THURSDAY,0
3120202,WESTERN_FOOD,FRIDAY,2
3120202,WESTERN_FOOD,SATURDAY,4
3120202,WESTERN_FOOD,SUNDAY,-2
3120202,BUNSIK,MONDAY,-1
3120202,BUNSIK,TUESDAY,1
3120202,BUNSIK,WEDNESDAY,1
3120202,BUNSIK,THURSDAY,2
3120202,BUNSIK,FRIDAY,4
3120202,BUNSIK,SATURDAY,1
3120202,BUNSIK,SUNDAY,-6
3120202,CAFE_BEVERAGE,MONDAY,-2
3120202,CAFE_BEVERAGE,TUESDAY,-1
3120202,CAFE_BEVERAGE,WEDNESDAY,-1
3120202,CAFE_BEVERAGE,THURSDAY,0
3120202,CAFE_BEVERAGE,FRIDAY,3
3120202,CAFE_BEVERAGE,SATURDAY,6
3120202,CAFE_BEVERAGE,SUNDAY,-4
3120202,BAKERY,MONDAY,-1
3120202,BAKERY,TUESDAY,1
3120202,BAKERY,WEDNESDAY,2
3120202,BAKERY,THURSDAY,2
3120202,BAKERY,FRIDAY,5
3120202,BAKERY,SATURDAY,2
3120202,BAKERY,SUNDAY,-6
3120203,KOREAN_FOOD,MONDAY,3
3120203,KOREAN_FOOD,TUESDAY,4
3120203,KOREAN_FOOD,WEDNESDAY,5
3120203,KOREAN_FOOD,THURSDAY,5
3120203,KOREAN_FOOD,FRIDAY,5
3120203,KOREAN_FOOD,SATURDAY,-6
3120203,KOREAN_FOOD,SUNDAY,-6
3120203,CHINESE_FOOD,MONDAY,2
3120203,CHINESE_FOOD,TUESDAY,5
3120203,CHINESE_FOOD,WEDNESDAY,5
3120203,CHINESE_FOOD,THURSDAY,6
3120203,CHINESE_FOOD,FRIDAY,5
3120203,CHINESE_FOOD,SATURDAY,-6
3120203,CHINESE_FOOD,SUNDAY,-6
3120203,JAPANESE_FOOD,MONDAY,2
3120203,JAPANESE_FOOD,TUESDAY,6
3120203,JAPANESE_FOOD,WEDNESDAY,6
3120203,JAPANESE_FOOD,THURSDAY,6
3120203,JAPANESE_FOOD,FRIDAY,5
3120203,JAPANESE_FOOD,SATURDAY,-6
3120203,JAPANESE_FOOD,SUNDAY,-6
3120203,WESTERN_FOOD,MONDAY,0
3120203,WESTERN_FOOD,TUESDAY,3
3120203,WESTERN_FOOD,WEDNESDAY,3
3120203,WESTERN_FOOD,THURSDAY,5
3120203,WESTERN_FOOD,FRIDAY,6
3120203,WESTERN_FOOD,SATURDAY,-6
3120203,WESTERN_FOOD,SUNDAY,-6
3120203,CHICKEN,MONDAY,-3
3120203,CHICKEN,TUESDAY,-1
3120203,CHICKEN,WEDNESDAY,0
3120203,CHICKEN,THURSDAY,1
3120203,CHICKEN,FRIDAY,5
3120203,CHICKEN,SATURDAY,0
3120203,CHICKEN,SUNDAY,-3
3120203,FAST_FOOD,MONDAY,0
3120203,FAST_FOOD,TUESDAY,4
3120203,FAST_FOOD,WEDNESDAY,5
3120203,FAST_FOOD,THURSDAY,5
3120203,FAST_FOOD,FRIDAY,6
3120203,FAST_FOOD,SATURDAY,-6
3120203,FAST_FOOD,SUNDAY,-6
3120203,BUNSIK,MONDAY,2
3120203,BUNSIK,TUESDAY,4
3120203,BUNSIK,WEDNESDAY,4
3120203,BUNSIK,THURSDAY,5
3120203,BUNSIK,FRIDAY,5
3120203,BUNSIK,SATURDAY,-6
3120203,BUNSIK,SUNDAY,-6
3120203,CAFE_BEVERAGE,MONDAY,2
3120203,CAFE_BEVERAGE,TUESDAY,3
3120203,CAFE_BEVERAGE,WEDNESDAY,4
3120203,CAFE_BEVERAGE,THURSDAY,4
3120203,CAFE_BEVERAGE,FRIDAY,4
3120203,CAFE_BEVERAGE,SATURDAY,-6
3120203,CAFE_BEVERAGE,SUNDAY,-6
3120203,BAKERY,MONDAY,1
3120203,BAKERY,TUESDAY,3
3120203,BAKERY,WEDNESDAY,4
3120203,BAKERY,THURSDAY,4
3120203,BAKERY,FRIDAY,4
3120203,BAKERY,SATURDAY,-6
3120203,BAKERY,SUNDAY,-6
3120204,KOREAN_FOOD,MONDAY,6
3120204,KOREAN_FOOD,TUESDAY,6
3120204,KOREAN_FOOD,WEDNESDAY,6
3120204,KOREAN_FOOD,THURSDAY,6
3120204,KOREAN_FOOD,FRIDAY,4
3120204,KOREAN_FOOD,SATURDAY,-6
3120204,KOREAN_FOOD,SUNDAY,-6
3120204,CHINESE_FOOD,MONDAY,6
3120204,CHINESE_FOOD,TUESDAY,6
3120204,CHINESE_FOOD,WEDNESDAY,6
3120204,CHINESE_FOOD,THURSDAY,6
3120204,CHINESE_FOOD,FRIDAY,6
3120204,CHINESE_FOOD,SATURDAY,-6
3120204,CHINESE_FOOD,SUNDAY,-6
3120204,JAPANESE_FOOD,MONDAY,6
3120204,JAPANESE_FOOD,TUESDAY,6
3120204,JAPANESE_FOOD,WEDNESDAY,6
3120204,JAPANESE_FOOD,THURSDAY,6
3120204,JAPANESE_FOOD,FRIDAY,5
3120204,JAPANESE_FOOD,SATURDAY,-6
3120204,JAPANESE_FOOD,SUNDAY,-6
3120204,WESTERN_FOOD,MONDAY,6
3120204,WESTERN_FOOD,TUESDAY,6
3120204,WESTERN_FOOD,WEDNESDAY,6
3120204,WESTERN_FOOD,THURSDAY,6
3120204,WESTERN_FOOD,FRIDAY,6
3120204,WESTERN_FOOD,SATURDAY,-6
3120204,WESTERN_FOOD,SUNDAY,-6
3120204,CHICKEN,MONDAY,5
3120204,CHICKEN,TUESDAY,5
3120204,CHICKEN,WEDNESDAY,6
3120204,CHICKEN,THURSDAY,6
3120204,CHICKEN,FRIDAY,4
3120204,CHICKEN,SATURDAY,-6
3120204,CHICKEN,SUNDAY,-6
3120204,FAST_FOOD,MONDAY,4
3120204,FAST_FOOD,TUESDAY,4
3120204,FAST_FOOD,WEDNESDAY,4
3120204,FAST_FOOD,THURSDAY,4
3120204,FAST_FOOD,FRIDAY,3
3120204,FAST_FOOD,SATURDAY,-6
3120204,FAST_FOOD,SUNDAY,-6
3120204,BUNSIK,MONDAY,6
3120204,BUNSIK,TUESDAY,6
3120204,BUNSIK,WEDNESDAY,6
3120204,BUNSIK,THURSDAY,6
3120204,BUNSIK,FRIDAY,4
3120204,BUNSIK,SATURDAY,-6
3120204,BUNSIK,SUNDAY,-6
3120204,CAFE_BEVERAGE,MONDAY,4
3120204,CAFE_BEVERAGE,TUESDAY,6
3120204,CAFE_BEVERAGE,WEDNESDAY,6
3120204,CAFE_BEVERAGE,THURSDAY,6
3120204,CAFE_BEVERAGE,FRIDAY,5
3120204,CAFE_BEVERAGE,SATURDAY,-6
3120204,CAFE_BEVERAGE,SUNDAY,-6
3120205,KOREAN_FOOD,MONDAY,1
3120205,KOREAN_FOOD,TUESDAY,2
3120205,KOREAN_FOOD,WEDNESDAY,2
3120205,KOREAN_FOOD,THURSDAY,3
3120205,KOREAN_FOOD,FRIDAY,3
3120205,KOREAN_FOOD,SATURDAY,-5
3120205,KOREAN_FOOD,SUNDAY,-5
3120205,CHINESE_FOOD,MONDAY,3
3120205,CHINESE_FOOD,TUESDAY,6
3120205,CHINESE_FOOD,WEDNESDAY,6
3120205,CHINESE_FOOD,THURSDAY,6
3120205,CHINESE_FOOD,FRIDAY,6
3120205,CHINESE_FOOD,SATURDAY,-6
3120205,CHINESE_FOOD,SUNDAY,-6
3120205,JAPANESE_FOOD,MONDAY,1
3120205,JAPANESE_FOOD,TUESDAY,2
3120205,JAPANESE_FOOD,WEDNESDAY,2
3120205,JAPANESE_FOOD,THURSDAY,3
3120205,JAPANESE_FOOD,FRIDAY,4
3120205,JAPANESE_FOOD,SATURDAY,-3
3120205,JAPANESE_FOOD,SUNDAY,-6
3120205,WESTERN_FOOD,MONDAY,-3
3120205,WESTERN_FOOD,TUESDAY,-1
3120205,WESTERN_FOOD,WEDNESDAY,1
3120205,WESTERN_FOOD,THURSDAY,0
3120205,WESTERN_FOOD,FRIDAY,3
3120205,WESTERN_FOOD,SATURDAY,-1
3120205,WESTERN_FOOD,SUNDAY,1
3120205,CHICKEN,MONDAY,-4
3120205,CHICKEN,TUESDAY,1
3120205,CHICKEN,WEDNESDAY,2
3120205,CHICKEN,THURSDAY,3
3120205,CHICKEN,FRIDAY,4
3120205,CHICKEN,SATURDAY,0
3120205,CHICKEN,SUNDAY,-6
3120205,FAST_FOOD,MONDAY,0
3120205,FAST_FOOD,TUESDAY,3
3120205,FAST_FOOD,WEDNESDAY,5
3120205,FAST_FOOD,THURSDAY,2
3120205,FAST_FOOD,FRIDAY,5
3120205,FAST_FOOD,SATURDAY,-4
3120205,FAST_FOOD,SUNDAY,-6
3120205,BUNSIK,MONDAY,3
3120205,BUNSIK,TUESDAY,2
3120205,BUNSIK,WEDNESDAY,3
3120205,BUNSIK,THURSDAY,3
3120205,BUNSIK,FRIDAY,3
3120205,BUNSIK,SATURDAY,-4
3120205,BUNSIK,SUNDAY,-6
3120205,CAFE_BEVERAGE,MONDAY,-1
3120205,CAFE_BEVERAGE,TUESDAY,1
3120205,CAFE_BEVERAGE,WEDNESDAY,1
3120205,CAFE_BEVERAGE,THURSDAY,1
3120205,CAFE_BEVERAGE,FRIDAY,3
3120205,CAFE_BEVERAGE,SATURDAY,-1
3120205,CAFE_BEVERAGE,SUNDAY,-4
3120205,BAKERY,MONDAY,1
3120205,BAKERY,TUESDAY,2
3120205,BAKERY,WEDNESDAY,3
3120205,BAKERY,THURSDAY,2
3120205,BAKERY,FRIDAY,3
3120205,BAKERY,SATURDAY,-5
3120205,BAKERY,SUNDAY,-6
3120206,KOREAN_FOOD,MONDAY,4
3120206,KOREAN_FOOD,TUESDAY,5
3120206,KOREAN_FOOD,WEDNESDAY,5
3120206,KOREAN_FOOD,THURSDAY,5
3120206,KOREAN_FOOD,FRIDAY,5
3120206,KOREAN_FOOD,SATURDAY,-6
3120206,KOREAN_FOOD,SUNDAY,-6
3120206,CHINESE_FOOD,MONDAY,1
3120206,CHINESE_FOOD,TUESDAY,4
3120206,CHINESE_FOOD,WEDNESDAY,5
3120206,CHINESE_FOOD,THURSDAY,4
3120206,CHINESE_FOOD,FRIDAY,4
3120206,CHINESE_FOOD,SATURDAY,-6
3120206,CHINESE_FOOD,SUNDAY,-6
3120206,JAPANESE_FOOD,MONDAY,1
3120206,JAPANESE_FOOD,TUESDAY,4
3120206,JAPANESE_FOOD,WEDNESDAY,4
3120206,JAPANESE_FOOD,THURSDAY,3
3120206,JAPANESE_FOOD,FRIDAY,2
3120206,JAPANESE_FOOD,SATURDAY,-6
3120206,JAPANESE_FOOD,SUNDAY,-6
3120206,WESTERN_FOOD,MONDAY,2
3120206,WESTERN_FOOD,TUESDAY,4
3120206,WESTERN_FOOD,WEDNESDAY,6
3120206,WESTERN_FOOD,THURSDAY,6
3120206,WESTERN_FOOD,FRIDAY,6
3120206,WESTERN_FOOD,SATURDAY,-6
3120206,WESTERN_FOOD,SUNDAY,-6
3120206,BUNSIK,MONDAY,-2
3120206,BUNSIK,TUESDAY,3
3120206,BUNSIK,WEDNESDAY,3
3120206,BUNSIK,THURSDAY,3
3120206,BUNSIK,FRIDAY,4
3120206,BUNSIK,SATURDAY,-6
3120206,BUNSIK,SUNDAY,-5
3120206,CAFE_BEVERAGE,MONDAY,4
3120206,CAFE_BEVERAGE,TUESDAY,5
3120206,CAFE_BEVERAGE,WEDNESDAY,6
3120206,CAFE_BEVERAGE,THURSDAY,6
3120206,CAFE_BEVERAGE,FRIDAY,6
3120206,CAFE_BEVERAGE,SATURDAY,-6
3120206,CAFE_BEVERAGE,SUNDAY,-6
3120206,BAKERY,MONDAY,-1
3120206,BAKERY,TUESDAY,1
3120206,BAKERY,WEDNESDAY,1
3120206,BAKERY,THURSDAY,0
3120206,BAKERY,FRIDAY,1
3120206,BAKERY,SATURDAY,-3
3120206,BAKERY,SUNDAY,0
3120207,KOREAN_FOOD,MONDAY,5
3120207,KOREAN_FOOD,TUESDAY,6
3120207,KOREAN_FOOD,WEDNESDAY,6
3120207,KOREAN_FOOD,THURSDAY,6
3120207,KOREAN_FOOD,FRIDAY,5
3120207,KOREAN_FOOD,SATURDAY,-6
3120207,KOREAN_FOOD,SUNDAY,-6
3120207,CHINESE_FOOD,MONDAY,4
3120207,CHINESE_FOOD,TUESDAY,6
3120207,CHINESE_FOOD,WEDNESDAY,6
3120207,CHINESE_FOOD,THURSDAY,6
3120207,CHINESE_FOOD,FRIDAY,4
3120207,CHINESE_FOOD,SATURDAY,-6
3120207,CHINESE_FOOD,SUNDAY,-6
3120207,JAPANESE_FOOD,MONDAY,5
3120207,JAPANESE_FOOD,TUESDAY,6
3120207,JAPANESE_FOOD,WEDNESDAY,6
3120207,JAPANESE_FOOD,THURSDAY,6
3120207,JAPANESE_FOOD,FRIDAY,6
3120207,JAPANESE_FOOD,SATURDAY,-6
3120207,JAPANESE_FOOD,SUNDAY,-6
3120207,WESTERN_FOOD,MONDAY,0
3120207,WESTERN_FOOD,TUESDAY,5
3120207,WESTERN_FOOD,WEDNESDAY,6
3120207,WESTERN_FOOD,THURSDAY,6
3120207,WESTERN_FOOD,FRIDAY,6
3120207,WESTERN_FOOD,SATURDAY,-6
3120207,WESTERN_FOOD,SUNDAY,-6
3120207,CHICKEN,MONDAY,1
3120207,CHICKEN,TUESDAY,2
3120207,CHICKEN,WEDNESDAY,4
3120207,CHICKEN,THURSDAY,3
3120207,CHICKEN,FRIDAY,5
3120207,CHICKEN,SATURDAY,-6
3120207,CHICKEN,SUNDAY,-6
3120207,BUNSIK,MONDAY,4
3120207,BUNSIK,TUESDAY,6
3120207,BUNSIK,WEDNESDAY,5
3120207,BUNSIK,THURSDAY,5
3120207,BUNSIK,FRIDAY,3
3120207,BUNSIK,SATURDAY,-6
3120207,BUNSIK,SUNDAY,-6
3120207,CAFE_BEVERAGE,MONDAY,4
3120207,CAFE_BEVERAGE,TUESDAY,6
3120207,CAFE_BEVERAGE,WEDNESDAY,6
3120207,CAFE_BEVERAGE,THURSDAY,6
3120207,CAFE_BEVERAGE,FRIDAY,6
3120207,CAFE_BEVERAGE,SATURDAY,-6
3120207,CAFE_BEVERAGE,SUNDAY,-6
3120208,KOREAN_FOOD,MONDAY,1
3120208,KOREAN_FOOD,TUESDAY,3
3120208,KOREAN_FOOD,WEDNESDAY,3
3120208,KOREAN_FOOD,THURSDAY,4
3120208,KOREAN_FOOD,FRIDAY,4
3120208,KOREAN_FOOD,SATURDAY,-5
3120208,KOREAN_FOOD,SUNDAY,-6
3120208,CHINESE_FOOD,MONDAY,-2
3120208,CHINESE_FOOD,TUESDAY,1
3120208,CHINESE_FOOD,WEDNESDAY,1
3120208,CHINESE_FOOD,THURSDAY,3
3120208,CHINESE_FOOD,FRIDAY,4
3120208,CHINESE_FOOD,SATURDAY,-1
3120208,CHINESE_FOOD,SUNDAY,-6
3120208,JAPANESE_FOOD,MONDAY,2
3120208,JAPANESE_FOOD,TUESDAY,4
3120208,JAPANESE_FOOD,WEDNESDAY,4
3120208,JAPANESE_FOOD,THURSDAY,5
3120208,JAPANESE_FOOD,FRIDAY,6
3120208,JAPANESE_FOOD,SATURDAY,-5
3120208,JAPANESE_FOOD,SUNDAY,-6
3120208,WESTERN_FOOD,MONDAY,0
3120208,WESTERN_FOOD,TUESDAY,2
3120208,WESTERN_FOOD,WEDNESDAY,2
3120208,WESTERN_FOOD,THURSDAY,2
3120208,WESTERN_FOOD,FRIDAY,4
3120208,WESTERN_FOOD,SATURDAY,-2
3120208,WESTERN_FOOD,SUNDAY,-6
3120208,CHICKEN,MONDAY,-1
3120208,CHICKEN,TUESDAY,3
3120208,CHICKEN,WEDNESDAY,4
3120208,CHICKEN,THURSDAY,6
3120208,CHICKEN,FRIDAY,6
3120208,CHICKEN,SATURDAY,-2
3120208,CHICKEN,SUNDAY,-6
3120208,BUNSIK,MONDAY,-1
3120208,BUNSIK,TUESDAY,1
3120208,BUNSIK,WEDNESDAY,2
3120208,BUNSIK,THURSDAY,3
3120208,BUNSIK,FRIDAY,2
3120208,BUNSIK,SATURDAY,-2
3120208,BUNSIK,SUNDAY,-6
3120208,CAFE_BEVERAGE,MONDAY,1
3120208,CAFE_BEVERAGE,TUESDAY,3
3120208,CAFE_BEVERAGE,WEDNESDAY,4
3120208,CAFE_BEVERAGE,THURSDAY,4
3120208,CAFE_BEVERAGE,FRIDAY,4
3120208,CAFE_BEVERAGE,SATURDAY,-5
3120208,CAFE_BEVERAGE,SUNDAY,-6
3120208,BAKERY,MONDAY,-2
3120208,BAKERY,TUESDAY,0
3120208,BAKERY,WEDNESDAY,2
3120208,BAKERY,THURSDAY,2
3120208,BAKERY,FRIDAY,3
3120208,BAKERY,SATURDAY,1
3120208,BAKERY,SUNDAY,-6
3120209,KOREAN_FOOD,MONDAY,3
3120209,KOREAN_FOOD,TUESDAY,5
3120209,KOREAN_FOOD,WEDNESDAY,4
3120209,KOREAN_FOOD,THURSDAY,5
3120209,KOREAN_FOOD,FRIDAY,4
3120209,KOREAN_FOOD,SATURDAY,-6
3120209,KOREAN_FOOD,SUNDAY,-6
3120209,CHINESE_FOOD,MONDAY,1
3120209,CHINESE_FOOD,TUESDAY,3
3120209,CHINESE_FOOD,WEDNESDAY,3
3120209,CHINESE_FOOD,THURSDAY,3
3120209,CHINESE_FOOD,FRIDAY,4
3120209,CHINESE_FOOD,SATURDAY,-6
3120209,CHINESE_FOOD,SUNDAY,-6
3120209,JAPANESE_FOOD,MONDAY,6
3120209,JAPANESE_FOOD,TUESDAY,6
3120209,JAPANESE_FOOD,WEDNESDAY,6
3120209,JAPANESE_FOOD,THURSDAY,6
3120209,JAPANESE_FOOD,FRIDAY,6
3120209,JAPANESE_FOOD,SATURDAY,-6
3120209,JAPANESE_FOOD,SUNDAY,-6
3120209,BUNSIK,MONDAY,5
3120209,BUNSIK,TUESDAY,5
3120209,BUNSIK,WEDNESDAY,6
3120209,BUNSIK,THURSDAY,6
3120209,BUNSIK,FRIDAY,5
3120209,BUNSIK,SATURDAY,-6
3120209,BUNSIK,SUNDAY,-6
3120209,CAFE_BEVERAGE,MONDAY,0
3120209,CAFE_BEVERAGE,TUESDAY,2
3120209,CAFE_BEVERAGE,WEDNESDAY,2
3120209,CAFE_BEVERAGE,THURSDAY,2
3120209,CAFE_BEVERAGE,FRIDAY,3
3120209,CAFE_BEVERAGE,SATURDAY,-2
3120209,CAFE_BEVERAGE,SUNDAY,-6
3120209,BAKERY,MONDAY,2
3120209,BAKERY,TUESDAY,2
3120209,BAKERY,WEDNESDAY,2
3120209,BAKERY,THURSDAY,2
3120209,BAKERY,FRIDAY,2
3120209,BAKERY,SATURDAY,-3
3120209,BAKERY,SUNDAY,-6
3120210,KOREAN_FOOD,MONDAY,3
3120210,KOREAN_FOOD,TUESDAY,4
3120210,KOREAN_FOOD,WEDNESDAY,4
3120210,KOREAN_FOOD,THURSDAY,5
3120210,KOREAN_FOOD,FRIDAY,4
3120210,KOREAN_FOOD,SATURDAY,-6
3120210,KOREAN_FOOD,SUNDAY,-6
3120210,CHINESE_FOOD,MONDAY,2
3120210,CHINESE_FOOD,TUESDAY,5
3120210,CHINESE_FOOD,WEDNESDAY,5
3120210,CHINESE_FOOD,THURSDAY,6
3120210,CHINESE_FOOD,FRIDAY,6
3120210,CHINESE_FOOD,SATURDAY,-6
3120210,CHINESE_FOOD,SUNDAY,-6
3120210,JAPANESE_FOOD,MONDAY,3
3120210,JAPANESE_FOOD,TUESDAY,4
3120210,JAPANESE_FOOD,WEDNESDAY,4
3120210,JAPANESE_FOOD,THURSDAY,5
3120210,JAPANESE_FOOD,FRIDAY,5
3120210,JAPANESE_FOOD,SATURDAY,-6
3120210,JAPANESE_FOOD,SUNDAY,-6
3120210,WESTERN_FOOD,MONDAY,4
3120210,WESTERN_FOOD,TUESDAY,6
3120210,WESTERN_FOOD,WEDNESDAY,6
3120210,WESTERN_FOOD,THURSDAY,6
3120210,WESTERN_FOOD,FRIDAY,6
3120210,WESTERN_FOOD,SATURDAY,-6
3120210,WESTERN_FOOD,SUNDAY,-6
3120210,CHICKEN,MONDAY,2
3120210,CHICKEN,TUESDAY,4
3120210,CHICKEN,WEDNESDAY,4
3120210,CHICKEN,THURSDAY,5
3120210,CHICKEN,FRIDAY,4
3120210,CHICKEN,SATURDAY,-6
3120210,CHICKEN,SUNDAY,-6
3120210,FAST_FOOD,MONDAY,1
3120210,FAST_FOOD,TUESDAY,3
3120210,FAST_FOOD,WEDNESDAY,3
3120210,FAST_FOOD,THURSDAY,4
3120210,FAST_FOOD,FRIDAY,4
3120210,FAST_FOOD,SATURDAY,-5
3120210,FAST_FOOD,SUNDAY,-6
3120210,BUNSIK,MONDAY,1
3120210,BUNSIK,TUESDAY,2
3120210,BUNSIK,WEDNESDAY,2
3120210,BUNSIK,THURSDAY,3
3120210,BUNSIK,FRIDAY,2
3120210,BUNSIK,SATURDAY,-3
3120210,BUNSIK,SUNDAY,-6
3120210,CAFE_BEVERAGE,MONDAY,2
3120210,CAFE_BEVERAGE,TUESDAY,4
3120210,CAFE_BEVERAGE,WEDNESDAY,4
3120210,CAFE_BEVERAGE,THURSDAY,4
3120210,CAFE_BEVERAGE,FRIDAY,4
3120210,CAFE_BEVERAGE,SATURDAY,-6
3120210,CAFE_BEVERAGE,SUNDAY,-6
3120210,BAKERY,MONDAY,3
3120210,BAKERY,TUESDAY,5
3120210,BAKERY,WEDNESDAY,5
3120210,BAKERY,THURSDAY,5
3120210,BAKERY,FRIDAY,5
3120210,BAKERY,SATURDAY,-6
3120210,BAKERY,SUNDAY,-6
3120211,KOREAN_FOOD,MONDAY,0
3120211,KOREAN_FOOD,TUESDAY,1
3120211,KOREAN_FOOD,WEDNESDAY,2
3120211,KOREAN_FOOD,THURSDAY,1
3120211,KOREAN_FOOD,FRIDAY,2
3120211,KOREAN_FOOD,SATURDAY,-1
3120211,KOREAN_FOOD,SUNDAY,-5
3120211,CHINESE_FOOD,MONDAY,-4
3120211,CHINESE_FOOD,TUESDAY,0
3120211,CHINESE_FOOD,WEDNESDAY,0
3120211,CHINESE_FOOD,THURSDAY,1
3120211,CHINESE_FOOD,FRIDAY,0
3120211,CHINESE_FOOD,SATURDAY,3
3120211,CHINESE_FOOD,SUNDAY,0
3120211,JAPANESE_FOOD,MONDAY,0
3120211,JAPANESE_FOOD,TUESDAY,0
3120211,JAPANESE_FOOD,WEDNESDAY,1
3120211,JAPANESE_FOOD,THURSDAY,0
3120211,JAPANESE_FOOD,FRIDAY,1
3120211,JAPANESE_FOOD,SATURDAY,5
3120211,JAPANESE_FOOD,SUNDAY,-6
3120211,WESTERN_FOOD,MONDAY,-2
3120211,WESTERN_FOOD,TUESDAY,-1
3120211,WESTERN_FOOD,WEDNESDAY,-1
3120211,WESTERN_FOOD,THURSDAY,-1
3120211,WESTERN_FOOD,FRIDAY,-1
3120211,WESTERN_FOOD,SATURDAY,4
3120211,WESTERN_FOOD,SUNDAY,2
3120211,FAST_FOOD,MONDAY,2
3120211,FAST_FOOD,TUESDAY,2
3120211,FAST_FOOD,WEDNESDAY,2
3120211,FAST_FOOD,THURSDAY,2
3120211,FAST_FOOD,FRIDAY,2
3120211,FAST_FOOD,SATURDAY,3
3120211,FAST_FOOD,SUNDAY,-6
3120211,BUNSIK,MONDAY,-1
3120211,BUNSIK,TUESDAY,-1
3120211,BUNSIK,WEDNESDAY,0
3120211,BUNSIK,THURSDAY,1
3120211,BUNSIK,FRIDAY,0
3120211,BUNSIK,SATURDAY,5
3120211,BUNSIK,SUNDAY,-3
3120211,CAFE_BEVERAGE,MONDAY,-2
3120211,CAFE_BEVERAGE,TUESDAY,-1
3120211,CAFE_BEVERAGE,WEDNESDAY,0
3120211,CAFE_BEVERAGE,THURSDAY,0
3120211,CAFE_BEVERAGE,FRIDAY,1
3120211,CAFE_BEVERAGE,SATURDAY,3
3120211,CAFE_BEVERAGE,SUNDAY,-1
3120212,KOREAN_FOOD,MONDAY,-2
3120212,KOREAN_FOOD,TUESDAY,-1
3120212,KOREAN_FOOD,WEDNESDAY,0
3120212,KOREAN_FOOD,THURSDAY,0
3120212,KOREAN_FOOD,FRIDAY,1
3120212,KOREAN_FOOD,SATURDAY,4
3120212,KOREAN_FOOD,SUNDAY,-2
3120212,CHINESE_FOOD,MONDAY,-2
3120212,CHINESE_FOOD,TUESDAY,-3
3120212,CHINESE_FOOD,WEDNESDAY,0
3120212,CHINESE_FOOD,THURSDAY,0
3120212,CHINESE_FOOD,FRIDAY,1
3120212,CHINESE_FOOD,SATURDAY,3
3120212,CHINESE_FOOD,SUNDAY,1
3120212,JAPANESE_FOOD,MONDAY,-1
3120212,JAPANESE_FOOD,TUESDAY,-1
3120212,JAPANESE_FOOD,WEDNESDAY,-3
3120212,JAPANESE_FOOD,THURSDAY,-1
3120212,JAPANESE_FOOD,FRIDAY,1
3120212,JAPANESE_FOOD,SATURDAY,4
3120212,JAPANESE_FOOD,SUNDAY,1
3120212,WESTERN_FOOD,MONDAY,-2
3120212,WESTERN_FOOD,TUESDAY,-2
3120212,WESTERN_FOOD,WEDNESDAY,-2
3120212,WESTERN_FOOD,THURSDAY,-2
3120212,WESTERN_FOOD,FRIDAY,0
3120212,WESTERN_FOOD,SATURDAY,5
3120212,WESTERN_FOOD,SUNDAY,2
3120212,CHICKEN,MONDAY,-5
3120212,CHICKEN,TUESDAY,-3
3120212,CHICKEN,WEDNESDAY,-2
3120212,CHICKEN,THURSDAY,0
3120212,CHICKEN,FRIDAY,4
3120212,CHICKEN,SATURDAY,3
3120212,CHICKEN,SUNDAY,2
3120212,FAST_FOOD,MONDAY,-1
3120212,FAST_FOOD,TUESDAY,0
3120212,FAST_FOOD,WEDNESDAY,0
3120212,FAST_FOOD,THURSDAY,-1
3120212,FAST_FOOD,FRIDAY,1
3120212,FAST_FOOD,SATURDAY,2
3120212,FAST_FOOD,SUNDAY,-2
3120212,BUNSIK,MONDAY,-2
3120212,BUNSIK,TUESDAY,-2
3120212,BUNSIK,WEDNESDAY,-1
3120212,BUNSIK,THURSDAY,-1
3120212,BUNSIK,FRIDAY,0
3120212,BUNSIK,SATURDAY,5
3120212,BUNSIK,SUNDAY,1
3120212,CAFE_BEVERAGE,MONDAY,-4
3120212,CAFE_BEVERAGE,TUESDAY,-3
3120212,CAFE_BEVERAGE,WEDNESDAY,-2
3120212,CAFE_BEVERAGE,THURSDAY,-2
3120212,CAFE_BEVERAGE,FRIDAY,-1
3120212,CAFE_BEVERAGE,SATURDAY,6
3120212,CAFE_BEVERAGE,SUNDAY,4
3120212,BAKERY,MONDAY,-5
3120212,BAKERY,TUESDAY,0
3120212,BAKERY,WEDNESDAY,-1
3120212,BAKERY,THURSDAY,1
3120212,BAKERY,FRIDAY,3
3120212,BAKERY,SATURDAY,6
3120212,BAKERY,SUNDAY,-5
3120213,KOREAN_FOOD,MONDAY,3
3120213,KOREAN_FOOD,TUESDAY,5
3120213,KOREAN_FOOD,WEDNESDAY,5
3120213,KOREAN_FOOD,THURSDAY,6
3120213,KOREAN_FOOD,FRIDAY,4
3120213,KOREAN_FOOD,SATURDAY,-6
3120213,KOREAN_FOOD,SUNDAY,-6
3120213,CHINESE_FOOD,MONDAY,-2
3120213,CHINESE_FOOD,TUESDAY,2
3120213,CHINESE_FOOD,WEDNESDAY,2
3120213,CHINESE_FOOD,THURSDAY,4
3120213,CHINESE_FOOD,FRIDAY,4
3120213,CHINESE_FOOD,SATURDAY,-5
3120213,CHINESE_FOOD,SUNDAY,-6
3120213,JAPANESE_FOOD,MONDAY,-1
3120213,JAPANESE_FOOD,TUESDAY,2
3120213,JAPANESE_FOOD,WEDNESDAY,3
3120213,JAPANESE_FOOD,THURSDAY,5
3120213,JAPANESE_FOOD,FRIDAY,6
3120213,JAPANESE_FOOD,SATURDAY,-3
3120213,JAPANESE_FOOD,SUNDAY,-6
3120213,WESTERN_FOOD,MONDAY,-2
3120213,WESTERN_FOOD,TUESDAY,2
3120213,WESTERN_FOOD,WEDNESDAY,3
3120213,WESTERN_FOOD,THURSDAY,6
3120213,WESTERN_FOOD,FRIDAY,5
3120213,WESTERN_FOOD,SATURDAY,-4
3120213,WESTERN_FOOD,SUNDAY,-6
3120213,CHICKEN,MONDAY,-1
3120213,CHICKEN,TUESDAY,5
3120213,CHICKEN,WEDNESDAY,4
3120213,CHICKEN,THURSDAY,6
3120213,CHICKEN,FRIDAY,6
3120213,CHICKEN,SATURDAY,-6
3120213,CHICKEN,SUNDAY,-6
3120213,BUNSIK,MONDAY,6
3120213,BUNSIK,TUESDAY,6
3120213,BUNSIK,WEDNESDAY,6
3120213,BUNSIK,THURSDAY,6
3120213,BUNSIK,FRIDAY,5
3120213,BUNSIK,SATURDAY,-6
3120213,BUNSIK,SUNDAY,-6
3120213,CAFE_BEVERAGE,MONDAY,2
3120213,CAFE_BEVERAGE,TUESDAY,3
3120213,CAFE_BEVERAGE,WEDNESDAY,3
3120213,CAFE_BEVERAGE,THURSDAY,4
3120213,CAFE_BEVERAGE,FRIDAY,4
3120213,CAFE_BEVERAGE,SATURDAY,-6
3120213,CAFE_BEVERAGE,SUNDAY,-6
3120213,BAKERY,MONDAY,0
3120213,BAKERY,TUESDAY,3
3120213,BAKERY,WEDNESDAY,3
3120213,BAKERY,THURSDAY,3
3120213,BAKERY,FRIDAY,4
3120213,BAKERY,SATURDAY,-4
3120213,BAKERY,SUNDAY,-6
3120214,KOREAN_FOOD,MONDAY,0
3120214,KOREAN_FOOD,TUESDAY,2
3120214,KOREAN_FOOD,WEDNESDAY,2
3120214,KOREAN_FOOD,THURSDAY,2
3120214,KOREAN_FOOD,FRIDAY,3
3120214,KOREAN_FOOD,SATURDAY,-3
3120214,KOREAN_FOOD,SUNDAY,-5
3120214,WESTERN_FOOD,MONDAY,-6
3120214,WESTERN_FOOD,TUESDAY,-6
3120214,WESTERN_FOOD,WEDNESDAY,6
3120214,WESTERN_FOOD,THURSDAY,6
3120214,WESTERN_FOOD,FRIDAY,6
3120214,WESTERN_FOOD,SATURDAY,3
3120214,WESTERN_FOOD,SUNDAY,0
3120214,CAFE_BEVERAGE,MONDAY,3
3120214,CAFE_BEVERAGE,TUESDAY,4
3120214,CAFE_BEVERAGE,WEDNESDAY,5
3120214,CAFE_BEVERAGE,THURSDAY,5
3120214,CAFE_BEVERAGE,FRIDAY,4
3120214,CAFE_BEVERAGE,SATURDAY,-6
3120214,CAFE_BEVERAGE,SUNDAY,-6
3120215,KOREAN_FOOD,MONDAY,6
3120215,KOREAN_FOOD,TUESDAY,6
3120215,KOREAN_FOOD,WEDNESDAY,6
3120215,KOREAN_FOOD,THURSDAY,6
3120215,KOREAN_FOOD,FRIDAY,4
3120215,KOREAN_FOOD,SATURDAY,-6
3120215,KOREAN_FOOD,SUNDAY,-6
3120215,CHINESE_FOOD,MONDAY,3
3120215,CHINESE_FOOD,TUESDAY,5
3120215,CHINESE_FOOD,WEDNESDAY,6
3120215,CHINESE_FOOD,THURSDAY,6
3120215,CHINESE_FOOD,FRIDAY,5
3120215,CHINESE_FOOD,SATURDAY,-6
3120215,CHINESE_FOOD,SUNDAY,-6
3120215,JAPANESE_FOOD,MONDAY,5
3120215,JAPANESE_FOOD,TUESDAY,6
3120215,JAPANESE_FOOD,WEDNESDAY,6
3120215,JAPANESE_FOOD,THURSDAY,6
3120215,JAPANESE_FOOD,FRIDAY,5
3120215,JAPANESE_FOOD,SATURDAY,-6
3120215,JAPANESE_FOOD,SUNDAY,-6
3120215,WESTERN_FOOD,MONDAY,4
3120215,WESTERN_FOOD,TUESDAY,4
3120215,WESTERN_FOOD,WEDNESDAY,6
3120215,WESTERN_FOOD,THURSDAY,6
3120215,WESTERN_FOOD,FRIDAY,4
3120215,WESTERN_FOOD,SATURDAY,-6
3120215,WESTERN_FOOD,SUNDAY,-6
3120215,CHICKEN,MONDAY,0
3120215,CHICKEN,TUESDAY,4
3120215,CHICKEN,WEDNESDAY,5
3120215,CHICKEN,THURSDAY,6
3120215,CHICKEN,FRIDAY,3
3120215,CHICKEN,SATURDAY,-6
3120215,CHICKEN,SUNDAY,-6
3120215,FAST_FOOD,MONDAY,4
3120215,FAST_FOOD,TUESDAY,4
3120215,FAST_FOOD,WEDNESDAY,4
3120215,FAST_FOOD,THURSDAY,5
3120215,FAST_FOOD,FRIDAY,4
3120215,FAST_FOOD,SATURDAY,-6
3120215,FAST_FOOD,SUNDAY,-6
3120215,BUNSIK,MONDAY,5
3120215,BUNSIK,TUESDAY,6
3120215,BUNSIK,WEDNESDAY,6
3120215,BUNSIK,THURSDAY,6
3120215,BUNSIK,FRIDAY,6
3120215,BUNSIK,SATURDAY,-6
3120215,BUNSIK,SUNDAY,-6
3120215,CAFE_BEVERAGE,MONDAY,4
3120215,CAFE_BEVERAGE,TUESDAY,5
3120215,CAFE_BEVERAGE,WEDNESDAY,5
3120215,CAFE_BEVERAGE,THURSDAY,5
3120215,CAFE_BEVERAGE,FRIDAY,4
3120215,CAFE_BEVERAGE,SATURDAY,-6
3120215,CAFE_BEVERAGE,SUNDAY,-6
3120215,BAKERY,MONDAY,3
3120215,BAKERY,TUESDAY,5
3120215,BAKERY,WEDNESDAY,4
3120215,BAKERY,THURSDAY,5
3120215,BAKERY,FRIDAY,4
3120215,BAKERY,SATURDAY,-6
3120215,BAKERY,SUNDAY,-6
3120216,KOREAN_FOOD,MONDAY,4
3120216,KOREAN_FOOD,TUESDAY,4
3120216,KOREAN_FOOD,WEDNESDAY,4
3120216,KOREAN_FOOD,THURSDAY,4
3120216,KOREAN_FOOD,FRIDAY,5
3120216,KOREAN_FOOD,SATURDAY,-6
3120216,KOREAN_FOOD,SUNDAY,-6
3120216,CAFE_BEVERAGE,MONDAY,3
3120216,CAFE_BEVERAGE,TUESDAY,6
3120216,CAFE_BEVERAGE,WEDNESDAY,5
3120216,CAFE_BEVERAGE,THURSDAY,4
3120216,CAFE_BEVERAGE,FRIDAY,6
3120216,CAFE_BEVERAGE,SATURDAY,-6
3120216,CAFE_BEVERAGE,SUNDAY,-6
3120217,KOREAN_FOOD,MONDAY,1
3120217,KOREAN_FOOD,TUESDAY,1
3120217,KOREAN_FOOD,WEDNESDAY,1
3120217,KOREAN_FOOD,THURSDAY,1
3120217,KOREAN_FOOD,FRIDAY,1
3120217,KOREAN_FOOD,SATURDAY,0
3120217,KOREAN_FOOD,SUNDAY,-4
3120217,CHINESE_FOOD,MONDAY,-6
3120217,CHINESE_FOOD,TUESDAY,-1
3120217,CHINESE_FOOD,WEDNESDAY,0
3120217,CHINESE_FOOD,THURSDAY,-1
3120217,CHINESE_FOOD,FRIDAY,2
3120217,CHINESE_FOOD,SATURDAY,6
3120217,CHINESE_FOOD,SUNDAY,5
3120217,JAPANESE_FOOD,MONDAY,6
3120217,JAPANESE_FOOD,TUESDAY,6
3120217,JAPANESE_FOOD,WEDNESDAY,6
3120217,JAPANESE_FOOD,THURSDAY,5
3120217,JAPANESE_FOOD,FRIDAY,6
3120217,JAPANESE_FOOD,SATURDAY,-6
3120217,JAPANESE_FOOD,SUNDAY,-6
3120217,WESTERN_FOOD,MONDAY,-6
3120217,WESTERN_FOOD,TUESDAY,-1
3120217,WESTERN_FOOD,WEDNESDAY,-1
3120217,WESTERN_FOOD,THURSDAY,-1
3120217,WESTERN_FOOD,FRIDAY,1
3120217,WESTERN_FOOD,SATURDAY,-3
3120217,WESTERN_FOOD,SUNDAY,6
3120217,CHICKEN,MONDAY,-5
3120217,CHICKEN,TUESDAY,-3
3120217,CHICKEN,WEDNESDAY,-2
3120217,CHICKEN,THURSDAY,-2
3120217,CHICKEN,FRIDAY,4
3120217,CHICKEN,SATURDAY,6
3120217,CHICKEN,SUNDAY,2
3120217,FAST_FOOD,MONDAY,-2
3120217,FAST_FOOD,TUESDAY,-2
3120217,FAST_FOOD,WEDNESDAY,-2
3120217,FAST_FOOD,THURSDAY,-5
3120217,FAST_FOOD,FRIDAY,0
3120217,FAST_FOOD,SATURDAY,6
3120217,FAST_FOOD,SUNDAY,5
3120217,BUNSIK,MONDAY,-3
3120217,BUNSIK,TUESDAY,1
3120217,BUNSIK,WEDNESDAY,2
3120217,BUNSIK,THURSDAY,2
3120217,BUNSIK,FRIDAY,3
3120217,BUNSIK,SATURDAY,6
3120217,BUNSIK,SUNDAY,-6
3120217,CAFE_BEVERAGE,MONDAY,0
3120217,CAFE_BEVERAGE,TUESDAY,0
3120217,CAFE_BEVERAGE,WEDNESDAY,1
3120217,CAFE_BEVERAGE,THURSDAY,1
3120217,CAFE_BEVERAGE,FRIDAY,2
3120217,CAFE_BEVERAGE,SATURDAY,-1
3120217,CAFE_BEVERAGE,SUNDAY,-3
3120218,KOREAN_FOOD,MONDAY,-1
3120218,KOREAN_FOOD,TUESDAY,1
3120218,KOREAN_FOOD,WEDNESDAY,3
3120218,KOREAN_FOOD,THURSDAY,4
3120218,KOREAN_FOOD,FRIDAY,3
3120218,KOREAN_FOOD,SATURDAY,-4
3120218,KOREAN_FOOD,SUNDAY,-6
3120218,CHINESE_FOOD,MONDAY,-3
3120218,CHINESE_FOOD,TUESDAY,-2
3120218,CHINESE_FOOD,WEDNESDAY,-2
3120218,CHINESE_FOOD,THURSDAY,-2
3120218,CHINESE_FOOD,FRIDAY,2
3120218,CHINESE_FOOD,SATURDAY,4
3120218,CHINESE_FOOD,SUNDAY,3
3120218,JAPANESE_FOOD,MONDAY,0
3120218,JAPANESE_FOOD,TUESDAY,2
3120218,JAPANESE_FOOD,WEDNESDAY,4
3120218,JAPANESE_FOOD,THURSDAY,5
3120218,JAPANESE_FOOD,FRIDAY,4
3120218,JAPANESE_FOOD,SATURDAY,-6
3120218,JAPANESE_FOOD,SUNDAY,-6
3120218,WESTERN_FOOD,MONDAY,-5
3120218,WESTERN_FOOD,TUESDAY,-4
3120218,WESTERN_FOOD,WEDNESDAY,-2
3120218,WESTERN_FOOD,THURSDAY,-1
3120218,WESTERN_FOOD,FRIDAY,2
3120218,WESTERN_FOOD,SATURDAY,6
3120218,WESTERN_FOOD,SUNDAY,3
3120218,FAST_FOOD,MONDAY,-4
3120218,FAST_FOOD,TUESDAY,-2
3120218,FAST_FOOD,WEDNESDAY,0
3120218,FAST_FOOD,THURSDAY,2
3120218,FAST_FOOD,FRIDAY,3
3120218,FAST_FOOD,SATURDAY,1
3120218,FAST_FOOD,SUNDAY,-1
3120218,BUNSIK,MONDAY,2
3120218,BUNSIK,TUESDAY,4
3120218,BUNSIK,WEDNESDAY,3
3120218,BUNSIK,THURSDAY,5
3120218,BUNSIK,FRIDAY,4
3120218,BUNSIK,SATURDAY,-6
3120218,BUNSIK,SUNDAY,-6
3120218,CAFE_BEVERAGE,MONDAY,-5
3120218,CAFE_BEVERAGE,TUESDAY,-3
3120218,CAFE_BEVERAGE,WEDNESDAY,0
3120218,CAFE_BEVERAGE,THURSDAY,2
3120218,CAFE_BEVERAGE,FRIDAY,3
3120218,CAFE_BEVERAGE,SATURDAY,3
3120218,CAFE_BEVERAGE,SUNDAY,0
3120218,BAKERY,MONDAY,-2
3120218,BAKERY,TUESDAY,-1
3120218,BAKERY,WEDNESDAY,0
3120218,BAKERY,THURSDAY,1
3120218,BAKERY,FRIDAY,2
3120218,BAKERY,SATURDAY,1
3120218,BAKERY,SUNDAY,-1
3120219,KOREAN_FOOD,MONDAY,-3
3120219,KOREAN_FOOD,TUESDAY,-4
3120219,KOREAN_FOOD,WEDNESDAY,-4
3120219,KOREAN_FOOD,THURSDAY,-3
3120219,KOREAN_FOOD,FRIDAY,-3
3120219,KOREAN_FOOD,SATURDAY,6
3120219,KOREAN_FOOD,SUNDAY,6
3120219,CHINESE_FOOD,MONDAY,-4
3120219,CHINESE_FOOD,TUESDAY,-3
3120219,CHINESE_FOOD,WEDNESDAY,-2
3120219,CHINESE_FOOD,THURSDAY,-2
3120219,CHINESE_FOOD,FRIDAY,-1
3120219,CHINESE_FOOD,SATURDAY,6
3120219,CHINESE_FOOD,SUNDAY,5
3120219,JAPANESE_FOOD,MONDAY,-5
3120219,JAPANESE_FOOD,TUESDAY,-4
3120219,JAPANESE_FOOD,WEDNESDAY,-4
3120219,JAPANESE_FOOD,THURSDAY,-4
3120219,JAPANESE_FOOD,FRIDAY,-3
3120219,JAPANESE_FOOD,SATURDAY,6
3120219,JAPANESE_FOOD,SUNDAY,6
3120219,WESTERN_FOOD,MONDAY,-6
3120219,WESTERN_FOOD,TUESDAY,-4
3120219,WESTERN_FOOD,WEDNESDAY,-6
3120219,WESTERN_FOOD,THURSDAY,-2
3120219,WESTERN_FOOD,FRIDAY,0
3120219,WESTERN_FOOD,SATURDAY,6
3120219,WESTERN_FOOD,SUNDAY,6
3120219,CHICKEN,MONDAY,-6
3120219,CHICKEN,TUESDAY,-3
3120219,CHICKEN,WEDNESDAY,-3
3120219,CHICKEN,THURSDAY,-2
3120219,CHICKEN,FRIDAY,4
3120219,CHICKEN,SATURDAY,6
3120219,CHICKEN,SUNDAY,1
3120219,FAST_FOOD,MONDAY,-3
3120219,FAST_FOOD,TUESDAY,-2
3120219,FAST_FOOD,WEDNESDAY,-2
3120219,FAST_FOOD,THURSDAY,-2
3120219,FAST_FOOD,FRIDAY,-1
3120219,FAST_FOOD,SATURDAY,6
3120219,FAST_FOOD,SUNDAY,3
3120219,BUNSIK,MONDAY,-3
3120219,BUNSIK,TUESDAY,-3
3120219,BUNSIK,WEDNESDAY,-3
3120219,BUNSIK,THURSDAY,-3
3120219,BUNSIK,FRIDAY,-2
3120219,BUNSIK,SATURDAY,6
3120219,BUNSIK,SUNDAY,4
3120219,CAFE_BEVERAGE,MONDAY,-1
3120219,CAFE_BEVERAGE,TUESDAY,-1
3120219,CAFE_BEVERAGE,WEDNESDAY,-1
3120219,CAFE_BEVERAGE,THURSDAY,-2
3120219,CAFE_BEVERAGE,FRIDAY,-1
3120219,CAFE_BEVERAGE,SATURDAY,5
3120219,CAFE_BEVERAGE,SUNDAY,1
3120219,BAKERY,MONDAY,-2
3120219,BAKERY,TUESDAY,-2
3120219,BAKERY,WEDNESDAY,-1
3120219,BAKERY,THURSDAY,-1
3120219,BAKERY,FRIDAY,-1
3120219,BAKERY,SATURDAY,4
3120219,BAKERY,SUNDAY,3
3120220,KOREAN_FOOD,MONDAY,-2
3120220,KOREAN_FOOD,TUESDAY,1
3120220,KOREAN_FOOD,WEDNESDAY,1
3120220,KOREAN_FOOD,THURSDAY,1
3120220,KOREAN_FOOD,FRIDAY,2
3120220,KOREAN_FOOD,SATURDAY,2
3120220,KOREAN_FOOD,SUNDAY,-4
3120220,CHINESE_FOOD,MONDAY,-3
3120220,CHINESE_FOOD,TUESDAY,0
3120220,CHINESE_FOOD,WEDNESDAY,0
3120220,CHINESE_FOOD,THURSDAY,0
3120220,CHINESE_FOOD,FRIDAY,1
3120220,CHINESE_FOOD,SATURDAY,2
3120220,CHINESE_FOOD,SUNDAY,-1
3120220,JAPANESE_FOOD,MONDAY,-1
3120220,JAPANESE_FOOD,TUESDAY,0
3120220,JAPANESE_FOOD,WEDNESDAY,-1
3120220,JAPANESE_FOOD,THURSDAY,0
3120220,JAPANESE_FOOD,FRIDAY,0
3120220,JAPANESE_FOOD,SATURDAY,3
3120220,JAPANESE_FOOD,SUNDAY,-2
3120220,WESTERN_FOOD,MONDAY,2
3120220,WESTERN_FOOD,TUESDAY,4
3120220,WESTERN_FOOD,WEDNESDAY,3
3120220,WESTERN_FOOD,THURSDAY,5
3120220,WESTERN_FOOD,FRIDAY,3
3120220,WESTERN_FOOD,SATURDAY,1
3120220,WESTERN_FOOD,SUNDAY,-6
3120220,CHICKEN,MONDAY,-5
3120220,CHICKEN,TUESDAY,-2
3120220,CHICKEN,WEDNESDAY,-1
3120220,CHICKEN,THURSDAY,1
3120220,CHICKEN,FRIDAY,6
3120220,CHICKEN,SATURDAY,4
3120220,CHICKEN,SUNDAY,-4
3120220,FAST_FOOD,MONDAY,1
3120220,FAST_FOOD,TUESDAY,0
3120220,FAST_FOOD,WEDNESDAY,-2
3120220,FAST_FOOD,THURSDAY,-1
3120220,FAST_FOOD,FRIDAY,0
3120220,FAST_FOOD,SATURDAY,4
3120220,FAST_FOOD,SUNDAY,-2
3120220,BUNSIK,MONDAY,2
3120220,BUNSIK,TUESDAY,-3
3120220,BUNSIK,WEDNESDAY,0
3120220,BUNSIK,THURSDAY,0
3120220,BUNSIK,FRIDAY,1
3120220,BUNSIK,SATURDAY,4
3120220,BUNSIK,SUNDAY,-4
3120220,CAFE_BEVERAGE,MONDAY,0
3120220,CAFE_BEVERAGE,TUESDAY,0
3120220,CAFE_BEVERAGE,WEDNESDAY,1
3120220,CAFE_BEVERAGE,THURSDAY,1
3120220,CAFE_BEVERAGE,FRIDAY,1
3120220,CAFE_BEVERAGE,SATURDAY,2
3120220,CAFE_BEVERAGE,SUNDAY,-4
3120220,BAKERY,MONDAY,-1
3120220,BAKERY,TUESDAY,-1
3120220,BAKERY,WEDNESDAY,-2
3120220,BAKERY,THURSDAY,-1
3120220,BAKERY,FRIDAY,-1
3120220,BAKERY,SATURDAY,4
3120220,BAKERY,SUNDAY,1
3120221,KOREAN_FOOD,MONDAY,3
3120221,KOREAN_FOOD,TUESDAY,4
3120221,KOREAN_FOOD,WEDNESDAY,5
3120221,KOREAN_FOOD,THURSDAY,5
3120221,KOREAN_FOOD,FRIDAY,4
3120221,KOREAN_FOOD,SATURDAY,-6
3120221,KOREAN_FOOD,SUNDAY,-6
3120221,WESTERN_FOOD,MONDAY,2
3120221,WESTERN_FOOD,TUESDAY,4
3120221,WESTERN_FOOD,WEDNESDAY,6
3120221,WESTERN_FOOD,THURSDAY,5
3120221,WESTERN_FOOD,FRIDAY,5
3120221,WESTERN_FOOD,SATURDAY,-6
3120221,WESTERN_FOOD,SUNDAY,-6
3120221,CHICKEN,MONDAY,4
3120221,CHICKEN,TUESDAY,6
3120221,CHICKEN,WEDNESDAY,6
3120221,CHICKEN,THURSDAY,6
3120221,CHICKEN,FRIDAY,6
3120221,CHICKEN,SATURDAY,-6
3120221,CHICKEN,SUNDAY,-6
3120221,CAFE_BEVERAGE,MONDAY,1
3120221,CAFE_BEVERAGE,TUESDAY,2
3120221,CAFE_BEVERAGE,WEDNESDAY,4
3120221,CAFE_BEVERAGE,THURSDAY,6
3120221,CAFE_BEVERAGE,FRIDAY,6
3120221,CAFE_BEVERAGE,SATURDAY,-6
3120221,CAFE_BEVERAGE,SUNDAY,-6
3120222,KOREAN_FOOD,MONDAY,3
3120222,KOREAN_FOOD,TUESDAY,6
3120222,KOREAN_FOOD,WEDNESDAY,6
3120222,KOREAN_FOOD,THURSDAY,6
3120222,KOREAN_FOOD,FRIDAY,2
3120222,KOREAN_FOOD,SATURDAY,-6
3120222,KOREAN_FOOD,SUNDAY,-6
3120222,CHINESE_FOOD,MONDAY,-2
3120222,CHINESE_FOOD,TUESDAY,0
3120222,CHINESE_FOOD,WEDNESDAY,1
3120222,CHINESE_FOOD,THURSDAY,2
3120222,CHINESE_FOOD,FRIDAY,2
3120222,CHINESE_FOOD,SATURDAY,-2
3120222,CHINESE_FOOD,SUNDAY,-3
3120222,JAPANESE_FOOD,MONDAY,2
3120222,JAPANESE_FOOD,TUESDAY,6
3120222,JAPANESE_FOOD,WEDNESDAY,6
3120222,JAPANESE_FOOD,THURSDAY,6
3120222,JAPANESE_FOOD,FRIDAY,5
3120222,JAPANESE_FOOD,SATURDAY,-6
3120222,JAPANESE_FOOD,SUNDAY,-6
3120222,WESTERN_FOOD,MONDAY,-1
3120222,WESTERN_FOOD,TUESDAY,1
3120222,WESTERN_FOOD,WEDNESDAY,2
3120222,WESTERN_FOOD,THURSDAY,3
3120222,WESTERN_FOOD,FRIDAY,2
3120222,WESTERN_FOOD,SATURDAY,-3
3120222,WESTERN_FOOD,SUNDAY,-5
3120222,CHICKEN,MONDAY,3
3120222,CHICKEN,TUESDAY,6
3120222,CHICKEN,WEDNESDAY,6
3120222,CHICKEN,THURSDAY,6
3120222,CHICKEN,FRIDAY,0
3120222,CHICKEN,SATURDAY,-6
3120222,CHICKEN,SUNDAY,-6
3120222,FAST_FOOD,MONDAY,0
3120222,FAST_FOOD,TUESDAY,3
3120222,FAST_FOOD,WEDNESDAY,3
3120222,FAST_FOOD,THURSDAY,6
3120222,FAST_FOOD,FRIDAY,5
3120222,FAST_FOOD,SATURDAY,-6
3120222,FAST_FOOD,SUNDAY,-6
3120222,BUNSIK,MONDAY,-2
3120222,BUNSIK,TUESDAY,-1
3120222,BUNSIK,WEDNESDAY,0
3120222,BUNSIK,THURSDAY,1
3120222,BUNSIK,FRIDAY,2
3120222,BUNSIK,SATURDAY,0
3120222,BUNSIK,SUNDAY,-1
3120222,CAFE_BEVERAGE,MONDAY,2
3120222,CAFE_BEVERAGE,TUESDAY,4
3120222,CAFE_BEVERAGE,WEDNESDAY,5
3120222,CAFE_BEVERAGE,THURSDAY,5
3120222,CAFE_BEVERAGE,FRIDAY,3
3120222,CAFE_BEVERAGE,SATURDAY,-6
3120222,CAFE_BEVERAGE,SUNDAY,-6
3120222,BAKERY,MONDAY,-2
3120222,BAKERY,TUESDAY,0
3120222,BAKERY,WEDNESDAY,1
3120222,BAKERY,THURSDAY,2
3120222,BAKERY,FRIDAY,4
3120222,BAKERY,SATURDAY,-2
3120222,BAKERY,SUNDAY,-4
3120223,KOREAN_FOOD,MONDAY,3
3120223,KOREAN_FOOD,TUESDAY,6
3120223,KOREAN_FOOD,WEDNESDAY,6
3120223,KOREAN_FOOD,THURSDAY,6
3120223,KOREAN_FOOD,FRIDAY,4
3120223,KOREAN_FOOD,SATURDAY,-6
3120223,KOREAN_FOOD,SUNDAY,-6
3120223,CAFE_BEVERAGE,MONDAY,1
3120223,CAFE_BEVERAGE,TUESDAY,1
3120223,CAFE_BEVERAGE,WEDNESDAY,1
3120223,CAFE_BEVERAGE,THURSDAY,1
3120223,CAFE_BEVERAGE,FRIDAY,2
3120223,CAFE_BEVERAGE,SATURDAY,-6
3120223,CAFE_BEVERAGE,SUNDAY,6
3120224,KOREAN_FOOD,MONDAY,4
3120224,KOREAN_FOOD,TUESDAY,5
3120224,KOREAN_FOOD,WEDNESDAY,4
3120224,KOREAN_FOOD,THURSDAY,4
3120224,KOREAN_FOOD,FRIDAY,4
3120224,KOREAN_FOOD,SATURDAY,-6
3120224,KOREAN_FOOD,SUNDAY,-6
3120224,CHINESE_FOOD,MONDAY,1
3120224,CHINESE_FOOD,TUESDAY,4
3120224,CHINESE_FOOD,WEDNESDAY,5
3120224,CHINESE_FOOD,THURSDAY,4
3120224,CHINESE_FOOD,FRIDAY,4
3120224,CHINESE_FOOD,SATURDAY,-6
3120224,CHINESE_FOOD,SUNDAY,-6
3120224,JAPANESE_FOOD,MONDAY,4
3120224,JAPANESE_FOOD,TUESDAY,5
3120224,JAPANESE_FOOD,WEDNESDAY,5
3120224,JAPANESE_FOOD,THURSDAY,5
3120224,JAPANESE_FOOD,FRIDAY,5
3120224,JAPANESE_FOOD,SATURDAY,-6
3120224,JAPANESE_FOOD,SUNDAY,-6
3120224,CHICKEN,MONDAY,-2
3120224,CHICKEN,TUESDAY,1
3120224,CHICKEN,WEDNESDAY,1
3120224,CHICKEN,THURSDAY,2
3120224,CHICKEN,FRIDAY,4
3120224,CHICKEN,SATURDAY,-1
3120224,CHICKEN,SUNDAY,-4
3120224,FAST_FOOD,MONDAY,2
3120224,FAST_FOOD,TUESDAY,2
3120224,FAST_FOOD,WEDNESDAY,2
3120224,FAST_FOOD,THURSDAY,2
3120224,FAST_FOOD,FRIDAY,2
3120224,FAST_FOOD,SATURDAY,-4
3120224,FAST_FOOD,SUNDAY,-6
3120224,BUNSIK,MONDAY,2
3120224,BUNSIK,TUESDAY,2
3120224,BUNSIK,WEDNESDAY,2
3120224,BUNSIK,THURSDAY,3
3120224,BUNSIK,FRIDAY,3
3120224,BUNSIK,SATURDAY,-4
3120224,BUNSIK,SUNDAY,-6
3120224,CAFE_BEVERAGE,MONDAY,2
3120224,CAFE_BEVERAGE,TUESDAY,3
3120224,CAFE_BEVERAGE,WEDNESDAY,3
3120224,CAFE_BEVERAGE,THURSDAY,3
3120224,CAFE_BEVERAGE,FRIDAY,3
3120224,CAFE_BEVERAGE,SATURDAY,-5
3120224,CAFE_BEVERAGE,SUNDAY,-6
3120224,BAKERY,MONDAY,2
3120224,BAKERY,TUESDAY,2
3120224,BAKERY,WEDNESDAY,2
3120224,BAKERY,THURSDAY,2
3120224,BAKERY,FRIDAY,3
3120224,BAKERY,SATURDAY,-3
3120224,BAKERY,SUNDAY,-6
3120225,KOREAN_FOOD,MONDAY,-1
3120225,KOREAN_FOOD,TUESDAY,-1
3120225,KOREAN_FOOD,WEDNESDAY,-1
3120225,KOREAN_FOOD,THURSDAY,0
3120225,KOREAN_FOOD,FRIDAY,2
3120225,KOREAN_FOOD,SATURDAY,3
3120225,KOREAN_FOOD,SUNDAY,-3
3120225,CHINESE_FOOD,MONDAY,-1
3120225,CHINESE_FOOD,TUESDAY,-1
3120225,CHINESE_FOOD,WEDNESDAY,-1
3120225,CHINESE_FOOD,THURSDAY,-1
3120225,CHINESE_FOOD,FRIDAY,0
3120225,CHINESE_FOOD,SATURDAY,2
3120225,CHINESE_FOOD,SUNDAY,1
3120225,JAPANESE_FOOD,MONDAY,-1
3120225,JAPANESE_FOOD,TUESDAY,0
3120225,JAPANESE_FOOD,WEDNESDAY,0
3120225,JAPANESE_FOOD,THURSDAY,0
3120225,JAPANESE_FOOD,FRIDAY,3
3120225,JAPANESE_FOOD,SATURDAY,3
3120225,JAPANESE_FOOD,SUNDAY,-4
3120225,WESTERN_FOOD,MONDAY,-4
3120225,WESTERN_FOOD,TUESDAY,-1
3120225,WESTERN_FOOD,WEDNESDAY,0
3120225,WESTERN_FOOD,THURSDAY,0
3120225,WESTERN_FOOD,FRIDAY,3
3120225,WESTERN_FOOD,SATURDAY,6
3120225,WESTERN_FOOD,SUNDAY,-3
3120225,CHICKEN,MONDAY,-6
3120225,CHICKEN,TUESDAY,-3
3120225,CHICKEN,WEDNESDAY,-2
3120225,CHICKEN,THURSDAY,-1
3120225,CHICKEN,FRIDAY,5
3120225,CHICKEN,SATURDAY,6
3120225,CHICKEN,SUNDAY,2
3120225,FAST_FOOD,MONDAY,0
3120225,FAST_FOOD,TUESDAY,0
3120225,FAST_FOOD,WEDNESDAY,0
3120225,FAST_FOOD,THURSDAY,0
3120225,FAST_FOOD,FRIDAY,2
3120225,FAST_FOOD,SATURDAY,2
3120225,FAST_FOOD,SUNDAY,-4
3120225,BUNSIK,MONDAY,1
3120225,BUNSIK,TUESDAY,1
3120225,BUNSIK,WEDNESDAY,1
3120225,BUNSIK,THURSDAY,1
3120225,BUNSIK,FRIDAY,3
3120225,BUNSIK,SATURDAY,3
3120225,BUNSIK,SUNDAY,-6
3120225,CAFE_BEVERAGE,MONDAY,-2
3120225,CAFE_BEVERAGE,TUESDAY,-1
3120225,CAFE_BEVERAGE,WEDNESDAY,0
3120225,CAFE_BEVERAGE,THURSDAY,-1
3120225,CAFE_BEVERAGE,FRIDAY,2
3120225,CAFE_BEVERAGE,SATURDAY,5
3120225,CAFE_BEVERAGE,SUNDAY,-3
3120225,BAKERY,MONDAY,1
3120225,BAKERY,TUESDAY,1
3120225,BAKERY,WEDNESDAY,2
3120225,BAKERY,THURSDAY,0
3120225,BAKERY,FRIDAY,2
3120225,BAKERY,SATURDAY,2
3120225,BAKERY,SUNDAY,-6
3120226,KOREAN_FOOD,MONDAY,-1
3120226,KOREAN_FOOD,TUESDAY,-1
3120226,KOREAN_FOOD,WEDNESDAY,-1
3120226,KOREAN_FOOD,THURSDAY,0
3120226,KOREAN_FOOD,FRIDAY,1
3120226,KOREAN_FOOD,SATURDAY,1
3120226,KOREAN_FOOD,SUNDAY,1
3120226,CHINESE_FOOD,MONDAY,2
3120226,CHINESE_FOOD,TUESDAY,2
3120226,CHINESE_FOOD,WEDNESDAY,2
3120226,CHINESE_FOOD,THURSDAY,1
3120226,CHINESE_FOOD,FRIDAY,2
3120226,CHINESE_FOOD,SATURDAY,-3
3120226,CHINESE_FOOD,SUNDAY,-5
3120226,JAPANESE_FOOD,MONDAY,5
3120226,JAPANESE_FOOD,TUESDAY,5
3120226,JAPANESE_FOOD,WEDNESDAY,5
3120226,JAPANESE_FOOD,THURSDAY,5
3120226,JAPANESE_FOOD,FRIDAY,6
3120226,JAPANESE_FOOD,SATURDAY,-6
3120226,JAPANESE_FOOD,SUNDAY,-6
3120226,BUNSIK,MONDAY,1
3120226,BUNSIK,TUESDAY,1
3120226,BUNSIK,WEDNESDAY,1
3120226,BUNSIK,THURSDAY,0
3120226,BUNSIK,FRIDAY,1
3120226,BUNSIK,SATURDAY,-1
3120226,BUNSIK,SUNDAY,-3
3120226,CAFE_BEVERAGE,MONDAY,-1
3120226,CAFE_BEVERAGE,TUESDAY,-1
3120226,CAFE_BEVERAGE,WEDNESDAY,-1
3120226,CAFE_BEVERAGE,THURSDAY,-1
3120226,CAFE_BEVERAGE,FRIDAY,0
3120226,CAFE_BEVERAGE,SATURDAY,2
3120226,CAFE_BEVERAGE,SUNDAY,2
3120226,BAKERY,MONDAY,1
3120226,BAKERY,TUESDAY,0
3120226,BAKERY,WEDNESDAY,2
3120226,BAKERY,THURSDAY,0
3120226,BAKERY,FRIDAY,0
3120226,BAKERY,SATURDAY,0
3120226,BAKERY,SUNDAY,-2
3120227,KOREAN_FOOD,MONDAY,4
3120227,KOREAN_FOOD,TUESDAY,5
3120227,KOREAN_FOOD,WEDNESDAY,4
3120227,KOREAN_FOOD,THURSDAY,5
3120227,KOREAN_FOOD,FRIDAY,3
3120227,KOREAN_FOOD,SATURDAY,-6
3120227,KOREAN_FOOD,SUNDAY,-6
3120227,CHINESE_FOOD,MONDAY,1
3120227,CHINESE_FOOD,TUESDAY,3
3120227,CHINESE_FOOD,WEDNESDAY,4
3120227,CHINESE_FOOD,THURSDAY,4
3120227,CHINESE_FOOD,FRIDAY,4
3120227,CHINESE_FOOD,SATURDAY,-6
3120227,CHINESE_FOOD,SUNDAY,-6
3120227,JAPANESE_FOOD,MONDAY,0
3120227,JAPANESE_FOOD,TUESDAY,2
3120227,JAPANESE_FOOD,WEDNESDAY,2
3120227,JAPANESE_FOOD,THURSDAY,2
3120227,JAPANESE_FOOD,FRIDAY,2
3120227,JAPANESE_FOOD,SATURDAY,-2
3120227,JAPANESE_FOOD,SUNDAY,-6
3120227,WESTERN_FOOD,MONDAY,-4
3120227,WESTERN_FOOD,TUESDAY,-2
3120227,WESTERN_FOOD,WEDNESDAY,0
3120227,WESTERN_FOOD,THURSDAY,-1
3120227,WESTERN_FOOD,FRIDAY,1
3120227,WESTERN_FOOD,SATURDAY,5
3120227,WESTERN_FOOD,SUNDAY,0
3120227,CHICKEN,MONDAY,6
3120227,CHICKEN,TUESDAY,6
3120227,CHICKEN,WEDNESDAY,6
3120227,CHICKEN,THURSDAY,6
3120227,CHICKEN,FRIDAY,-6
3120227,CHICKEN,SATURDAY,-6
3120227,CHICKEN,SUNDAY,-6
3120227,FAST_FOOD,MONDAY,-2
3120227,FAST_FOOD,TUESDAY,-2
3120227,FAST_FOOD,WEDNESDAY,-1
3120227,FAST_FOOD,THURSDAY,-1
3120227,FAST_FOOD,FRIDAY,1
3120227,FAST_FOOD,SATURDAY,4
3120227,FAST_FOOD,SUNDAY,2
3120227,BUNSIK,MONDAY,-2
3120227,BUNSIK,TUESDAY,-1
3120227,BUNSIK,WEDNESDAY,-1
3120227,BUNSIK,THURSDAY,-1
3120227,BUNSIK,FRIDAY,1
3120227,BUNSIK,SATURDAY,3
3120227,BUNSIK,SUNDAY,0
3120227,CAFE_BEVERAGE,MONDAY,1
3120227,CAFE_BEVERAGE,TUESDAY,1
3120227,CAFE_BEVERAGE,WEDNESDAY,2
3120227,CAFE_BEVERAGE,THURSDAY,2
3120227,CAFE_BEVERAGE,FRIDAY,2
3120227,CAFE_BEVERAGE,SATURDAY,-3
3120227,CAFE_BEVERAGE,SUNDAY,-5
3120227,BAKERY,MONDAY,-2
3120227,BAKERY,TUESDAY,-1
3120227,BAKERY,WEDNESDAY,-1
3120227,BAKERY,THURSDAY,-1
3120227,BAKERY,FRIDAY,1
3120227,BAKERY,SATURDAY,3
3120227,BAKERY,SUNDAY,1
3120228,KOREAN_FOOD,MONDAY,0
3120228,KOREAN_FOOD,TUESDAY,1
3120228,KOREAN_FOOD,WEDNESDAY,0
3120228,KOREAN_FOOD,THURSDAY,1
3120228,KOREAN_FOOD,FRIDAY,2
3120228,KOREAN_FOOD,SATURDAY,0
3120228,KOREAN_FOOD,SUNDAY,-3
3120228,CHINESE_FOOD,MONDAY,-6
3120228,CHINESE_FOOD,TUESDAY,0
3120228,CHINESE_FOOD,WEDNESDAY,1
3120228,CHINESE_FOOD,THURSDAY,2
3120228,CHINESE_FOOD,FRIDAY,5
3120228,CHINESE_FOOD,SATURDAY,3
3120228,CHINESE_FOOD,SUNDAY,3
3120228,WESTERN_FOOD,MONDAY,-4
3120228,WESTERN_FOOD,TUESDAY,-4
3120228,WESTERN_FOOD,WEDNESDAY,-3
3120228,WESTERN_FOOD,THURSDAY,-3
3120228,WESTERN_FOOD,FRIDAY,1
3120228,WESTERN_FOOD,SATURDAY,6
3120228,WESTERN_FOOD,SUNDAY,5
3120228,FAST_FOOD,MONDAY,-1
3120228,FAST_FOOD,TUESDAY,-1
3120228,FAST_FOOD,WEDNESDAY,0
3120228,FAST_FOOD,THURSDAY,0
3120228,FAST_FOOD,FRIDAY,1
3120228,FAST_FOOD,SATURDAY,1
3120228,FAST_FOOD,SUNDAY,-1
3120228,BUNSIK,MONDAY,1
3120228,BUNSIK,TUESDAY,0
3120228,BUNSIK,WEDNESDAY,1
3120228,BUNSIK,THURSDAY,1
3120228,BUNSIK,FRIDAY,-1
3120228,BUNSIK,SATURDAY,0
3120228,BUNSIK,SUNDAY,-3
3120228,CAFE_BEVERAGE,MONDAY,-3
3120228,CAFE_BEVERAGE,TUESDAY,-3
3120228,CAFE_BEVERAGE,WEDNESDAY,-3
3120228,CAFE_BEVERAGE,THURSDAY,-2
3120228,CAFE_BEVERAGE,FRIDAY,0
3120228,CAFE_BEVERAGE,SATURDAY,6
3120228,CAFE_BEVERAGE,SUNDAY,5
3120228,BAKERY,MONDAY,1
3120228,BAKERY,TUESDAY,0
3120228,BAKERY,WEDNESDAY,1
3120228,BAKERY,THURSDAY,1
3120228,BAKERY,FRIDAY,1
3120228,BAKERY,SATURDAY,-1
3120228,BAKERY,SUNDAY,-3
3120229,KOREAN_FOOD,MONDAY,-3
3120229,KOREAN_FOOD,TUESDAY,-3
3120229,KOREAN_FOOD,WEDNESDAY,-2
3120229,KOREAN_FOOD,THURSDAY,-1
3120229,KOREAN_FOOD,FRIDAY,2
3120229,KOREAN_FOOD,SATURDAY,6
3120229,KOREAN_FOOD,SUNDAY,0
3120229,CHINESE_FOOD,MONDAY,-1
3120229,CHINESE_FOOD,TUESDAY,0
3120229,CHINESE_FOOD,WEDNESDAY,1
3120229,CHINESE_FOOD,THURSDAY,1
3120229,CHINESE_FOOD,FRIDAY,4
3120229,CHINESE_FOOD,SATURDAY,-1
3120229,CHINESE_FOOD,SUNDAY,-4
3120229,JAPANESE_FOOD,MONDAY,-3
3120229,JAPANESE_FOOD,TUESDAY,-2
3120229,JAPANESE_FOOD,WEDNESDAY,-1
3120229,JAPANESE_FOOD,THURSDAY,-1
3120229,JAPANESE_FOOD,FRIDAY,2
3120229,JAPANESE_FOOD,SATURDAY,4
3120229,JAPANESE_FOOD,SUNDAY,0
3120229,WESTERN_FOOD,MONDAY,-6
3120229,WESTERN_FOOD,TUESDAY,-6
3120229,WESTERN_FOOD,WEDNESDAY,-3
3120229,WESTERN_FOOD,THURSDAY,-4
3120229,WESTERN_FOOD,FRIDAY,3
3120229,WESTERN_FOOD,SATURDAY,6
3120229,WESTERN_FOOD,SUNDAY,6
3120229,CHICKEN,MONDAY,-3
3120229,CHICKEN,TUESDAY,-3
3120229,CHICKEN,WEDNESDAY,-2
3120229,CHICKEN,THURSDAY,-2
3120229,CHICKEN,FRIDAY,3
3120229,CHICKEN,SATURDAY,6
3120229,CHICKEN,SUNDAY,1
3120229,BUNSIK,MONDAY,-1
3120229,BUNSIK,TUESDAY,0
3120229,BUNSIK,WEDNESDAY,0
3120229,BUNSIK,THURSDAY,1
3120229,BUNSIK,FRIDAY,2
3120229,BUNSIK,SATURDAY,2
3120229,BUNSIK,SUNDAY,-4
3120229,CAFE_BEVERAGE,MONDAY,-3
3120229,CAFE_BEVERAGE,TUESDAY,-2
3120229,CAFE_BEVERAGE,WEDNESDAY,-2
3120229,CAFE_BEVERAGE,THURSDAY,-2
3120229,CAFE_BEVERAGE,FRIDAY,1
3120229,CAFE_BEVERAGE,SATURDAY,6
3120229,CAFE_BEVERAGE,SUNDAY,1
3120230,KOREAN_FOOD,MONDAY,0
3120230,KOREAN_FOOD,TUESDAY,1
3120230,KOREAN_FOOD,WEDNESDAY,-1
3120230,KOREAN_FOOD,THURSDAY,1
3120230,KOREAN_FOOD,FRIDAY,3
3120230,KOREAN_FOOD,SATURDAY,1
3120230,KOREAN_FOOD,SUNDAY,-5
3120230,CHINESE_FOOD,MONDAY,-1
3120230,CHINESE_FOOD,TUESDAY,-3
3120230,CHINESE_FOOD,WEDNESDAY,-1
3120230,CHINESE_FOOD,THURSDAY,-1
3120230,CHINESE_FOOD,FRIDAY,2
3120230,CHINESE_FOOD,SATURDAY,5
3120230,CHINESE_FOOD,SUNDAY,0
3120230,WESTERN_FOOD,MONDAY,-6
3120230,WESTERN_FOOD,TUESDAY,0
3120230,WESTERN_FOOD,WEDNESDAY,-1
3120230,WESTERN_FOOD,THURSDAY,-1
3120230,WESTERN_FOOD,FRIDAY,2
3120230,WESTERN_FOOD,SATURDAY,6
3120230,WESTERN_FOOD,SUNDAY,6
3120230,FAST_FOOD,MONDAY,0
3120230,FAST_FOOD,TUESDAY,0
3120230,FAST_FOOD,WEDNESDAY,0
3120230,FAST_FOOD,THURSDAY,0
3120230,FAST_FOOD,FRIDAY,0
3120230,FAST_FOOD,SATURDAY,0
3120230,FAST_FOOD,SUNDAY,-1
3120230,BUNSIK,MONDAY,0
3120230,BUNSIK,TUESDAY,0
3120230,BUNSIK,WEDNESDAY,-1
3120230,BUNSIK,THURSDAY,0
3120230,BUNSIK,FRIDAY,1
3120230,BUNSIK,SATURDAY,2
3120230,BUNSIK,SUNDAY,-1
3120230,CAFE_BEVERAGE,MONDAY,0
3120230,CAFE_BEVERAGE,TUESDAY,0
3120230,CAFE_BEVERAGE,WEDNESDAY,1
3120230,CAFE_BEVERAGE,THURSDAY,1
3120230,CAFE_BEVERAGE,FRIDAY,2
3120230,CAFE_BEVERAGE,SATURDAY,-1
3120230,CAFE_BEVERAGE,SUNDAY,-3
3120230,BAKERY,MONDAY,-2
3120230,BAKERY,TUESDAY,1
3120230,BAKERY,WEDNESDAY,1
3120230,BAKERY,THURSDAY,0
3120230,BAKERY,FRIDAY,0
3120230,BAKERY,SATURDAY,0
3120230,BAKERY,SUNDAY,0
3120231,KOREAN_FOOD,MONDAY,-2
3120231,KOREAN_FOOD,TUESDAY,-1
3120231,KOREAN_FOOD,WEDNESDAY,-1
3120231,KOREAN_FOOD,THURSDAY,0
3120231,KOREAN_FOOD,FRIDAY,4
3120231,KOREAN_FOOD,SATURDAY,5
3120231,KOREAN_FOOD,SUNDAY,-4
3120231,CAFE_BEVERAGE,MONDAY,-3
3120231,CAFE_BEVERAGE,TUESDAY,0
3120231,CAFE_BEVERAGE,WEDNESDAY,1
3120231,CAFE_BEVERAGE,THURSDAY,2
3120231,CAFE_BEVERAGE,FRIDAY,3
3120231,CAFE_BEVERAGE,SATURDAY,3
3120231,CAFE_BEVERAGE,SUNDAY,-6
3120232,KOREAN_FOOD,MONDAY,0
3120232,KOREAN_FOOD,TUESDAY,0
3120232,KOREAN_FOOD,WEDNESDAY,-1
3120232,KOREAN_FOOD,THURSDAY,0
3120232,KOREAN_FOOD,FRIDAY,0
3120232,KOREAN_FOOD,SATURDAY,1
3120232,KOREAN_FOOD,SUNDAY,0
3120232,CAFE_BEVERAGE,MONDAY,-6
3120232,CAFE_BEVERAGE,TUESDAY,-6
3120232,CAFE_BEVERAGE,WEDNESDAY,-1
3120232,CAFE_BEVERAGE,THURSDAY,-1
3120232,CAFE_BEVERAGE,FRIDAY,2
3120232,CAFE_BEVERAGE,SATURDAY,6
3120232,CAFE_BEVERAGE,SUNDAY,1
3120233,KOREAN_FOOD,MONDAY,-1
3120233,KOREAN_FOOD,TUESDAY,0
3120233,KOREAN_FOOD,WEDNESDAY,1
3120233,KOREAN_FOOD,THURSDAY,1
3120233,KOREAN_FOOD,FRIDAY,1
3120233,KOREAN_FOOD,SATURDAY,0
3120233,KOREAN_FOOD,SUNDAY,-2
3120233,CAFE_BEVERAGE,MONDAY,-1
3120233,CAFE_BEVERAGE,TUESDAY,0
3120233,CAFE_BEVERAGE,WEDNESDAY,0
3120233,CAFE_BEVERAGE,THURSDAY,1
3120233,CAFE_BEVERAGE,FRIDAY,2
3120233,CAFE_BEVERAGE,SATURDAY,1
3120233,CAFE_BEVERAGE,SUNDAY,-2
3120233,BAKERY,MONDAY,-2
3120233,BAKERY,TUESDAY,-2
3120233,BAKERY,WEDNESDAY,2
3120233,BAKERY,THURSDAY,-2
3120233,BAKERY,FRIDAY,-2
3120233,BAKERY,SATURDAY,3
3120233,BAKERY,SUNDAY,3
3120234,KOREAN_FOOD,MONDAY,1
3120234,KOREAN_FOOD,TUESDAY,1
3120234,KOREAN_FOOD,WEDNESDAY,2
3120234,KOREAN_FOOD,THURSDAY,2
3120234,KOREAN_FOOD,FRIDAY,4
3120234,KOREAN_FOOD,SATURDAY,-2
3120234,KOREAN_FOOD,SUNDAY,-6
3120234,CHINESE_FOOD,MONDAY,-1
3120234,CHINESE_FOOD,TUESDAY,-1
3120234,CHINESE_FOOD,WEDNESDAY,0
3120234,CHINESE_FOOD,THURSDAY,1
3120234,CHINESE_FOOD,FRIDAY,4
3120234,CHINESE_FOOD,SATURDAY,1
3120234,CHINESE_FOOD,SUNDAY,-3
3120234,CHICKEN,MONDAY,-2
3120234,CHICKEN,TUESDAY,0
3120234,CHICKEN,WEDNESDAY,0
3120234,CHICKEN,THURSDAY,1
3120234,CHICKEN,FRIDAY,4
3120234,CHICKEN,SATURDAY,3
3120234,CHICKEN,SUNDAY,-5
3120234,BUNSIK,MONDAY,3
3120234,BUNSIK,TUESDAY,5
3120234,BUNSIK,WEDNESDAY,5
3120234,BUNSIK,THURSDAY,5
3120234,BUNSIK,FRIDAY,5
3120234,BUNSIK,SATURDAY,-6
3120234,BUNSIK,SUNDAY,-6
3120234,CAFE_BEVERAGE,MONDAY,3
3120234,CAFE_BEVERAGE,TUESDAY,3
3120234,CAFE_BEVERAGE,WEDNESDAY,3
3120234,CAFE_BEVERAGE,THURSDAY,3
3120234,CAFE_BEVERAGE,FRIDAY,4
3120234,CAFE_BEVERAGE,SATURDAY,-6
3120234,CAFE_BEVERAGE,SUNDAY,-6
3120234,BAKERY,MONDAY,0
3120234,BAKERY,TUESDAY,1
3120234,BAKERY,WEDNESDAY,4
3120234,BAKERY,THURSDAY,1
3120234,BAKERY,FRIDAY,2
3120234,BAKERY,SATURDAY,-2
3120234,BAKERY,SUNDAY,-6
3120235,KOREAN_FOOD,MONDAY,6
3120235,KOREAN_FOOD,TUESDAY,6
3120235,KOREAN_FOOD,WEDNESDAY,6
3120235,KOREAN_FOOD,THURSDAY,6
3120235,KOREAN_FOOD,FRIDAY,5
3120235,KOREAN_FOOD,SATURDAY,-6
3120235,KOREAN_FOOD,SUNDAY,-6
3120235,CHINESE_FOOD,MONDAY,3
3120235,CHINESE_FOOD,TUESDAY,5
3120235,CHINESE_FOOD,WEDNESDAY,6
3120235,CHINESE_FOOD,THURSDAY,6
3120235,CHINESE_FOOD,FRIDAY,6
3120235,CHINESE_FOOD,SATURDAY,-6
3120235,CHINESE_FOOD,SUNDAY,-6
3120235,JAPANESE_FOOD,MONDAY,5
3120235,JAPANESE_FOOD,TUESDAY,6
3120235,JAPANESE_FOOD,WEDNESDAY,6
3120235,JAPANESE_FOOD,THURSDAY,6
3120235,JAPANESE_FOOD,FRIDAY,6
3120235,JAPANESE_FOOD,SATURDAY,-6
3120235,JAPANESE_FOOD,SUNDAY,-6
3120235,WESTERN_FOOD,MONDAY,3
3120235,WESTERN_FOOD,TUESDAY,6
3120235,WESTERN_FOOD,WEDNESDAY,5
3120235,WESTERN_FOOD,THURSDAY,6
3120235,WESTERN_FOOD,FRIDAY,6
3120235,WESTERN_FOOD,SATURDAY,-6
3120235,WESTERN_FOOD,SUNDAY,-6
3120235,CHICKEN,MONDAY,2
3120235,CHICKEN,TUESDAY,4
3120235,CHICKEN,WEDNESDAY,4
3120235,CHICKEN,THURSDAY,6
3120235,CHICKEN,FRIDAY,6
3120235,CHICKEN,SATURDAY,-6
3120235,CHICKEN,SUNDAY,-6
3120235,FAST_FOOD,MONDAY,6
3120235,FAST_FOOD,TUESDAY,6
3120235,FAST_FOOD,WEDNESDAY,6
3120235,FAST_FOOD,THURSDAY,6
3120235,FAST_FOOD,FRIDAY,6
3120235,FAST_FOOD,SATURDAY,-6
3120235,FAST_FOOD,SUNDAY,-6
3120235,BUNSIK,MONDAY,6
3120235,BUNSIK,TUESDAY,6
3120235,BUNSIK,WEDNESDAY,6
3120235,BUNSIK,THURSDAY,6
3120235,BUNSIK,FRIDAY,5
3120235,BUNSIK,SATURDAY,-6
3120235,BUNSIK,SUNDAY,-6
3120235,CAFE_BEVERAGE,MONDAY,4
3120235,CAFE_BEVERAGE,TUESDAY,4
3120235,CAFE_BEVERAGE,WEDNESDAY,4
3120235,CAFE_BEVERAGE,THURSDAY,5
3120235,CAFE_BEVERAGE,FRIDAY,4
3120235,CAFE_BEVERAGE,SATURDAY,-6
3120235,CAFE_BEVERAGE,SUNDAY,-6
3120235,BAKERY,MONDAY,3
3120235,BAKERY,TUESDAY,6
3120235,BAKERY,WEDNESDAY,6
3120235,BAKERY,THURSDAY,6
3120235,BAKERY,FRIDAY,6
3120235,BAKERY,SATURDAY,-6
3120235,BAKERY,SUNDAY,-6
3120236,KOREAN_FOOD,MONDAY,3
3120236,KOREAN_FOOD,TUESDAY,2
3120236,KOREAN_FOOD,WEDNESDAY,2
3120236,KOREAN_FOOD,THURSDAY,2
3120236,KOREAN_FOOD,FRIDAY,2
3120236,KOREAN_FOOD,SATURDAY,-5
3120236,KOREAN_FOOD,SUNDAY,-6
3120236,CHINESE_FOOD,MONDAY,-1
3120236,CHINESE_FOOD,TUESDAY,0
3120236,CHINESE_FOOD,WEDNESDAY,1
3120236,CHINESE_FOOD,THURSDAY,0
3120236,CHINESE_FOOD,FRIDAY,1
3120236,CHINESE_FOOD,SATURDAY,-1
3120236,CHINESE_FOOD,SUNDAY,0
3120236,JAPANESE_FOOD,MONDAY,-4
3120236,JAPANESE_FOOD,TUESDAY,-4
3120236,JAPANESE_FOOD,WEDNESDAY,-3
3120236,JAPANESE_FOOD,THURSDAY,-4
3120236,JAPANESE_FOOD,FRIDAY,-2
3120236,JAPANESE_FOOD,SATURDAY,6
3120236,JAPANESE_FOOD,SUNDAY,6
3120236,WESTERN_FOOD,MONDAY,-6
3120236,WESTERN_FOOD,TUESDAY,-5
3120236,WESTERN_FOOD,WEDNESDAY,-3
3120236,WESTERN_FOOD,THURSDAY,-4
3120236,WESTERN_FOOD,FRIDAY,-1
3120236,WESTERN_FOOD,SATURDAY,6
3120236,WESTERN_FOOD,SUNDAY,6
3120236,FAST_FOOD,MONDAY,-3
3120236,FAST_FOOD,TUESDAY,-2
3120236,FAST_FOOD,WEDNESDAY,-2
3120236,FAST_FOOD,THURSDAY,-1
3120236,FAST_FOOD,FRIDAY,1
3120236,FAST_FOOD,SATURDAY,5
3120236,FAST_FOOD,SUNDAY,2
3120236,BUNSIK,MONDAY,2
3120236,BUNSIK,TUESDAY,2
3120236,BUNSIK,WEDNESDAY,3
3120236,BUNSIK,THURSDAY,3
3120236,BUNSIK,FRIDAY,3
3120236,BUNSIK,SATURDAY,-5
3120236,BUNSIK,SUNDAY,-6
3120236,CAFE_BEVERAGE,MONDAY,0
3120236,CAFE_BEVERAGE,TUESDAY,0
3120236,CAFE_BEVERAGE,WEDNESDAY,1
3120236,CAFE_BEVERAGE,THURSDAY,1
3120236,CAFE_BEVERAGE,FRIDAY,1
3120236,CAFE_BEVERAGE,SATURDAY,0
3120236,CAFE_BEVERAGE,SUNDAY,-2
3120236,BAKERY,MONDAY,-4
3120236,BAKERY,TUESDAY,-4
3120236,BAKERY,WEDNESDAY,-1
3120236,BAKERY,THURSDAY,-4
3120236,BAKERY,FRIDAY,-3
3120236,BAKERY,SATURDAY,6
3120236,BAKERY,SUNDAY,6
3120237,KOREAN_FOOD,MONDAY,1
3120237,KOREAN_FOOD,TUESDAY,1
3120237,KOREAN_FOOD,WEDNESDAY,2
3120237,KOREAN_FOOD,THURSDAY,2
3120237,KOREAN_FOOD,FRIDAY,3
3120237,KOREAN_FOOD,SATURDAY,-2
3120237,KOREAN_FOOD,SUNDAY,-6
3120237,CHINESE_FOOD,MONDAY,0
3120237,CHINESE_FOOD,TUESDAY,1
3120237,CHINESE_FOOD,WEDNESDAY,0
3120237,CHINESE_FOOD,THURSDAY,1
3120237,CHINESE_FOOD,FRIDAY,2
3120237,CHINESE_FOOD,SATURDAY,-3
3120237,CHINESE_FOOD,SUNDAY,-1
3120237,CHICKEN,MONDAY,-4
3120237,CHICKEN,TUESDAY,-2
3120237,CHICKEN,WEDNESDAY,-1
3120237,CHICKEN,THURSDAY,-2
3120237,CHICKEN,FRIDAY,3
3120237,CHICKEN,SATURDAY,5
3120237,CHICKEN,SUNDAY,1
3120237,FAST_FOOD,MONDAY,-6
3120237,FAST_FOOD,TUESDAY,-3
3120237,FAST_FOOD,WEDNESDAY,-3
3120237,FAST_FOOD,THURSDAY,6
3120237,FAST_FOOD,FRIDAY,-1
3120237,FAST_FOOD,SATURDAY,5
3120237,FAST_FOOD,SUNDAY,4
3120237,BUNSIK,MONDAY,2
3120237,BUNSIK,TUESDAY,3
3120237,BUNSIK,WEDNESDAY,3
3120237,BUNSIK,THURSDAY,2
3120237,BUNSIK,FRIDAY,4
3120237,BUNSIK,SATURDAY,-4
3120237,BUNSIK,SUNDAY,-6
3120237,CAFE_BEVERAGE,MONDAY,2
3120237,CAFE_BEVERAGE,TUESDAY,3
3120237,CAFE_BEVERAGE,WEDNESDAY,3
3120237,CAFE_BEVERAGE,THURSDAY,3
3120237,CAFE_BEVERAGE,FRIDAY,4
3120237,CAFE_BEVERAGE,SATURDAY,-6
3120237,CAFE_BEVERAGE,SUNDAY,-6
3120237,BAKERY,MONDAY,1
3120237,BAKERY,TUESDAY,-1
3120237,BAKERY,WEDNESDAY,2
3120237,BAKERY,THURSDAY,0
3120237,BAKERY,FRIDAY,1
3120237,BAKERY,SATURDAY,-1
3120237,BAKERY,SUNDAY,-2
3120238,KOREAN_FOOD,MONDAY,0
3120238,KOREAN_FOOD,TUESDAY,-5
3120238,KOREAN_FOOD,WEDNESDAY,1
3120238,KOREAN_FOOD,THURSDAY,0
3120238,KOREAN_FOOD,FRIDAY,2
3120238,KOREAN_FOOD,SATURDAY,3
3120238,KOREAN_FOOD,SUNDAY,-1
3120238,FAST_FOOD,MONDAY,-1
3120238,FAST_FOOD,TUESDAY,-3
3120238,FAST_FOOD,WEDNESDAY,0
3120238,FAST_FOOD,THURSDAY,-3
3120238,FAST_FOOD,FRIDAY,-2
3120238,FAST_FOOD,SATURDAY,4
3120238,FAST_FOOD,SUNDAY,5
3120238,BUNSIK,MONDAY,3
3120238,BUNSIK,TUESDAY,2
3120238,BUNSIK,WEDNESDAY,3
3120238,BUNSIK,THURSDAY,2
3120238,BUNSIK,FRIDAY,3
3120238,BUNSIK,SATURDAY,4
3120238,BUNSIK,SUNDAY,-6
3120238,CAFE_BEVERAGE,MONDAY,-1
3120238,CAFE_BEVERAGE,TUESDAY,-2
3120238,CAFE_BEVERAGE,WEDNESDAY,-1
3120238,CAFE_BEVERAGE,THURSDAY,-1
3120238,CAFE_BEVERAGE,FRIDAY,0
3120238,CAFE_BEVERAGE,SATURDAY,4
3120238,CAFE_BEVERAGE,SUNDAY,1
3120239,KOREAN_FOOD,MONDAY,3
3120239,KOREAN_FOOD,TUESDAY,2
3120239,KOREAN_FOOD,WEDNESDAY,3
3120239,KOREAN_FOOD,THURSDAY,3
3120239,KOREAN_FOOD,FRIDAY,4
3120239,KOREAN_FOOD,SATURDAY,-5
3120239,KOREAN_FOOD,SUNDAY,-6
3120239,CHINESE_FOOD,MONDAY,3
3120239,CHINESE_FOOD,TUESDAY,3
3120239,CHINESE_FOOD,WEDNESDAY,3
3120239,CHINESE_FOOD,THURSDAY,4
3120239,CHINESE_FOOD,FRIDAY,6
3120239,CHINESE_FOOD,SATURDAY,-6
3120239,CHINESE_FOOD,SUNDAY,-6
3120239,WESTERN_FOOD,MONDAY,-5
3120239,WESTERN_FOOD,TUESDAY,3
3120239,WESTERN_FOOD,WEDNESDAY,1
3120239,WESTERN_FOOD,THURSDAY,4
3120239,WESTERN_FOOD,FRIDAY,4
3120239,WESTERN_FOOD,SATURDAY,-1
3120239,WESTERN_FOOD,SUNDAY,-6
3120239,BUNSIK,MONDAY,1
3120239,BUNSIK,TUESDAY,2
3120239,BUNSIK,WEDNESDAY,3
3120239,BUNSIK,THURSDAY,3
3120239,BUNSIK,FRIDAY,4
3120239,BUNSIK,SATURDAY,-6
3120239,BUNSIK,SUNDAY,-6
3120239,CAFE_BEVERAGE,MONDAY,-1
3120239,CAFE_BEVERAGE,TUESDAY,3
3120239,CAFE_BEVERAGE,WEDNESDAY,3
3120239,CAFE_BEVERAGE,THURSDAY,3
3120239,CAFE_BEVERAGE,FRIDAY,3
3120239,CAFE_BEVERAGE,SATURDAY,-2
3120239,CAFE_BEVERAGE,SUNDAY,-6
3120240,KOREAN_FOOD,MONDAY,1
3120240,KOREAN_FOOD,TUESDAY,1
3120240,KOREAN_FOOD,WEDNESDAY,1
3120240,KOREAN_FOOD,THURSDAY,1
3120240,KOREAN_FOOD,FRIDAY,3
3120240,KOREAN_FOOD,SATURDAY,0
3120240,KOREAN_FOOD,SUNDAY,-6
3120240,JAPANESE_FOOD,MONDAY,-3
3120240,JAPANESE_FOOD,TUESDAY,1
3120240,JAPANESE_FOOD,WEDNESDAY,0
3120240,JAPANESE_FOOD,THURSDAY,2
3120240,JAPANESE_FOOD,FRIDAY,4
3120240,JAPANESE_FOOD,SATURDAY,2
3120240,JAPANESE_FOOD,SUNDAY,-6
3120240,CHICKEN,MONDAY,-3
3120240,CHICKEN,TUESDAY,-2
3120240,CHICKEN,WEDNESDAY,-6
3120240,CHICKEN,THURSDAY,-1
3120240,CHICKEN,FRIDAY,5
3120240,CHICKEN,SATURDAY,5
3120240,CHICKEN,SUNDAY,3
3120240,FAST_FOOD,MONDAY,0
3120240,FAST_FOOD,TUESDAY,0
3120240,FAST_FOOD,WEDNESDAY,0
3120240,FAST_FOOD,THURSDAY,0
3120240,FAST_FOOD,FRIDAY,2
3120240,FAST_FOOD,SATURDAY,0
3120240,FAST_FOOD,SUNDAY,-2
3120240,BUNSIK,MONDAY,0
3120240,BUNSIK,TUESDAY,0
3120240,BUNSIK,WEDNESDAY,1
3120240,BUNSIK,THURSDAY,1
3120240,BUNSIK,FRIDAY,2
3120240,BUNSIK,SATURDAY,2
3120240,BUNSIK,SUNDAY,-6
3120240,CAFE_BEVERAGE,MONDAY,-2
3120240,CAFE_BEVERAGE,TUESDAY,-1
3120240,CAFE_BEVERAGE,WEDNESDAY,0
3120240,CAFE_BEVERAGE,THURSDAY,-1
3120240,CAFE_BEVERAGE,FRIDAY,1
3120240,CAFE_BEVERAGE,SATURDAY,3
3120240,CAFE_BEVERAGE,SUNDAY,0
3120241,KOREAN_FOOD,MONDAY,-1
3120241,KOREAN_FOOD,TUESDAY,0
3120241,KOREAN_FOOD,WEDNESDAY,0
3120241,KOREAN_FOOD,THURSDAY,0
3120241,KOREAN_FOOD,FRIDAY,2
3120241,KOREAN_FOOD,SATURDAY,3
3120241,KOREAN_FOOD,SUNDAY,-3
3120241,JAPANESE_FOOD,MONDAY,1
3120241,JAPANESE_FOOD,TUESDAY,1
3120241,JAPANESE_FOOD,WEDNESDAY,2
3120241,JAPANESE_FOOD,THURSDAY,3
3120241,JAPANESE_FOOD,FRIDAY,4
3120241,JAPANESE_FOOD,SATURDAY,1
3120241,JAPANESE_FOOD,SUNDAY,-6
3120241,CHICKEN,MONDAY,-2
3120241,CHICKEN,TUESDAY,-3
3120241,CHICKEN,WEDNESDAY,1
3120241,CHICKEN,THURSDAY,0
3120241,CHICKEN,FRIDAY,4
3120241,CHICKEN,SATURDAY,1
3120241,CHICKEN,SUNDAY,-1
3120241,FAST_FOOD,MONDAY,-1
3120241,FAST_FOOD,TUESDAY,1
3120241,FAST_FOOD,WEDNESDAY,1
3120241,FAST_FOOD,THURSDAY,0
3120241,FAST_FOOD,FRIDAY,2
3120241,FAST_FOOD,SATURDAY,1
3120241,FAST_FOOD,SUNDAY,-4
3120241,BUNSIK,MONDAY,1
3120241,BUNSIK,TUESDAY,2
3120241,BUNSIK,WEDNESDAY,-1
3120241,BUNSIK,THURSDAY,2
3120241,BUNSIK,FRIDAY,2
3120241,BUNSIK,SATURDAY,2
3120241,BUNSIK,SUNDAY,-6
3120241,CAFE_BEVERAGE,MONDAY,-2
3120241,CAFE_BEVERAGE,TUESDAY,-1
3120241,CAFE_BEVERAGE,WEDNESDAY,0
3120241,CAFE_BEVERAGE,THURSDAY,0
3120241,CAFE_BEVERAGE,FRIDAY,1
3120241,CAFE_BEVERAGE,SATURDAY,4
3120241,CAFE_BEVERAGE,SUNDAY,-1
3120241,BAKERY,MONDAY,1
3120241,BAKERY,TUESDAY,0
3120241,BAKERY,WEDNESDAY,1
3120241,BAKERY,THURSDAY,0
3120241,BAKERY,FRIDAY,1
3120241,BAKERY,SATURDAY,1
3120241,BAKERY,SUNDAY,-4
3120242,KOREAN_FOOD,MONDAY,1
3120242,KOREAN_FOOD,TUESDAY,1
3120242,KOREAN_FOOD,WEDNESDAY,2
3120242,KOREAN_FOOD,THURSDAY,1
3120242,KOREAN_FOOD,FRIDAY,3
3120242,KOREAN_FOOD,SATURDAY,-3
3120242,KOREAN_FOOD,SUNDAY,-5
3120242,CHINESE_FOOD,MONDAY,0
3120242,CHINESE_FOOD,TUESDAY,-6
3120242,CHINESE_FOOD,WEDNESDAY,-1
3120242,CHINESE_FOOD,THURSDAY,2
3120242,CHINESE_FOOD,FRIDAY,3
3120242,CHINESE_FOOD,SATURDAY,0
3120242,CHINESE_FOOD,SUNDAY,2
3120242,JAPANESE_FOOD,MONDAY,4
3120242,JAPANESE_FOOD,TUESDAY,4
3120242,JAPANESE_FOOD,WEDNESDAY,3
3120242,JAPANESE_FOOD,THURSDAY,5
3120242,JAPANESE_FOOD,FRIDAY,6
3120242,JAPANESE_FOOD,SATURDAY,-6
3120242,JAPANESE_FOOD,SUNDAY,-6
3120242,WESTERN_FOOD,MONDAY,-4
3120242,WESTERN_FOOD,TUESDAY,-3
3120242,WESTERN_FOOD,WEDNESDAY,0
3120242,WESTERN_FOOD,THURSDAY,-1
3120242,WESTERN_FOOD,FRIDAY,1
3120242,WESTERN_FOOD,SATURDAY,3
3120242,WESTERN_FOOD,SUNDAY,4
3120242,BUNSIK,MONDAY,1
3120242,BUNSIK,TUESDAY,1
3120242,BUNSIK,WEDNESDAY,2
3120242,BUNSIK,THURSDAY,3
3120242,BUNSIK,FRIDAY,3
3120242,BUNSIK,SATURDAY,0
3120242,BUNSIK,SUNDAY,-6
3120242,CAFE_BEVERAGE,MONDAY,-2
3120242,CAFE_BEVERAGE,TUESDAY,0
3120242,CAFE_BEVERAGE,WEDNESDAY,0
3120242,CAFE_BEVERAGE,THURSDAY,0
3120242,CAFE_BEVERAGE,FRIDAY,2
3120242,CAFE_BEVERAGE,SATURDAY,0
3120242,CAFE_BEVERAGE,SUNDAY,-1
3120242,BAKERY,MONDAY,0
3120242,BAKERY,TUESDAY,1
3120242,BAKERY,WEDNESDAY,3
3120242,BAKERY,THURSDAY,0
3120242,BAKERY,FRIDAY,3
3120242,BAKERY,SATURDAY,-2
3120242,BAKERY,SUNDAY,-5
3120243,KOREAN_FOOD,MONDAY,-1
3120243,KOREAN_FOOD,TUESDAY,-1
3120243,KOREAN_FOOD,WEDNESDAY,0
3120243,KOREAN_FOOD,THURSDAY,0
3120243,KOREAN_FOOD,FRIDAY,2
3120243,KOREAN_FOOD,SATURDAY,2
3120243,KOREAN_FOOD,SUNDAY,-2
3120243,CHINESE_FOOD,MONDAY,-3
3120243,CHINESE_FOOD,TUESDAY,-4
3120243,CHINESE_FOOD,WEDNESDAY,-2
3120243,CHINESE_FOOD,THURSDAY,-2
3120243,CHINESE_FOOD,FRIDAY,4
3120243,CHINESE_FOOD,SATURDAY,6
3120243,CHINESE_FOOD,SUNDAY,2
3120243,JAPANESE_FOOD,MONDAY,-6
3120243,JAPANESE_FOOD,TUESDAY,-1
3120243,JAPANESE_FOOD,WEDNESDAY,0
3120243,JAPANESE_FOOD,THURSDAY,0
3120243,JAPANESE_FOOD,FRIDAY,5
3120243,JAPANESE_FOOD,SATURDAY,6
3120243,JAPANESE_FOOD,SUNDAY,-3
3120243,WESTERN_FOOD,MONDAY,-3
3120243,WESTERN_FOOD,TUESDAY,-4
3120243,WESTERN_FOOD,WEDNESDAY,-2
3120243,WESTERN_FOOD,THURSDAY,-3
3120243,WESTERN_FOOD,FRIDAY,1
3120243,WESTERN_FOOD,SATURDAY,6
3120243,WESTERN_FOOD,SUNDAY,3
3120243,CHICKEN,MONDAY,-4
3120243,CHICKEN,TUESDAY,-1
3120243,CHICKEN,WEDNESDAY,-6
3120243,CHICKEN,THURSDAY,1
3120243,CHICKEN,FRIDAY,5
3120243,CHICKEN,SATURDAY,4
3120243,CHICKEN,SUNDAY,4
3120243,FAST_FOOD,MONDAY,0
3120243,FAST_FOOD,TUESDAY,-2
3120243,FAST_FOOD,WEDNESDAY,0
3120243,FAST_FOOD,THURSDAY,0
3120243,FAST_FOOD,FRIDAY,1
3120243,FAST_FOOD,SATURDAY,1
3120243,FAST_FOOD,SUNDAY,0
3120243,BUNSIK,MONDAY,-6
3120243,BUNSIK,TUESDAY,2
3120243,BUNSIK,WEDNESDAY,2
3120243,BUNSIK,THURSDAY,2
3120243,BUNSIK,FRIDAY,3
3120243,BUNSIK,SATURDAY,3
3120243,BUNSIK,SUNDAY,-5
3120243,CAFE_BEVERAGE,MONDAY,-2
3120243,CAFE_BEVERAGE,TUESDAY,-1
3120243,CAFE_BEVERAGE,WEDNESDAY,0
3120243,CAFE_BEVERAGE,THURSDAY,0
3120243,CAFE_BEVERAGE,FRIDAY,1
3120243,CAFE_BEVERAGE,SATURDAY,3
3120243,CAFE_BEVERAGE,SUNDAY,-1
3120243,BAKERY,MONDAY,0
3120243,BAKERY,TUESDAY,-1
3120243,BAKERY,WEDNESDAY,-1
3120243,BAKERY,THURSDAY,0
3120243,BAKERY,FRIDAY,1
3120243,BAKERY,SATURDAY,4
3120243,BAKERY,SUNDAY,-3
3120244,KOREAN_FOOD,MONDAY,-3
3120244,KOREAN_FOOD,TUESDAY,-1
3120244,KOREAN_FOOD,WEDNESDAY,0
3120244,KOREAN_FOOD,THURSDAY,-1
3120244,KOREAN_FOOD,FRIDAY,2
3120244,KOREAN_FOOD,SATURDAY,3
3120244,KOREAN_FOOD,SUNDAY,0
3120244,CHINESE_FOOD,MONDAY,0
3120244,CHINESE_FOOD,TUESDAY,-1
3120244,CHINESE_FOOD,WEDNESDAY,-1
3120244,CHINESE_FOOD,THURSDAY,-1
3120244,CHINESE_FOOD,FRIDAY,0
3120244,CHINESE_FOOD,SATURDAY,2
3120244,CHINESE_FOOD,SUNDAY,1
3120244,JAPANESE_FOOD,MONDAY,-1
3120244,JAPANESE_FOOD,TUESDAY,-2
3120244,JAPANESE_FOOD,WEDNESDAY,0
3120244,JAPANESE_FOOD,THURSDAY,-1
3120244,JAPANESE_FOOD,FRIDAY,2
3120244,JAPANESE_FOOD,SATURDAY,3
3120244,JAPANESE_FOOD,SUNDAY,-1
3120244,CHICKEN,MONDAY,-3
3120244,CHICKEN,TUESDAY,-3
3120244,CHICKEN,WEDNESDAY,-4
3120244,CHICKEN,THURSDAY,-1
3120244,CHICKEN,FRIDAY,5
3120244,CHICKEN,SATURDAY,5
3120244,CHICKEN,SUNDAY,1
3120244,FAST_FOOD,MONDAY,0
3120244,FAST_FOOD,TUESDAY,-1
3120244,FAST_FOOD,WEDNESDAY,-1
3120244,FAST_FOOD,THURSDAY,0
3120244,FAST_FOOD,FRIDAY,1
3120244,FAST_FOOD,SATURDAY,1
3120244,FAST_FOOD,SUNDAY,0
3120244,BUNSIK,MONDAY,-1
3120244,BUNSIK,TUESDAY,-1
3120244,BUNSIK,WEDNESDAY,0
3120244,BUNSIK,THURSDAY,1
3120244,BUNSIK,FRIDAY,1
3120244,BUNSIK,SATURDAY,2
3120244,BUNSIK,SUNDAY,-2
3120244,CAFE_BEVERAGE,MONDAY,-1
3120244,CAFE_BEVERAGE,TUESDAY,-1
3120244,CAFE_BEVERAGE,WEDNESDAY,-1
3120244,CAFE_BEVERAGE,THURSDAY,-1
3120244,CAFE_BEVERAGE,FRIDAY,0
3120244,CAFE_BEVERAGE,SATURDAY,4
3120244,CAFE_BEVERAGE,SUNDAY,1
3120244,BAKERY,MONDAY,-1
3120244,BAKERY,TUESDAY,-3
3120244,BAKERY,WEDNESDAY,2
3120244,BAKERY,THURSDAY,0
3120244,BAKERY,FRIDAY,2
3120244,BAKERY,SATURDAY,2
3120244,BAKERY,SUNDAY,-1
3120245,KOREAN_FOOD,MONDAY,-1
3120245,KOREAN_FOOD,TUESDAY,0
3120245,KOREAN_FOOD,WEDNESDAY,0
3120245,KOREAN_FOOD,THURSDAY,-1
3120245,KOREAN_FOOD,FRIDAY,2
3120245,KOREAN_FOOD,SATURDAY,0
3120245,KOREAN_FOOD,SUNDAY,-1
3120245,CHINESE_FOOD,MONDAY,-6
3120245,CHINESE_FOOD,TUESDAY,0
3120245,CHINESE_FOOD,WEDNESDAY,0
3120245,CHINESE_FOOD,THURSDAY,1
3120245,CHINESE_FOOD,FRIDAY,1
3120245,CHINESE_FOOD,SATURDAY,3
3120245,CHINESE_FOOD,SUNDAY,4
3120245,JAPANESE_FOOD,MONDAY,-4
3120245,JAPANESE_FOOD,TUESDAY,-1
3120245,JAPANESE_FOOD,WEDNESDAY,-1
3120245,JAPANESE_FOOD,THURSDAY,0
3120245,JAPANESE_FOOD,FRIDAY,1
3120245,JAPANESE_FOOD,SATURDAY,-1
3120245,JAPANESE_FOOD,SUNDAY,5
3120245,WESTERN_FOOD,MONDAY,-6
3120245,WESTERN_FOOD,TUESDAY,2
3120245,WESTERN_FOOD,WEDNESDAY,1
3120245,WESTERN_FOOD,THURSDAY,1
3120245,WESTERN_FOOD,FRIDAY,3
3120245,WESTERN_FOOD,SATURDAY,-3
3120245,WESTERN_FOOD,SUNDAY,6
3120245,CHICKEN,MONDAY,-2
3120245,CHICKEN,TUESDAY,-1
3120245,CHICKEN,WEDNESDAY,-3
3120245,CHICKEN,THURSDAY,0
3120245,CHICKEN,FRIDAY,3
3120245,CHICKEN,SATURDAY,3
3120245,CHICKEN,SUNDAY,1
3120245,FAST_FOOD,MONDAY,-2
3120245,FAST_FOOD,TUESDAY,-2
3120245,FAST_FOOD,WEDNESDAY,-2
3120245,FAST_FOOD,THURSDAY,-1
3120245,FAST_FOOD,FRIDAY,0
3120245,FAST_FOOD,SATURDAY,3
3120245,FAST_FOOD,SUNDAY,4
3120245,BUNSIK,MONDAY,-6
3120245,BUNSIK,TUESDAY,-3
3120245,BUNSIK,WEDNESDAY,-2
3120245,BUNSIK,THURSDAY,-2
3120245,BUNSIK,FRIDAY,0
3120245,BUNSIK,SATURDAY,6
3120245,BUNSIK,SUNDAY,6
3120245,CAFE_BEVERAGE,MONDAY,-1
3120245,CAFE_BEVERAGE,TUESDAY,-1
3120245,CAFE_BEVERAGE,WEDNESDAY,-1
3120245,CAFE_BEVERAGE,THURSDAY,-1
3120245,CAFE_BEVERAGE,FRIDAY,1
3120245,CAFE_BEVERAGE,SATURDAY,0
3120245,CAFE_BEVERAGE,SUNDAY,2
3120245,BAKERY,MONDAY,-1
3120245,BAKERY,TUESDAY,-1
3120245,BAKERY,WEDNESDAY,2
3120245,BAKERY,THURSDAY,-1
3120245,BAKERY,FRIDAY,0
3120245,BAKERY,SATURDAY,0
3120245,BAKERY,SUNDAY,0
3120246,KOREAN_FOOD,MONDAY,0
3120246,KOREAN_FOOD,TUESDAY,0
3120246,KOREAN_FOOD,WEDNESDAY,0
3120246,KOREAN_FOOD,THURSDAY,0
3120246,KOREAN_FOOD,FRIDAY,2
3120246,KOREAN_FOOD,SATURDAY,0
3120246,KOREAN_FOOD,SUNDAY,-3
3120246,CHINESE_FOOD,MONDAY,-1
3120246,CHINESE_FOOD,TUESDAY,2
3120246,CHINESE_FOOD,WEDNESDAY,1
3120246,CHINESE_FOOD,THURSDAY,1
3120246,CHINESE_FOOD,FRIDAY,2
3120246,CHINESE_FOOD,SATURDAY,0
3120246,CHINESE_FOOD,SUNDAY,-6
3120246,JAPANESE_FOOD,MONDAY,1
3120246,JAPANESE_FOOD,TUESDAY,0
3120246,JAPANESE_FOOD,WEDNESDAY,0
3120246,JAPANESE_FOOD,THURSDAY,1
3120246,JAPANESE_FOOD,FRIDAY,3
3120246,JAPANESE_FOOD,SATURDAY,0
3120246,JAPANESE_FOOD,SUNDAY,-4
3120246,CHICKEN,MONDAY,-3
3120246,CHICKEN,TUESDAY,-1
3120246,CHICKEN,WEDNESDAY,-1
3120246,CHICKEN,THURSDAY,-1
3120246,CHICKEN,FRIDAY,3
3120246,CHICKEN,SATURDAY,2
3120246,CHICKEN,SUNDAY,1
3120246,FAST_FOOD,MONDAY,-1
3120246,FAST_FOOD,TUESDAY,-1
3120246,FAST_FOOD,WEDNESDAY,-1
3120246,FAST_FOOD,THURSDAY,0
3120246,FAST_FOOD,FRIDAY,1
3120246,FAST_FOOD,SATURDAY,2
3120246,FAST_FOOD,SUNDAY,0
3120246,BUNSIK,MONDAY,0
3120246,BUNSIK,TUESDAY,0
3120246,BUNSIK,WEDNESDAY,0
3120246,BUNSIK,THURSDAY,0
3120246,BUNSIK,FRIDAY,1
3120246,BUNSIK,SATURDAY,1
3120246,BUNSIK,SUNDAY,-2
3120246,CAFE_BEVERAGE,MONDAY,0
3120246,CAFE_BEVERAGE,TUESDAY,0
3120246,CAFE_BEVERAGE,WEDNESDAY,0
3120246,CAFE_BEVERAGE,THURSDAY,0
3120246,CAFE_BEVERAGE,FRIDAY,1
3120246,CAFE_BEVERAGE,SATURDAY,1
3120246,CAFE_BEVERAGE,SUNDAY,-2
3120246,BAKERY,MONDAY,0
3120246,BAKERY,TUESDAY,-1
3120246,BAKERY,WEDNESDAY,1
3120246,BAKERY,THURSDAY,-1
3120246,BAKERY,FRIDAY,0
3120246,BAKERY,SATURDAY,2
3120246,BAKERY,SUNDAY,-1
3120247,KOREAN_FOOD,MONDAY,-1
3120247,KOREAN_FOOD,TUESDAY,-1
3120247,KOREAN_FOOD,WEDNESDAY,-1
3120247,KOREAN_FOOD,THURSDAY,-1
3120247,KOREAN_FOOD,FRIDAY,1
3120247,KOREAN_FOOD,SATURDAY,2
3120247,KOREAN_FOOD,SUNDAY,0
3120247,BUNSIK,MONDAY,-6
3120247,BUNSIK,TUESDAY,0
3120247,BUNSIK,WEDNESDAY,1
3120247,BUNSIK,THURSDAY,1
3120247,BUNSIK,FRIDAY,3
3120247,BUNSIK,SATURDAY,6
3120247,BUNSIK,SUNDAY,0
3120247,CAFE_BEVERAGE,MONDAY,-2
3120247,CAFE_BEVERAGE,TUESDAY,-1
3120247,CAFE_BEVERAGE,WEDNESDAY,-1
3120247,CAFE_BEVERAGE,THURSDAY,-1
3120247,CAFE_BEVERAGE,FRIDAY,0
3120247,CAFE_BEVERAGE,SATURDAY,3
3120247,CAFE_BEVERAGE,SUNDAY,2
3120247,BAKERY,MONDAY,0
3120247,BAKERY,TUESDAY,-1
3120247,BAKERY,WEDNESDAY,2
3120247,BAKERY,THURSDAY,-1
3120247,BAKERY,FRIDAY,0
3120247,BAKERY,SATURDAY,4
3120247,BAKERY,SUNDAY,-2
3120248,KOREAN_FOOD,MONDAY,-2
3120248,KOREAN_FOOD,TUESDAY,-4
3120248,KOREAN_FOOD,WEDNESDAY,-2
3120248,KOREAN_FOOD,THURSDAY,-1
3120248,KOREAN_FOOD,FRIDAY,3
3120248,KOREAN_FOOD,SATURDAY,5
3120248,KOREAN_FOOD,SUNDAY,1
3120248,JAPANESE_FOOD,MONDAY,-6
3120248,JAPANESE_FOOD,TUESDAY,1
3120248,JAPANESE_FOOD,WEDNESDAY,1
3120248,JAPANESE_FOOD,THURSDAY,-6
3120248,JAPANESE_FOOD,FRIDAY,4
3120248,JAPANESE_FOOD,SATURDAY,3
3120248,JAPANESE_FOOD,SUNDAY,4
3120248,WESTERN_FOOD,MONDAY,-4
3120248,WESTERN_FOOD,TUESDAY,-6
3120248,WESTERN_FOOD,WEDNESDAY,-6
3120248,WESTERN_FOOD,THURSDAY,3
3120248,WESTERN_FOOD,FRIDAY,4
3120248,WESTERN_FOOD,SATURDAY,2
3120248,WESTERN_FOOD,SUNDAY,6
3120248,CHICKEN,MONDAY,-5
3120248,CHICKEN,TUESDAY,-4
3120248,CHICKEN,WEDNESDAY,-1
3120248,CHICKEN,THURSDAY,-1
3120248,CHICKEN,FRIDAY,5
3120248,CHICKEN,SATURDAY,6
3120248,CHICKEN,SUNDAY,0
3120248,FAST_FOOD,MONDAY,-1
3120248,FAST_FOOD,TUESDAY,-1
3120248,FAST_FOOD,WEDNESDAY,0
3120248,FAST_FOOD,THURSDAY,0
3120248,FAST_FOOD,FRIDAY,1
3120248,FAST_FOOD,SATURDAY,1
3120248,FAST_FOOD,SUNDAY,0
3120248,BUNSIK,MONDAY,-2
3120248,BUNSIK,TUESDAY,-3
3120248,BUNSIK,WEDNESDAY,0
3120248,BUNSIK,THURSDAY,-2
3120248,BUNSIK,FRIDAY,1
3120248,BUNSIK,SATURDAY,5
3120248,BUNSIK,SUNDAY,2
3120248,CAFE_BEVERAGE,MONDAY,-3
3120248,CAFE_BEVERAGE,TUESDAY,-1
3120248,CAFE_BEVERAGE,WEDNESDAY,-2
3120248,CAFE_BEVERAGE,THURSDAY,-2
3120248,CAFE_BEVERAGE,FRIDAY,0
3120248,CAFE_BEVERAGE,SATURDAY,4
3120248,CAFE_BEVERAGE,SUNDAY,3
3120248,BAKERY,MONDAY,0
3120248,BAKERY,TUESDAY,1
3120248,BAKERY,WEDNESDAY,1
3120248,BAKERY,THURSDAY,-1
3120248,BAKERY,FRIDAY,1
3120248,BAKERY,SATURDAY,2
3120248,BAKERY,SUNDAY,-3
3120249,KOREAN_FOOD,MONDAY,0
3120249,KOREAN_FOOD,TUESDAY,0
3120249,KOREAN_FOOD,WEDNESDAY,1
3120249,KOREAN_FOOD,THURSDAY,1
3120249,KOREAN_FOOD,FRIDAY,2
3120249,KOREAN_FOOD,SATURDAY,0
3120249,KOREAN_FOOD,SUNDAY,-3
3120249,CHINESE_FOOD,MONDAY,0
3120249,CHINESE_FOOD,TUESDAY,1
3120249,CHINESE_FOOD,WEDNESDAY,-6
3120249,CHINESE_FOOD,THURSDAY,2
3120249,CHINESE_FOOD,FRIDAY,3
3120249,CHINESE_FOOD,SATURDAY,4
3120249,CHINESE_FOOD,SUNDAY,1
3120249,JAPANESE_FOOD,MONDAY,0
3120249,JAPANESE_FOOD,TUESDAY,0
3120249,JAPANESE_FOOD,WEDNESDAY,-3
3120249,JAPANESE_FOOD,THURSDAY,1
3120249,JAPANESE_FOOD,FRIDAY,2
3120249,JAPANESE_FOOD,SATURDAY,4
3120249,JAPANESE_FOOD,SUNDAY,-4
3120249,WESTERN_FOOD,MONDAY,-1
3120249,WESTERN_FOOD,TUESDAY,-1
3120249,WESTERN_FOOD,WEDNESDAY,0
3120249,WESTERN_FOOD,THURSDAY,1
3120249,WESTERN_FOOD,FRIDAY,1
3120249,WESTERN_FOOD,SATURDAY,2
3120249,WESTERN_FOOD,SUNDAY,-2
3120249,FAST_FOOD,MONDAY,-1
3120249,FAST_FOOD,TUESDAY,-1
3120249,FAST_FOOD,WEDNESDAY,0
3120249,FAST_FOOD,THURSDAY,1
3120249,FAST_FOOD,FRIDAY,1
3120249,FAST_FOOD,SATURDAY,1
3120249,FAST_FOOD,SUNDAY,-2
3120249,BUNSIK,MONDAY,-3
3120249,BUNSIK,TUESDAY,-2
3120249,BUNSIK,WEDNESDAY,-1
3120249,BUNSIK,THURSDAY,-1
3120249,BUNSIK,FRIDAY,1
3120249,BUNSIK,SATURDAY,5
3120249,BUNSIK,SUNDAY,2
3120249,CAFE_BEVERAGE,MONDAY,-1
3120249,CAFE_BEVERAGE,TUESDAY,-1
3120249,CAFE_BEVERAGE,WEDNESDAY,-1
3120249,CAFE_BEVERAGE,THURSDAY,-1
3120249,CAFE_BEVERAGE,FRIDAY,1
3120249,CAFE_BEVERAGE,SATURDAY,4
3120249,CAFE_BEVERAGE,SUNDAY,-1
3120249,BAKERY,MONDAY,-1
3120249,BAKERY,TUESDAY,-1
3120249,BAKERY,WEDNESDAY,0
3120249,BAKERY,THURSDAY,-1
3120249,BAKERY,FRIDAY,0
3120249,BAKERY,SATURDAY,3
3120249,BAKERY,SUNDAY,-1
3130001,KOREAN_FOOD,MONDAY,-2
3130001,KOREAN_FOOD,TUESDAY,-2
3130001,KOREAN_FOOD,WEDNESDAY,-1
3130001,KOREAN_FOOD,THURSDAY,-1
3130001,KOREAN_FOOD,FRIDAY,0
3130001,KOREAN_FOOD,SATURDAY,6
3130001,KOREAN_FOOD,SUNDAY,0
3130001,WESTERN_FOOD,MONDAY,-6
3130001,WESTERN_FOOD,TUESDAY,-6
3130001,WESTERN_FOOD,WEDNESDAY,-5
3130001,WESTERN_FOOD,THURSDAY,-3
3130001,WESTERN_FOOD,FRIDAY,1
3130001,WESTERN_FOOD,SATURDAY,6
3130001,WESTERN_FOOD,SUNDAY,5
3130001,CAFE_BEVERAGE,MONDAY,-3
3130001,CAFE_BEVERAGE,TUESDAY,-2
3130001,CAFE_BEVERAGE,WEDNESDAY,1
3130001,CAFE_BEVERAGE,THURSDAY,1
3130001,CAFE_BEVERAGE,FRIDAY,2
3130001,CAFE_BEVERAGE,SATURDAY,2
3130001,CAFE_BEVERAGE,SUNDAY,-1
3130002,KOREAN_FOOD,MONDAY,-3
3130002,KOREAN_FOOD,TUESDAY,-2
3130002,KOREAN_FOOD,WEDNESDAY,-1
3130002,KOREAN_FOOD,THURSDAY,-1
3130002,KOREAN_FOOD,FRIDAY,1
3130002,KOREAN_FOOD,SATURDAY,6
3130002,KOREAN_FOOD,SUNDAY,0
3130002,WESTERN_FOOD,MONDAY,-5
3130002,WESTERN_FOOD,TUESDAY,-6
3130002,WESTERN_FOOD,WEDNESDAY,0
3130002,WESTERN_FOOD,THURSDAY,1
3130002,WESTERN_FOOD,FRIDAY,5
3130002,WESTERN_FOOD,SATURDAY,6
3130002,WESTERN_FOOD,SUNDAY,-1
3130002,FAST_FOOD,MONDAY,-1
3130002,FAST_FOOD,TUESDAY,1
3130002,FAST_FOOD,WEDNESDAY,3
3130002,FAST_FOOD,THURSDAY,4
3130002,FAST_FOOD,FRIDAY,1
3130002,FAST_FOOD,SATURDAY,-2
3130002,FAST_FOOD,SUNDAY,-6
3130002,BUNSIK,MONDAY,-1
3130002,BUNSIK,TUESDAY,-6
3130002,BUNSIK,WEDNESDAY,0
3130002,BUNSIK,THURSDAY,0
3130002,BUNSIK,FRIDAY,2
3130002,BUNSIK,SATURDAY,5
3130002,BUNSIK,SUNDAY,1
3130002,CAFE_BEVERAGE,MONDAY,-1
3130002,CAFE_BEVERAGE,TUESDAY,-3
3130002,CAFE_BEVERAGE,WEDNESDAY,1
3130002,CAFE_BEVERAGE,THURSDAY,1
3130002,CAFE_BEVERAGE,FRIDAY,2
3130002,CAFE_BEVERAGE,SATURDAY,4
3130002,CAFE_BEVERAGE,SUNDAY,-4
3130002,BAKERY,MONDAY,-1
3130002,BAKERY,TUESDAY,0
3130002,BAKERY,WEDNESDAY,1
3130002,BAKERY,THURSDAY,1
3130002,BAKERY,FRIDAY,1
3130002,BAKERY,SATURDAY,1
3130002,BAKERY,SUNDAY,-3
3130004,KOREAN_FOOD,MONDAY,1
3130004,KOREAN_FOOD,TUESDAY,1
3130004,KOREAN_FOOD,WEDNESDAY,1
3130004,KOREAN_FOOD,THURSDAY,1
3130004,KOREAN_FOOD,FRIDAY,3
3130004,KOREAN_FOOD,SATURDAY,4
3130004,KOREAN_FOOD,SUNDAY,-6
3130007,KOREAN_FOOD,MONDAY,-5
3130007,KOREAN_FOOD,TUESDAY,-4
3130007,KOREAN_FOOD,WEDNESDAY,-4
3130007,KOREAN_FOOD,THURSDAY,-4
3130007,KOREAN_FOOD,FRIDAY,0
3130007,KOREAN_FOOD,SATURDAY,6
3130007,KOREAN_FOOD,SUNDAY,4
3130007,BUNSIK,MONDAY,-5
3130007,BUNSIK,TUESDAY,-5
3130007,BUNSIK,WEDNESDAY,-4
3130007,BUNSIK,THURSDAY,-4
3130007,BUNSIK,FRIDAY,-1
3130007,BUNSIK,SATURDAY,6
3130007,BUNSIK,SUNDAY,6
3130007,CAFE_BEVERAGE,MONDAY,-3
3130007,CAFE_BEVERAGE,TUESDAY,-4
3130007,CAFE_BEVERAGE,WEDNESDAY,-3
3130007,CAFE_BEVERAGE,THURSDAY,-3
3130007,CAFE_BEVERAGE,FRIDAY,-1
3130007,CAFE_BEVERAGE,SATURDAY,6
3130007,CAFE_BEVERAGE,SUNDAY,3
3130010,KOREAN_FOOD,MONDAY,-1
3130010,KOREAN_FOOD,TUESDAY,-1
3130010,KOREAN_FOOD,WEDNESDAY,0
3130010,KOREAN_FOOD,THURSDAY,0
3130010,KOREAN_FOOD,FRIDAY,2
3130010,KOREAN_FOOD,SATURDAY,4
3130010,KOREAN_FOOD,SUNDAY,-5
3130010,BUNSIK,MONDAY,6
3130010,BUNSIK,TUESDAY,6
3130010,BUNSIK,WEDNESDAY,6
3130010,BUNSIK,THURSDAY,6
3130010,BUNSIK,FRIDAY,6
3130010,BUNSIK,SATURDAY,-6
3130010,BUNSIK,SUNDAY,-6
3130010,CAFE_BEVERAGE,MONDAY,4
3130010,CAFE_BEVERAGE,TUESDAY,5
3130010,CAFE_BEVERAGE,WEDNESDAY,5
3130010,CAFE_BEVERAGE,THURSDAY,6
3130010,CAFE_BEVERAGE,FRIDAY,4
3130010,CAFE_BEVERAGE,SATURDAY,-6
3130010,CAFE_BEVERAGE,SUNDAY,-6
3130012,KOREAN_FOOD,MONDAY,6
3130012,KOREAN_FOOD,TUESDAY,6
3130012,KOREAN_FOOD,WEDNESDAY,5
3130012,KOREAN_FOOD,THURSDAY,6
3130012,KOREAN_FOOD,FRIDAY,5
3130012,KOREAN_FOOD,SATURDAY,-6
3130012,KOREAN_FOOD,SUNDAY,-6
3130014,KOREAN_FOOD,MONDAY,1
3130014,KOREAN_FOOD,TUESDAY,-1
3130014,KOREAN_FOOD,WEDNESDAY,-2
3130014,KOREAN_FOOD,THURSDAY,0
3130014,KOREAN_FOOD,FRIDAY,1
3130014,KOREAN_FOOD,SATURDAY,0
3130014,KOREAN_FOOD,SUNDAY,1
3130015,KOREAN_FOOD,MONDAY,-6
3130015,KOREAN_FOOD,TUESDAY,-1
3130015,KOREAN_FOOD,WEDNESDAY,-1
3130015,KOREAN_FOOD,THURSDAY,0
3130015,KOREAN_FOOD,FRIDAY,3
3130015,KOREAN_FOOD,SATURDAY,6
3130015,KOREAN_FOOD,SUNDAY,0
3130015,WESTERN_FOOD,MONDAY,-2
3130015,WESTERN_FOOD,TUESDAY,-4
3130015,WESTERN_FOOD,WEDNESDAY,-4
3130015,WESTERN_FOOD,THURSDAY,-5
3130015,WESTERN_FOOD,FRIDAY,-1
3130015,WESTERN_FOOD,SATURDAY,6
3130015,WESTERN_FOOD,SUNDAY,6
3130015,CAFE_BEVERAGE,MONDAY,-2
3130015,CAFE_BEVERAGE,TUESDAY,-1
3130015,CAFE_BEVERAGE,WEDNESDAY,0
3130015,CAFE_BEVERAGE,THURSDAY,-1
3130015,CAFE_BEVERAGE,FRIDAY,2
3130015,CAFE_BEVERAGE,SATURDAY,6
3130015,CAFE_BEVERAGE,SUNDAY,-5
3130018,KOREAN_FOOD,MONDAY,2
3130018,KOREAN_FOOD,TUESDAY,1
3130018,KOREAN_FOOD,WEDNESDAY,1
3130018,KOREAN_FOOD,THURSDAY,2
3130018,KOREAN_FOOD,FRIDAY,2
3130018,KOREAN_FOOD,SATURDAY,-3
3130018,KOREAN_FOOD,SUNDAY,-5
3130020,KOREAN_FOOD,MONDAY,-5
3130020,KOREAN_FOOD,TUESDAY,-4
3130020,KOREAN_FOOD,WEDNESDAY,-4
3130020,KOREAN_FOOD,THURSDAY,-3
3130020,KOREAN_FOOD,FRIDAY,-3
3130020,KOREAN_FOOD,SATURDAY,6
3130020,KOREAN_FOOD,SUNDAY,6
3130024,KOREAN_FOOD,MONDAY,1
3130024,KOREAN_FOOD,TUESDAY,1
3130024,KOREAN_FOOD,WEDNESDAY,2
3130024,KOREAN_FOOD,THURSDAY,2
3130024,KOREAN_FOOD,FRIDAY,3
3130024,KOREAN_FOOD,SATURDAY,4
3130024,KOREAN_FOOD,SUNDAY,-6
3130024,CHINESE_FOOD,MONDAY,2
3130024,CHINESE_FOOD,TUESDAY,4
3130024,CHINESE_FOOD,WEDNESDAY,3
3130024,CHINESE_FOOD,THURSDAY,4
3130024,CHINESE_FOOD,FRIDAY,5
3130024,CHINESE_FOOD,SATURDAY,-2
3130024,CHINESE_FOOD,SUNDAY,-6
3130024,BUNSIK,MONDAY,0
3130024,BUNSIK,TUESDAY,0
3130024,BUNSIK,WEDNESDAY,1
3130024,BUNSIK,THURSDAY,1
3130024,BUNSIK,FRIDAY,2
3130024,BUNSIK,SATURDAY,4
3130024,BUNSIK,SUNDAY,-6
3130024,CAFE_BEVERAGE,MONDAY,3
3130024,CAFE_BEVERAGE,TUESDAY,4
3130024,CAFE_BEVERAGE,WEDNESDAY,4
3130024,CAFE_BEVERAGE,THURSDAY,5
3130024,CAFE_BEVERAGE,FRIDAY,5
3130024,CAFE_BEVERAGE,SATURDAY,-4
3130024,CAFE_BEVERAGE,SUNDAY,-6
3130024,BAKERY,MONDAY,3
3130024,BAKERY,TUESDAY,4
3130024,BAKERY,WEDNESDAY,4
3130024,BAKERY,THURSDAY,4
3130024,BAKERY,FRIDAY,5
3130024,BAKERY,SATURDAY,0
3130024,BAKERY,SUNDAY,-6
3130032,KOREAN_FOOD,MONDAY,3
3130032,KOREAN_FOOD,TUESDAY,4
3130032,KOREAN_FOOD,WEDNESDAY,5
3130032,KOREAN_FOOD,THURSDAY,5
3130032,KOREAN_FOOD,FRIDAY,6
3130032,KOREAN_FOOD,SATURDAY,-6
3130032,KOREAN_FOOD,SUNDAY,-6
3130032,CHINESE_FOOD,MONDAY,0
3130032,CHINESE_FOOD,TUESDAY,4
3130032,CHINESE_FOOD,WEDNESDAY,4
3130032,CHINESE_FOOD,THURSDAY,5
3130032,CHINESE_FOOD,FRIDAY,4
3130032,CHINESE_FOOD,SATURDAY,-6
3130032,CHINESE_FOOD,SUNDAY,-6
3130032,BUNSIK,MONDAY,4
3130032,BUNSIK,TUESDAY,6
3130032,BUNSIK,WEDNESDAY,5
3130032,BUNSIK,THURSDAY,6
3130032,BUNSIK,FRIDAY,6
3130032,BUNSIK,SATURDAY,-6
3130032,BUNSIK,SUNDAY,-6
3130032,CAFE_BEVERAGE,MONDAY,-6
3130032,CAFE_BEVERAGE,TUESDAY,0
3130032,CAFE_BEVERAGE,WEDNESDAY,3
3130032,CAFE_BEVERAGE,THURSDAY,2
3130032,CAFE_BEVERAGE,FRIDAY,3
3130032,CAFE_BEVERAGE,SATURDAY,2
3130032,CAFE_BEVERAGE,SUNDAY,-4
3130033,CAFE_BEVERAGE,MONDAY,-2
3130033,CAFE_BEVERAGE,TUESDAY,0
3130033,CAFE_BEVERAGE,WEDNESDAY,1
3130033,CAFE_BEVERAGE,THURSDAY,1
3130033,CAFE_BEVERAGE,FRIDAY,3
3130033,CAFE_BEVERAGE,SATURDAY,6
3130033,CAFE_BEVERAGE,SUNDAY,-6
3130035,KOREAN_FOOD,MONDAY,-2
3130035,KOREAN_FOOD,TUESDAY,4
3130035,KOREAN_FOOD,WEDNESDAY,4
3130035,KOREAN_FOOD,THURSDAY,4
3130035,KOREAN_FOOD,FRIDAY,5
3130035,KOREAN_FOOD,SATURDAY,-5
3130035,KOREAN_FOOD,SUNDAY,-6
3130035,BUNSIK,MONDAY,6
3130035,BUNSIK,TUESDAY,6
3130035,BUNSIK,WEDNESDAY,6
3130035,BUNSIK,THURSDAY,6
3130035,BUNSIK,FRIDAY,6
3130035,BUNSIK,SATURDAY,-6
3130035,BUNSIK,SUNDAY,-6
3130035,CAFE_BEVERAGE,MONDAY,-3
3130035,CAFE_BEVERAGE,TUESDAY,3
3130035,CAFE_BEVERAGE,WEDNESDAY,3
3130035,CAFE_BEVERAGE,THURSDAY,3
3130035,CAFE_BEVERAGE,FRIDAY,4
3130035,CAFE_BEVERAGE,SATURDAY,-2
3130035,CAFE_BEVERAGE,SUNDAY,-6
3130036,KOREAN_FOOD,MONDAY,4
3130036,KOREAN_FOOD,TUESDAY,5
3130036,KOREAN_FOOD,WEDNESDAY,6
3130036,KOREAN_FOOD,THURSDAY,5
3130036,KOREAN_FOOD,FRIDAY,5
3130036,KOREAN_FOOD,SATURDAY,-6
3130036,KOREAN_FOOD,SUNDAY,-6
3130036,CAFE_BEVERAGE,MONDAY,2
3130036,CAFE_BEVERAGE,TUESDAY,3
3130036,CAFE_BEVERAGE,WEDNESDAY,2
3130036,CAFE_BEVERAGE,THURSDAY,3
3130036,CAFE_BEVERAGE,FRIDAY,5
3130036,CAFE_BEVERAGE,SATURDAY,-2
3130036,CAFE_BEVERAGE,SUNDAY,-6
3130042,KOREAN_FOOD,MONDAY,-1
3130042,KOREAN_FOOD,TUESDAY,1
3130042,KOREAN_FOOD,WEDNESDAY,1
3130042,KOREAN_FOOD,THURSDAY,1
3130042,KOREAN_FOOD,FRIDAY,4
3130042,KOREAN_FOOD,SATURDAY,4
3130042,KOREAN_FOOD,SUNDAY,-6
3130042,BUNSIK,MONDAY,3
3130042,BUNSIK,TUESDAY,3
3130042,BUNSIK,WEDNESDAY,4
3130042,BUNSIK,THURSDAY,1
3130042,BUNSIK,FRIDAY,-6
3130042,BUNSIK,SATURDAY,-3
3130042,BUNSIK,SUNDAY,5
3130042,CAFE_BEVERAGE,MONDAY,-2
3130042,CAFE_BEVERAGE,TUESDAY,-2
3130042,CAFE_BEVERAGE,WEDNESDAY,-1
3130042,CAFE_BEVERAGE,THURSDAY,-1
3130042,CAFE_BEVERAGE,FRIDAY,0
3130042,CAFE_BEVERAGE,SATURDAY,0
3130042,CAFE_BEVERAGE,SUNDAY,5
3130048,KOREAN_FOOD,MONDAY,6
3130048,KOREAN_FOOD,TUESDAY,6
3130048,KOREAN_FOOD,WEDNESDAY,5
3130048,KOREAN_FOOD,THURSDAY,6
3130048,KOREAN_FOOD,FRIDAY,0
3130048,KOREAN_FOOD,SATURDAY,-6
3130048,KOREAN_FOOD,SUNDAY,-6
3130048,CAFE_BEVERAGE,MONDAY,6
3130048,CAFE_BEVERAGE,TUESDAY,6
3130048,CAFE_BEVERAGE,WEDNESDAY,6
3130048,CAFE_BEVERAGE,THURSDAY,6
3130048,CAFE_BEVERAGE,FRIDAY,0
3130048,CAFE_BEVERAGE,SATURDAY,-6
3130048,CAFE_BEVERAGE,SUNDAY,-6
3130049,BUNSIK,MONDAY,-6
3130049,BUNSIK,TUESDAY,-6
3130049,BUNSIK,WEDNESDAY,-6
3130049,BUNSIK,THURSDAY,-5
3130049,BUNSIK,FRIDAY,-1
3130049,BUNSIK,SATURDAY,6
3130049,BUNSIK,SUNDAY,6
3130051,KOREAN_FOOD,MONDAY,1
3130051,KOREAN_FOOD,TUESDAY,2
3130051,KOREAN_FOOD,WEDNESDAY,2
3130051,KOREAN_FOOD,THURSDAY,2
3130051,KOREAN_FOOD,FRIDAY,4
3130051,KOREAN_FOOD,SATURDAY,-2
3130051,KOREAN_FOOD,SUNDAY,-6
3130051,CHICKEN,MONDAY,-5
3130051,CHICKEN,TUESDAY,-6
3130051,CHICKEN,WEDNESDAY,-5
3130051,CHICKEN,THURSDAY,1
3130051,CHICKEN,FRIDAY,6
3130051,CHICKEN,SATURDAY,5
3130051,CHICKEN,SUNDAY,3
3130051,BUNSIK,MONDAY,1
3130051,BUNSIK,TUESDAY,2
3130051,BUNSIK,WEDNESDAY,1
3130051,BUNSIK,THURSDAY,2
3130051,BUNSIK,FRIDAY,2
3130051,BUNSIK,SATURDAY,-2
3130051,BUNSIK,SUNDAY,-6
3130051,CAFE_BEVERAGE,MONDAY,-1
3130051,CAFE_BEVERAGE,TUESDAY,-2
3130051,CAFE_BEVERAGE,WEDNESDAY,-2
3130051,CAFE_BEVERAGE,THURSDAY,-3
3130051,CAFE_BEVERAGE,FRIDAY,1
3130051,CAFE_BEVERAGE,SATURDAY,5
3130051,CAFE_BEVERAGE,SUNDAY,3
3130052,KOREAN_FOOD,MONDAY,-4
3130052,KOREAN_FOOD,TUESDAY,-1
3130052,KOREAN_FOOD,WEDNESDAY,-1
3130052,KOREAN_FOOD,THURSDAY,-1
3130052,KOREAN_FOOD,FRIDAY,3
3130052,KOREAN_FOOD,SATURDAY,6
3130052,KOREAN_FOOD,SUNDAY,-3
3130052,BUNSIK,MONDAY,-6
3130052,BUNSIK,TUESDAY,2
3130052,BUNSIK,WEDNESDAY,2
3130052,BUNSIK,THURSDAY,4
3130052,BUNSIK,FRIDAY,5
3130052,BUNSIK,SATURDAY,6
3130052,BUNSIK,SUNDAY,0
3130052,CAFE_BEVERAGE,MONDAY,0
3130052,CAFE_BEVERAGE,TUESDAY,0
3130052,CAFE_BEVERAGE,WEDNESDAY,1
3130052,CAFE_BEVERAGE,THURSDAY,1
3130052,CAFE_BEVERAGE,FRIDAY,2
3130052,CAFE_BEVERAGE,SATURDAY,0
3130052,CAFE_BEVERAGE,SUNDAY,-4
3130053,KOREAN_FOOD,MONDAY,-3
3130053,KOREAN_FOOD,TUESDAY,-2
3130053,KOREAN_FOOD,WEDNESDAY,-2
3130053,KOREAN_FOOD,THURSDAY,-1
3130053,KOREAN_FOOD,FRIDAY,4
3130053,KOREAN_FOOD,SATURDAY,5
3130053,KOREAN_FOOD,SUNDAY,-1
3130053,CHICKEN,MONDAY,-6
3130053,CHICKEN,TUESDAY,1
3130053,CHICKEN,WEDNESDAY,1
3130053,CHICKEN,THURSDAY,1
3130053,CHICKEN,FRIDAY,5
3130053,CHICKEN,SATURDAY,5
3130053,CHICKEN,SUNDAY,3
3130053,FAST_FOOD,MONDAY,0
3130053,FAST_FOOD,TUESDAY,-1
3130053,FAST_FOOD,WEDNESDAY,-1
3130053,FAST_FOOD,THURSDAY,0
3130053,FAST_FOOD,FRIDAY,1
3130053,FAST_FOOD,SATURDAY,1
3130053,FAST_FOOD,SUNDAY,0
3130053,BUNSIK,MONDAY,-2
3130053,BUNSIK,TUESDAY,2
3130053,BUNSIK,WEDNESDAY,2
3130053,BUNSIK,THURSDAY,3
3130053,BUNSIK,FRIDAY,3
3130053,BUNSIK,SATURDAY,-1
3130053,BUNSIK,SUNDAY,-6
3130054,KOREAN_FOOD,MONDAY,-1
3130054,KOREAN_FOOD,TUESDAY,-3
3130054,KOREAN_FOOD,WEDNESDAY,-1
3130054,KOREAN_FOOD,THURSDAY,-2
3130054,KOREAN_FOOD,FRIDAY,1
3130054,KOREAN_FOOD,SATURDAY,3
3130054,KOREAN_FOOD,SUNDAY,3
3130055,KOREAN_FOOD,MONDAY,-6
3130055,KOREAN_FOOD,TUESDAY,-2
3130055,KOREAN_FOOD,WEDNESDAY,-1
3130055,KOREAN_FOOD,THURSDAY,0
3130055,KOREAN_FOOD,FRIDAY,4
3130055,KOREAN_FOOD,SATURDAY,6
3130055,KOREAN_FOOD,SUNDAY,0
3130055,BUNSIK,MONDAY,1
3130055,BUNSIK,TUESDAY,0
3130055,BUNSIK,WEDNESDAY,0
3130055,BUNSIK,THURSDAY,2
3130055,BUNSIK,FRIDAY,2
3130055,BUNSIK,SATURDAY,2
3130055,BUNSIK,SUNDAY,-6
3130055,CAFE_BEVERAGE,MONDAY,0
3130055,CAFE_BEVERAGE,TUESDAY,-1
3130055,CAFE_BEVERAGE,WEDNESDAY,-1
3130055,CAFE_BEVERAGE,THURSDAY,0
3130055,CAFE_BEVERAGE,FRIDAY,1
3130055,CAFE_BEVERAGE,SATURDAY,4
3130055,CAFE_BEVERAGE,SUNDAY,-3
3130056,KOREAN_FOOD,MONDAY,0
3130056,KOREAN_FOOD,TUESDAY,0
3130056,KOREAN_FOOD,WEDNESDAY,0
3130056,KOREAN_FOOD,THURSDAY,1
3130056,KOREAN_FOOD,FRIDAY,3
3130056,KOREAN_FOOD,SATURDAY,1
3130056,KOREAN_FOOD,SUNDAY,-5
3130056,CHICKEN,MONDAY,-6
3130056,CHICKEN,TUESDAY,-2
3130056,CHICKEN,WEDNESDAY,-1
3130056,CHICKEN,THURSDAY,-1
3130056,CHICKEN,FRIDAY,5
3130056,CHICKEN,SATURDAY,6
3130056,CHICKEN,SUNDAY,3
3130056,BUNSIK,MONDAY,2
3130056,BUNSIK,TUESDAY,-2
3130056,BUNSIK,WEDNESDAY,3
3130056,BUNSIK,THURSDAY,2
3130056,BUNSIK,FRIDAY,2
3130056,BUNSIK,SATURDAY,3
3130056,BUNSIK,SUNDAY,-6
3130056,CAFE_BEVERAGE,MONDAY,0
3130056,CAFE_BEVERAGE,TUESDAY,0
3130056,CAFE_BEVERAGE,WEDNESDAY,0
3130056,CAFE_BEVERAGE,THURSDAY,2
3130056,CAFE_BEVERAGE,FRIDAY,2
3130056,CAFE_BEVERAGE,SATURDAY,-1
3130056,CAFE_BEVERAGE,SUNDAY,-3
3130056,BAKERY,MONDAY,0
3130056,BAKERY,TUESDAY,-1
3130056,BAKERY,WEDNESDAY,0
3130056,BAKERY,THURSDAY,0
3130056,BAKERY,FRIDAY,2
3130056,BAKERY,SATURDAY,2
3130056,BAKERY,SUNDAY,-3
3130057,KOREAN_FOOD,MONDAY,-6
3130057,KOREAN_FOOD,TUESDAY,3
3130057,KOREAN_FOOD,WEDNESDAY,1
3130057,KOREAN_FOOD,THURSDAY,1
3130057,KOREAN_FOOD,FRIDAY,4
3130057,KOREAN_FOOD,SATURDAY,4
3130057,KOREAN_FOOD,SUNDAY,-3
3130058,KOREAN_FOOD,MONDAY,2
3130058,KOREAN_FOOD,TUESDAY,0
3130058,KOREAN_FOOD,WEDNESDAY,0
3130058,KOREAN_FOOD,THURSDAY,0
3130058,KOREAN_FOOD,FRIDAY,2
3130058,KOREAN_FOOD,SATURDAY,3
3130058,KOREAN_FOOD,SUNDAY,-6
3130058,JAPANESE_FOOD,MONDAY,-4
3130058,JAPANESE_FOOD,TUESDAY,-4
3130058,JAPANESE_FOOD,WEDNESDAY,1
3130058,JAPANESE_FOOD,THURSDAY,0
3130058,JAPANESE_FOOD,FRIDAY,5
3130058,JAPANESE_FOOD,SATURDAY,5
3130058,JAPANESE_FOOD,SUNDAY,-4
3130058,CHICKEN,MONDAY,-6
3130058,CHICKEN,TUESDAY,-1
3130058,CHICKEN,WEDNESDAY,-1
3130058,CHICKEN,THURSDAY,-1
3130058,CHICKEN,FRIDAY,4
3130058,CHICKEN,SATURDAY,6
3130058,CHICKEN,SUNDAY,1
3130059,KOREAN_FOOD,MONDAY,3
3130059,KOREAN_FOOD,TUESDAY,3
3130059,KOREAN_FOOD,WEDNESDAY,3
3130059,KOREAN_FOOD,THURSDAY,4
3130059,KOREAN_FOOD,FRIDAY,4
3130059,KOREAN_FOOD,SATURDAY,-5
3130059,KOREAN_FOOD,SUNDAY,-6
3130060,KOREAN_FOOD,MONDAY,-6
3130060,KOREAN_FOOD,TUESDAY,-5
3130060,KOREAN_FOOD,WEDNESDAY,-4
3130060,KOREAN_FOOD,THURSDAY,-4
3130060,KOREAN_FOOD,FRIDAY,2
3130060,KOREAN_FOOD,SATURDAY,6
3130060,KOREAN_FOOD,SUNDAY,6
3130060,CAFE_BEVERAGE,MONDAY,-4
3130060,CAFE_BEVERAGE,TUESDAY,-5
3130060,CAFE_BEVERAGE,WEDNESDAY,-5
3130060,CAFE_BEVERAGE,THURSDAY,-5
3130060,CAFE_BEVERAGE,FRIDAY,-1
3130060,CAFE_BEVERAGE,SATURDAY,6
3130060,CAFE_BEVERAGE,SUNDAY,6
3130060,BAKERY,MONDAY,-3
3130060,BAKERY,TUESDAY,-5
3130060,BAKERY,WEDNESDAY,-3
3130060,BAKERY,THURSDAY,-2
3130060,BAKERY,FRIDAY,0
3130060,BAKERY,SATURDAY,6
3130060,BAKERY,SUNDAY,5
3130061,WESTERN_FOOD,MONDAY,-6
3130061,WESTERN_FOOD,TUESDAY,-6
3130061,WESTERN_FOOD,WEDNESDAY,-6
3130061,WESTERN_FOOD,THURSDAY,-6
3130061,WESTERN_FOOD,FRIDAY,4
3130061,WESTERN_FOOD,SATURDAY,6
3130061,WESTERN_FOOD,SUNDAY,6
3130063,KOREAN_FOOD,MONDAY,1
3130063,KOREAN_FOOD,TUESDAY,-1
3130063,KOREAN_FOOD,WEDNESDAY,0
3130063,KOREAN_FOOD,THURSDAY,0
3130063,KOREAN_FOOD,FRIDAY,2
3130063,KOREAN_FOOD,SATURDAY,1
3130063,KOREAN_FOOD,SUNDAY,-3
3130063,CHICKEN,MONDAY,-2
3130063,CHICKEN,TUESDAY,-2
3130063,CHICKEN,WEDNESDAY,-2
3130063,CHICKEN,THURSDAY,0
3130063,CHICKEN,FRIDAY,5
3130063,CHICKEN,SATURDAY,4
3130063,CHICKEN,SUNDAY,-3
3130063,BUNSIK,MONDAY,-4
3130063,BUNSIK,TUESDAY,3
3130063,BUNSIK,WEDNESDAY,2
3130063,BUNSIK,THURSDAY,2
3130063,BUNSIK,FRIDAY,3
3130063,BUNSIK,SATURDAY,0
3130063,BUNSIK,SUNDAY,-5
3130063,CAFE_BEVERAGE,MONDAY,-3
3130063,CAFE_BEVERAGE,TUESDAY,0
3130063,CAFE_BEVERAGE,WEDNESDAY,1
3130063,CAFE_BEVERAGE,THURSDAY,0
3130063,CAFE_BEVERAGE,FRIDAY,1
3130063,CAFE_BEVERAGE,SATURDAY,3
3130063,CAFE_BEVERAGE,SUNDAY,-3
3130064,KOREAN_FOOD,MONDAY,1
3130064,KOREAN_FOOD,TUESDAY,0
3130064,KOREAN_FOOD,WEDNESDAY,0
3130064,KOREAN_FOOD,THURSDAY,1
3130064,KOREAN_FOOD,FRIDAY,3
3130064,KOREAN_FOOD,SATURDAY,2
3130064,KOREAN_FOOD,SUNDAY,-6
3130064,BUNSIK,MONDAY,0
3130064,BUNSIK,TUESDAY,-1
3130064,BUNSIK,WEDNESDAY,-2
3130064,BUNSIK,THURSDAY,-1
3130064,BUNSIK,FRIDAY,0
3130064,BUNSIK,SATURDAY,3
3130064,BUNSIK,SUNDAY,1
3130065,KOREAN_FOOD,MONDAY,0
3130065,KOREAN_FOOD,TUESDAY,0
3130065,KOREAN_FOOD,WEDNESDAY,1
3130065,KOREAN_FOOD,THURSDAY,1
3130065,KOREAN_FOOD,FRIDAY,3
3130065,KOREAN_FOOD,SATURDAY,0
3130065,KOREAN_FOOD,SUNDAY,-5
3130065,CHINESE_FOOD,MONDAY,1
3130065,CHINESE_FOOD,TUESDAY,0
3130065,CHINESE_FOOD,WEDNESDAY,0
3130065,CHINESE_FOOD,THURSDAY,0
3130065,CHINESE_FOOD,FRIDAY,0
3130065,CHINESE_FOOD,SATURDAY,2
3130065,CHINESE_FOOD,SUNDAY,-2
3130065,CHICKEN,MONDAY,-4
3130065,CHICKEN,TUESDAY,-4
3130065,CHICKEN,WEDNESDAY,-2
3130065,CHICKEN,THURSDAY,-1
3130065,CHICKEN,FRIDAY,5
3130065,CHICKEN,SATURDAY,5
3130065,CHICKEN,SUNDAY,2
3130065,BAKERY,MONDAY,-2
3130065,BAKERY,TUESDAY,-3
3130065,BAKERY,WEDNESDAY,2
3130065,BAKERY,THURSDAY,2
3130065,BAKERY,FRIDAY,3
3130065,BAKERY,SATURDAY,2
3130065,BAKERY,SUNDAY,-4
3130066,KOREAN_FOOD,MONDAY,-4
3130066,KOREAN_FOOD,TUESDAY,-1
3130066,KOREAN_FOOD,WEDNESDAY,-1
3130066,KOREAN_FOOD,THURSDAY,-1
3130066,KOREAN_FOOD,FRIDAY,3
3130066,KOREAN_FOOD,SATURDAY,4
3130066,KOREAN_FOOD,SUNDAY,0
3130066,JAPANESE_FOOD,MONDAY,-6
3130066,JAPANESE_FOOD,TUESDAY,0
3130066,JAPANESE_FOOD,WEDNESDAY,2
3130066,JAPANESE_FOOD,THURSDAY,4
3130066,JAPANESE_FOOD,FRIDAY,4
3130066,JAPANESE_FOOD,SATURDAY,3
3130066,JAPANESE_FOOD,SUNDAY,-3
3130066,BUNSIK,MONDAY,5
3130066,BUNSIK,TUESDAY,3
3130066,BUNSIK,WEDNESDAY,3
3130066,BUNSIK,THURSDAY,3
3130066,BUNSIK,FRIDAY,4
3130066,BUNSIK,SATURDAY,-3
3130066,BUNSIK,SUNDAY,-6
3130066,CAFE_BEVERAGE,MONDAY,-1
3130066,CAFE_BEVERAGE,TUESDAY,-1
3130066,CAFE_BEVERAGE,WEDNESDAY,-1
3130066,CAFE_BEVERAGE,THURSDAY,-1
3130066,CAFE_BEVERAGE,FRIDAY,1
3130066,CAFE_BEVERAGE,SATURDAY,3
3130066,CAFE_BEVERAGE,SUNDAY,0
3130067,KOREAN_FOOD,MONDAY,0
3130067,KOREAN_FOOD,TUESDAY,0
3130067,KOREAN_FOOD,WEDNESDAY,1
3130067,KOREAN_FOOD,THURSDAY,1
3130067,KOREAN_FOOD,FRIDAY,4
3130067,KOREAN_FOOD,SATURDAY,0
3130067,KOREAN_FOOD,SUNDAY,-5
3130067,CHINESE_FOOD,MONDAY,6
3130067,CHINESE_FOOD,TUESDAY,6
3130067,CHINESE_FOOD,WEDNESDAY,5
3130067,CHINESE_FOOD,THURSDAY,6
3130067,CHINESE_FOOD,FRIDAY,6
3130067,CHINESE_FOOD,SATURDAY,-6
3130067,CHINESE_FOOD,SUNDAY,-6
3130067,WESTERN_FOOD,MONDAY,1
3130067,WESTERN_FOOD,TUESDAY,2
3130067,WESTERN_FOOD,WEDNESDAY,2
3130067,WESTERN_FOOD,THURSDAY,2
3130067,WESTERN_FOOD,FRIDAY,6
3130067,WESTERN_FOOD,SATURDAY,1
3130067,WESTERN_FOOD,SUNDAY,-6
3130067,CHICKEN,MONDAY,-2
3130067,CHICKEN,TUESDAY,-1
3130067,CHICKEN,WEDNESDAY,-1
3130067,CHICKEN,THURSDAY,-1
3130067,CHICKEN,FRIDAY,5
3130067,CHICKEN,SATURDAY,5
3130067,CHICKEN,SUNDAY,-5
3130067,BUNSIK,MONDAY,2
3130067,BUNSIK,TUESDAY,2
3130067,BUNSIK,WEDNESDAY,1
3130067,BUNSIK,THURSDAY,3
3130067,BUNSIK,FRIDAY,3
3130067,BUNSIK,SATURDAY,-1
3130067,BUNSIK,SUNDAY,-6
3130067,CAFE_BEVERAGE,MONDAY,0
3130067,CAFE_BEVERAGE,TUESDAY,-1
3130067,CAFE_BEVERAGE,WEDNESDAY,0
3130067,CAFE_BEVERAGE,THURSDAY,0
3130067,CAFE_BEVERAGE,FRIDAY,1
3130067,CAFE_BEVERAGE,SATURDAY,2
3130067,CAFE_BEVERAGE,SUNDAY,-2
3130068,KOREAN_FOOD,MONDAY,-2
3130068,KOREAN_FOOD,TUESDAY,0
3130068,KOREAN_FOOD,WEDNESDAY,0
3130068,KOREAN_FOOD,THURSDAY,1
3130068,KOREAN_FOOD,FRIDAY,3
3130068,KOREAN_FOOD,SATURDAY,5
3130068,KOREAN_FOOD,SUNDAY,-6
3130068,CAFE_BEVERAGE,MONDAY,0
3130068,CAFE_BEVERAGE,TUESDAY,1
3130068,CAFE_BEVERAGE,WEDNESDAY,3
3130068,CAFE_BEVERAGE,THURSDAY,2
3130068,CAFE_BEVERAGE,FRIDAY,4
3130068,CAFE_BEVERAGE,SATURDAY,-1
3130068,CAFE_BEVERAGE,SUNDAY,-6
3130069,KOREAN_FOOD,MONDAY,0
3130069,KOREAN_FOOD,TUESDAY,0
3130069,KOREAN_FOOD,WEDNESDAY,1
3130069,KOREAN_FOOD,THURSDAY,1
3130069,KOREAN_FOOD,FRIDAY,2
3130069,KOREAN_FOOD,SATURDAY,-1
3130069,KOREAN_FOOD,SUNDAY,-3
3130069,CHINESE_FOOD,MONDAY,-1
3130069,CHINESE_FOOD,TUESDAY,1
3130069,CHINESE_FOOD,WEDNESDAY,1
3130069,CHINESE_FOOD,THURSDAY,1
3130069,CHINESE_FOOD,FRIDAY,3
3130069,CHINESE_FOOD,SATURDAY,-1
3130069,CHINESE_FOOD,SUNDAY,-4
3130069,JAPANESE_FOOD,MONDAY,-3
3130069,JAPANESE_FOOD,TUESDAY,3
3130069,JAPANESE_FOOD,WEDNESDAY,3
3130069,JAPANESE_FOOD,THURSDAY,3
3130069,JAPANESE_FOOD,FRIDAY,3
3130069,JAPANESE_FOOD,SATURDAY,-3
3130069,JAPANESE_FOOD,SUNDAY,-6
3130069,WESTERN_FOOD,MONDAY,4
3130069,WESTERN_FOOD,TUESDAY,4
3130069,WESTERN_FOOD,WEDNESDAY,4
3130069,WESTERN_FOOD,THURSDAY,4
3130069,WESTERN_FOOD,FRIDAY,2
3130069,WESTERN_FOOD,SATURDAY,-5
3130069,WESTERN_FOOD,SUNDAY,-6
3130069,CHICKEN,MONDAY,-2
3130069,CHICKEN,TUESDAY,0
3130069,CHICKEN,WEDNESDAY,0
3130069,CHICKEN,THURSDAY,1
3130069,CHICKEN,FRIDAY,3
3130069,CHICKEN,SATURDAY,1
3130069,CHICKEN,SUNDAY,-3
3130069,FAST_FOOD,MONDAY,1
3130069,FAST_FOOD,TUESDAY,2
3130069,FAST_FOOD,WEDNESDAY,2
3130069,FAST_FOOD,THURSDAY,3
3130069,FAST_FOOD,FRIDAY,2
3130069,FAST_FOOD,SATURDAY,-6
3130069,FAST_FOOD,SUNDAY,-3
3130069,BUNSIK,MONDAY,-4
3130069,BUNSIK,TUESDAY,0
3130069,BUNSIK,WEDNESDAY,-1
3130069,BUNSIK,THURSDAY,0
3130069,BUNSIK,FRIDAY,2
3130069,BUNSIK,SATURDAY,2
3130069,BUNSIK,SUNDAY,0
3130069,CAFE_BEVERAGE,MONDAY,0
3130069,CAFE_BEVERAGE,TUESDAY,0
3130069,CAFE_BEVERAGE,WEDNESDAY,0
3130069,CAFE_BEVERAGE,THURSDAY,0
3130069,CAFE_BEVERAGE,FRIDAY,0
3130069,CAFE_BEVERAGE,SATURDAY,0
3130069,CAFE_BEVERAGE,SUNDAY,-1
3130070,KOREAN_FOOD,MONDAY,3
3130070,KOREAN_FOOD,TUESDAY,4
3130070,KOREAN_FOOD,WEDNESDAY,4
3130070,KOREAN_FOOD,THURSDAY,4
3130070,KOREAN_FOOD,FRIDAY,4
3130070,KOREAN_FOOD,SATURDAY,-6
3130070,KOREAN_FOOD,SUNDAY,-6
3130070,WESTERN_FOOD,MONDAY,5
3130070,WESTERN_FOOD,TUESDAY,6
3130070,WESTERN_FOOD,WEDNESDAY,6
3130070,WESTERN_FOOD,THURSDAY,6
3130070,WESTERN_FOOD,FRIDAY,6
3130070,WESTERN_FOOD,SATURDAY,-6
3130070,WESTERN_FOOD,SUNDAY,-6
3130070,BUNSIK,MONDAY,6
3130070,BUNSIK,TUESDAY,6
3130070,BUNSIK,WEDNESDAY,6
3130070,BUNSIK,THURSDAY,6
3130070,BUNSIK,FRIDAY,5
3130070,BUNSIK,SATURDAY,-6
3130070,BUNSIK,SUNDAY,-6
3130070,CAFE_BEVERAGE,MONDAY,1
3130070,CAFE_BEVERAGE,TUESDAY,1
3130070,CAFE_BEVERAGE,WEDNESDAY,2
3130070,CAFE_BEVERAGE,THURSDAY,3
3130070,CAFE_BEVERAGE,FRIDAY,3
3130070,CAFE_BEVERAGE,SATURDAY,-5
3130070,CAFE_BEVERAGE,SUNDAY,-6
3130070,BAKERY,MONDAY,-1
3130070,BAKERY,TUESDAY,-1
3130070,BAKERY,WEDNESDAY,1
3130070,BAKERY,THURSDAY,0
3130070,BAKERY,FRIDAY,2
3130070,BAKERY,SATURDAY,1
3130070,BAKERY,SUNDAY,-2
3130071,KOREAN_FOOD,MONDAY,6
3130071,KOREAN_FOOD,TUESDAY,6
3130071,KOREAN_FOOD,WEDNESDAY,6
3130071,KOREAN_FOOD,THURSDAY,6
3130071,KOREAN_FOOD,FRIDAY,6
3130071,KOREAN_FOOD,SATURDAY,-6
3130071,KOREAN_FOOD,SUNDAY,-6
3130072,KOREAN_FOOD,MONDAY,-1
3130072,KOREAN_FOOD,TUESDAY,0
3130072,KOREAN_FOOD,WEDNESDAY,1
3130072,KOREAN_FOOD,THURSDAY,1
3130072,KOREAN_FOOD,FRIDAY,2
3130072,KOREAN_FOOD,SATURDAY,0
3130072,KOREAN_FOOD,SUNDAY,-2
3130072,CHINESE_FOOD,MONDAY,3
3130072,CHINESE_FOOD,TUESDAY,5
3130072,CHINESE_FOOD,WEDNESDAY,3
3130072,CHINESE_FOOD,THURSDAY,6
3130072,CHINESE_FOOD,FRIDAY,6
3130072,CHINESE_FOOD,SATURDAY,-3
3130072,CHINESE_FOOD,SUNDAY,-6
3130072,JAPANESE_FOOD,MONDAY,-4
3130072,JAPANESE_FOOD,TUESDAY,-1
3130072,JAPANESE_FOOD,WEDNESDAY,0
3130072,JAPANESE_FOOD,THURSDAY,0
3130072,JAPANESE_FOOD,FRIDAY,3
3130072,JAPANESE_FOOD,SATURDAY,2
3130072,JAPANESE_FOOD,SUNDAY,0
3130072,CHICKEN,MONDAY,-3
3130072,CHICKEN,TUESDAY,0
3130072,CHICKEN,WEDNESDAY,0
3130072,CHICKEN,THURSDAY,0
3130072,CHICKEN,FRIDAY,3
3130072,CHICKEN,SATURDAY,2
3130072,CHICKEN,SUNDAY,-2
3130072,BUNSIK,MONDAY,-4
3130072,BUNSIK,TUESDAY,-1
3130072,BUNSIK,WEDNESDAY,-1
3130072,BUNSIK,THURSDAY,-1
3130072,BUNSIK,FRIDAY,1
3130072,BUNSIK,SATURDAY,4
3130072,BUNSIK,SUNDAY,3
3130072,CAFE_BEVERAGE,MONDAY,-2
3130072,CAFE_BEVERAGE,TUESDAY,-1
3130072,CAFE_BEVERAGE,WEDNESDAY,0
3130072,CAFE_BEVERAGE,THURSDAY,0
3130072,CAFE_BEVERAGE,FRIDAY,1
3130072,CAFE_BEVERAGE,SATURDAY,0
3130072,CAFE_BEVERAGE,SUNDAY,2
3130073,KOREAN_FOOD,MONDAY,-1
3130073,KOREAN_FOOD,TUESDAY,0
3130073,KOREAN_FOOD,WEDNESDAY,0
3130073,KOREAN_FOOD,THURSDAY,1
3130073,KOREAN_FOOD,FRIDAY,4
3130073,KOREAN_FOOD,SATURDAY,0
3130073,KOREAN_FOOD,SUNDAY,-5
3130073,CHICKEN,MONDAY,-3
3130073,CHICKEN,TUESDAY,0
3130073,CHICKEN,WEDNESDAY,-2
3130073,CHICKEN,THURSDAY,-2
3130073,CHICKEN,FRIDAY,4
3130073,CHICKEN,SATURDAY,3
3130073,CHICKEN,SUNDAY,-1
3130073,BUNSIK,MONDAY,-1
3130073,BUNSIK,TUESDAY,1
3130073,BUNSIK,WEDNESDAY,2
3130073,BUNSIK,THURSDAY,3
3130073,BUNSIK,FRIDAY,4
3130073,BUNSIK,SATURDAY,3
3130073,BUNSIK,SUNDAY,-6
3130074,KOREAN_FOOD,MONDAY,1
3130074,KOREAN_FOOD,TUESDAY,-6
3130074,KOREAN_FOOD,WEDNESDAY,3
3130074,KOREAN_FOOD,THURSDAY,4
3130074,KOREAN_FOOD,FRIDAY,4
3130074,KOREAN_FOOD,SATURDAY,0
3130074,KOREAN_FOOD,SUNDAY,-3
3130075,KOREAN_FOOD,MONDAY,-2
3130075,KOREAN_FOOD,TUESDAY,-1
3130075,KOREAN_FOOD,WEDNESDAY,-3
3130075,KOREAN_FOOD,THURSDAY,-2
3130075,KOREAN_FOOD,FRIDAY,2
3130075,KOREAN_FOOD,SATURDAY,6
3130075,KOREAN_FOOD,SUNDAY,-1
3130076,KOREAN_FOOD,MONDAY,-3
3130076,KOREAN_FOOD,TUESDAY,-2
3130076,KOREAN_FOOD,WEDNESDAY,-1
3130076,KOREAN_FOOD,THURSDAY,-2
3130076,KOREAN_FOOD,FRIDAY,2
3130076,KOREAN_FOOD,SATURDAY,4
3130076,KOREAN_FOOD,SUNDAY,2
3130078,KOREAN_FOOD,MONDAY,-1
3130078,KOREAN_FOOD,TUESDAY,-1
3130078,KOREAN_FOOD,WEDNESDAY,-1
3130078,KOREAN_FOOD,THURSDAY,-1
3130078,KOREAN_FOOD,FRIDAY,4
3130078,KOREAN_FOOD,SATURDAY,4
3130078,KOREAN_FOOD,SUNDAY,-4
3130078,CHICKEN,MONDAY,-3
3130078,CHICKEN,TUESDAY,0
3130078,CHICKEN,WEDNESDAY,-1
3130078,CHICKEN,THURSDAY,-1
3130078,CHICKEN,FRIDAY,2
3130078,CHICKEN,SATURDAY,1
3130078,CHICKEN,SUNDAY,0
3130078,BUNSIK,MONDAY,0
3130078,BUNSIK,TUESDAY,-3
3130078,BUNSIK,WEDNESDAY,-4
3130078,BUNSIK,THURSDAY,-1
3130078,BUNSIK,FRIDAY,1
3130078,BUNSIK,SATURDAY,4
3130078,BUNSIK,SUNDAY,3
3130078,CAFE_BEVERAGE,MONDAY,-2
3130078,CAFE_BEVERAGE,TUESDAY,-2
3130078,CAFE_BEVERAGE,WEDNESDAY,-2
3130078,CAFE_BEVERAGE,THURSDAY,-3
3130078,CAFE_BEVERAGE,FRIDAY,1
3130078,CAFE_BEVERAGE,SATURDAY,6
3130078,CAFE_BEVERAGE,SUNDAY,2
3130079,KOREAN_FOOD,MONDAY,-2
3130079,KOREAN_FOOD,TUESDAY,-2
3130079,KOREAN_FOOD,WEDNESDAY,-2
3130079,KOREAN_FOOD,THURSDAY,-2
3130079,KOREAN_FOOD,FRIDAY,2
3130079,KOREAN_FOOD,SATURDAY,6
3130079,KOREAN_FOOD,SUNDAY,0
3130081,KOREAN_FOOD,MONDAY,-1
3130081,KOREAN_FOOD,TUESDAY,-1
3130081,KOREAN_FOOD,WEDNESDAY,0
3130081,KOREAN_FOOD,THURSDAY,0
3130081,KOREAN_FOOD,FRIDAY,2
3130081,KOREAN_FOOD,SATURDAY,6
3130081,KOREAN_FOOD,SUNDAY,-6
3130081,BUNSIK,MONDAY,-1
3130081,BUNSIK,TUESDAY,-2
3130081,BUNSIK,WEDNESDAY,-5
3130081,BUNSIK,THURSDAY,-4
3130081,BUNSIK,FRIDAY,0
3130081,BUNSIK,SATURDAY,6
3130081,BUNSIK,SUNDAY,4
3130082,KOREAN_FOOD,MONDAY,4
3130082,KOREAN_FOOD,TUESDAY,3
3130082,KOREAN_FOOD,WEDNESDAY,-3
3130082,KOREAN_FOOD,THURSDAY,3
3130082,KOREAN_FOOD,FRIDAY,4
3130082,KOREAN_FOOD,SATURDAY,-2
3130082,KOREAN_FOOD,SUNDAY,-6
3130083,KOREAN_FOOD,MONDAY,-4
3130083,KOREAN_FOOD,TUESDAY,-3
3130083,KOREAN_FOOD,WEDNESDAY,-1
3130083,KOREAN_FOOD,THURSDAY,0
3130083,KOREAN_FOOD,FRIDAY,3
3130083,KOREAN_FOOD,SATURDAY,3
3130083,KOREAN_FOOD,SUNDAY,1
3130083,CHICKEN,MONDAY,-6
3130083,CHICKEN,TUESDAY,0
3130083,CHICKEN,WEDNESDAY,0
3130083,CHICKEN,THURSDAY,-1
3130083,CHICKEN,FRIDAY,5
3130083,CHICKEN,SATURDAY,6
3130083,CHICKEN,SUNDAY,5
3130083,BUNSIK,MONDAY,0
3130083,BUNSIK,TUESDAY,2
3130083,BUNSIK,WEDNESDAY,-6
3130083,BUNSIK,THURSDAY,0
3130083,BUNSIK,FRIDAY,3
3130083,BUNSIK,SATURDAY,6
3130083,BUNSIK,SUNDAY,-6
3130083,CAFE_BEVERAGE,MONDAY,-6
3130083,CAFE_BEVERAGE,TUESDAY,1
3130083,CAFE_BEVERAGE,WEDNESDAY,3
3130083,CAFE_BEVERAGE,THURSDAY,3
3130083,CAFE_BEVERAGE,FRIDAY,2
3130083,CAFE_BEVERAGE,SATURDAY,1
3130083,CAFE_BEVERAGE,SUNDAY,0
3130083,BAKERY,MONDAY,-2
3130083,BAKERY,TUESDAY,-3
3130083,BAKERY,WEDNESDAY,-2
3130083,BAKERY,THURSDAY,-3
3130083,BAKERY,FRIDAY,3
3130083,BAKERY,SATURDAY,4
3130083,BAKERY,SUNDAY,3
3130084,KOREAN_FOOD,MONDAY,1
3130084,KOREAN_FOOD,TUESDAY,1
3130084,KOREAN_FOOD,WEDNESDAY,1
3130084,KOREAN_FOOD,THURSDAY,1
3130084,KOREAN_FOOD,FRIDAY,2
3130084,KOREAN_FOOD,SATURDAY,3
3130084,KOREAN_FOOD,SUNDAY,-6
3130086,KOREAN_FOOD,MONDAY,0
3130086,KOREAN_FOOD,TUESDAY,1
3130086,KOREAN_FOOD,WEDNESDAY,1
3130086,KOREAN_FOOD,THURSDAY,1
3130086,KOREAN_FOOD,FRIDAY,3
3130086,KOREAN_FOOD,SATURDAY,3
3130086,KOREAN_FOOD,SUNDAY,-6
3130088,KOREAN_FOOD,MONDAY,-2
3130088,KOREAN_FOOD,TUESDAY,-1
3130088,KOREAN_FOOD,WEDNESDAY,-1
3130088,KOREAN_FOOD,THURSDAY,-1
3130088,KOREAN_FOOD,FRIDAY,1
3130088,KOREAN_FOOD,SATURDAY,6
3130088,KOREAN_FOOD,SUNDAY,-5
3130088,BUNSIK,MONDAY,-2
3130088,BUNSIK,TUESDAY,-2
3130088,BUNSIK,WEDNESDAY,-1
3130088,BUNSIK,THURSDAY,-2
3130088,BUNSIK,FRIDAY,-2
3130088,BUNSIK,SATURDAY,6
3130088,BUNSIK,SUNDAY,-2
3130090,KOREAN_FOOD,MONDAY,-1
3130090,KOREAN_FOOD,TUESDAY,-3
3130090,KOREAN_FOOD,WEDNESDAY,-6
3130090,KOREAN_FOOD,THURSDAY,-2
3130090,KOREAN_FOOD,FRIDAY,1
3130090,KOREAN_FOOD,SATURDAY,6
3130090,KOREAN_FOOD,SUNDAY,0
3130091,KOREAN_FOOD,MONDAY,0
3130091,KOREAN_FOOD,TUESDAY,-5
3130091,KOREAN_FOOD,WEDNESDAY,4
3130091,KOREAN_FOOD,THURSDAY,1
3130091,KOREAN_FOOD,FRIDAY,2
3130091,KOREAN_FOOD,SATURDAY,3
3130091,KOREAN_FOOD,SUNDAY,-5
3130092,KOREAN_FOOD,MONDAY,-4
3130092,KOREAN_FOOD,TUESDAY,-3
3130092,KOREAN_FOOD,WEDNESDAY,-2
3130092,KOREAN_FOOD,THURSDAY,-2
3130092,KOREAN_FOOD,FRIDAY,-1
3130092,KOREAN_FOOD,SATURDAY,4
3130092,KOREAN_FOOD,SUNDAY,6
3130094,KOREAN_FOOD,MONDAY,-1
3130094,KOREAN_FOOD,TUESDAY,-3
3130094,KOREAN_FOOD,WEDNESDAY,-1
3130094,KOREAN_FOOD,THURSDAY,-2
3130094,KOREAN_FOOD,FRIDAY,0
3130094,KOREAN_FOOD,SATURDAY,5
3130094,KOREAN_FOOD,SUNDAY,2
3130094,CAFE_BEVERAGE,MONDAY,-1
3130094,CAFE_BEVERAGE,TUESDAY,-1
3130094,CAFE_BEVERAGE,WEDNESDAY,-2
3130094,CAFE_BEVERAGE,THURSDAY,-2
3130094,CAFE_BEVERAGE,FRIDAY,-2
3130094,CAFE_BEVERAGE,SATURDAY,5
3130094,CAFE_BEVERAGE,SUNDAY,3
3130095,KOREAN_FOOD,MONDAY,-5
3130095,KOREAN_FOOD,TUESDAY,-3
3130095,KOREAN_FOOD,WEDNESDAY,-4
3130095,KOREAN_FOOD,THURSDAY,-3
3130095,KOREAN_FOOD,FRIDAY,-1
3130095,KOREAN_FOOD,SATURDAY,6
3130095,KOREAN_FOOD,SUNDAY,6
3130095,BUNSIK,MONDAY,-1
3130095,BUNSIK,TUESDAY,0
3130095,BUNSIK,WEDNESDAY,0
3130095,BUNSIK,THURSDAY,-1
3130095,BUNSIK,FRIDAY,0
3130095,BUNSIK,SATURDAY,6
3130095,BUNSIK,SUNDAY,-3
3130095,CAFE_BEVERAGE,MONDAY,-2
3130095,CAFE_BEVERAGE,TUESDAY,-3
3130095,CAFE_BEVERAGE,WEDNESDAY,-5
3130095,CAFE_BEVERAGE,THURSDAY,-4
3130095,CAFE_BEVERAGE,FRIDAY,-3
3130095,CAFE_BEVERAGE,SATURDAY,6
3130095,CAFE_BEVERAGE,SUNDAY,6
3130096,KOREAN_FOOD,MONDAY,3
3130096,KOREAN_FOOD,TUESDAY,3
3130096,KOREAN_FOOD,WEDNESDAY,5
3130096,KOREAN_FOOD,THURSDAY,4
3130096,KOREAN_FOOD,FRIDAY,4
3130096,KOREAN_FOOD,SATURDAY,-2
3130096,KOREAN_FOOD,SUNDAY,-6
3130098,KOREAN_FOOD,MONDAY,-4
3130098,KOREAN_FOOD,TUESDAY,1
3130098,KOREAN_FOOD,WEDNESDAY,-3
3130098,KOREAN_FOOD,THURSDAY,1
3130098,KOREAN_FOOD,FRIDAY,0
3130098,KOREAN_FOOD,SATURDAY,2
3130098,KOREAN_FOOD,SUNDAY,3
3130098,CHINESE_FOOD,MONDAY,0
3130098,CHINESE_FOOD,TUESDAY,0
3130098,CHINESE_FOOD,WEDNESDAY,0
3130098,CHINESE_FOOD,THURSDAY,-1
3130098,CHINESE_FOOD,FRIDAY,-1
3130098,CHINESE_FOOD,SATURDAY,0
3130098,CHINESE_FOOD,SUNDAY,0
3130098,JAPANESE_FOOD,MONDAY,-6
3130098,JAPANESE_FOOD,TUESDAY,-4
3130098,JAPANESE_FOOD,WEDNESDAY,1
3130098,JAPANESE_FOOD,THURSDAY,2
3130098,JAPANESE_FOOD,FRIDAY,4
3130098,JAPANESE_FOOD,SATURDAY,3
3130098,JAPANESE_FOOD,SUNDAY,0
3130098,BUNSIK,MONDAY,-6
3130098,BUNSIK,TUESDAY,2
3130098,BUNSIK,WEDNESDAY,1
3130098,BUNSIK,THURSDAY,1
3130098,BUNSIK,FRIDAY,1
3130098,BUNSIK,SATURDAY,-2
3130098,BUNSIK,SUNDAY,4
3130098,CAFE_BEVERAGE,MONDAY,-1
3130098,CAFE_BEVERAGE,TUESDAY,0
3130098,CAFE_BEVERAGE,WEDNESDAY,-1
3130098,CAFE_BEVERAGE,THURSDAY,0
3130098,CAFE_BEVERAGE,FRIDAY,0
3130098,CAFE_BEVERAGE,SATURDAY,-2
3130098,CAFE_BEVERAGE,SUNDAY,4
3130099,KOREAN_FOOD,MONDAY,1
3130099,KOREAN_FOOD,TUESDAY,0
3130099,KOREAN_FOOD,WEDNESDAY,0
3130099,KOREAN_FOOD,THURSDAY,1
3130099,KOREAN_FOOD,FRIDAY,5
3130099,KOREAN_FOOD,SATURDAY,6
3130099,KOREAN_FOOD,SUNDAY,-6
3130099,CAFE_BEVERAGE,MONDAY,-2
3130099,CAFE_BEVERAGE,TUESDAY,-1
3130099,CAFE_BEVERAGE,WEDNESDAY,1
3130099,CAFE_BEVERAGE,THURSDAY,0
3130099,CAFE_BEVERAGE,FRIDAY,1
3130099,CAFE_BEVERAGE,SATURDAY,1
3130099,CAFE_BEVERAGE,SUNDAY,-1
3130100,KOREAN_FOOD,MONDAY,-1
3130100,KOREAN_FOOD,TUESDAY,1
3130100,KOREAN_FOOD,WEDNESDAY,-1
3130100,KOREAN_FOOD,THURSDAY,0
3130100,KOREAN_FOOD,FRIDAY,2
3130100,KOREAN_FOOD,SATURDAY,6
3130100,KOREAN_FOOD,SUNDAY,-6
3130100,BUNSIK,MONDAY,0
3130100,BUNSIK,TUESDAY,0
3130100,BUNSIK,WEDNESDAY,-1
3130100,BUNSIK,THURSDAY,1
3130100,BUNSIK,FRIDAY,2
3130100,BUNSIK,SATURDAY,6
3130100,BUNSIK,SUNDAY,-6
3130100,CAFE_BEVERAGE,MONDAY,-1
3130100,CAFE_BEVERAGE,TUESDAY,-1
3130100,CAFE_BEVERAGE,WEDNESDAY,0
3130100,CAFE_BEVERAGE,THURSDAY,-2
3130100,CAFE_BEVERAGE,FRIDAY,1
3130100,CAFE_BEVERAGE,SATURDAY,3
3130100,CAFE_BEVERAGE,SUNDAY,1
3130101,KOREAN_FOOD,MONDAY,1
3130101,KOREAN_FOOD,TUESDAY,1
3130101,KOREAN_FOOD,WEDNESDAY,1
3130101,KOREAN_FOOD,THURSDAY,1
3130101,KOREAN_FOOD,FRIDAY,3
3130101,KOREAN_FOOD,SATURDAY,-1
3130101,KOREAN_FOOD,SUNDAY,-6
3130104,KOREAN_FOOD,MONDAY,-2
3130104,KOREAN_FOOD,TUESDAY,-6
3130104,KOREAN_FOOD,WEDNESDAY,1
3130104,KOREAN_FOOD,THURSDAY,2
3130104,KOREAN_FOOD,FRIDAY,2
3130104,KOREAN_FOOD,SATURDAY,2
3130104,KOREAN_FOOD,SUNDAY,1
3130104,BUNSIK,MONDAY,-6
3130104,BUNSIK,TUESDAY,1
3130104,BUNSIK,WEDNESDAY,2
3130104,BUNSIK,THURSDAY,2
3130104,BUNSIK,FRIDAY,1
3130104,BUNSIK,SATURDAY,5
3130104,BUNSIK,SUNDAY,-1
3130105,KOREAN_FOOD,MONDAY,-2
3130105,KOREAN_FOOD,TUESDAY,0
3130105,KOREAN_FOOD,WEDNESDAY,0
3130105,KOREAN_FOOD,THURSDAY,-2
3130105,KOREAN_FOOD,FRIDAY,2
3130105,KOREAN_FOOD,SATURDAY,5
3130105,KOREAN_FOOD,SUNDAY,-3
3130105,BUNSIK,MONDAY,-6
3130105,BUNSIK,TUESDAY,-1
3130105,BUNSIK,WEDNESDAY,-2
3130105,BUNSIK,THURSDAY,-1
3130105,BUNSIK,FRIDAY,1
3130105,BUNSIK,SATURDAY,5
3130105,BUNSIK,SUNDAY,6
3130106,KOREAN_FOOD,MONDAY,-1
3130106,KOREAN_FOOD,TUESDAY,-3
3130106,KOREAN_FOOD,WEDNESDAY,0
3130106,KOREAN_FOOD,THURSDAY,-1
3130106,KOREAN_FOOD,FRIDAY,3
3130106,KOREAN_FOOD,SATURDAY,4
3130106,KOREAN_FOOD,SUNDAY,-2
3130106,CHICKEN,MONDAY,-3
3130106,CHICKEN,TUESDAY,-1
3130106,CHICKEN,WEDNESDAY,-1
3130106,CHICKEN,THURSDAY,0
3130106,CHICKEN,FRIDAY,1
3130106,CHICKEN,SATURDAY,2
3130106,CHICKEN,SUNDAY,2
3130106,BUNSIK,MONDAY,0
3130106,BUNSIK,TUESDAY,-6
3130106,BUNSIK,WEDNESDAY,0
3130106,BUNSIK,THURSDAY,0
3130106,BUNSIK,FRIDAY,1
3130106,BUNSIK,SATURDAY,1
3130106,BUNSIK,SUNDAY,2
3130106,CAFE_BEVERAGE,MONDAY,-2
3130106,CAFE_BEVERAGE,TUESDAY,-2
3130106,CAFE_BEVERAGE,WEDNESDAY,-2
3130106,CAFE_BEVERAGE,THURSDAY,-2
3130106,CAFE_BEVERAGE,FRIDAY,0
3130106,CAFE_BEVERAGE,SATURDAY,5
3130106,CAFE_BEVERAGE,SUNDAY,3
3130108,KOREAN_FOOD,MONDAY,0
3130108,KOREAN_FOOD,TUESDAY,-2
3130108,KOREAN_FOOD,WEDNESDAY,0
3130108,KOREAN_FOOD,THURSDAY,-1
3130108,KOREAN_FOOD,FRIDAY,1
3130108,KOREAN_FOOD,SATURDAY,1
3130108,KOREAN_FOOD,SUNDAY,1
3130109,KOREAN_FOOD,MONDAY,-4
3130109,KOREAN_FOOD,TUESDAY,-1
3130109,KOREAN_FOOD,WEDNESDAY,0
3130109,KOREAN_FOOD,THURSDAY,0
3130109,KOREAN_FOOD,FRIDAY,3
3130109,KOREAN_FOOD,SATURDAY,5
3130109,KOREAN_FOOD,SUNDAY,-4
3130109,BUNSIK,MONDAY,-6
3130109,BUNSIK,TUESDAY,-2
3130109,BUNSIK,WEDNESDAY,-2
3130109,BUNSIK,THURSDAY,-2
3130109,BUNSIK,FRIDAY,0
3130109,BUNSIK,SATURDAY,6
3130109,BUNSIK,SUNDAY,5
3130109,CAFE_BEVERAGE,MONDAY,1
3130109,CAFE_BEVERAGE,TUESDAY,2
3130109,CAFE_BEVERAGE,WEDNESDAY,3
3130109,CAFE_BEVERAGE,THURSDAY,-6
3130109,CAFE_BEVERAGE,FRIDAY,-6
3130109,CAFE_BEVERAGE,SATURDAY,6
3130109,CAFE_BEVERAGE,SUNDAY,4
3130110,KOREAN_FOOD,MONDAY,-4
3130110,KOREAN_FOOD,TUESDAY,-2
3130110,KOREAN_FOOD,WEDNESDAY,-2
3130110,KOREAN_FOOD,THURSDAY,0
3130110,KOREAN_FOOD,FRIDAY,2
3130110,KOREAN_FOOD,SATURDAY,4
3130110,KOREAN_FOOD,SUNDAY,1
3130110,CHICKEN,MONDAY,-6
3130110,CHICKEN,TUESDAY,-4
3130110,CHICKEN,WEDNESDAY,-1
3130110,CHICKEN,THURSDAY,-1
3130110,CHICKEN,FRIDAY,4
3130110,CHICKEN,SATURDAY,6
3130110,CHICKEN,SUNDAY,6
3130110,BUNSIK,MONDAY,-1
3130110,BUNSIK,TUESDAY,-6
3130110,BUNSIK,WEDNESDAY,-1
3130110,BUNSIK,THURSDAY,0
3130110,BUNSIK,FRIDAY,1
3130110,BUNSIK,SATURDAY,6
3130110,BUNSIK,SUNDAY,6
3130110,CAFE_BEVERAGE,MONDAY,-2
3130110,CAFE_BEVERAGE,TUESDAY,-2
3130110,CAFE_BEVERAGE,WEDNESDAY,-1
3130110,CAFE_BEVERAGE,THURSDAY,-1
3130110,CAFE_BEVERAGE,FRIDAY,-1
3130110,CAFE_BEVERAGE,SATURDAY,4
3130110,CAFE_BEVERAGE,SUNDAY,3
3130110,BAKERY,MONDAY,2
3130110,BAKERY,TUESDAY,2
3130110,BAKERY,WEDNESDAY,-4
3130110,BAKERY,THURSDAY,0
3130110,BAKERY,FRIDAY,2
3130110,BAKERY,SATURDAY,2
3130110,BAKERY,SUNDAY,-5
3130111,KOREAN_FOOD,MONDAY,-3
3130111,KOREAN_FOOD,TUESDAY,0
3130111,KOREAN_FOOD,WEDNESDAY,-2
3130111,KOREAN_FOOD,THURSDAY,0
3130111,KOREAN_FOOD,FRIDAY,2
3130111,KOREAN_FOOD,SATURDAY,3
3130111,KOREAN_FOOD,SUNDAY,1
3130111,CHICKEN,MONDAY,-6
3130111,CHICKEN,TUESDAY,-1
3130111,CHICKEN,WEDNESDAY,-2
3130111,CHICKEN,THURSDAY,-1
3130111,CHICKEN,FRIDAY,2
3130111,CHICKEN,SATURDAY,5
3130111,CHICKEN,SUNDAY,3
3130111,BUNSIK,MONDAY,-2
3130111,BUNSIK,TUESDAY,-1
3130111,BUNSIK,WEDNESDAY,-1
3130111,BUNSIK,THURSDAY,0
3130111,BUNSIK,FRIDAY,3
3130111,BUNSIK,SATURDAY,5
3130111,BUNSIK,SUNDAY,-3
3130111,CAFE_BEVERAGE,MONDAY,-2
3130111,CAFE_BEVERAGE,TUESDAY,-1
3130111,CAFE_BEVERAGE,WEDNESDAY,-1
3130111,CAFE_BEVERAGE,THURSDAY,-1
3130111,CAFE_BEVERAGE,FRIDAY,0
3130111,CAFE_BEVERAGE,SATURDAY,4
3130111,CAFE_BEVERAGE,SUNDAY,2
3130111,BAKERY,MONDAY,0
3130111,BAKERY,TUESDAY,0
3130111,BAKERY,WEDNESDAY,-1
3130111,BAKERY,THURSDAY,-1
3130111,BAKERY,FRIDAY,1
3130111,BAKERY,SATURDAY,2
3130111,BAKERY,SUNDAY,0
3130112,KOREAN_FOOD,MONDAY,-1
3130112,KOREAN_FOOD,TUESDAY,0
3130112,KOREAN_FOOD,WEDNESDAY,-1
3130112,KOREAN_FOOD,THURSDAY,0
3130112,KOREAN_FOOD,FRIDAY,1
3130112,KOREAN_FOOD,SATURDAY,2
3130112,KOREAN_FOOD,SUNDAY,-2
3130112,BUNSIK,MONDAY,0
3130112,BUNSIK,TUESDAY,3
3130112,BUNSIK,WEDNESDAY,3
3130112,BUNSIK,THURSDAY,1
3130112,BUNSIK,FRIDAY,3
3130112,BUNSIK,SATURDAY,0
3130112,BUNSIK,SUNDAY,-6
3130112,CAFE_BEVERAGE,MONDAY,-2
3130112,CAFE_BEVERAGE,TUESDAY,-4
3130112,CAFE_BEVERAGE,WEDNESDAY,-1
3130112,CAFE_BEVERAGE,THURSDAY,-1
3130112,CAFE_BEVERAGE,FRIDAY,0
3130112,CAFE_BEVERAGE,SATURDAY,5
3130112,CAFE_BEVERAGE,SUNDAY,3
3130112,BAKERY,MONDAY,3
3130112,BAKERY,TUESDAY,2
3130112,BAKERY,WEDNESDAY,1
3130112,BAKERY,THURSDAY,1
3130112,BAKERY,FRIDAY,6
3130112,BAKERY,SATURDAY,6
3130112,BAKERY,SUNDAY,-6
3130113,KOREAN_FOOD,MONDAY,6
3130113,KOREAN_FOOD,TUESDAY,6
3130113,KOREAN_FOOD,WEDNESDAY,5
3130113,KOREAN_FOOD,THURSDAY,5
3130113,KOREAN_FOOD,FRIDAY,6
3130113,KOREAN_FOOD,SATURDAY,-6
3130113,KOREAN_FOOD,SUNDAY,-6
3130113,CAFE_BEVERAGE,MONDAY,1
3130113,CAFE_BEVERAGE,TUESDAY,2
3130113,CAFE_BEVERAGE,WEDNESDAY,4
3130113,CAFE_BEVERAGE,THURSDAY,3
3130113,CAFE_BEVERAGE,FRIDAY,5
3130113,CAFE_BEVERAGE,SATURDAY,-6
3130113,CAFE_BEVERAGE,SUNDAY,-6
3130115,KOREAN_FOOD,MONDAY,-2
3130115,KOREAN_FOOD,TUESDAY,-1
3130115,KOREAN_FOOD,WEDNESDAY,-1
3130115,KOREAN_FOOD,THURSDAY,-1
3130115,KOREAN_FOOD,FRIDAY,2
3130115,KOREAN_FOOD,SATURDAY,4
3130115,KOREAN_FOOD,SUNDAY,-1
3130115,BUNSIK,MONDAY,1
3130115,BUNSIK,TUESDAY,3
3130115,BUNSIK,WEDNESDAY,0
3130115,BUNSIK,THURSDAY,3
3130115,BUNSIK,FRIDAY,3
3130115,BUNSIK,SATURDAY,3
3130115,BUNSIK,SUNDAY,-6
3130115,CAFE_BEVERAGE,MONDAY,-2
3130115,CAFE_BEVERAGE,TUESDAY,-2
3130115,CAFE_BEVERAGE,WEDNESDAY,-1
3130115,CAFE_BEVERAGE,THURSDAY,-1
3130115,CAFE_BEVERAGE,FRIDAY,0
3130115,CAFE_BEVERAGE,SATURDAY,3
3130115,CAFE_BEVERAGE,SUNDAY,3
3130115,BAKERY,MONDAY,1
3130115,BAKERY,TUESDAY,2
3130115,BAKERY,WEDNESDAY,3
3130115,BAKERY,THURSDAY,3
3130115,BAKERY,FRIDAY,3
3130115,BAKERY,SATURDAY,3
3130115,BAKERY,SUNDAY,-6
3130117,KOREAN_FOOD,MONDAY,-1
3130117,KOREAN_FOOD,TUESDAY,-1
3130117,KOREAN_FOOD,WEDNESDAY,0
3130117,KOREAN_FOOD,THURSDAY,0
3130117,KOREAN_FOOD,FRIDAY,2
3130117,KOREAN_FOOD,SATURDAY,3
3130117,KOREAN_FOOD,SUNDAY,-3
3130117,CHICKEN,MONDAY,-3
3130117,CHICKEN,TUESDAY,-2
3130117,CHICKEN,WEDNESDAY,-2
3130117,CHICKEN,THURSDAY,0
3130117,CHICKEN,FRIDAY,2
3130117,CHICKEN,SATURDAY,5
3130117,CHICKEN,SUNDAY,0
3130117,FAST_FOOD,MONDAY,-6
3130117,FAST_FOOD,TUESDAY,-6
3130117,FAST_FOOD,WEDNESDAY,-6
3130117,FAST_FOOD,THURSDAY,6
3130117,FAST_FOOD,FRIDAY,-2
3130117,FAST_FOOD,SATURDAY,-1
3130117,FAST_FOOD,SUNDAY,3
3130117,BUNSIK,MONDAY,-2
3130117,BUNSIK,TUESDAY,-3
3130117,BUNSIK,WEDNESDAY,-1
3130117,BUNSIK,THURSDAY,0
3130117,BUNSIK,FRIDAY,2
3130117,BUNSIK,SATURDAY,4
3130117,BUNSIK,SUNDAY,2
3130117,CAFE_BEVERAGE,MONDAY,-3
3130117,CAFE_BEVERAGE,TUESDAY,-2
3130117,CAFE_BEVERAGE,WEDNESDAY,-2
3130117,CAFE_BEVERAGE,THURSDAY,-1
3130117,CAFE_BEVERAGE,FRIDAY,-1
3130117,CAFE_BEVERAGE,SATURDAY,6
3130117,CAFE_BEVERAGE,SUNDAY,4
3130117,BAKERY,MONDAY,2
3130117,BAKERY,TUESDAY,1
3130117,BAKERY,WEDNESDAY,0
3130117,BAKERY,THURSDAY,-1
3130117,BAKERY,FRIDAY,1
3130117,BAKERY,SATURDAY,-2
3130117,BAKERY,SUNDAY,-2
3130118,KOREAN_FOOD,MONDAY,-1
3130118,KOREAN_FOOD,TUESDAY,-2
3130118,KOREAN_FOOD,WEDNESDAY,2
3130118,KOREAN_FOOD,THURSDAY,0
3130118,KOREAN_FOOD,FRIDAY,3
3130118,KOREAN_FOOD,SATURDAY,-2
3130118,KOREAN_FOOD,SUNDAY,-1
3130119,KOREAN_FOOD,MONDAY,-6
3130119,KOREAN_FOOD,TUESDAY,3
3130119,KOREAN_FOOD,WEDNESDAY,3
3130119,KOREAN_FOOD,THURSDAY,2
3130119,KOREAN_FOOD,FRIDAY,4
3130119,KOREAN_FOOD,SATURDAY,6
3130119,KOREAN_FOOD,SUNDAY,-6
3130120,KOREAN_FOOD,MONDAY,-2
3130120,KOREAN_FOOD,TUESDAY,0
3130120,KOREAN_FOOD,WEDNESDAY,0
3130120,KOREAN_FOOD,THURSDAY,0
3130120,KOREAN_FOOD,FRIDAY,3
3130120,KOREAN_FOOD,SATURDAY,2
3130120,KOREAN_FOOD,SUNDAY,-3
3130120,BUNSIK,MONDAY,1
3130120,BUNSIK,TUESDAY,0
3130120,BUNSIK,WEDNESDAY,2
3130120,BUNSIK,THURSDAY,2
3130120,BUNSIK,FRIDAY,3
3130120,BUNSIK,SATURDAY,6
3130120,BUNSIK,SUNDAY,-6
3130121,KOREAN_FOOD,MONDAY,5
3130121,KOREAN_FOOD,TUESDAY,1
3130121,KOREAN_FOOD,WEDNESDAY,1
3130121,KOREAN_FOOD,THURSDAY,2
3130121,KOREAN_FOOD,FRIDAY,6
3130121,KOREAN_FOOD,SATURDAY,1
3130121,KOREAN_FOOD,SUNDAY,-6
3130123,KOREAN_FOOD,MONDAY,0
3130123,KOREAN_FOOD,TUESDAY,-1
3130123,KOREAN_FOOD,WEDNESDAY,-1
3130123,KOREAN_FOOD,THURSDAY,0
3130123,KOREAN_FOOD,FRIDAY,1
3130123,KOREAN_FOOD,SATURDAY,1
3130123,KOREAN_FOOD,SUNDAY,0
3130125,KOREAN_FOOD,MONDAY,-6
3130125,KOREAN_FOOD,TUESDAY,1
3130125,KOREAN_FOOD,WEDNESDAY,1
3130125,KOREAN_FOOD,THURSDAY,1
3130125,KOREAN_FOOD,FRIDAY,4
3130125,KOREAN_FOOD,SATURDAY,5
3130125,KOREAN_FOOD,SUNDAY,-5
3130125,BUNSIK,MONDAY,1
3130125,BUNSIK,TUESDAY,-1
3130125,BUNSIK,WEDNESDAY,-1
3130125,BUNSIK,THURSDAY,1
3130125,BUNSIK,FRIDAY,0
3130125,BUNSIK,SATURDAY,1
3130125,BUNSIK,SUNDAY,-1
3130128,KOREAN_FOOD,MONDAY,-6
3130128,KOREAN_FOOD,TUESDAY,1
3130128,KOREAN_FOOD,WEDNESDAY,1
3130128,KOREAN_FOOD,THURSDAY,2
3130128,KOREAN_FOOD,FRIDAY,3
3130128,KOREAN_FOOD,SATURDAY,2
3130128,KOREAN_FOOD,SUNDAY,3
3130129,KOREAN_FOOD,MONDAY,5
3130129,KOREAN_FOOD,TUESDAY,3
3130129,KOREAN_FOOD,WEDNESDAY,2
3130129,KOREAN_FOOD,THURSDAY,1
3130129,KOREAN_FOOD,FRIDAY,3
3130129,KOREAN_FOOD,SATURDAY,0
3130129,KOREAN_FOOD,SUNDAY,-6
3130131,KOREAN_FOOD,MONDAY,-2
3130131,KOREAN_FOOD,TUESDAY,-1
3130131,KOREAN_FOOD,WEDNESDAY,2
3130131,KOREAN_FOOD,THURSDAY,-1
3130131,KOREAN_FOOD,FRIDAY,3
3130131,KOREAN_FOOD,SATURDAY,3
3130131,KOREAN_FOOD,SUNDAY,-4
3130132,KOREAN_FOOD,MONDAY,-4
3130132,KOREAN_FOOD,TUESDAY,2
3130132,KOREAN_FOOD,WEDNESDAY,0
3130132,KOREAN_FOOD,THURSDAY,0
3130132,KOREAN_FOOD,FRIDAY,6
3130132,KOREAN_FOOD,SATURDAY,3
3130132,KOREAN_FOOD,SUNDAY,-6
3130132,BUNSIK,MONDAY,6
3130132,BUNSIK,TUESDAY,6
3130132,BUNSIK,WEDNESDAY,4
3130132,BUNSIK,THURSDAY,1
3130132,BUNSIK,FRIDAY,4
3130132,BUNSIK,SATURDAY,-3
3130132,BUNSIK,SUNDAY,-6
3130132,CAFE_BEVERAGE,MONDAY,-1
3130132,CAFE_BEVERAGE,TUESDAY,-1
3130132,CAFE_BEVERAGE,WEDNESDAY,0
3130132,CAFE_BEVERAGE,THURSDAY,1
3130132,CAFE_BEVERAGE,FRIDAY,1
3130132,CAFE_BEVERAGE,SATURDAY,1
3130132,CAFE_BEVERAGE,SUNDAY,0
3130133,KOREAN_FOOD,MONDAY,-1
3130133,KOREAN_FOOD,TUESDAY,-3
3130133,KOREAN_FOOD,WEDNESDAY,-1
3130133,KOREAN_FOOD,THURSDAY,-2
3130133,KOREAN_FOOD,FRIDAY,0
3130133,KOREAN_FOOD,SATURDAY,3
3130133,KOREAN_FOOD,SUNDAY,4
3130133,CHICKEN,MONDAY,-3
3130133,CHICKEN,TUESDAY,0
3130133,CHICKEN,WEDNESDAY,-1
3130133,CHICKEN,THURSDAY,0
3130133,CHICKEN,FRIDAY,4
3130133,CHICKEN,SATURDAY,0
3130133,CHICKEN,SUNDAY,0
3130133,BUNSIK,MONDAY,-6
3130133,BUNSIK,TUESDAY,-1
3130133,BUNSIK,WEDNESDAY,1
3130133,BUNSIK,THURSDAY,-2
3130133,BUNSIK,FRIDAY,2
3130133,BUNSIK,SATURDAY,6
3130133,BUNSIK,SUNDAY,6
3130134,KOREAN_FOOD,MONDAY,-5
3130134,KOREAN_FOOD,TUESDAY,2
3130134,KOREAN_FOOD,WEDNESDAY,1
3130134,KOREAN_FOOD,THURSDAY,0
3130134,KOREAN_FOOD,FRIDAY,3
3130134,KOREAN_FOOD,SATURDAY,3
3130134,KOREAN_FOOD,SUNDAY,-4
3130134,BUNSIK,MONDAY,0
3130134,BUNSIK,TUESDAY,-1
3130134,BUNSIK,WEDNESDAY,-1
3130134,BUNSIK,THURSDAY,-1
3130134,BUNSIK,FRIDAY,0
3130134,BUNSIK,SATURDAY,3
3130134,BUNSIK,SUNDAY,0
3130135,KOREAN_FOOD,MONDAY,-4
3130135,KOREAN_FOOD,TUESDAY,2
3130135,KOREAN_FOOD,WEDNESDAY,1
3130135,KOREAN_FOOD,THURSDAY,1
3130135,KOREAN_FOOD,FRIDAY,2
3130135,KOREAN_FOOD,SATURDAY,2
3130135,KOREAN_FOOD,SUNDAY,-5
3130135,BUNSIK,MONDAY,-4
3130135,BUNSIK,TUESDAY,1
3130135,BUNSIK,WEDNESDAY,2
3130135,BUNSIK,THURSDAY,2
3130135,BUNSIK,FRIDAY,5
3130135,BUNSIK,SATURDAY,2
3130135,BUNSIK,SUNDAY,-6
3130137,KOREAN_FOOD,MONDAY,-5
3130137,KOREAN_FOOD,TUESDAY,-1
3130137,KOREAN_FOOD,WEDNESDAY,-3
3130137,KOREAN_FOOD,THURSDAY,-1
3130137,KOREAN_FOOD,FRIDAY,2
3130137,KOREAN_FOOD,SATURDAY,6
3130137,KOREAN_FOOD,SUNDAY,1
3130137,BUNSIK,MONDAY,-2
3130137,BUNSIK,TUESDAY,-4
3130137,BUNSIK,WEDNESDAY,-5
3130137,BUNSIK,THURSDAY,-6
3130137,BUNSIK,FRIDAY,1
3130137,BUNSIK,SATURDAY,6
3130137,BUNSIK,SUNDAY,6
3130139,KOREAN_FOOD,MONDAY,-1
3130139,KOREAN_FOOD,TUESDAY,-1
3130139,KOREAN_FOOD,WEDNESDAY,0
3130139,KOREAN_FOOD,THURSDAY,-1
3130139,KOREAN_FOOD,FRIDAY,2
3130139,KOREAN_FOOD,SATURDAY,2
3130139,KOREAN_FOOD,SUNDAY,-2
3130139,CHICKEN,MONDAY,-4
3130139,CHICKEN,TUESDAY,-2
3130139,CHICKEN,WEDNESDAY,-2
3130139,CHICKEN,THURSDAY,-2
3130139,CHICKEN,FRIDAY,3
3130139,CHICKEN,SATURDAY,5
3130139,CHICKEN,SUNDAY,1
3130139,BUNSIK,MONDAY,0
3130139,BUNSIK,TUESDAY,1
3130139,BUNSIK,WEDNESDAY,2
3130139,BUNSIK,THURSDAY,2
3130139,BUNSIK,FRIDAY,3
3130139,BUNSIK,SATURDAY,4
3130139,BUNSIK,SUNDAY,-6
3130139,CAFE_BEVERAGE,MONDAY,-6
3130139,CAFE_BEVERAGE,TUESDAY,-1
3130139,CAFE_BEVERAGE,WEDNESDAY,2
3130139,CAFE_BEVERAGE,THURSDAY,3
3130139,CAFE_BEVERAGE,FRIDAY,3
3130139,CAFE_BEVERAGE,SATURDAY,3
3130139,CAFE_BEVERAGE,SUNDAY,0
3130139,BAKERY,MONDAY,2
3130139,BAKERY,TUESDAY,0
3130139,BAKERY,WEDNESDAY,3
3130139,BAKERY,THURSDAY,1
3130139,BAKERY,FRIDAY,2
3130139,BAKERY,SATURDAY,2
3130139,BAKERY,SUNDAY,-6
3130140,KOREAN_FOOD,MONDAY,1
3130140,KOREAN_FOOD,TUESDAY,0
3130140,KOREAN_FOOD,WEDNESDAY,-2
3130140,KOREAN_FOOD,THURSDAY,1
3130140,KOREAN_FOOD,FRIDAY,3
3130140,KOREAN_FOOD,SATURDAY,0
3130140,KOREAN_FOOD,SUNDAY,-3
3130140,FAST_FOOD,MONDAY,1
3130140,FAST_FOOD,TUESDAY,-1
3130140,FAST_FOOD,WEDNESDAY,1
3130140,FAST_FOOD,THURSDAY,0
3130140,FAST_FOOD,FRIDAY,1
3130140,FAST_FOOD,SATURDAY,0
3130140,FAST_FOOD,SUNDAY,-3
3130140,BUNSIK,MONDAY,-1
3130140,BUNSIK,TUESDAY,2
3130140,BUNSIK,WEDNESDAY,2
3130140,BUNSIK,THURSDAY,2
3130140,BUNSIK,FRIDAY,3
3130140,BUNSIK,SATURDAY,6
3130140,BUNSIK,SUNDAY,-6
3130141,KOREAN_FOOD,MONDAY,1
3130141,KOREAN_FOOD,TUESDAY,2
3130141,KOREAN_FOOD,WEDNESDAY,1
3130141,KOREAN_FOOD,THURSDAY,1
3130141,KOREAN_FOOD,FRIDAY,1
3130141,KOREAN_FOOD,SATURDAY,-3
3130141,KOREAN_FOOD,SUNDAY,-4
3130143,KOREAN_FOOD,MONDAY,-3
3130143,KOREAN_FOOD,TUESDAY,-3
3130143,KOREAN_FOOD,WEDNESDAY,-1
3130143,KOREAN_FOOD,THURSDAY,0
3130143,KOREAN_FOOD,FRIDAY,5
3130143,KOREAN_FOOD,SATURDAY,6
3130143,KOREAN_FOOD,SUNDAY,-4
3130145,KOREAN_FOOD,MONDAY,-1
3130145,KOREAN_FOOD,TUESDAY,-1
3130145,KOREAN_FOOD,WEDNESDAY,-2
3130145,KOREAN_FOOD,THURSDAY,-1
3130145,KOREAN_FOOD,FRIDAY,1
3130145,KOREAN_FOOD,SATURDAY,2
3130145,KOREAN_FOOD,SUNDAY,2
3130145,BUNSIK,MONDAY,-4
3130145,BUNSIK,TUESDAY,-6
3130145,BUNSIK,WEDNESDAY,0
3130145,BUNSIK,THURSDAY,1
3130145,BUNSIK,FRIDAY,3
3130145,BUNSIK,SATURDAY,6
3130145,BUNSIK,SUNDAY,0
3130146,KOREAN_FOOD,MONDAY,0
3130146,KOREAN_FOOD,TUESDAY,-1
3130146,KOREAN_FOOD,WEDNESDAY,0
3130146,KOREAN_FOOD,THURSDAY,0
3130146,KOREAN_FOOD,FRIDAY,2
3130146,KOREAN_FOOD,SATURDAY,3
3130146,KOREAN_FOOD,SUNDAY,-5
3130146,JAPANESE_FOOD,MONDAY,5
3130146,JAPANESE_FOOD,TUESDAY,3
3130146,JAPANESE_FOOD,WEDNESDAY,5
3130146,JAPANESE_FOOD,THURSDAY,3
3130146,JAPANESE_FOOD,FRIDAY,5
3130146,JAPANESE_FOOD,SATURDAY,-1
3130146,JAPANESE_FOOD,SUNDAY,-6
3130146,CHICKEN,MONDAY,-2
3130146,CHICKEN,TUESDAY,-2
3130146,CHICKEN,WEDNESDAY,1
3130146,CHICKEN,THURSDAY,2
3130146,CHICKEN,FRIDAY,6
3130146,CHICKEN,SATURDAY,4
3130146,CHICKEN,SUNDAY,-6
3130146,FAST_FOOD,MONDAY,-6
3130146,FAST_FOOD,TUESDAY,-6
3130146,FAST_FOOD,WEDNESDAY,-2
3130146,FAST_FOOD,THURSDAY,-1
3130146,FAST_FOOD,FRIDAY,3
3130146,FAST_FOOD,SATURDAY,6
3130146,FAST_FOOD,SUNDAY,6
3130146,BUNSIK,MONDAY,3
3130146,BUNSIK,TUESDAY,3
3130146,BUNSIK,WEDNESDAY,3
3130146,BUNSIK,THURSDAY,3
3130146,BUNSIK,FRIDAY,4
3130146,BUNSIK,SATURDAY,3
3130146,BUNSIK,SUNDAY,-6
3130146,CAFE_BEVERAGE,MONDAY,-1
3130146,CAFE_BEVERAGE,TUESDAY,-1
3130146,CAFE_BEVERAGE,WEDNESDAY,-1
3130146,CAFE_BEVERAGE,THURSDAY,-1
3130146,CAFE_BEVERAGE,FRIDAY,1
3130146,CAFE_BEVERAGE,SATURDAY,4
3130146,CAFE_BEVERAGE,SUNDAY,0
3130146,BAKERY,MONDAY,1
3130146,BAKERY,TUESDAY,1
3130146,BAKERY,WEDNESDAY,0
3130146,BAKERY,THURSDAY,1
3130146,BAKERY,FRIDAY,3
3130146,BAKERY,SATURDAY,4
3130146,BAKERY,SUNDAY,-6
3130147,KOREAN_FOOD,MONDAY,-1
3130147,KOREAN_FOOD,TUESDAY,0
3130147,KOREAN_FOOD,WEDNESDAY,-1
3130147,KOREAN_FOOD,THURSDAY,-1
3130147,KOREAN_FOOD,FRIDAY,2
3130147,KOREAN_FOOD,SATURDAY,2
3130147,KOREAN_FOOD,SUNDAY,-1
3130147,JAPANESE_FOOD,MONDAY,-1
3130147,JAPANESE_FOOD,TUESDAY,-3
3130147,JAPANESE_FOOD,WEDNESDAY,-2
3130147,JAPANESE_FOOD,THURSDAY,-2
3130147,JAPANESE_FOOD,FRIDAY,1
3130147,JAPANESE_FOOD,SATURDAY,4
3130147,JAPANESE_FOOD,SUNDAY,2
3130147,CHICKEN,MONDAY,-5
3130147,CHICKEN,TUESDAY,-4
3130147,CHICKEN,WEDNESDAY,-3
3130147,CHICKEN,THURSDAY,-3
3130147,CHICKEN,FRIDAY,6
3130147,CHICKEN,SATURDAY,4
3130147,CHICKEN,SUNDAY,2
3130147,FAST_FOOD,MONDAY,-4
3130147,FAST_FOOD,TUESDAY,-1
3130147,FAST_FOOD,WEDNESDAY,-2
3130147,FAST_FOOD,THURSDAY,-2
3130147,FAST_FOOD,FRIDAY,2
3130147,FAST_FOOD,SATURDAY,5
3130147,FAST_FOOD,SUNDAY,2
3130147,BUNSIK,MONDAY,-5
3130147,BUNSIK,TUESDAY,-1
3130147,BUNSIK,WEDNESDAY,0
3130147,BUNSIK,THURSDAY,-1
3130147,BUNSIK,FRIDAY,2
3130147,BUNSIK,SATURDAY,4
3130147,BUNSIK,SUNDAY,1
3130147,CAFE_BEVERAGE,MONDAY,-1
3130147,CAFE_BEVERAGE,TUESDAY,-1
3130147,CAFE_BEVERAGE,WEDNESDAY,-1
3130147,CAFE_BEVERAGE,THURSDAY,-2
3130147,CAFE_BEVERAGE,FRIDAY,1
3130147,CAFE_BEVERAGE,SATURDAY,4
3130147,CAFE_BEVERAGE,SUNDAY,1
3130147,BAKERY,MONDAY,1
3130147,BAKERY,TUESDAY,0
3130147,BAKERY,WEDNESDAY,2
3130147,BAKERY,THURSDAY,0
3130147,BAKERY,FRIDAY,1
3130147,BAKERY,SATURDAY,1
3130147,BAKERY,SUNDAY,-4
3130148,KOREAN_FOOD,MONDAY,-2
3130148,KOREAN_FOOD,TUESDAY,0
3130148,KOREAN_FOOD,WEDNESDAY,-2
3130148,KOREAN_FOOD,THURSDAY,1
3130148,KOREAN_FOOD,FRIDAY,3
3130148,KOREAN_FOOD,SATURDAY,3
3130148,KOREAN_FOOD,SUNDAY,-3
3130148,BUNSIK,MONDAY,0
3130148,BUNSIK,TUESDAY,-6
3130148,BUNSIK,WEDNESDAY,-2
3130148,BUNSIK,THURSDAY,-1
3130148,BUNSIK,FRIDAY,1
3130148,BUNSIK,SATURDAY,6
3130148,BUNSIK,SUNDAY,-2
3130148,CAFE_BEVERAGE,MONDAY,-1
3130148,CAFE_BEVERAGE,TUESDAY,-1
3130148,CAFE_BEVERAGE,WEDNESDAY,-1
3130148,CAFE_BEVERAGE,THURSDAY,-2
3130148,CAFE_BEVERAGE,FRIDAY,0
3130148,CAFE_BEVERAGE,SATURDAY,3
3130148,CAFE_BEVERAGE,SUNDAY,3
3130148,BAKERY,MONDAY,-1
3130148,BAKERY,TUESDAY,-2
3130148,BAKERY,WEDNESDAY,-1
3130148,BAKERY,THURSDAY,-1
3130148,BAKERY,FRIDAY,1
3130148,BAKERY,SATURDAY,3
3130148,BAKERY,SUNDAY,1
3130149,KOREAN_FOOD,MONDAY,-4
3130149,KOREAN_FOOD,TUESDAY,1
3130149,KOREAN_FOOD,WEDNESDAY,1
3130149,KOREAN_FOOD,THURSDAY,1
3130149,KOREAN_FOOD,FRIDAY,2
3130149,KOREAN_FOOD,SATURDAY,6
3130149,KOREAN_FOOD,SUNDAY,-6
3130149,CHICKEN,MONDAY,0
3130149,CHICKEN,TUESDAY,-3
3130149,CHICKEN,WEDNESDAY,0
3130149,CHICKEN,THURSDAY,0
3130149,CHICKEN,FRIDAY,6
3130149,CHICKEN,SATURDAY,6
3130149,CHICKEN,SUNDAY,-6
3130149,BUNSIK,MONDAY,0
3130149,BUNSIK,TUESDAY,-1
3130149,BUNSIK,WEDNESDAY,-1
3130149,BUNSIK,THURSDAY,-3
3130149,BUNSIK,FRIDAY,0
3130149,BUNSIK,SATURDAY,3
3130149,BUNSIK,SUNDAY,3
3130149,CAFE_BEVERAGE,MONDAY,-1
3130149,CAFE_BEVERAGE,TUESDAY,-3
3130149,CAFE_BEVERAGE,WEDNESDAY,-1
3130149,CAFE_BEVERAGE,THURSDAY,-1
3130149,CAFE_BEVERAGE,FRIDAY,0
3130149,CAFE_BEVERAGE,SATURDAY,3
3130149,CAFE_BEVERAGE,SUNDAY,2
3130150,KOREAN_FOOD,MONDAY,0
3130150,KOREAN_FOOD,TUESDAY,-2
3130150,KOREAN_FOOD,WEDNESDAY,-3
3130150,KOREAN_FOOD,THURSDAY,-2
3130150,KOREAN_FOOD,FRIDAY,2
3130150,KOREAN_FOOD,SATURDAY,5
3130150,KOREAN_FOOD,SUNDAY,1
3130150,FAST_FOOD,MONDAY,-1
3130150,FAST_FOOD,TUESDAY,-3
3130150,FAST_FOOD,WEDNESDAY,-4
3130150,FAST_FOOD,THURSDAY,-5
3130150,FAST_FOOD,FRIDAY,0
3130150,FAST_FOOD,SATURDAY,6
3130150,FAST_FOOD,SUNDAY,6
3130150,BUNSIK,MONDAY,-3
3130150,BUNSIK,TUESDAY,-6
3130150,BUNSIK,WEDNESDAY,-1
3130150,BUNSIK,THURSDAY,3
3130150,BUNSIK,FRIDAY,3
3130150,BUNSIK,SATURDAY,4
3130150,BUNSIK,SUNDAY,2
3130150,BAKERY,MONDAY,-1
3130150,BAKERY,TUESDAY,-1
3130150,BAKERY,WEDNESDAY,-1
3130150,BAKERY,THURSDAY,-1
3130150,BAKERY,FRIDAY,1
3130150,BAKERY,SATURDAY,2
3130150,BAKERY,SUNDAY,1
3130151,KOREAN_FOOD,MONDAY,-2
3130151,KOREAN_FOOD,TUESDAY,-5
3130151,KOREAN_FOOD,WEDNESDAY,-1
3130151,KOREAN_FOOD,THURSDAY,-1
3130151,KOREAN_FOOD,FRIDAY,5
3130151,KOREAN_FOOD,SATURDAY,6
3130151,KOREAN_FOOD,SUNDAY,-3
3130152,KOREAN_FOOD,MONDAY,-6
3130152,KOREAN_FOOD,TUESDAY,5
3130152,KOREAN_FOOD,WEDNESDAY,3
3130152,KOREAN_FOOD,THURSDAY,4
3130152,KOREAN_FOOD,FRIDAY,5
3130152,KOREAN_FOOD,SATURDAY,-1
3130152,KOREAN_FOOD,SUNDAY,-6
3130153,KOREAN_FOOD,MONDAY,-2
3130153,KOREAN_FOOD,TUESDAY,-1
3130153,KOREAN_FOOD,WEDNESDAY,0
3130153,KOREAN_FOOD,THURSDAY,0
3130153,KOREAN_FOOD,FRIDAY,4
3130153,KOREAN_FOOD,SATURDAY,2
3130153,KOREAN_FOOD,SUNDAY,-3
3130153,CHICKEN,MONDAY,-4
3130153,CHICKEN,TUESDAY,-3
3130153,CHICKEN,WEDNESDAY,-2
3130153,CHICKEN,THURSDAY,-3
3130153,CHICKEN,FRIDAY,4
3130153,CHICKEN,SATURDAY,5
3130153,CHICKEN,SUNDAY,2
3130153,BUNSIK,MONDAY,0
3130153,BUNSIK,TUESDAY,-1
3130153,BUNSIK,WEDNESDAY,0
3130153,BUNSIK,THURSDAY,-1
3130153,BUNSIK,FRIDAY,2
3130153,BUNSIK,SATURDAY,2
3130153,BUNSIK,SUNDAY,-2
3130153,CAFE_BEVERAGE,MONDAY,-1
3130153,CAFE_BEVERAGE,TUESDAY,0
3130153,CAFE_BEVERAGE,WEDNESDAY,1
3130153,CAFE_BEVERAGE,THURSDAY,1
3130153,CAFE_BEVERAGE,FRIDAY,3
3130153,CAFE_BEVERAGE,SATURDAY,1
3130153,CAFE_BEVERAGE,SUNDAY,-4
3130153,BAKERY,MONDAY,3
3130153,BAKERY,TUESDAY,3
3130153,BAKERY,WEDNESDAY,3
3130153,BAKERY,THURSDAY,3
3130153,BAKERY,FRIDAY,4
3130153,BAKERY,SATURDAY,5
3130153,BAKERY,SUNDAY,-6
3130157,KOREAN_FOOD,MONDAY,1
3130157,KOREAN_FOOD,TUESDAY,1
3130157,KOREAN_FOOD,WEDNESDAY,-1
3130157,KOREAN_FOOD,THURSDAY,2
3130157,KOREAN_FOOD,FRIDAY,1
3130157,KOREAN_FOOD,SATURDAY,-2
3130157,KOREAN_FOOD,SUNDAY,-3
3130159,KOREAN_FOOD,MONDAY,1
3130159,KOREAN_FOOD,TUESDAY,-2
3130159,KOREAN_FOOD,WEDNESDAY,-6
3130159,KOREAN_FOOD,THURSDAY,1
3130159,KOREAN_FOOD,FRIDAY,2
3130159,KOREAN_FOOD,SATURDAY,5
3130159,KOREAN_FOOD,SUNDAY,1
3130159,BUNSIK,MONDAY,-6
3130159,BUNSIK,TUESDAY,-4
3130159,BUNSIK,WEDNESDAY,-2
3130159,BUNSIK,THURSDAY,-2
3130159,BUNSIK,FRIDAY,-1
3130159,BUNSIK,SATURDAY,6
3130159,BUNSIK,SUNDAY,6
3130159,BAKERY,MONDAY,-2
3130159,BAKERY,TUESDAY,0
3130159,BAKERY,WEDNESDAY,0
3130159,BAKERY,THURSDAY,1
3130159,BAKERY,FRIDAY,1
3130159,BAKERY,SATURDAY,3
3130159,BAKERY,SUNDAY,-3
3130160,KOREAN_FOOD,MONDAY,0
3130160,KOREAN_FOOD,TUESDAY,3
3130160,KOREAN_FOOD,WEDNESDAY,3
3130160,KOREAN_FOOD,THURSDAY,4
3130160,KOREAN_FOOD,FRIDAY,5
3130160,KOREAN_FOOD,SATURDAY,-5
3130160,KOREAN_FOOD,SUNDAY,-6
3130161,KOREAN_FOOD,MONDAY,2
3130161,KOREAN_FOOD,TUESDAY,3
3130161,KOREAN_FOOD,WEDNESDAY,2
3130161,KOREAN_FOOD,THURSDAY,5
3130161,KOREAN_FOOD,FRIDAY,2
3130161,KOREAN_FOOD,SATURDAY,-2
3130161,KOREAN_FOOD,SUNDAY,-6
3130163,KOREAN_FOOD,MONDAY,-4
3130163,KOREAN_FOOD,TUESDAY,-2
3130163,KOREAN_FOOD,WEDNESDAY,-2
3130163,KOREAN_FOOD,THURSDAY,-2
3130163,KOREAN_FOOD,FRIDAY,1
3130163,KOREAN_FOOD,SATURDAY,6
3130163,KOREAN_FOOD,SUNDAY,3
3130163,CHINESE_FOOD,MONDAY,0
3130163,CHINESE_FOOD,TUESDAY,0
3130163,CHINESE_FOOD,WEDNESDAY,0
3130163,CHINESE_FOOD,THURSDAY,-6
3130163,CHINESE_FOOD,FRIDAY,2
3130163,CHINESE_FOOD,SATURDAY,4
3130163,CHINESE_FOOD,SUNDAY,0
3130163,CHICKEN,MONDAY,-6
3130163,CHICKEN,TUESDAY,-4
3130163,CHICKEN,WEDNESDAY,-3
3130163,CHICKEN,THURSDAY,-1
3130163,CHICKEN,FRIDAY,5
3130163,CHICKEN,SATURDAY,6
3130163,CHICKEN,SUNDAY,3
3130163,BUNSIK,MONDAY,-4
3130163,BUNSIK,TUESDAY,-4
3130163,BUNSIK,WEDNESDAY,-3
3130163,BUNSIK,THURSDAY,-4
3130163,BUNSIK,FRIDAY,-1
3130163,BUNSIK,SATURDAY,6
3130163,BUNSIK,SUNDAY,6
3130163,CAFE_BEVERAGE,MONDAY,-2
3130163,CAFE_BEVERAGE,TUESDAY,-2
3130163,CAFE_BEVERAGE,WEDNESDAY,-3
3130163,CAFE_BEVERAGE,THURSDAY,-3
3130163,CAFE_BEVERAGE,FRIDAY,0
3130163,CAFE_BEVERAGE,SATURDAY,5
3130163,CAFE_BEVERAGE,SUNDAY,4
3130165,KOREAN_FOOD,MONDAY,-2
3130165,KOREAN_FOOD,TUESDAY,0
3130165,KOREAN_FOOD,WEDNESDAY,-1
3130165,KOREAN_FOOD,THURSDAY,-1
3130165,KOREAN_FOOD,FRIDAY,2
3130165,KOREAN_FOOD,SATURDAY,6
3130165,KOREAN_FOOD,SUNDAY,-4
3130165,BUNSIK,MONDAY,-4
3130165,BUNSIK,TUESDAY,-1
3130165,BUNSIK,WEDNESDAY,1
3130165,BUNSIK,THURSDAY,0
3130165,BUNSIK,FRIDAY,0
3130165,BUNSIK,SATURDAY,5
3130165,BUNSIK,SUNDAY,-2
3130166,KOREAN_FOOD,MONDAY,-1
3130166,KOREAN_FOOD,TUESDAY,-6
3130166,KOREAN_FOOD,WEDNESDAY,-1
3130166,KOREAN_FOOD,THURSDAY,0
3130166,KOREAN_FOOD,FRIDAY,2
3130166,KOREAN_FOOD,SATURDAY,6
3130166,KOREAN_FOOD,SUNDAY,2
3130167,KOREAN_FOOD,MONDAY,-2
3130167,KOREAN_FOOD,TUESDAY,-2
3130167,KOREAN_FOOD,WEDNESDAY,-2
3130167,KOREAN_FOOD,THURSDAY,-2
3130167,KOREAN_FOOD,FRIDAY,2
3130167,KOREAN_FOOD,SATURDAY,5
3130167,KOREAN_FOOD,SUNDAY,1
3130167,CHINESE_FOOD,MONDAY,-1
3130167,CHINESE_FOOD,TUESDAY,-1
3130167,CHINESE_FOOD,WEDNESDAY,-3
3130167,CHINESE_FOOD,THURSDAY,0
3130167,CHINESE_FOOD,FRIDAY,1
3130167,CHINESE_FOOD,SATURDAY,3
3130167,CHINESE_FOOD,SUNDAY,1
3130167,JAPANESE_FOOD,MONDAY,-3
3130167,JAPANESE_FOOD,TUESDAY,-3
3130167,JAPANESE_FOOD,WEDNESDAY,-1
3130167,JAPANESE_FOOD,THURSDAY,-2
3130167,JAPANESE_FOOD,FRIDAY,2
3130167,JAPANESE_FOOD,SATURDAY,5
3130167,JAPANESE_FOOD,SUNDAY,2
3130167,WESTERN_FOOD,MONDAY,-5
3130167,WESTERN_FOOD,TUESDAY,-4
3130167,WESTERN_FOOD,WEDNESDAY,-3
3130167,WESTERN_FOOD,THURSDAY,-2
3130167,WESTERN_FOOD,FRIDAY,4
3130167,WESTERN_FOOD,SATURDAY,6
3130167,WESTERN_FOOD,SUNDAY,0
3130167,CHICKEN,MONDAY,-4
3130167,CHICKEN,TUESDAY,-2
3130167,CHICKEN,WEDNESDAY,-3
3130167,CHICKEN,THURSDAY,-2
3130167,CHICKEN,FRIDAY,3
3130167,CHICKEN,SATURDAY,6
3130167,CHICKEN,SUNDAY,1
3130167,FAST_FOOD,MONDAY,-1
3130167,FAST_FOOD,TUESDAY,-1
3130167,FAST_FOOD,WEDNESDAY,-1
3130167,FAST_FOOD,THURSDAY,-1
3130167,FAST_FOOD,FRIDAY,1
3130167,FAST_FOOD,SATURDAY,3
3130167,FAST_FOOD,SUNDAY,0
3130167,BUNSIK,MONDAY,1
3130167,BUNSIK,TUESDAY,1
3130167,BUNSIK,WEDNESDAY,-6
3130167,BUNSIK,THURSDAY,1
3130167,BUNSIK,FRIDAY,2
3130167,BUNSIK,SATURDAY,2
3130167,BUNSIK,SUNDAY,-1
3130167,CAFE_BEVERAGE,MONDAY,-2
3130167,CAFE_BEVERAGE,TUESDAY,-3
3130167,CAFE_BEVERAGE,WEDNESDAY,-2
3130167,CAFE_BEVERAGE,THURSDAY,-2
3130167,CAFE_BEVERAGE,FRIDAY,1
3130167,CAFE_BEVERAGE,SATURDAY,6
3130167,CAFE_BEVERAGE,SUNDAY,2
3130167,BAKERY,MONDAY,-6
3130167,BAKERY,TUESDAY,2
3130167,BAKERY,WEDNESDAY,2
3130167,BAKERY,THURSDAY,1
3130167,BAKERY,FRIDAY,2
3130167,BAKERY,SATURDAY,5
3130167,BAKERY,SUNDAY,-1
3130168,KOREAN_FOOD,MONDAY,0
3130168,KOREAN_FOOD,TUESDAY,0
3130168,KOREAN_FOOD,WEDNESDAY,0
3130168,KOREAN_FOOD,THURSDAY,0
3130168,KOREAN_FOOD,FRIDAY,2
3130168,KOREAN_FOOD,SATURDAY,3
3130168,KOREAN_FOOD,SUNDAY,-4
3130168,BUNSIK,MONDAY,-5
3130168,BUNSIK,TUESDAY,-6
3130168,BUNSIK,WEDNESDAY,0
3130168,BUNSIK,THURSDAY,1
3130168,BUNSIK,FRIDAY,3
3130168,BUNSIK,SATURDAY,6
3130168,BUNSIK,SUNDAY,2
3130168,BAKERY,MONDAY,1
3130168,BAKERY,TUESDAY,-3
3130168,BAKERY,WEDNESDAY,1
3130168,BAKERY,THURSDAY,0
3130168,BAKERY,FRIDAY,0
3130168,BAKERY,SATURDAY,2
3130168,BAKERY,SUNDAY,-2
3130169,KOREAN_FOOD,MONDAY,2
3130169,KOREAN_FOOD,TUESDAY,0
3130169,KOREAN_FOOD,WEDNESDAY,2
3130169,KOREAN_FOOD,THURSDAY,2
3130169,KOREAN_FOOD,FRIDAY,3
3130169,KOREAN_FOOD,SATURDAY,2
3130169,KOREAN_FOOD,SUNDAY,-6
3130169,BUNSIK,MONDAY,-6
3130169,BUNSIK,TUESDAY,-3
3130169,BUNSIK,WEDNESDAY,1
3130169,BUNSIK,THURSDAY,0
3130169,BUNSIK,FRIDAY,3
3130169,BUNSIK,SATURDAY,5
3130169,BUNSIK,SUNDAY,1
3130169,CAFE_BEVERAGE,MONDAY,1
3130169,CAFE_BEVERAGE,TUESDAY,-6
3130169,CAFE_BEVERAGE,WEDNESDAY,2
3130169,CAFE_BEVERAGE,THURSDAY,2
3130169,CAFE_BEVERAGE,FRIDAY,2
3130169,CAFE_BEVERAGE,SATURDAY,5
3130169,CAFE_BEVERAGE,SUNDAY,1
3130170,KOREAN_FOOD,MONDAY,-5
3130170,KOREAN_FOOD,TUESDAY,-1
3130170,KOREAN_FOOD,WEDNESDAY,1
3130170,KOREAN_FOOD,THURSDAY,-1
3130170,KOREAN_FOOD,FRIDAY,0
3130170,KOREAN_FOOD,SATURDAY,1
3130170,KOREAN_FOOD,SUNDAY,4
3130170,BUNSIK,MONDAY,-2
3130170,BUNSIK,TUESDAY,-1
3130170,BUNSIK,WEDNESDAY,0
3130170,BUNSIK,THURSDAY,-1
3130170,BUNSIK,FRIDAY,1
3130170,BUNSIK,SATURDAY,3
3130170,BUNSIK,SUNDAY,0
3130170,CAFE_BEVERAGE,MONDAY,-6
3130170,CAFE_BEVERAGE,TUESDAY,-3
3130170,CAFE_BEVERAGE,WEDNESDAY,-1
3130170,CAFE_BEVERAGE,THURSDAY,-3
3130170,CAFE_BEVERAGE,FRIDAY,-2
3130170,CAFE_BEVERAGE,SATURDAY,6
3130170,CAFE_BEVERAGE,SUNDAY,6
3130171,KOREAN_FOOD,MONDAY,-1
3130171,KOREAN_FOOD,TUESDAY,0
3130171,KOREAN_FOOD,WEDNESDAY,0
3130171,KOREAN_FOOD,THURSDAY,0
3130171,KOREAN_FOOD,FRIDAY,1
3130171,KOREAN_FOOD,SATURDAY,2
3130171,KOREAN_FOOD,SUNDAY,-3
3130171,CHICKEN,MONDAY,-6
3130171,CHICKEN,TUESDAY,0
3130171,CHICKEN,WEDNESDAY,2
3130171,CHICKEN,THURSDAY,0
3130171,CHICKEN,FRIDAY,6
3130171,CHICKEN,SATURDAY,6
3130171,CHICKEN,SUNDAY,-6
3130171,CAFE_BEVERAGE,MONDAY,0
3130171,CAFE_BEVERAGE,TUESDAY,0
3130171,CAFE_BEVERAGE,WEDNESDAY,0
3130171,CAFE_BEVERAGE,THURSDAY,1
3130171,CAFE_BEVERAGE,FRIDAY,1
3130171,CAFE_BEVERAGE,SATURDAY,0
3130171,CAFE_BEVERAGE,SUNDAY,-1
3130171,BAKERY,MONDAY,3
3130171,BAKERY,TUESDAY,2
3130171,BAKERY,WEDNESDAY,2
3130171,BAKERY,THURSDAY,1
3130171,BAKERY,FRIDAY,2
3130171,BAKERY,SATURDAY,-4
3130171,BAKERY,SUNDAY,-6
3130172,KOREAN_FOOD,MONDAY,-1
3130172,KOREAN_FOOD,TUESDAY,0
3130172,KOREAN_FOOD,WEDNESDAY,0
3130172,KOREAN_FOOD,THURSDAY,-1
3130172,KOREAN_FOOD,FRIDAY,2
3130172,KOREAN_FOOD,SATURDAY,2
3130172,KOREAN_FOOD,SUNDAY,-1
3130173,KOREAN_FOOD,MONDAY,5
3130173,KOREAN_FOOD,TUESDAY,2
3130173,KOREAN_FOOD,WEDNESDAY,1
3130173,KOREAN_FOOD,THURSDAY,5
3130173,KOREAN_FOOD,FRIDAY,3
3130173,KOREAN_FOOD,SATURDAY,4
3130173,KOREAN_FOOD,SUNDAY,-6
3130175,KOREAN_FOOD,MONDAY,2
3130175,KOREAN_FOOD,TUESDAY,1
3130175,KOREAN_FOOD,WEDNESDAY,1
3130175,KOREAN_FOOD,THURSDAY,1
3130175,KOREAN_FOOD,FRIDAY,0
3130175,KOREAN_FOOD,SATURDAY,-2
3130175,KOREAN_FOOD,SUNDAY,-3
3130175,CAFE_BEVERAGE,MONDAY,-1
3130175,CAFE_BEVERAGE,TUESDAY,-1
3130175,CAFE_BEVERAGE,WEDNESDAY,-1
3130175,CAFE_BEVERAGE,THURSDAY,-1
3130175,CAFE_BEVERAGE,FRIDAY,0
3130175,CAFE_BEVERAGE,SATURDAY,3
3130175,CAFE_BEVERAGE,SUNDAY,0
3130176,KOREAN_FOOD,MONDAY,-2
3130176,KOREAN_FOOD,TUESDAY,-2
3130176,KOREAN_FOOD,WEDNESDAY,-2
3130176,KOREAN_FOOD,THURSDAY,-2
3130176,KOREAN_FOOD,FRIDAY,0
3130176,KOREAN_FOOD,SATURDAY,4
3130176,KOREAN_FOOD,SUNDAY,4
3130177,KOREAN_FOOD,MONDAY,2
3130177,KOREAN_FOOD,TUESDAY,0
3130177,KOREAN_FOOD,WEDNESDAY,0
3130177,KOREAN_FOOD,THURSDAY,1
3130177,KOREAN_FOOD,FRIDAY,2
3130177,KOREAN_FOOD,SATURDAY,2
3130177,KOREAN_FOOD,SUNDAY,-6
3130177,BUNSIK,MONDAY,5
3130177,BUNSIK,TUESDAY,2
3130177,BUNSIK,WEDNESDAY,2
3130177,BUNSIK,THURSDAY,2
3130177,BUNSIK,FRIDAY,4
3130177,BUNSIK,SATURDAY,4
3130177,BUNSIK,SUNDAY,-6
3130178,KOREAN_FOOD,MONDAY,4
3130178,KOREAN_FOOD,TUESDAY,5
3130178,KOREAN_FOOD,WEDNESDAY,5
3130178,KOREAN_FOOD,THURSDAY,6
3130178,KOREAN_FOOD,FRIDAY,2
3130178,KOREAN_FOOD,SATURDAY,-6
3130178,KOREAN_FOOD,SUNDAY,-6
3130178,JAPANESE_FOOD,MONDAY,4
3130178,JAPANESE_FOOD,TUESDAY,5
3130178,JAPANESE_FOOD,WEDNESDAY,5
3130178,JAPANESE_FOOD,THURSDAY,4
3130178,JAPANESE_FOOD,FRIDAY,2
3130178,JAPANESE_FOOD,SATURDAY,-6
3130178,JAPANESE_FOOD,SUNDAY,-6
3130178,FAST_FOOD,MONDAY,2
3130178,FAST_FOOD,TUESDAY,2
3130178,FAST_FOOD,WEDNESDAY,0
3130178,FAST_FOOD,THURSDAY,2
3130178,FAST_FOOD,FRIDAY,0
3130178,FAST_FOOD,SATURDAY,-1
3130178,FAST_FOOD,SUNDAY,-4
3130178,CAFE_BEVERAGE,MONDAY,4
3130178,CAFE_BEVERAGE,TUESDAY,5
3130178,CAFE_BEVERAGE,WEDNESDAY,5
3130178,CAFE_BEVERAGE,THURSDAY,5
3130178,CAFE_BEVERAGE,FRIDAY,3
3130178,CAFE_BEVERAGE,SATURDAY,-6
3130178,CAFE_BEVERAGE,SUNDAY,-6
3130179,KOREAN_FOOD,MONDAY,4
3130179,KOREAN_FOOD,TUESDAY,4
3130179,KOREAN_FOOD,WEDNESDAY,5
3130179,KOREAN_FOOD,THURSDAY,5
3130179,KOREAN_FOOD,FRIDAY,1
3130179,KOREAN_FOOD,SATURDAY,-6
3130179,KOREAN_FOOD,SUNDAY,-6
3130179,CHINESE_FOOD,MONDAY,0
3130179,CHINESE_FOOD,TUESDAY,5
3130179,CHINESE_FOOD,WEDNESDAY,4
3130179,CHINESE_FOOD,THURSDAY,3
3130179,CHINESE_FOOD,FRIDAY,1
3130179,CHINESE_FOOD,SATURDAY,-5
3130179,CHINESE_FOOD,SUNDAY,-6
3130179,JAPANESE_FOOD,MONDAY,5
3130179,JAPANESE_FOOD,TUESDAY,5
3130179,JAPANESE_FOOD,WEDNESDAY,4
3130179,JAPANESE_FOOD,THURSDAY,5
3130179,JAPANESE_FOOD,FRIDAY,2
3130179,JAPANESE_FOOD,SATURDAY,-6
3130179,JAPANESE_FOOD,SUNDAY,-6
3130179,WESTERN_FOOD,MONDAY,3
3130179,WESTERN_FOOD,TUESDAY,4
3130179,WESTERN_FOOD,WEDNESDAY,3
3130179,WESTERN_FOOD,THURSDAY,3
3130179,WESTERN_FOOD,FRIDAY,1
3130179,WESTERN_FOOD,SATURDAY,-6
3130179,WESTERN_FOOD,SUNDAY,-6
3130179,CHICKEN,MONDAY,4
3130179,CHICKEN,TUESDAY,4
3130179,CHICKEN,WEDNESDAY,6
3130179,CHICKEN,THURSDAY,5
3130179,CHICKEN,FRIDAY,3
3130179,CHICKEN,SATURDAY,-6
3130179,CHICKEN,SUNDAY,-6
3130179,FAST_FOOD,MONDAY,3
3130179,FAST_FOOD,TUESDAY,3
3130179,FAST_FOOD,WEDNESDAY,2
3130179,FAST_FOOD,THURSDAY,3
3130179,FAST_FOOD,FRIDAY,0
3130179,FAST_FOOD,SATURDAY,-5
3130179,FAST_FOOD,SUNDAY,-6
3130179,BUNSIK,MONDAY,1
3130179,BUNSIK,TUESDAY,2
3130179,BUNSIK,WEDNESDAY,1
3130179,BUNSIK,THURSDAY,2
3130179,BUNSIK,FRIDAY,1
3130179,BUNSIK,SATURDAY,-3
3130179,BUNSIK,SUNDAY,-5
3130179,CAFE_BEVERAGE,MONDAY,3
3130179,CAFE_BEVERAGE,TUESDAY,3
3130179,CAFE_BEVERAGE,WEDNESDAY,3
3130179,CAFE_BEVERAGE,THURSDAY,3
3130179,CAFE_BEVERAGE,FRIDAY,0
3130179,CAFE_BEVERAGE,SATURDAY,-5
3130179,CAFE_BEVERAGE,SUNDAY,-6
3130179,BAKERY,MONDAY,3
3130179,BAKERY,TUESDAY,3
3130179,BAKERY,WEDNESDAY,3
3130179,BAKERY,THURSDAY,3
3130179,BAKERY,FRIDAY,2
3130179,BAKERY,SATURDAY,-6
3130179,BAKERY,SUNDAY,-6
3130180,KOREAN_FOOD,MONDAY,-6
3130180,KOREAN_FOOD,TUESDAY,1
3130180,KOREAN_FOOD,WEDNESDAY,1
3130180,KOREAN_FOOD,THURSDAY,1
3130180,KOREAN_FOOD,FRIDAY,2
3130180,KOREAN_FOOD,SATURDAY,3
3130180,KOREAN_FOOD,SUNDAY,2
3130180,BUNSIK,MONDAY,0
3130180,BUNSIK,TUESDAY,-6
3130180,BUNSIK,WEDNESDAY,0
3130180,BUNSIK,THURSDAY,0
3130180,BUNSIK,FRIDAY,0
3130180,BUNSIK,SATURDAY,6
3130180,BUNSIK,SUNDAY,5
3130181,KOREAN_FOOD,MONDAY,-6
3130181,KOREAN_FOOD,TUESDAY,0
3130181,KOREAN_FOOD,WEDNESDAY,-1
3130181,KOREAN_FOOD,THURSDAY,-2
3130181,KOREAN_FOOD,FRIDAY,1
3130181,KOREAN_FOOD,SATURDAY,4
3130181,KOREAN_FOOD,SUNDAY,3
3130182,KOREAN_FOOD,MONDAY,-6
3130182,KOREAN_FOOD,TUESDAY,2
3130182,KOREAN_FOOD,WEDNESDAY,-3
3130182,KOREAN_FOOD,THURSDAY,1
3130182,KOREAN_FOOD,FRIDAY,3
3130182,KOREAN_FOOD,SATURDAY,4
3130182,KOREAN_FOOD,SUNDAY,0
3130182,BUNSIK,MONDAY,-6
3130182,BUNSIK,TUESDAY,-2
3130182,BUNSIK,WEDNESDAY,0
3130182,BUNSIK,THURSDAY,-1
3130182,BUNSIK,FRIDAY,0
3130182,BUNSIK,SATURDAY,5
3130182,BUNSIK,SUNDAY,4
3130182,BAKERY,MONDAY,0
3130182,BAKERY,TUESDAY,-1
3130182,BAKERY,WEDNESDAY,1
3130182,BAKERY,THURSDAY,-2
3130182,BAKERY,FRIDAY,0
3130182,BAKERY,SATURDAY,2
3130182,BAKERY,SUNDAY,0
3130183,KOREAN_FOOD,MONDAY,2
3130183,KOREAN_FOOD,TUESDAY,4
3130183,KOREAN_FOOD,WEDNESDAY,4
3130183,KOREAN_FOOD,THURSDAY,5
3130183,KOREAN_FOOD,FRIDAY,4
3130183,KOREAN_FOOD,SATURDAY,-6
3130183,KOREAN_FOOD,SUNDAY,-6
3130183,CHINESE_FOOD,MONDAY,2
3130183,CHINESE_FOOD,TUESDAY,5
3130183,CHINESE_FOOD,WEDNESDAY,5
3130183,CHINESE_FOOD,THURSDAY,6
3130183,CHINESE_FOOD,FRIDAY,5
3130183,CHINESE_FOOD,SATURDAY,-6
3130183,CHINESE_FOOD,SUNDAY,-6
3130183,JAPANESE_FOOD,MONDAY,2
3130183,JAPANESE_FOOD,TUESDAY,4
3130183,JAPANESE_FOOD,WEDNESDAY,5
3130183,JAPANESE_FOOD,THURSDAY,6
3130183,JAPANESE_FOOD,FRIDAY,6
3130183,JAPANESE_FOOD,SATURDAY,-6
3130183,JAPANESE_FOOD,SUNDAY,-6
3130183,WESTERN_FOOD,MONDAY,1
3130183,WESTERN_FOOD,TUESDAY,2
3130183,WESTERN_FOOD,WEDNESDAY,2
3130183,WESTERN_FOOD,THURSDAY,2
3130183,WESTERN_FOOD,FRIDAY,3
3130183,WESTERN_FOOD,SATURDAY,-4
3130183,WESTERN_FOOD,SUNDAY,-5
3130183,CHICKEN,MONDAY,-1
3130183,CHICKEN,TUESDAY,2
3130183,CHICKEN,WEDNESDAY,3
3130183,CHICKEN,THURSDAY,4
3130183,CHICKEN,FRIDAY,4
3130183,CHICKEN,SATURDAY,-2
3130183,CHICKEN,SUNDAY,-6
3130183,FAST_FOOD,MONDAY,0
3130183,FAST_FOOD,TUESDAY,1
3130183,FAST_FOOD,WEDNESDAY,0
3130183,FAST_FOOD,THURSDAY,1
3130183,FAST_FOOD,FRIDAY,2
3130183,FAST_FOOD,SATURDAY,-2
3130183,FAST_FOOD,SUNDAY,-2
3130183,BUNSIK,MONDAY,2
3130183,BUNSIK,TUESDAY,3
3130183,BUNSIK,WEDNESDAY,3
3130183,BUNSIK,THURSDAY,4
3130183,BUNSIK,FRIDAY,3
3130183,BUNSIK,SATURDAY,-3
3130183,BUNSIK,SUNDAY,-6
3130183,CAFE_BEVERAGE,MONDAY,2
3130183,CAFE_BEVERAGE,TUESDAY,4
3130183,CAFE_BEVERAGE,WEDNESDAY,5
3130183,CAFE_BEVERAGE,THURSDAY,5
3130183,CAFE_BEVERAGE,FRIDAY,5
3130183,CAFE_BEVERAGE,SATURDAY,-6
3130183,CAFE_BEVERAGE,SUNDAY,-6
3130183,BAKERY,MONDAY,1
3130183,BAKERY,TUESDAY,4
3130183,BAKERY,WEDNESDAY,2
3130183,BAKERY,THURSDAY,4
3130183,BAKERY,FRIDAY,5
3130183,BAKERY,SATURDAY,4
3130183,BAKERY,SUNDAY,-6
3130184,CAFE_BEVERAGE,MONDAY,-6
3130184,CAFE_BEVERAGE,TUESDAY,-6
3130184,CAFE_BEVERAGE,WEDNESDAY,-6
3130184,CAFE_BEVERAGE,THURSDAY,-6
3130184,CAFE_BEVERAGE,FRIDAY,-6
3130184,CAFE_BEVERAGE,SATURDAY,6
3130184,CAFE_BEVERAGE,SUNDAY,6
3130185,KOREAN_FOOD,MONDAY,-1
3130185,KOREAN_FOOD,TUESDAY,-6
3130185,KOREAN_FOOD,WEDNESDAY,-1
3130185,KOREAN_FOOD,THURSDAY,0
3130185,KOREAN_FOOD,FRIDAY,2
3130185,KOREAN_FOOD,SATURDAY,3
3130185,KOREAN_FOOD,SUNDAY,3
3130185,CAFE_BEVERAGE,MONDAY,-3
3130185,CAFE_BEVERAGE,TUESDAY,-3
3130185,CAFE_BEVERAGE,WEDNESDAY,-4
3130185,CAFE_BEVERAGE,THURSDAY,-2
3130185,CAFE_BEVERAGE,FRIDAY,0
3130185,CAFE_BEVERAGE,SATURDAY,6
3130185,CAFE_BEVERAGE,SUNDAY,4
3130186,KOREAN_FOOD,MONDAY,-6
3130186,KOREAN_FOOD,TUESDAY,-6
3130186,KOREAN_FOOD,WEDNESDAY,-3
3130186,KOREAN_FOOD,THURSDAY,-4
3130186,KOREAN_FOOD,FRIDAY,0
3130186,KOREAN_FOOD,SATURDAY,6
3130186,KOREAN_FOOD,SUNDAY,6
3130186,CHINESE_FOOD,MONDAY,-6
3130186,CHINESE_FOOD,TUESDAY,1
3130186,CHINESE_FOOD,WEDNESDAY,-6
3130186,CHINESE_FOOD,THURSDAY,0
3130186,CHINESE_FOOD,FRIDAY,3
3130186,CHINESE_FOOD,SATURDAY,6
3130186,CHINESE_FOOD,SUNDAY,6
3130186,CHICKEN,MONDAY,-6
3130186,CHICKEN,TUESDAY,-6
3130186,CHICKEN,WEDNESDAY,-6
3130186,CHICKEN,THURSDAY,-6
3130186,CHICKEN,FRIDAY,0
3130186,CHICKEN,SATURDAY,6
3130186,CHICKEN,SUNDAY,6
3130186,BUNSIK,MONDAY,-2
3130186,BUNSIK,TUESDAY,0
3130186,BUNSIK,WEDNESDAY,-1
3130186,BUNSIK,THURSDAY,-1
3130186,BUNSIK,FRIDAY,2
3130186,BUNSIK,SATURDAY,6
3130186,BUNSIK,SUNDAY,-6
3130186,CAFE_BEVERAGE,MONDAY,-6
3130186,CAFE_BEVERAGE,TUESDAY,-5
3130186,CAFE_BEVERAGE,WEDNESDAY,-2
3130186,CAFE_BEVERAGE,THURSDAY,-3
3130186,CAFE_BEVERAGE,FRIDAY,0
3130186,CAFE_BEVERAGE,SATURDAY,6
3130186,CAFE_BEVERAGE,SUNDAY,6
3130189,KOREAN_FOOD,MONDAY,-4
3130189,KOREAN_FOOD,TUESDAY,-4
3130189,KOREAN_FOOD,WEDNESDAY,-4
3130189,KOREAN_FOOD,THURSDAY,-4
3130189,KOREAN_FOOD,FRIDAY,0
3130189,KOREAN_FOOD,SATURDAY,6
3130189,KOREAN_FOOD,SUNDAY,6
3130190,KOREAN_FOOD,MONDAY,-2
3130190,KOREAN_FOOD,TUESDAY,-4
3130190,KOREAN_FOOD,WEDNESDAY,-3
3130190,KOREAN_FOOD,THURSDAY,-3
3130190,KOREAN_FOOD,FRIDAY,1
3130190,KOREAN_FOOD,SATURDAY,6
3130190,KOREAN_FOOD,SUNDAY,4
3130190,JAPANESE_FOOD,MONDAY,-3
3130190,JAPANESE_FOOD,TUESDAY,-1
3130190,JAPANESE_FOOD,WEDNESDAY,-1
3130190,JAPANESE_FOOD,THURSDAY,-1
3130190,JAPANESE_FOOD,FRIDAY,0
3130190,JAPANESE_FOOD,SATURDAY,5
3130190,JAPANESE_FOOD,SUNDAY,1
3130190,WESTERN_FOOD,MONDAY,-4
3130190,WESTERN_FOOD,TUESDAY,-5
3130190,WESTERN_FOOD,WEDNESDAY,-4
3130190,WESTERN_FOOD,THURSDAY,-3
3130190,WESTERN_FOOD,FRIDAY,1
3130190,WESTERN_FOOD,SATURDAY,6
3130190,WESTERN_FOOD,SUNDAY,5
3130190,BUNSIK,MONDAY,6
3130190,BUNSIK,TUESDAY,-6
3130190,BUNSIK,WEDNESDAY,-4
3130190,BUNSIK,THURSDAY,-3
3130190,BUNSIK,FRIDAY,-1
3130190,BUNSIK,SATURDAY,6
3130190,BUNSIK,SUNDAY,4
3130190,CAFE_BEVERAGE,MONDAY,-5
3130190,CAFE_BEVERAGE,TUESDAY,-5
3130190,CAFE_BEVERAGE,WEDNESDAY,-5
3130190,CAFE_BEVERAGE,THURSDAY,-4
3130190,CAFE_BEVERAGE,FRIDAY,0
3130190,CAFE_BEVERAGE,SATURDAY,6
3130190,CAFE_BEVERAGE,SUNDAY,6
3130190,BAKERY,MONDAY,-4
3130190,BAKERY,TUESDAY,-5
3130190,BAKERY,WEDNESDAY,-5
3130190,BAKERY,THURSDAY,-5
3130190,BAKERY,FRIDAY,-1
3130190,BAKERY,SATURDAY,6
3130190,BAKERY,SUNDAY,6
3130191,KOREAN_FOOD,MONDAY,-3
3130191,KOREAN_FOOD,TUESDAY,-3
3130191,KOREAN_FOOD,WEDNESDAY,-2
3130191,KOREAN_FOOD,THURSDAY,-2
3130191,KOREAN_FOOD,FRIDAY,1
3130191,KOREAN_FOOD,SATURDAY,6
3130191,KOREAN_FOOD,SUNDAY,3
3130191,CHINESE_FOOD,MONDAY,-3
3130191,CHINESE_FOOD,TUESDAY,-2
3130191,CHINESE_FOOD,WEDNESDAY,-1
3130191,CHINESE_FOOD,THURSDAY,-1
3130191,CHINESE_FOOD,FRIDAY,1
3130191,CHINESE_FOOD,SATURDAY,4
3130191,CHINESE_FOOD,SUNDAY,1
3130191,JAPANESE_FOOD,MONDAY,-5
3130191,JAPANESE_FOOD,TUESDAY,-6
3130191,JAPANESE_FOOD,WEDNESDAY,-4
3130191,JAPANESE_FOOD,THURSDAY,-1
3130191,JAPANESE_FOOD,FRIDAY,2
3130191,JAPANESE_FOOD,SATURDAY,6
3130191,JAPANESE_FOOD,SUNDAY,5
3130191,WESTERN_FOOD,MONDAY,-6
3130191,WESTERN_FOOD,TUESDAY,-6
3130191,WESTERN_FOOD,WEDNESDAY,-4
3130191,WESTERN_FOOD,THURSDAY,-4
3130191,WESTERN_FOOD,FRIDAY,1
3130191,WESTERN_FOOD,SATURDAY,6
3130191,WESTERN_FOOD,SUNDAY,6
3130191,CHICKEN,MONDAY,-4
3130191,CHICKEN,TUESDAY,-3
3130191,CHICKEN,WEDNESDAY,-3
3130191,CHICKEN,THURSDAY,-3
3130191,CHICKEN,FRIDAY,1
3130191,CHICKEN,SATURDAY,6
3130191,CHICKEN,SUNDAY,3
3130191,BUNSIK,MONDAY,-6
3130191,BUNSIK,TUESDAY,-3
3130191,BUNSIK,WEDNESDAY,-2
3130191,BUNSIK,THURSDAY,-2
3130191,BUNSIK,FRIDAY,0
3130191,BUNSIK,SATURDAY,6
3130191,BUNSIK,SUNDAY,5
3130191,CAFE_BEVERAGE,MONDAY,-4
3130191,CAFE_BEVERAGE,TUESDAY,-4
3130191,CAFE_BEVERAGE,WEDNESDAY,-3
3130191,CAFE_BEVERAGE,THURSDAY,-3
3130191,CAFE_BEVERAGE,FRIDAY,1
3130191,CAFE_BEVERAGE,SATURDAY,6
3130191,CAFE_BEVERAGE,SUNDAY,4
3130191,BAKERY,MONDAY,-4
3130191,BAKERY,TUESDAY,-6
3130191,BAKERY,WEDNESDAY,-4
3130191,BAKERY,THURSDAY,-5
3130191,BAKERY,FRIDAY,0
3130191,BAKERY,SATURDAY,6
3130191,BAKERY,SUNDAY,6
3130192,CAFE_BEVERAGE,MONDAY,-6
3130192,CAFE_BEVERAGE,TUESDAY,-5
3130192,CAFE_BEVERAGE,WEDNESDAY,-3
3130192,CAFE_BEVERAGE,THURSDAY,-4
3130192,CAFE_BEVERAGE,FRIDAY,-1
3130192,CAFE_BEVERAGE,SATURDAY,6
3130192,CAFE_BEVERAGE,SUNDAY,6
3130194,KOREAN_FOOD,MONDAY,-2
3130194,KOREAN_FOOD,TUESDAY,0
3130194,KOREAN_FOOD,WEDNESDAY,0
3130194,KOREAN_FOOD,THURSDAY,1
3130194,KOREAN_FOOD,FRIDAY,2
3130194,KOREAN_FOOD,SATURDAY,2
3130194,KOREAN_FOOD,SUNDAY,-3
3130194,JAPANESE_FOOD,MONDAY,-3
3130194,JAPANESE_FOOD,TUESDAY,0
3130194,JAPANESE_FOOD,WEDNESDAY,2
3130194,JAPANESE_FOOD,THURSDAY,1
3130194,JAPANESE_FOOD,FRIDAY,5
3130194,JAPANESE_FOOD,SATURDAY,0
3130194,JAPANESE_FOOD,SUNDAY,-6
3130194,CAFE_BEVERAGE,MONDAY,-1
3130194,CAFE_BEVERAGE,TUESDAY,2
3130194,CAFE_BEVERAGE,WEDNESDAY,2
3130194,CAFE_BEVERAGE,THURSDAY,4
3130194,CAFE_BEVERAGE,FRIDAY,3
3130194,CAFE_BEVERAGE,SATURDAY,-5
3130194,CAFE_BEVERAGE,SUNDAY,-5
3130195,KOREAN_FOOD,MONDAY,0
3130195,KOREAN_FOOD,TUESDAY,1
3130195,KOREAN_FOOD,WEDNESDAY,2
3130195,KOREAN_FOOD,THURSDAY,2
3130195,KOREAN_FOOD,FRIDAY,4
3130195,KOREAN_FOOD,SATURDAY,-3
3130195,KOREAN_FOOD,SUNDAY,-6
3130195,CHINESE_FOOD,MONDAY,1
3130195,CHINESE_FOOD,TUESDAY,3
3130195,CHINESE_FOOD,WEDNESDAY,3
3130195,CHINESE_FOOD,THURSDAY,4
3130195,CHINESE_FOOD,FRIDAY,5
3130195,CHINESE_FOOD,SATURDAY,-3
3130195,CHINESE_FOOD,SUNDAY,-6
3130195,JAPANESE_FOOD,MONDAY,1
3130195,JAPANESE_FOOD,TUESDAY,2
3130195,JAPANESE_FOOD,WEDNESDAY,3
3130195,JAPANESE_FOOD,THURSDAY,3
3130195,JAPANESE_FOOD,FRIDAY,4
3130195,JAPANESE_FOOD,SATURDAY,-4
3130195,JAPANESE_FOOD,SUNDAY,-6
3130195,CHICKEN,MONDAY,1
3130195,CHICKEN,TUESDAY,1
3130195,CHICKEN,WEDNESDAY,3
3130195,CHICKEN,THURSDAY,4
3130195,CHICKEN,FRIDAY,6
3130195,CHICKEN,SATURDAY,-6
3130195,CHICKEN,SUNDAY,-6
3130195,FAST_FOOD,MONDAY,0
3130195,FAST_FOOD,TUESDAY,1
3130195,FAST_FOOD,WEDNESDAY,1
3130195,FAST_FOOD,THURSDAY,2
3130195,FAST_FOOD,FRIDAY,2
3130195,FAST_FOOD,SATURDAY,-3
3130195,FAST_FOOD,SUNDAY,-3
3130195,BUNSIK,MONDAY,2
3130195,BUNSIK,TUESDAY,3
3130195,BUNSIK,WEDNESDAY,3
3130195,BUNSIK,THURSDAY,3
3130195,BUNSIK,FRIDAY,4
3130195,BUNSIK,SATURDAY,-4
3130195,BUNSIK,SUNDAY,-6
3130195,CAFE_BEVERAGE,MONDAY,1
3130195,CAFE_BEVERAGE,TUESDAY,2
3130195,CAFE_BEVERAGE,WEDNESDAY,2
3130195,CAFE_BEVERAGE,THURSDAY,2
3130195,CAFE_BEVERAGE,FRIDAY,2
3130195,CAFE_BEVERAGE,SATURDAY,-3
3130195,CAFE_BEVERAGE,SUNDAY,-6
3130195,BAKERY,MONDAY,0
3130195,BAKERY,TUESDAY,0
3130195,BAKERY,WEDNESDAY,3
3130195,BAKERY,THURSDAY,0
3130195,BAKERY,FRIDAY,1
3130195,BAKERY,SATURDAY,-1
3130195,BAKERY,SUNDAY,-4
3130196,KOREAN_FOOD,MONDAY,-1
3130196,KOREAN_FOOD,TUESDAY,1
3130196,KOREAN_FOOD,WEDNESDAY,1
3130196,KOREAN_FOOD,THURSDAY,2
3130196,KOREAN_FOOD,FRIDAY,4
3130196,KOREAN_FOOD,SATURDAY,0
3130196,KOREAN_FOOD,SUNDAY,-6
3130196,BUNSIK,MONDAY,3
3130196,BUNSIK,TUESDAY,2
3130196,BUNSIK,WEDNESDAY,2
3130196,BUNSIK,THURSDAY,2
3130196,BUNSIK,FRIDAY,2
3130196,BUNSIK,SATURDAY,-5
3130196,BUNSIK,SUNDAY,-6
3130196,CAFE_BEVERAGE,MONDAY,4
3130196,CAFE_BEVERAGE,TUESDAY,4
3130196,CAFE_BEVERAGE,WEDNESDAY,4
3130196,CAFE_BEVERAGE,THURSDAY,5
3130196,CAFE_BEVERAGE,FRIDAY,6
3130196,CAFE_BEVERAGE,SATURDAY,-6
3130196,CAFE_BEVERAGE,SUNDAY,-6
3130197,KOREAN_FOOD,MONDAY,2
3130197,KOREAN_FOOD,TUESDAY,3
3130197,KOREAN_FOOD,WEDNESDAY,3
3130197,KOREAN_FOOD,THURSDAY,3
3130197,KOREAN_FOOD,FRIDAY,5
3130197,KOREAN_FOOD,SATURDAY,-4
3130197,KOREAN_FOOD,SUNDAY,-6
3130197,CHICKEN,MONDAY,-1
3130197,CHICKEN,TUESDAY,1
3130197,CHICKEN,WEDNESDAY,1
3130197,CHICKEN,THURSDAY,4
3130197,CHICKEN,FRIDAY,6
3130197,CHICKEN,SATURDAY,-5
3130197,CHICKEN,SUNDAY,-6
3130197,BUNSIK,MONDAY,6
3130197,BUNSIK,TUESDAY,5
3130197,BUNSIK,WEDNESDAY,5
3130197,BUNSIK,THURSDAY,6
3130197,BUNSIK,FRIDAY,6
3130197,BUNSIK,SATURDAY,-6
3130197,BUNSIK,SUNDAY,-6
3130198,KOREAN_FOOD,MONDAY,-2
3130198,KOREAN_FOOD,TUESDAY,-1
3130198,KOREAN_FOOD,WEDNESDAY,2
3130198,KOREAN_FOOD,THURSDAY,2
3130198,KOREAN_FOOD,FRIDAY,6
3130198,KOREAN_FOOD,SATURDAY,5
3130198,KOREAN_FOOD,SUNDAY,-6
3130198,BUNSIK,MONDAY,0
3130198,BUNSIK,TUESDAY,4
3130198,BUNSIK,WEDNESDAY,4
3130198,BUNSIK,THURSDAY,4
3130198,BUNSIK,FRIDAY,5
3130198,BUNSIK,SATURDAY,0
3130198,BUNSIK,SUNDAY,-6
3130200,KOREAN_FOOD,MONDAY,3
3130200,KOREAN_FOOD,TUESDAY,1
3130200,KOREAN_FOOD,WEDNESDAY,2
3130200,KOREAN_FOOD,THURSDAY,0
3130200,KOREAN_FOOD,FRIDAY,3
3130200,KOREAN_FOOD,SATURDAY,2
3130200,KOREAN_FOOD,SUNDAY,-6
3130201,KOREAN_FOOD,MONDAY,-1
3130201,KOREAN_FOOD,TUESDAY,-1
3130201,KOREAN_FOOD,WEDNESDAY,-2
3130201,KOREAN_FOOD,THURSDAY,-1
3130201,KOREAN_FOOD,FRIDAY,1
3130201,KOREAN_FOOD,SATURDAY,6
3130201,KOREAN_FOOD,SUNDAY,-2
3130202,KOREAN_FOOD,MONDAY,-6
3130202,KOREAN_FOOD,TUESDAY,0
3130202,KOREAN_FOOD,WEDNESDAY,-1
3130202,KOREAN_FOOD,THURSDAY,0
3130202,KOREAN_FOOD,FRIDAY,2
3130202,KOREAN_FOOD,SATURDAY,5
3130202,KOREAN_FOOD,SUNDAY,3
3130202,CHICKEN,MONDAY,-6
3130202,CHICKEN,TUESDAY,-3
3130202,CHICKEN,WEDNESDAY,-2
3130202,CHICKEN,THURSDAY,-2
3130202,CHICKEN,FRIDAY,2
3130202,CHICKEN,SATURDAY,6
3130202,CHICKEN,SUNDAY,6
3130202,BUNSIK,MONDAY,0
3130202,BUNSIK,TUESDAY,-3
3130202,BUNSIK,WEDNESDAY,-6
3130202,BUNSIK,THURSDAY,-4
3130202,BUNSIK,FRIDAY,-2
3130202,BUNSIK,SATURDAY,6
3130202,BUNSIK,SUNDAY,6
3130202,CAFE_BEVERAGE,MONDAY,-2
3130202,CAFE_BEVERAGE,TUESDAY,-1
3130202,CAFE_BEVERAGE,WEDNESDAY,-1
3130202,CAFE_BEVERAGE,THURSDAY,0
3130202,CAFE_BEVERAGE,FRIDAY,0
3130202,CAFE_BEVERAGE,SATURDAY,1
3130202,CAFE_BEVERAGE,SUNDAY,3
3130203,KOREAN_FOOD,MONDAY,0
3130203,KOREAN_FOOD,TUESDAY,0
3130203,KOREAN_FOOD,WEDNESDAY,-1
3130203,KOREAN_FOOD,THURSDAY,-6
3130203,KOREAN_FOOD,FRIDAY,2
3130203,KOREAN_FOOD,SATURDAY,5
3130203,KOREAN_FOOD,SUNDAY,2
3130203,BUNSIK,MONDAY,-6
3130203,BUNSIK,TUESDAY,1
3130203,BUNSIK,WEDNESDAY,1
3130203,BUNSIK,THURSDAY,2
3130203,BUNSIK,FRIDAY,2
3130203,BUNSIK,SATURDAY,4
3130203,BUNSIK,SUNDAY,6
3130204,KOREAN_FOOD,MONDAY,-3
3130204,KOREAN_FOOD,TUESDAY,0
3130204,KOREAN_FOOD,WEDNESDAY,0
3130204,KOREAN_FOOD,THURSDAY,1
3130204,KOREAN_FOOD,FRIDAY,2
3130204,KOREAN_FOOD,SATURDAY,1
3130204,KOREAN_FOOD,SUNDAY,-1
3130204,CAFE_BEVERAGE,MONDAY,-2
3130204,CAFE_BEVERAGE,TUESDAY,-2
3130204,CAFE_BEVERAGE,WEDNESDAY,-1
3130204,CAFE_BEVERAGE,THURSDAY,-1
3130204,CAFE_BEVERAGE,FRIDAY,0
3130204,CAFE_BEVERAGE,SATURDAY,4
3130204,CAFE_BEVERAGE,SUNDAY,3
3130205,KOREAN_FOOD,MONDAY,-2
3130205,KOREAN_FOOD,TUESDAY,-2
3130205,KOREAN_FOOD,WEDNESDAY,-2
3130205,KOREAN_FOOD,THURSDAY,0
3130205,KOREAN_FOOD,FRIDAY,4
3130205,KOREAN_FOOD,SATURDAY,4
3130205,KOREAN_FOOD,SUNDAY,-2
3130205,BUNSIK,MONDAY,-6
3130205,BUNSIK,TUESDAY,-3
3130205,BUNSIK,WEDNESDAY,1
3130205,BUNSIK,THURSDAY,1
3130205,BUNSIK,FRIDAY,2
3130205,BUNSIK,SATURDAY,5
3130205,BUNSIK,SUNDAY,2
3130205,CAFE_BEVERAGE,MONDAY,-1
3130205,CAFE_BEVERAGE,TUESDAY,-2
3130205,CAFE_BEVERAGE,WEDNESDAY,-2
3130205,CAFE_BEVERAGE,THURSDAY,-2
3130205,CAFE_BEVERAGE,FRIDAY,-1
3130205,CAFE_BEVERAGE,SATURDAY,5
3130205,CAFE_BEVERAGE,SUNDAY,2
3130206,KOREAN_FOOD,MONDAY,-6
3130206,KOREAN_FOOD,TUESDAY,0
3130206,KOREAN_FOOD,WEDNESDAY,0
3130206,KOREAN_FOOD,THURSDAY,1
3130206,KOREAN_FOOD,FRIDAY,3
3130206,KOREAN_FOOD,SATURDAY,3
3130206,KOREAN_FOOD,SUNDAY,0
3130207,KOREAN_FOOD,MONDAY,0
3130207,KOREAN_FOOD,TUESDAY,0
3130207,KOREAN_FOOD,WEDNESDAY,0
3130207,KOREAN_FOOD,THURSDAY,1
3130207,KOREAN_FOOD,FRIDAY,4
3130207,KOREAN_FOOD,SATURDAY,4
3130207,KOREAN_FOOD,SUNDAY,-6
3130208,KOREAN_FOOD,MONDAY,-1
3130208,KOREAN_FOOD,TUESDAY,0
3130208,KOREAN_FOOD,WEDNESDAY,-1
3130208,KOREAN_FOOD,THURSDAY,0
3130208,KOREAN_FOOD,FRIDAY,2
3130208,KOREAN_FOOD,SATURDAY,2
3130208,KOREAN_FOOD,SUNDAY,-1
3130208,CHINESE_FOOD,MONDAY,-5
3130208,CHINESE_FOOD,TUESDAY,2
3130208,CHINESE_FOOD,WEDNESDAY,1
3130208,CHINESE_FOOD,THURSDAY,0
3130208,CHINESE_FOOD,FRIDAY,3
3130208,CHINESE_FOOD,SATURDAY,3
3130208,CHINESE_FOOD,SUNDAY,-3
3130208,JAPANESE_FOOD,MONDAY,-2
3130208,JAPANESE_FOOD,TUESDAY,-2
3130208,JAPANESE_FOOD,WEDNESDAY,0
3130208,JAPANESE_FOOD,THURSDAY,0
3130208,JAPANESE_FOOD,FRIDAY,2
3130208,JAPANESE_FOOD,SATURDAY,2
3130208,JAPANESE_FOOD,SUNDAY,1
3130208,BUNSIK,MONDAY,-6
3130208,BUNSIK,TUESDAY,-6
3130208,BUNSIK,WEDNESDAY,1
3130208,BUNSIK,THURSDAY,1
3130208,BUNSIK,FRIDAY,1
3130208,BUNSIK,SATURDAY,6
3130208,BUNSIK,SUNDAY,6
3130208,CAFE_BEVERAGE,MONDAY,-1
3130208,CAFE_BEVERAGE,TUESDAY,-1
3130208,CAFE_BEVERAGE,WEDNESDAY,-2
3130208,CAFE_BEVERAGE,THURSDAY,-1
3130208,CAFE_BEVERAGE,FRIDAY,-1
3130208,CAFE_BEVERAGE,SATURDAY,4
3130208,CAFE_BEVERAGE,SUNDAY,2
3130208,BAKERY,MONDAY,1
3130208,BAKERY,TUESDAY,-4
3130208,BAKERY,WEDNESDAY,-6
3130208,BAKERY,THURSDAY,0
3130208,BAKERY,FRIDAY,2
3130208,BAKERY,SATURDAY,6
3130208,BAKERY,SUNDAY,4
3130209,KOREAN_FOOD,MONDAY,-5
3130209,KOREAN_FOOD,TUESDAY,0
3130209,KOREAN_FOOD,WEDNESDAY,-3
3130209,KOREAN_FOOD,THURSDAY,0
3130209,KOREAN_FOOD,FRIDAY,2
3130209,KOREAN_FOOD,SATURDAY,4
3130209,KOREAN_FOOD,SUNDAY,2
3130209,CHICKEN,MONDAY,-4
3130209,CHICKEN,TUESDAY,-4
3130209,CHICKEN,WEDNESDAY,-5
3130209,CHICKEN,THURSDAY,-3
3130209,CHICKEN,FRIDAY,3
3130209,CHICKEN,SATURDAY,6
3130209,CHICKEN,SUNDAY,6
3130210,KOREAN_FOOD,MONDAY,-1
3130210,KOREAN_FOOD,TUESDAY,-1
3130210,KOREAN_FOOD,WEDNESDAY,-1
3130210,KOREAN_FOOD,THURSDAY,0
3130210,KOREAN_FOOD,FRIDAY,3
3130210,KOREAN_FOOD,SATURDAY,3
3130210,KOREAN_FOOD,SUNDAY,-2
3130210,BUNSIK,MONDAY,-4
3130210,BUNSIK,TUESDAY,0
3130210,BUNSIK,WEDNESDAY,0
3130210,BUNSIK,THURSDAY,-1
3130210,BUNSIK,FRIDAY,0
3130210,BUNSIK,SATURDAY,4
3130210,BUNSIK,SUNDAY,1
3130210,CAFE_BEVERAGE,MONDAY,-2
3130210,CAFE_BEVERAGE,TUESDAY,-2
3130210,CAFE_BEVERAGE,WEDNESDAY,-1
3130210,CAFE_BEVERAGE,THURSDAY,-2
3130210,CAFE_BEVERAGE,FRIDAY,1
3130210,CAFE_BEVERAGE,SATURDAY,4
3130210,CAFE_BEVERAGE,SUNDAY,2
3130211,KOREAN_FOOD,MONDAY,3
3130211,KOREAN_FOOD,TUESDAY,4
3130211,KOREAN_FOOD,WEDNESDAY,2
3130211,KOREAN_FOOD,THURSDAY,1
3130211,KOREAN_FOOD,FRIDAY,3
3130211,KOREAN_FOOD,SATURDAY,-3
3130211,KOREAN_FOOD,SUNDAY,-6
3130212,KOREAN_FOOD,MONDAY,-2
3130212,KOREAN_FOOD,TUESDAY,1
3130212,KOREAN_FOOD,WEDNESDAY,1
3130212,KOREAN_FOOD,THURSDAY,1
3130212,KOREAN_FOOD,FRIDAY,1
3130212,KOREAN_FOOD,SATURDAY,1
3130212,KOREAN_FOOD,SUNDAY,-2
3130213,KOREAN_FOOD,MONDAY,0
3130213,KOREAN_FOOD,TUESDAY,-3
3130213,KOREAN_FOOD,WEDNESDAY,-2
3130213,KOREAN_FOOD,THURSDAY,-1
3130213,KOREAN_FOOD,FRIDAY,3
3130213,KOREAN_FOOD,SATURDAY,6
3130213,KOREAN_FOOD,SUNDAY,-5
3130213,BUNSIK,MONDAY,-6
3130213,BUNSIK,TUESDAY,-6
3130213,BUNSIK,WEDNESDAY,-3
3130213,BUNSIK,THURSDAY,-1
3130213,BUNSIK,FRIDAY,2
3130213,BUNSIK,SATURDAY,6
3130213,BUNSIK,SUNDAY,6
3130214,KOREAN_FOOD,MONDAY,0
3130214,KOREAN_FOOD,TUESDAY,0
3130214,KOREAN_FOOD,WEDNESDAY,0
3130214,KOREAN_FOOD,THURSDAY,0
3130214,KOREAN_FOOD,FRIDAY,3
3130214,KOREAN_FOOD,SATURDAY,4
3130214,KOREAN_FOOD,SUNDAY,-6
3130214,BUNSIK,MONDAY,0
3130214,BUNSIK,TUESDAY,0
3130214,BUNSIK,WEDNESDAY,1
3130214,BUNSIK,THURSDAY,1
3130214,BUNSIK,FRIDAY,3
3130214,BUNSIK,SATURDAY,5
3130214,BUNSIK,SUNDAY,-6
3130214,CAFE_BEVERAGE,MONDAY,-1
3130214,CAFE_BEVERAGE,TUESDAY,-1
3130214,CAFE_BEVERAGE,WEDNESDAY,0
3130214,CAFE_BEVERAGE,THURSDAY,-1
3130214,CAFE_BEVERAGE,FRIDAY,0
3130214,CAFE_BEVERAGE,SATURDAY,4
3130214,CAFE_BEVERAGE,SUNDAY,0
3130214,BAKERY,MONDAY,0
3130214,BAKERY,TUESDAY,0
3130214,BAKERY,WEDNESDAY,-1
3130214,BAKERY,THURSDAY,-2
3130214,BAKERY,FRIDAY,2
3130214,BAKERY,SATURDAY,3
3130214,BAKERY,SUNDAY,-2
3130216,KOREAN_FOOD,MONDAY,1
3130216,KOREAN_FOOD,TUESDAY,1
3130216,KOREAN_FOOD,WEDNESDAY,1
3130216,KOREAN_FOOD,THURSDAY,1
3130216,KOREAN_FOOD,FRIDAY,4
3130216,KOREAN_FOOD,SATURDAY,0
3130216,KOREAN_FOOD,SUNDAY,-6
3130216,BUNSIK,MONDAY,-3
3130216,BUNSIK,TUESDAY,1
3130216,BUNSIK,WEDNESDAY,0
3130216,BUNSIK,THURSDAY,-1
3130216,BUNSIK,FRIDAY,1
3130216,BUNSIK,SATURDAY,3
3130216,BUNSIK,SUNDAY,-1
3130216,CAFE_BEVERAGE,MONDAY,-1
3130216,CAFE_BEVERAGE,TUESDAY,-2
3130216,CAFE_BEVERAGE,WEDNESDAY,-1
3130216,CAFE_BEVERAGE,THURSDAY,-1
3130216,CAFE_BEVERAGE,FRIDAY,0
3130216,CAFE_BEVERAGE,SATURDAY,4
3130216,CAFE_BEVERAGE,SUNDAY,2
3130217,KOREAN_FOOD,MONDAY,-6
3130217,KOREAN_FOOD,TUESDAY,-1
3130217,KOREAN_FOOD,WEDNESDAY,-1
3130217,KOREAN_FOOD,THURSDAY,-1
3130217,KOREAN_FOOD,FRIDAY,2
3130217,KOREAN_FOOD,SATURDAY,6
3130217,KOREAN_FOOD,SUNDAY,2
3130217,BUNSIK,MONDAY,1
3130217,BUNSIK,TUESDAY,-6
3130217,BUNSIK,WEDNESDAY,0
3130217,BUNSIK,THURSDAY,1
3130217,BUNSIK,FRIDAY,2
3130217,BUNSIK,SATURDAY,6
3130217,BUNSIK,SUNDAY,0
3130218,KOREAN_FOOD,MONDAY,-6
3130218,KOREAN_FOOD,TUESDAY,1
3130218,KOREAN_FOOD,WEDNESDAY,1
3130218,KOREAN_FOOD,THURSDAY,1
3130218,KOREAN_FOOD,FRIDAY,2
3130218,KOREAN_FOOD,SATURDAY,0
3130218,KOREAN_FOOD,SUNDAY,1
3130219,KOREAN_FOOD,MONDAY,0
3130219,KOREAN_FOOD,TUESDAY,0
3130219,KOREAN_FOOD,WEDNESDAY,0
3130219,KOREAN_FOOD,THURSDAY,0
3130219,KOREAN_FOOD,FRIDAY,3
3130219,KOREAN_FOOD,SATURDAY,3
3130219,KOREAN_FOOD,SUNDAY,-5
3130219,FAST_FOOD,MONDAY,-1
3130219,FAST_FOOD,TUESDAY,0
3130219,FAST_FOOD,WEDNESDAY,0
3130219,FAST_FOOD,THURSDAY,-2
3130219,FAST_FOOD,FRIDAY,2
3130219,FAST_FOOD,SATURDAY,1
3130219,FAST_FOOD,SUNDAY,0
3130219,BUNSIK,MONDAY,0
3130219,BUNSIK,TUESDAY,3
3130219,BUNSIK,WEDNESDAY,1
3130219,BUNSIK,THURSDAY,1
3130219,BUNSIK,FRIDAY,2
3130219,BUNSIK,SATURDAY,1
3130219,BUNSIK,SUNDAY,-6
3130219,CAFE_BEVERAGE,MONDAY,-2
3130219,CAFE_BEVERAGE,TUESDAY,-2
3130219,CAFE_BEVERAGE,WEDNESDAY,-2
3130219,CAFE_BEVERAGE,THURSDAY,-2
3130219,CAFE_BEVERAGE,FRIDAY,0
3130219,CAFE_BEVERAGE,SATURDAY,6
3130219,CAFE_BEVERAGE,SUNDAY,1
3130219,BAKERY,MONDAY,1
3130219,BAKERY,TUESDAY,1
3130219,BAKERY,WEDNESDAY,1
3130219,BAKERY,THURSDAY,1
3130219,BAKERY,FRIDAY,2
3130219,BAKERY,SATURDAY,-2
3130219,BAKERY,SUNDAY,-5
3130220,KOREAN_FOOD,MONDAY,1
3130220,KOREAN_FOOD,TUESDAY,3
3130220,KOREAN_FOOD,WEDNESDAY,4
3130220,KOREAN_FOOD,THURSDAY,4
3130220,KOREAN_FOOD,FRIDAY,4
3130220,KOREAN_FOOD,SATURDAY,-6
3130220,KOREAN_FOOD,SUNDAY,-6
3130221,KOREAN_FOOD,MONDAY,-5
3130221,KOREAN_FOOD,TUESDAY,-1
3130221,KOREAN_FOOD,WEDNESDAY,0
3130221,KOREAN_FOOD,THURSDAY,0
3130221,KOREAN_FOOD,FRIDAY,2
3130221,KOREAN_FOOD,SATURDAY,4
3130221,KOREAN_FOOD,SUNDAY,0
3130221,CHICKEN,MONDAY,-3
3130221,CHICKEN,TUESDAY,-4
3130221,CHICKEN,WEDNESDAY,-5
3130221,CHICKEN,THURSDAY,-4
3130221,CHICKEN,FRIDAY,0
3130221,CHICKEN,SATURDAY,6
3130221,CHICKEN,SUNDAY,6
3130221,BUNSIK,MONDAY,-4
3130221,BUNSIK,TUESDAY,1
3130221,BUNSIK,WEDNESDAY,-1
3130221,BUNSIK,THURSDAY,-2
3130221,BUNSIK,FRIDAY,1
3130221,BUNSIK,SATURDAY,6
3130221,BUNSIK,SUNDAY,-1
3130221,CAFE_BEVERAGE,MONDAY,-2
3130221,CAFE_BEVERAGE,TUESDAY,-2
3130221,CAFE_BEVERAGE,WEDNESDAY,-2
3130221,CAFE_BEVERAGE,THURSDAY,-2
3130221,CAFE_BEVERAGE,FRIDAY,0
3130221,CAFE_BEVERAGE,SATURDAY,5
3130221,CAFE_BEVERAGE,SUNDAY,5
3130221,BAKERY,MONDAY,-1
3130221,BAKERY,TUESDAY,-2
3130221,BAKERY,WEDNESDAY,-1
3130221,BAKERY,THURSDAY,-1
3130221,BAKERY,FRIDAY,0
3130221,BAKERY,SATURDAY,3
3130221,BAKERY,SUNDAY,3
3130222,KOREAN_FOOD,MONDAY,4
3130222,KOREAN_FOOD,TUESDAY,3
3130222,KOREAN_FOOD,WEDNESDAY,0
3130222,KOREAN_FOOD,THURSDAY,2
3130222,KOREAN_FOOD,FRIDAY,4
3130222,KOREAN_FOOD,SATURDAY,1
3130222,KOREAN_FOOD,SUNDAY,-6
3130222,BUNSIK,MONDAY,-4
3130222,BUNSIK,TUESDAY,-2
3130222,BUNSIK,WEDNESDAY,-1
3130222,BUNSIK,THURSDAY,-2
3130222,BUNSIK,FRIDAY,1
3130222,BUNSIK,SATURDAY,6
3130222,BUNSIK,SUNDAY,1
3130222,BAKERY,MONDAY,0
3130222,BAKERY,TUESDAY,0
3130222,BAKERY,WEDNESDAY,0
3130222,BAKERY,THURSDAY,0
3130222,BAKERY,FRIDAY,1
3130222,BAKERY,SATURDAY,1
3130222,BAKERY,SUNDAY,-3
3130223,KOREAN_FOOD,MONDAY,0
3130223,KOREAN_FOOD,TUESDAY,-6
3130223,KOREAN_FOOD,WEDNESDAY,0
3130223,KOREAN_FOOD,THURSDAY,0
3130223,KOREAN_FOOD,FRIDAY,2
3130223,KOREAN_FOOD,SATURDAY,3
3130223,KOREAN_FOOD,SUNDAY,3
3130223,BUNSIK,MONDAY,-2
3130223,BUNSIK,TUESDAY,-1
3130223,BUNSIK,WEDNESDAY,1
3130223,BUNSIK,THURSDAY,0
3130223,BUNSIK,FRIDAY,1
3130223,BUNSIK,SATURDAY,6
3130223,BUNSIK,SUNDAY,-6
3130225,KOREAN_FOOD,MONDAY,-1
3130225,KOREAN_FOOD,TUESDAY,0
3130225,KOREAN_FOOD,WEDNESDAY,-3
3130225,KOREAN_FOOD,THURSDAY,-1
3130225,KOREAN_FOOD,FRIDAY,2
3130225,KOREAN_FOOD,SATURDAY,4
3130225,KOREAN_FOOD,SUNDAY,-1
3130225,CHINESE_FOOD,MONDAY,-6
3130225,CHINESE_FOOD,TUESDAY,2
3130225,CHINESE_FOOD,WEDNESDAY,0
3130225,CHINESE_FOOD,THURSDAY,-1
3130225,CHINESE_FOOD,FRIDAY,2
3130225,CHINESE_FOOD,SATURDAY,5
3130225,CHINESE_FOOD,SUNDAY,2
3130225,CHICKEN,MONDAY,-4
3130225,CHICKEN,TUESDAY,1
3130225,CHICKEN,WEDNESDAY,0
3130225,CHICKEN,THURSDAY,0
3130225,CHICKEN,FRIDAY,6
3130225,CHICKEN,SATURDAY,4
3130225,CHICKEN,SUNDAY,-6
3130225,FAST_FOOD,MONDAY,-2
3130225,FAST_FOOD,TUESDAY,-2
3130225,FAST_FOOD,WEDNESDAY,-2
3130225,FAST_FOOD,THURSDAY,-1
3130225,FAST_FOOD,FRIDAY,1
3130225,FAST_FOOD,SATURDAY,3
3130225,FAST_FOOD,SUNDAY,2
3130225,BUNSIK,MONDAY,-2
3130225,BUNSIK,TUESDAY,0
3130225,BUNSIK,WEDNESDAY,0
3130225,BUNSIK,THURSDAY,-6
3130225,BUNSIK,FRIDAY,3
3130225,BUNSIK,SATURDAY,3
3130225,BUNSIK,SUNDAY,3
3130225,CAFE_BEVERAGE,MONDAY,-2
3130225,CAFE_BEVERAGE,TUESDAY,-2
3130225,CAFE_BEVERAGE,WEDNESDAY,-2
3130225,CAFE_BEVERAGE,THURSDAY,-1
3130225,CAFE_BEVERAGE,FRIDAY,-1
3130225,CAFE_BEVERAGE,SATURDAY,4
3130225,CAFE_BEVERAGE,SUNDAY,3
3130225,BAKERY,MONDAY,-1
3130225,BAKERY,TUESDAY,0
3130225,BAKERY,WEDNESDAY,0
3130225,BAKERY,THURSDAY,-1
3130225,BAKERY,FRIDAY,0
3130225,BAKERY,SATURDAY,2
3130225,BAKERY,SUNDAY,0
3130227,KOREAN_FOOD,MONDAY,-1
3130227,KOREAN_FOOD,TUESDAY,1
3130227,KOREAN_FOOD,WEDNESDAY,-1
3130227,KOREAN_FOOD,THURSDAY,0
3130227,KOREAN_FOOD,FRIDAY,2
3130227,KOREAN_FOOD,SATURDAY,4
3130227,KOREAN_FOOD,SUNDAY,-5
3130227,BUNSIK,MONDAY,-2
3130227,BUNSIK,TUESDAY,-1
3130227,BUNSIK,WEDNESDAY,-6
3130227,BUNSIK,THURSDAY,-1
3130227,BUNSIK,FRIDAY,1
3130227,BUNSIK,SATURDAY,4
3130227,BUNSIK,SUNDAY,3
3130227,CAFE_BEVERAGE,MONDAY,-1
3130227,CAFE_BEVERAGE,TUESDAY,-2
3130227,CAFE_BEVERAGE,WEDNESDAY,-2
3130227,CAFE_BEVERAGE,THURSDAY,-2
3130227,CAFE_BEVERAGE,FRIDAY,0
3130227,CAFE_BEVERAGE,SATURDAY,4
3130227,CAFE_BEVERAGE,SUNDAY,4
3130228,KOREAN_FOOD,MONDAY,-2
3130228,KOREAN_FOOD,TUESDAY,2
3130228,KOREAN_FOOD,WEDNESDAY,1
3130228,KOREAN_FOOD,THURSDAY,2
3130228,KOREAN_FOOD,FRIDAY,0
3130228,KOREAN_FOOD,SATURDAY,-1
3130228,KOREAN_FOOD,SUNDAY,-2
3130228,CAFE_BEVERAGE,MONDAY,3
3130228,CAFE_BEVERAGE,TUESDAY,0
3130228,CAFE_BEVERAGE,WEDNESDAY,6
3130228,CAFE_BEVERAGE,THURSDAY,3
3130228,CAFE_BEVERAGE,FRIDAY,1
3130228,CAFE_BEVERAGE,SATURDAY,-3
3130228,CAFE_BEVERAGE,SUNDAY,-6
3130229,KOREAN_FOOD,MONDAY,-2
3130229,KOREAN_FOOD,TUESDAY,0
3130229,KOREAN_FOOD,WEDNESDAY,0
3130229,KOREAN_FOOD,THURSDAY,-1
3130229,KOREAN_FOOD,FRIDAY,0
3130229,KOREAN_FOOD,SATURDAY,2
3130229,KOREAN_FOOD,SUNDAY,0
3130229,CHINESE_FOOD,MONDAY,-3
3130229,CHINESE_FOOD,TUESDAY,-2
3130229,CHINESE_FOOD,WEDNESDAY,-4
3130229,CHINESE_FOOD,THURSDAY,-3
3130229,CHINESE_FOOD,FRIDAY,-3
3130229,CHINESE_FOOD,SATURDAY,5
3130229,CHINESE_FOOD,SUNDAY,6
3130229,BUNSIK,MONDAY,1
3130229,BUNSIK,TUESDAY,6
3130229,BUNSIK,WEDNESDAY,5
3130229,BUNSIK,THURSDAY,4
3130229,BUNSIK,FRIDAY,2
3130229,BUNSIK,SATURDAY,-5
3130229,BUNSIK,SUNDAY,-6
3130229,BAKERY,MONDAY,1
3130229,BAKERY,TUESDAY,1
3130229,BAKERY,WEDNESDAY,1
3130229,BAKERY,THURSDAY,2
3130229,BAKERY,FRIDAY,1
3130229,BAKERY,SATURDAY,-1
3130229,BAKERY,SUNDAY,-4
3130231,KOREAN_FOOD,MONDAY,-5
3130231,KOREAN_FOOD,TUESDAY,-4
3130231,KOREAN_FOOD,WEDNESDAY,-3
3130231,KOREAN_FOOD,THURSDAY,-4
3130231,KOREAN_FOOD,FRIDAY,-1
3130231,KOREAN_FOOD,SATURDAY,6
3130231,KOREAN_FOOD,SUNDAY,6
3130232,KOREAN_FOOD,MONDAY,-4
3130232,KOREAN_FOOD,TUESDAY,-3
3130232,KOREAN_FOOD,WEDNESDAY,-1
3130232,KOREAN_FOOD,THURSDAY,-1
3130232,KOREAN_FOOD,FRIDAY,4
3130232,KOREAN_FOOD,SATURDAY,6
3130232,KOREAN_FOOD,SUNDAY,-2
3130232,CHICKEN,MONDAY,-5
3130232,CHICKEN,TUESDAY,-1
3130232,CHICKEN,WEDNESDAY,-3
3130232,CHICKEN,THURSDAY,-3
3130232,CHICKEN,FRIDAY,3
3130232,CHICKEN,SATURDAY,5
3130232,CHICKEN,SUNDAY,5
3130233,KOREAN_FOOD,MONDAY,-3
3130233,KOREAN_FOOD,TUESDAY,-3
3130233,KOREAN_FOOD,WEDNESDAY,-1
3130233,KOREAN_FOOD,THURSDAY,-1
3130233,KOREAN_FOOD,FRIDAY,1
3130233,KOREAN_FOOD,SATURDAY,5
3130233,KOREAN_FOOD,SUNDAY,2
3130233,CHINESE_FOOD,MONDAY,-5
3130233,CHINESE_FOOD,TUESDAY,-3
3130233,CHINESE_FOOD,WEDNESDAY,-1
3130233,CHINESE_FOOD,THURSDAY,-1
3130233,CHINESE_FOOD,FRIDAY,-1
3130233,CHINESE_FOOD,SATURDAY,6
3130233,CHINESE_FOOD,SUNDAY,5
3130233,BUNSIK,MONDAY,-2
3130233,BUNSIK,TUESDAY,-3
3130233,BUNSIK,WEDNESDAY,-2
3130233,BUNSIK,THURSDAY,-1
3130233,BUNSIK,FRIDAY,-1
3130233,BUNSIK,SATURDAY,4
3130233,BUNSIK,SUNDAY,6
3130235,KOREAN_FOOD,MONDAY,-3
3130235,KOREAN_FOOD,TUESDAY,-2
3130235,KOREAN_FOOD,WEDNESDAY,-2
3130235,KOREAN_FOOD,THURSDAY,-1
3130235,KOREAN_FOOD,FRIDAY,3
3130235,KOREAN_FOOD,SATURDAY,4
3130235,KOREAN_FOOD,SUNDAY,1
3130235,FAST_FOOD,MONDAY,1
3130235,FAST_FOOD,TUESDAY,0
3130235,FAST_FOOD,WEDNESDAY,0
3130235,FAST_FOOD,THURSDAY,0
3130235,FAST_FOOD,FRIDAY,2
3130235,FAST_FOOD,SATURDAY,0
3130235,FAST_FOOD,SUNDAY,-4
3130235,BUNSIK,MONDAY,1
3130235,BUNSIK,TUESDAY,1
3130235,BUNSIK,WEDNESDAY,1
3130235,BUNSIK,THURSDAY,0
3130235,BUNSIK,FRIDAY,4
3130235,BUNSIK,SATURDAY,4
3130235,BUNSIK,SUNDAY,-6
3130235,CAFE_BEVERAGE,MONDAY,-1
3130235,CAFE_BEVERAGE,TUESDAY,-1
3130235,CAFE_BEVERAGE,WEDNESDAY,-1
3130235,CAFE_BEVERAGE,THURSDAY,0
3130235,CAFE_BEVERAGE,FRIDAY,1
3130235,CAFE_BEVERAGE,SATURDAY,3
3130235,CAFE_BEVERAGE,SUNDAY,-1
3130236,KOREAN_FOOD,MONDAY,-2
3130236,KOREAN_FOOD,TUESDAY,-2
3130236,KOREAN_FOOD,WEDNESDAY,-2
3130236,KOREAN_FOOD,THURSDAY,0
3130236,KOREAN_FOOD,FRIDAY,2
3130236,KOREAN_FOOD,SATURDAY,6
3130236,KOREAN_FOOD,SUNDAY,-3
3130236,CHINESE_FOOD,MONDAY,-6
3130236,CHINESE_FOOD,TUESDAY,-4
3130236,CHINESE_FOOD,WEDNESDAY,-6
3130236,CHINESE_FOOD,THURSDAY,-1
3130236,CHINESE_FOOD,FRIDAY,-1
3130236,CHINESE_FOOD,SATURDAY,6
3130236,CHINESE_FOOD,SUNDAY,6
3130236,CHICKEN,MONDAY,-6
3130236,CHICKEN,TUESDAY,2
3130236,CHICKEN,WEDNESDAY,1
3130236,CHICKEN,THURSDAY,-1
3130236,CHICKEN,FRIDAY,5
3130236,CHICKEN,SATURDAY,4
3130236,CHICKEN,SUNDAY,3
3130236,BUNSIK,MONDAY,1
3130236,BUNSIK,TUESDAY,0
3130236,BUNSIK,WEDNESDAY,-1
3130236,BUNSIK,THURSDAY,-6
3130236,BUNSIK,FRIDAY,-1
3130236,BUNSIK,SATURDAY,5
3130236,BUNSIK,SUNDAY,2
3130236,CAFE_BEVERAGE,MONDAY,-1
3130236,CAFE_BEVERAGE,TUESDAY,-2
3130236,CAFE_BEVERAGE,WEDNESDAY,-2
3130236,CAFE_BEVERAGE,THURSDAY,-1
3130236,CAFE_BEVERAGE,FRIDAY,0
3130236,CAFE_BEVERAGE,SATURDAY,3
3130236,CAFE_BEVERAGE,SUNDAY,4
3130236,BAKERY,MONDAY,-1
3130236,BAKERY,TUESDAY,0
3130236,BAKERY,WEDNESDAY,-1
3130236,BAKERY,THURSDAY,-1
3130236,BAKERY,FRIDAY,0
3130236,BAKERY,SATURDAY,2
3130236,BAKERY,SUNDAY,0
3130238,KOREAN_FOOD,MONDAY,0
3130238,KOREAN_FOOD,TUESDAY,0
3130238,KOREAN_FOOD,WEDNESDAY,-6
3130238,KOREAN_FOOD,THURSDAY,2
3130238,KOREAN_FOOD,FRIDAY,3
3130238,KOREAN_FOOD,SATURDAY,5
3130238,KOREAN_FOOD,SUNDAY,-3
3130238,CHICKEN,MONDAY,-6
3130238,CHICKEN,TUESDAY,-3
3130238,CHICKEN,WEDNESDAY,-2
3130238,CHICKEN,THURSDAY,0
3130238,CHICKEN,FRIDAY,6
3130238,CHICKEN,SATURDAY,5
3130238,CHICKEN,SUNDAY,1
3130238,BUNSIK,MONDAY,-2
3130238,BUNSIK,TUESDAY,-1
3130238,BUNSIK,WEDNESDAY,0
3130238,BUNSIK,THURSDAY,1
3130238,BUNSIK,FRIDAY,1
3130238,BUNSIK,SATURDAY,1
3130238,BUNSIK,SUNDAY,0
3130238,CAFE_BEVERAGE,MONDAY,-2
3130238,CAFE_BEVERAGE,TUESDAY,-2
3130238,CAFE_BEVERAGE,WEDNESDAY,-1
3130238,CAFE_BEVERAGE,THURSDAY,-2
3130238,CAFE_BEVERAGE,FRIDAY,0
3130238,CAFE_BEVERAGE,SATURDAY,5
3130238,CAFE_BEVERAGE,SUNDAY,1
3130238,BAKERY,MONDAY,1
3130238,BAKERY,TUESDAY,0
3130238,BAKERY,WEDNESDAY,0
3130238,BAKERY,THURSDAY,0
3130238,BAKERY,FRIDAY,-1
3130238,BAKERY,SATURDAY,2
3130238,BAKERY,SUNDAY,-2
3130240,KOREAN_FOOD,MONDAY,3
3130240,KOREAN_FOOD,TUESDAY,2
3130240,KOREAN_FOOD,WEDNESDAY,3
3130240,KOREAN_FOOD,THURSDAY,3
3130240,KOREAN_FOOD,FRIDAY,3
3130240,KOREAN_FOOD,SATURDAY,-6
3130240,KOREAN_FOOD,SUNDAY,-6
3130240,CHINESE_FOOD,MONDAY,5
3130240,CHINESE_FOOD,TUESDAY,6
3130240,CHINESE_FOOD,WEDNESDAY,6
3130240,CHINESE_FOOD,THURSDAY,6
3130240,CHINESE_FOOD,FRIDAY,6
3130240,CHINESE_FOOD,SATURDAY,-6
3130240,CHINESE_FOOD,SUNDAY,-6
3130240,CAFE_BEVERAGE,MONDAY,6
3130240,CAFE_BEVERAGE,TUESDAY,6
3130240,CAFE_BEVERAGE,WEDNESDAY,6
3130240,CAFE_BEVERAGE,THURSDAY,6
3130240,CAFE_BEVERAGE,FRIDAY,6
3130240,CAFE_BEVERAGE,SATURDAY,-6
3130240,CAFE_BEVERAGE,SUNDAY,-6
3130241,KOREAN_FOOD,MONDAY,2
3130241,KOREAN_FOOD,TUESDAY,3
3130241,KOREAN_FOOD,WEDNESDAY,3
3130241,KOREAN_FOOD,THURSDAY,3
3130241,KOREAN_FOOD,FRIDAY,4
3130241,KOREAN_FOOD,SATURDAY,-6
3130241,KOREAN_FOOD,SUNDAY,-6
3130241,CHINESE_FOOD,MONDAY,1
3130241,CHINESE_FOOD,TUESDAY,4
3130241,CHINESE_FOOD,WEDNESDAY,5
3130241,CHINESE_FOOD,THURSDAY,6
3130241,CHINESE_FOOD,FRIDAY,6
3130241,CHINESE_FOOD,SATURDAY,-6
3130241,CHINESE_FOOD,SUNDAY,-6
3130241,JAPANESE_FOOD,MONDAY,6
3130241,JAPANESE_FOOD,TUESDAY,6
3130241,JAPANESE_FOOD,WEDNESDAY,6
3130241,JAPANESE_FOOD,THURSDAY,6
3130241,JAPANESE_FOOD,FRIDAY,6
3130241,JAPANESE_FOOD,SATURDAY,-6
3130241,JAPANESE_FOOD,SUNDAY,-6
3130241,BUNSIK,MONDAY,0
3130241,BUNSIK,TUESDAY,5
3130241,BUNSIK,WEDNESDAY,5
3130241,BUNSIK,THURSDAY,5
3130241,BUNSIK,FRIDAY,4
3130241,BUNSIK,SATURDAY,-6
3130241,BUNSIK,SUNDAY,-6
3130241,CAFE_BEVERAGE,MONDAY,3
3130241,CAFE_BEVERAGE,TUESDAY,4
3130241,CAFE_BEVERAGE,WEDNESDAY,4
3130241,CAFE_BEVERAGE,THURSDAY,5
3130241,CAFE_BEVERAGE,FRIDAY,4
3130241,CAFE_BEVERAGE,SATURDAY,-6
3130241,CAFE_BEVERAGE,SUNDAY,-6
3130242,CHINESE_FOOD,MONDAY,-2
3130242,CHINESE_FOOD,TUESDAY,-2
3130242,CHINESE_FOOD,WEDNESDAY,-3
3130242,CHINESE_FOOD,THURSDAY,-4
3130242,CHINESE_FOOD,FRIDAY,-3
3130242,CHINESE_FOOD,SATURDAY,5
3130242,CHINESE_FOOD,SUNDAY,6
3130244,KOREAN_FOOD,MONDAY,-2
3130244,KOREAN_FOOD,TUESDAY,-4
3130244,KOREAN_FOOD,WEDNESDAY,-4
3130244,KOREAN_FOOD,THURSDAY,-3
3130244,KOREAN_FOOD,FRIDAY,-2
3130244,KOREAN_FOOD,SATURDAY,6
3130244,KOREAN_FOOD,SUNDAY,6
3130244,CHINESE_FOOD,MONDAY,-2
3130244,CHINESE_FOOD,TUESDAY,-3
3130244,CHINESE_FOOD,WEDNESDAY,-3
3130244,CHINESE_FOOD,THURSDAY,-4
3130244,CHINESE_FOOD,FRIDAY,-3
3130244,CHINESE_FOOD,SATURDAY,5
3130244,CHINESE_FOOD,SUNDAY,6
3130246,KOREAN_FOOD,MONDAY,3
3130246,KOREAN_FOOD,TUESDAY,2
3130246,KOREAN_FOOD,WEDNESDAY,3
3130246,KOREAN_FOOD,THURSDAY,2
3130246,KOREAN_FOOD,FRIDAY,5
3130246,KOREAN_FOOD,SATURDAY,-5
3130246,KOREAN_FOOD,SUNDAY,-6
3130247,KOREAN_FOOD,MONDAY,-4
3130247,KOREAN_FOOD,TUESDAY,-2
3130247,KOREAN_FOOD,WEDNESDAY,-2
3130247,KOREAN_FOOD,THURSDAY,-3
3130247,KOREAN_FOOD,FRIDAY,0
3130247,KOREAN_FOOD,SATURDAY,6
3130247,KOREAN_FOOD,SUNDAY,5
3130247,BUNSIK,MONDAY,2
3130247,BUNSIK,TUESDAY,0
3130247,BUNSIK,WEDNESDAY,-6
3130247,BUNSIK,THURSDAY,1
3130247,BUNSIK,FRIDAY,1
3130247,BUNSIK,SATURDAY,6
3130247,BUNSIK,SUNDAY,-3
3130248,KOREAN_FOOD,MONDAY,-1
3130248,KOREAN_FOOD,TUESDAY,0
3130248,KOREAN_FOOD,WEDNESDAY,-2
3130248,KOREAN_FOOD,THURSDAY,0
3130248,KOREAN_FOOD,FRIDAY,3
3130248,KOREAN_FOOD,SATURDAY,3
3130248,KOREAN_FOOD,SUNDAY,-4
3130248,CHICKEN,MONDAY,-5
3130248,CHICKEN,TUESDAY,-1
3130248,CHICKEN,WEDNESDAY,-1
3130248,CHICKEN,THURSDAY,-1
3130248,CHICKEN,FRIDAY,5
3130248,CHICKEN,SATURDAY,4
3130248,CHICKEN,SUNDAY,-1
3130248,FAST_FOOD,MONDAY,-2
3130248,FAST_FOOD,TUESDAY,-2
3130248,FAST_FOOD,WEDNESDAY,-2
3130248,FAST_FOOD,THURSDAY,-1
3130248,FAST_FOOD,FRIDAY,2
3130248,FAST_FOOD,SATURDAY,4
3130248,FAST_FOOD,SUNDAY,2
3130248,BUNSIK,MONDAY,1
3130248,BUNSIK,TUESDAY,0
3130248,BUNSIK,WEDNESDAY,0
3130248,BUNSIK,THURSDAY,-1
3130248,BUNSIK,FRIDAY,1
3130248,BUNSIK,SATURDAY,3
3130248,BUNSIK,SUNDAY,-4
3130248,CAFE_BEVERAGE,MONDAY,-2
3130248,CAFE_BEVERAGE,TUESDAY,-1
3130248,CAFE_BEVERAGE,WEDNESDAY,0
3130248,CAFE_BEVERAGE,THURSDAY,-1
3130248,CAFE_BEVERAGE,FRIDAY,2
3130248,CAFE_BEVERAGE,SATURDAY,3
3130248,CAFE_BEVERAGE,SUNDAY,0
3130249,KOREAN_FOOD,MONDAY,-6
3130249,KOREAN_FOOD,TUESDAY,-1
3130249,KOREAN_FOOD,WEDNESDAY,-1
3130249,KOREAN_FOOD,THURSDAY,-2
3130249,KOREAN_FOOD,FRIDAY,-1
3130249,KOREAN_FOOD,SATURDAY,5
3130249,KOREAN_FOOD,SUNDAY,6
3130250,KOREAN_FOOD,MONDAY,-6
3130250,KOREAN_FOOD,TUESDAY,-5
3130250,KOREAN_FOOD,WEDNESDAY,-3
3130250,KOREAN_FOOD,THURSDAY,-2
3130250,KOREAN_FOOD,FRIDAY,-3
3130250,KOREAN_FOOD,SATURDAY,6
3130250,KOREAN_FOOD,SUNDAY,6
3130253,KOREAN_FOOD,MONDAY,-6
3130253,KOREAN_FOOD,TUESDAY,-4
3130253,KOREAN_FOOD,WEDNESDAY,-3
3130253,KOREAN_FOOD,THURSDAY,-2
3130253,KOREAN_FOOD,FRIDAY,-2
3130253,KOREAN_FOOD,SATURDAY,6
3130253,KOREAN_FOOD,SUNDAY,6
3130255,KOREAN_FOOD,MONDAY,-1
3130255,KOREAN_FOOD,TUESDAY,0
3130255,KOREAN_FOOD,WEDNESDAY,0
3130255,KOREAN_FOOD,THURSDAY,0
3130255,KOREAN_FOOD,FRIDAY,2
3130255,KOREAN_FOOD,SATURDAY,2
3130255,KOREAN_FOOD,SUNDAY,-5
3130257,KOREAN_FOOD,MONDAY,-6
3130257,KOREAN_FOOD,TUESDAY,2
3130257,KOREAN_FOOD,WEDNESDAY,4
3130257,KOREAN_FOOD,THURSDAY,3
3130257,KOREAN_FOOD,FRIDAY,6
3130257,KOREAN_FOOD,SATURDAY,6
3130257,KOREAN_FOOD,SUNDAY,-6
3130257,CAFE_BEVERAGE,MONDAY,0
3130257,CAFE_BEVERAGE,TUESDAY,1
3130257,CAFE_BEVERAGE,WEDNESDAY,1
3130257,CAFE_BEVERAGE,THURSDAY,1
3130257,CAFE_BEVERAGE,FRIDAY,2
3130257,CAFE_BEVERAGE,SATURDAY,-1
3130257,CAFE_BEVERAGE,SUNDAY,-4
3130260,KOREAN_FOOD,MONDAY,-1
3130260,KOREAN_FOOD,TUESDAY,0
3130260,KOREAN_FOOD,WEDNESDAY,2
3130260,KOREAN_FOOD,THURSDAY,-1
3130260,KOREAN_FOOD,FRIDAY,1
3130260,KOREAN_FOOD,SATURDAY,0
3130260,KOREAN_FOOD,SUNDAY,1
3130260,BUNSIK,MONDAY,-1
3130260,BUNSIK,TUESDAY,-2
3130260,BUNSIK,WEDNESDAY,3
3130260,BUNSIK,THURSDAY,-2
3130260,BUNSIK,FRIDAY,-2
3130260,BUNSIK,SATURDAY,0
3130260,BUNSIK,SUNDAY,4
3130260,CAFE_BEVERAGE,MONDAY,-1
3130260,CAFE_BEVERAGE,TUESDAY,-1
3130260,CAFE_BEVERAGE,WEDNESDAY,1
3130260,CAFE_BEVERAGE,THURSDAY,-1
3130260,CAFE_BEVERAGE,FRIDAY,-1
3130260,CAFE_BEVERAGE,SATURDAY,0
3130260,CAFE_BEVERAGE,SUNDAY,4
3130261,KOREAN_FOOD,MONDAY,-1
3130261,KOREAN_FOOD,TUESDAY,-1
3130261,KOREAN_FOOD,WEDNESDAY,-1
3130261,KOREAN_FOOD,THURSDAY,-1
3130261,KOREAN_FOOD,FRIDAY,2
3130261,KOREAN_FOOD,SATURDAY,3
3130261,KOREAN_FOOD,SUNDAY,-1
3130261,CHINESE_FOOD,MONDAY,1
3130261,CHINESE_FOOD,TUESDAY,-2
3130261,CHINESE_FOOD,WEDNESDAY,-1
3130261,CHINESE_FOOD,THURSDAY,0
3130261,CHINESE_FOOD,FRIDAY,0
3130261,CHINESE_FOOD,SATURDAY,1
3130261,CHINESE_FOOD,SUNDAY,1
3130261,CHICKEN,MONDAY,-6
3130261,CHICKEN,TUESDAY,0
3130261,CHICKEN,WEDNESDAY,-1
3130261,CHICKEN,THURSDAY,-3
3130261,CHICKEN,FRIDAY,5
3130261,CHICKEN,SATURDAY,4
3130261,CHICKEN,SUNDAY,2
3130261,BUNSIK,MONDAY,1
3130261,BUNSIK,TUESDAY,0
3130261,BUNSIK,WEDNESDAY,1
3130261,BUNSIK,THURSDAY,0
3130261,BUNSIK,FRIDAY,1
3130261,BUNSIK,SATURDAY,1
3130261,BUNSIK,SUNDAY,-5
3130261,CAFE_BEVERAGE,MONDAY,-2
3130261,CAFE_BEVERAGE,TUESDAY,-2
3130261,CAFE_BEVERAGE,WEDNESDAY,-2
3130261,CAFE_BEVERAGE,THURSDAY,-1
3130261,CAFE_BEVERAGE,FRIDAY,0
3130261,CAFE_BEVERAGE,SATURDAY,3
3130261,CAFE_BEVERAGE,SUNDAY,4
3130261,BAKERY,MONDAY,0
3130261,BAKERY,TUESDAY,0
3130261,BAKERY,WEDNESDAY,-1
3130261,BAKERY,THURSDAY,-1
3130261,BAKERY,FRIDAY,0
3130261,BAKERY,SATURDAY,2
3130261,BAKERY,SUNDAY,1
3130262,KOREAN_FOOD,MONDAY,-2
3130262,KOREAN_FOOD,TUESDAY,0
3130262,KOREAN_FOOD,WEDNESDAY,0
3130262,KOREAN_FOOD,THURSDAY,-1
3130262,KOREAN_FOOD,FRIDAY,2
3130262,KOREAN_FOOD,SATURDAY,3
3130262,KOREAN_FOOD,SUNDAY,-1
3130263,KOREAN_FOOD,MONDAY,-1
3130263,KOREAN_FOOD,TUESDAY,0
3130263,KOREAN_FOOD,WEDNESDAY,0
3130263,KOREAN_FOOD,THURSDAY,0
3130263,KOREAN_FOOD,FRIDAY,3
3130263,KOREAN_FOOD,SATURDAY,3
3130263,KOREAN_FOOD,SUNDAY,-5
3130264,KOREAN_FOOD,MONDAY,2
3130264,KOREAN_FOOD,TUESDAY,3
3130264,KOREAN_FOOD,WEDNESDAY,3
3130264,KOREAN_FOOD,THURSDAY,2
3130264,KOREAN_FOOD,FRIDAY,3
3130264,KOREAN_FOOD,SATURDAY,-4
3130264,KOREAN_FOOD,SUNDAY,-6
3130264,CAFE_BEVERAGE,MONDAY,0
3130264,CAFE_BEVERAGE,TUESDAY,-2
3130264,CAFE_BEVERAGE,WEDNESDAY,-2
3130264,CAFE_BEVERAGE,THURSDAY,-3
3130264,CAFE_BEVERAGE,FRIDAY,-1
3130264,CAFE_BEVERAGE,SATURDAY,4
3130264,CAFE_BEVERAGE,SUNDAY,4
3130265,KOREAN_FOOD,MONDAY,0
3130265,KOREAN_FOOD,TUESDAY,-1
3130265,KOREAN_FOOD,WEDNESDAY,0
3130265,KOREAN_FOOD,THURSDAY,-1
3130265,KOREAN_FOOD,FRIDAY,1
3130265,KOREAN_FOOD,SATURDAY,1
3130265,KOREAN_FOOD,SUNDAY,-1
3130265,CHINESE_FOOD,MONDAY,-6
3130265,CHINESE_FOOD,TUESDAY,-1
3130265,CHINESE_FOOD,WEDNESDAY,2
3130265,CHINESE_FOOD,THURSDAY,2
3130265,CHINESE_FOOD,FRIDAY,3
3130265,CHINESE_FOOD,SATURDAY,6
3130265,CHINESE_FOOD,SUNDAY,-1
3130265,BUNSIK,MONDAY,-6
3130265,BUNSIK,TUESDAY,0
3130265,BUNSIK,WEDNESDAY,0
3130265,BUNSIK,THURSDAY,-1
3130265,BUNSIK,FRIDAY,3
3130265,BUNSIK,SATURDAY,2
3130265,BUNSIK,SUNDAY,3
3130265,CAFE_BEVERAGE,MONDAY,0
3130265,CAFE_BEVERAGE,TUESDAY,-1
3130265,CAFE_BEVERAGE,WEDNESDAY,-1
3130265,CAFE_BEVERAGE,THURSDAY,-1
3130265,CAFE_BEVERAGE,FRIDAY,0
3130265,CAFE_BEVERAGE,SATURDAY,3
3130265,CAFE_BEVERAGE,SUNDAY,1
3130266,KOREAN_FOOD,MONDAY,-1
3130266,KOREAN_FOOD,TUESDAY,-2
3130266,KOREAN_FOOD,WEDNESDAY,0
3130266,KOREAN_FOOD,THURSDAY,0
3130266,KOREAN_FOOD,FRIDAY,2
3130266,KOREAN_FOOD,SATURDAY,-1
3130266,KOREAN_FOOD,SUNDAY,1
3130266,BUNSIK,MONDAY,-6
3130266,BUNSIK,TUESDAY,-6
3130266,BUNSIK,WEDNESDAY,1
3130266,BUNSIK,THURSDAY,2
3130266,BUNSIK,FRIDAY,3
3130266,BUNSIK,SATURDAY,5
3130266,BUNSIK,SUNDAY,4
3130268,KOREAN_FOOD,MONDAY,-1
3130268,KOREAN_FOOD,TUESDAY,-3
3130268,KOREAN_FOOD,WEDNESDAY,0
3130268,KOREAN_FOOD,THURSDAY,0
3130268,KOREAN_FOOD,FRIDAY,1
3130268,KOREAN_FOOD,SATURDAY,3
3130268,KOREAN_FOOD,SUNDAY,-1
3130268,BUNSIK,MONDAY,-1
3130268,BUNSIK,TUESDAY,0
3130268,BUNSIK,WEDNESDAY,-1
3130268,BUNSIK,THURSDAY,1
3130268,BUNSIK,FRIDAY,1
3130268,BUNSIK,SATURDAY,-1
3130268,BUNSIK,SUNDAY,-1
3130268,CAFE_BEVERAGE,MONDAY,-6
3130268,CAFE_BEVERAGE,TUESDAY,-1
3130268,CAFE_BEVERAGE,WEDNESDAY,0
3130268,CAFE_BEVERAGE,THURSDAY,1
3130268,CAFE_BEVERAGE,FRIDAY,4
3130268,CAFE_BEVERAGE,SATURDAY,6
3130268,CAFE_BEVERAGE,SUNDAY,2
3130269,KOREAN_FOOD,MONDAY,-2
3130269,KOREAN_FOOD,TUESDAY,1
3130269,KOREAN_FOOD,WEDNESDAY,1
3130269,KOREAN_FOOD,THURSDAY,1
3130269,KOREAN_FOOD,FRIDAY,4
3130269,KOREAN_FOOD,SATURDAY,4
3130269,KOREAN_FOOD,SUNDAY,-6
3130270,KOREAN_FOOD,MONDAY,1
3130270,KOREAN_FOOD,TUESDAY,4
3130270,KOREAN_FOOD,WEDNESDAY,4
3130270,KOREAN_FOOD,THURSDAY,4
3130270,KOREAN_FOOD,FRIDAY,5
3130270,KOREAN_FOOD,SATURDAY,-2
3130270,KOREAN_FOOD,SUNDAY,-6
3130271,KOREAN_FOOD,MONDAY,3
3130271,KOREAN_FOOD,TUESDAY,1
3130271,KOREAN_FOOD,WEDNESDAY,2
3130271,KOREAN_FOOD,THURSDAY,2
3130271,KOREAN_FOOD,FRIDAY,4
3130271,KOREAN_FOOD,SATURDAY,2
3130271,KOREAN_FOOD,SUNDAY,-6
3130271,CHICKEN,MONDAY,-6
3130271,CHICKEN,TUESDAY,1
3130271,CHICKEN,WEDNESDAY,-6
3130271,CHICKEN,THURSDAY,1
3130271,CHICKEN,FRIDAY,6
3130271,CHICKEN,SATURDAY,5
3130271,CHICKEN,SUNDAY,2
3130271,FAST_FOOD,MONDAY,-3
3130271,FAST_FOOD,TUESDAY,0
3130271,FAST_FOOD,WEDNESDAY,-1
3130271,FAST_FOOD,THURSDAY,-1
3130271,FAST_FOOD,FRIDAY,0
3130271,FAST_FOOD,SATURDAY,5
3130271,FAST_FOOD,SUNDAY,0
3130271,BUNSIK,MONDAY,0
3130271,BUNSIK,TUESDAY,-6
3130271,BUNSIK,WEDNESDAY,1
3130271,BUNSIK,THURSDAY,1
3130271,BUNSIK,FRIDAY,2
3130271,BUNSIK,SATURDAY,5
3130271,BUNSIK,SUNDAY,0
3130271,BAKERY,MONDAY,-1
3130271,BAKERY,TUESDAY,-1
3130271,BAKERY,WEDNESDAY,2
3130271,BAKERY,THURSDAY,0
3130271,BAKERY,FRIDAY,2
3130271,BAKERY,SATURDAY,3
3130271,BAKERY,SUNDAY,-4
3130273,KOREAN_FOOD,MONDAY,-3
3130273,KOREAN_FOOD,TUESDAY,-1
3130273,KOREAN_FOOD,WEDNESDAY,-1
3130273,KOREAN_FOOD,THURSDAY,-1
3130273,KOREAN_FOOD,FRIDAY,2
3130273,KOREAN_FOOD,SATURDAY,4
3130273,KOREAN_FOOD,SUNDAY,0
3130273,CHINESE_FOOD,MONDAY,-1
3130273,CHINESE_FOOD,TUESDAY,-1
3130273,CHINESE_FOOD,WEDNESDAY,-1
3130273,CHINESE_FOOD,THURSDAY,-2
3130273,CHINESE_FOOD,FRIDAY,1
3130273,CHINESE_FOOD,SATURDAY,1
3130273,CHINESE_FOOD,SUNDAY,2
3130273,JAPANESE_FOOD,MONDAY,-2
3130273,JAPANESE_FOOD,TUESDAY,-2
3130273,JAPANESE_FOOD,WEDNESDAY,-1
3130273,JAPANESE_FOOD,THURSDAY,-2
3130273,JAPANESE_FOOD,FRIDAY,2
3130273,JAPANESE_FOOD,SATURDAY,6
3130273,JAPANESE_FOOD,SUNDAY,-1
3130273,CHICKEN,MONDAY,-6
3130273,CHICKEN,TUESDAY,-2
3130273,CHICKEN,WEDNESDAY,-1
3130273,CHICKEN,THURSDAY,-1
3130273,CHICKEN,FRIDAY,4
3130273,CHICKEN,SATURDAY,6
3130273,CHICKEN,SUNDAY,4
3130273,FAST_FOOD,MONDAY,-5
3130273,FAST_FOOD,TUESDAY,-1
3130273,FAST_FOOD,WEDNESDAY,-1
3130273,FAST_FOOD,THURSDAY,0
3130273,FAST_FOOD,FRIDAY,1
3130273,FAST_FOOD,SATURDAY,4
3130273,FAST_FOOD,SUNDAY,2
3130273,BUNSIK,MONDAY,-6
3130273,BUNSIK,TUESDAY,-3
3130273,BUNSIK,WEDNESDAY,-3
3130273,BUNSIK,THURSDAY,-2
3130273,BUNSIK,FRIDAY,1
3130273,BUNSIK,SATURDAY,6
3130273,BUNSIK,SUNDAY,5
3130273,CAFE_BEVERAGE,MONDAY,-2
3130273,CAFE_BEVERAGE,TUESDAY,-2
3130273,CAFE_BEVERAGE,WEDNESDAY,-2
3130273,CAFE_BEVERAGE,THURSDAY,-1
3130273,CAFE_BEVERAGE,FRIDAY,1
3130273,CAFE_BEVERAGE,SATURDAY,5
3130273,CAFE_BEVERAGE,SUNDAY,0
3130273,BAKERY,MONDAY,0
3130273,BAKERY,TUESDAY,-1
3130273,BAKERY,WEDNESDAY,-2
3130273,BAKERY,THURSDAY,-1
3130273,BAKERY,FRIDAY,1
3130273,BAKERY,SATURDAY,5
3130273,BAKERY,SUNDAY,-1
3130274,KOREAN_FOOD,MONDAY,-3
3130274,KOREAN_FOOD,TUESDAY,-2
3130274,KOREAN_FOOD,WEDNESDAY,-1
3130274,KOREAN_FOOD,THURSDAY,-1
3130274,KOREAN_FOOD,FRIDAY,5
3130274,KOREAN_FOOD,SATURDAY,5
3130274,KOREAN_FOOD,SUNDAY,-2
3130274,CHINESE_FOOD,MONDAY,-3
3130274,CHINESE_FOOD,TUESDAY,0
3130274,CHINESE_FOOD,WEDNESDAY,1
3130274,CHINESE_FOOD,THURSDAY,3
3130274,CHINESE_FOOD,FRIDAY,6
3130274,CHINESE_FOOD,SATURDAY,4
3130274,CHINESE_FOOD,SUNDAY,-6
3130274,JAPANESE_FOOD,MONDAY,-5
3130274,JAPANESE_FOOD,TUESDAY,-1
3130274,JAPANESE_FOOD,WEDNESDAY,1
3130274,JAPANESE_FOOD,THURSDAY,2
3130274,JAPANESE_FOOD,FRIDAY,6
3130274,JAPANESE_FOOD,SATURDAY,2
3130274,JAPANESE_FOOD,SUNDAY,-6
3130274,CAFE_BEVERAGE,MONDAY,-3
3130274,CAFE_BEVERAGE,TUESDAY,-2
3130274,CAFE_BEVERAGE,WEDNESDAY,-2
3130274,CAFE_BEVERAGE,THURSDAY,0
3130274,CAFE_BEVERAGE,FRIDAY,5
3130274,CAFE_BEVERAGE,SATURDAY,6
3130274,CAFE_BEVERAGE,SUNDAY,-4
3130275,KOREAN_FOOD,MONDAY,-2
3130275,KOREAN_FOOD,TUESDAY,2
3130275,KOREAN_FOOD,WEDNESDAY,2
3130275,KOREAN_FOOD,THURSDAY,2
3130275,KOREAN_FOOD,FRIDAY,2
3130275,KOREAN_FOOD,SATURDAY,1
3130275,KOREAN_FOOD,SUNDAY,-6
3130277,KOREAN_FOOD,MONDAY,-1
3130277,KOREAN_FOOD,TUESDAY,1
3130277,KOREAN_FOOD,WEDNESDAY,1
3130277,KOREAN_FOOD,THURSDAY,1
3130277,KOREAN_FOOD,FRIDAY,2
3130277,KOREAN_FOOD,SATURDAY,1
3130277,KOREAN_FOOD,SUNDAY,-5
3130277,BUNSIK,MONDAY,0
3130277,BUNSIK,TUESDAY,1
3130277,BUNSIK,WEDNESDAY,3
3130277,BUNSIK,THURSDAY,-6
3130277,BUNSIK,FRIDAY,2
3130277,BUNSIK,SATURDAY,6
3130277,BUNSIK,SUNDAY,-2
3130278,KOREAN_FOOD,MONDAY,2
3130278,KOREAN_FOOD,TUESDAY,0
3130278,KOREAN_FOOD,WEDNESDAY,1
3130278,KOREAN_FOOD,THURSDAY,-1
3130278,KOREAN_FOOD,FRIDAY,-1
3130278,KOREAN_FOOD,SATURDAY,3
3130278,KOREAN_FOOD,SUNDAY,-4
3130278,CAFE_BEVERAGE,MONDAY,-2
3130278,CAFE_BEVERAGE,TUESDAY,-3
3130278,CAFE_BEVERAGE,WEDNESDAY,-2
3130278,CAFE_BEVERAGE,THURSDAY,-1
3130278,CAFE_BEVERAGE,FRIDAY,0
3130278,CAFE_BEVERAGE,SATURDAY,6
3130278,CAFE_BEVERAGE,SUNDAY,3
3130278,BAKERY,MONDAY,3
3130278,BAKERY,TUESDAY,1
3130278,BAKERY,WEDNESDAY,3
3130278,BAKERY,THURSDAY,4
3130278,BAKERY,FRIDAY,4
3130278,BAKERY,SATURDAY,4
3130278,BAKERY,SUNDAY,-6
3130279,KOREAN_FOOD,MONDAY,0
3130279,KOREAN_FOOD,TUESDAY,0
3130279,KOREAN_FOOD,WEDNESDAY,-1
3130279,KOREAN_FOOD,THURSDAY,0
3130279,KOREAN_FOOD,FRIDAY,1
3130279,KOREAN_FOOD,SATURDAY,1
3130279,KOREAN_FOOD,SUNDAY,-2
3130279,BAKERY,MONDAY,0
3130279,BAKERY,TUESDAY,-6
3130279,BAKERY,WEDNESDAY,1
3130279,BAKERY,THURSDAY,0
3130279,BAKERY,FRIDAY,2
3130279,BAKERY,SATURDAY,4
3130279,BAKERY,SUNDAY,1
3130281,KOREAN_FOOD,MONDAY,2
3130281,KOREAN_FOOD,TUESDAY,3
3130281,KOREAN_FOOD,WEDNESDAY,2
3130281,KOREAN_FOOD,THURSDAY,3
3130281,KOREAN_FOOD,FRIDAY,4
3130281,KOREAN_FOOD,SATURDAY,0
3130281,KOREAN_FOOD,SUNDAY,-6
3130281,BUNSIK,MONDAY,0
3130281,BUNSIK,TUESDAY,-1
3130281,BUNSIK,WEDNESDAY,0
3130281,BUNSIK,THURSDAY,-1
3130281,BUNSIK,FRIDAY,2
3130281,BUNSIK,SATURDAY,2
3130281,BUNSIK,SUNDAY,-2
3130283,KOREAN_FOOD,MONDAY,-1
3130283,KOREAN_FOOD,TUESDAY,-6
3130283,KOREAN_FOOD,WEDNESDAY,1
3130283,KOREAN_FOOD,THURSDAY,1
3130283,KOREAN_FOOD,FRIDAY,3
3130283,KOREAN_FOOD,SATURDAY,4
3130283,KOREAN_FOOD,SUNDAY,2
3130283,BUNSIK,MONDAY,-1
3130283,BUNSIK,TUESDAY,-6
3130283,BUNSIK,WEDNESDAY,0
3130283,BUNSIK,THURSDAY,-1
3130283,BUNSIK,FRIDAY,2
3130283,BUNSIK,SATURDAY,6
3130283,BUNSIK,SUNDAY,6
3130284,BUNSIK,MONDAY,-2
3130284,BUNSIK,TUESDAY,-6
3130284,BUNSIK,WEDNESDAY,0
3130284,BUNSIK,THURSDAY,0
3130284,BUNSIK,FRIDAY,2
3130284,BUNSIK,SATURDAY,6
3130284,BUNSIK,SUNDAY,6
3130285,KOREAN_FOOD,MONDAY,-3
3130285,KOREAN_FOOD,TUESDAY,-3
3130285,KOREAN_FOOD,WEDNESDAY,-2
3130285,KOREAN_FOOD,THURSDAY,-2
3130285,KOREAN_FOOD,FRIDAY,1
3130285,KOREAN_FOOD,SATURDAY,5
3130285,KOREAN_FOOD,SUNDAY,3
3130285,CHINESE_FOOD,MONDAY,-5
3130285,CHINESE_FOOD,TUESDAY,-1
3130285,CHINESE_FOOD,WEDNESDAY,-1
3130285,CHINESE_FOOD,THURSDAY,0
3130285,CHINESE_FOOD,FRIDAY,1
3130285,CHINESE_FOOD,SATURDAY,2
3130285,CHINESE_FOOD,SUNDAY,3
3130285,JAPANESE_FOOD,MONDAY,-4
3130285,JAPANESE_FOOD,TUESDAY,-3
3130285,JAPANESE_FOOD,WEDNESDAY,-2
3130285,JAPANESE_FOOD,THURSDAY,-2
3130285,JAPANESE_FOOD,FRIDAY,2
3130285,JAPANESE_FOOD,SATURDAY,6
3130285,JAPANESE_FOOD,SUNDAY,2
3130285,CHICKEN,MONDAY,-3
3130285,CHICKEN,TUESDAY,-4
3130285,CHICKEN,WEDNESDAY,-3
3130285,CHICKEN,THURSDAY,-3
3130285,CHICKEN,FRIDAY,4
3130285,CHICKEN,SATURDAY,6
3130285,CHICKEN,SUNDAY,3
3130285,FAST_FOOD,MONDAY,-1
3130285,FAST_FOOD,TUESDAY,-1
3130285,FAST_FOOD,WEDNESDAY,-1
3130285,FAST_FOOD,THURSDAY,-1
3130285,FAST_FOOD,FRIDAY,0
3130285,FAST_FOOD,SATURDAY,3
3130285,FAST_FOOD,SUNDAY,1
3130285,BUNSIK,MONDAY,-2
3130285,BUNSIK,TUESDAY,-2
3130285,BUNSIK,WEDNESDAY,-1
3130285,BUNSIK,THURSDAY,-1
3130285,BUNSIK,FRIDAY,0
3130285,BUNSIK,SATURDAY,5
3130285,BUNSIK,SUNDAY,1
3130285,CAFE_BEVERAGE,MONDAY,-3
3130285,CAFE_BEVERAGE,TUESDAY,-3
3130285,CAFE_BEVERAGE,WEDNESDAY,-2
3130285,CAFE_BEVERAGE,THURSDAY,-2
3130285,CAFE_BEVERAGE,FRIDAY,0
3130285,CAFE_BEVERAGE,SATURDAY,6
3130285,CAFE_BEVERAGE,SUNDAY,4
3130287,KOREAN_FOOD,MONDAY,1
3130287,KOREAN_FOOD,TUESDAY,1
3130287,KOREAN_FOOD,WEDNESDAY,2
3130287,KOREAN_FOOD,THURSDAY,2
3130287,KOREAN_FOOD,FRIDAY,3
3130287,KOREAN_FOOD,SATURDAY,4
3130287,KOREAN_FOOD,SUNDAY,-6
3130289,KOREAN_FOOD,MONDAY,-6
3130289,KOREAN_FOOD,TUESDAY,-3
3130289,KOREAN_FOOD,WEDNESDAY,-3
3130289,KOREAN_FOOD,THURSDAY,-3
3130289,KOREAN_FOOD,FRIDAY,4
3130289,KOREAN_FOOD,SATURDAY,6
3130289,KOREAN_FOOD,SUNDAY,3
3130290,KOREAN_FOOD,MONDAY,-1
3130290,KOREAN_FOOD,TUESDAY,0
3130290,KOREAN_FOOD,WEDNESDAY,0
3130290,KOREAN_FOOD,THURSDAY,0
3130290,KOREAN_FOOD,FRIDAY,2
3130290,KOREAN_FOOD,SATURDAY,1
3130290,KOREAN_FOOD,SUNDAY,-2
3130290,CHINESE_FOOD,MONDAY,0
3130290,CHINESE_FOOD,TUESDAY,-6
3130290,CHINESE_FOOD,WEDNESDAY,-2
3130290,CHINESE_FOOD,THURSDAY,-2
3130290,CHINESE_FOOD,FRIDAY,1
3130290,CHINESE_FOOD,SATURDAY,5
3130290,CHINESE_FOOD,SUNDAY,6
3130290,CHICKEN,MONDAY,-2
3130290,CHICKEN,TUESDAY,0
3130290,CHICKEN,WEDNESDAY,-1
3130290,CHICKEN,THURSDAY,-1
3130290,CHICKEN,FRIDAY,4
3130290,CHICKEN,SATURDAY,3
3130290,CHICKEN,SUNDAY,-4
3130290,FAST_FOOD,MONDAY,-2
3130290,FAST_FOOD,TUESDAY,-4
3130290,FAST_FOOD,WEDNESDAY,-3
3130290,FAST_FOOD,THURSDAY,-1
3130290,FAST_FOOD,FRIDAY,2
3130290,FAST_FOOD,SATURDAY,2
3130290,FAST_FOOD,SUNDAY,5
3130290,BUNSIK,MONDAY,1
3130290,BUNSIK,TUESDAY,1
3130290,BUNSIK,WEDNESDAY,0
3130290,BUNSIK,THURSDAY,0
3130290,BUNSIK,FRIDAY,1
3130290,BUNSIK,SATURDAY,-2
3130290,BUNSIK,SUNDAY,0
3130290,CAFE_BEVERAGE,MONDAY,0
3130290,CAFE_BEVERAGE,TUESDAY,-1
3130290,CAFE_BEVERAGE,WEDNESDAY,-1
3130290,CAFE_BEVERAGE,THURSDAY,-1
3130290,CAFE_BEVERAGE,FRIDAY,0
3130290,CAFE_BEVERAGE,SATURDAY,3
3130290,CAFE_BEVERAGE,SUNDAY,1
3130290,BAKERY,MONDAY,0
3130290,BAKERY,TUESDAY,2
3130290,BAKERY,WEDNESDAY,2
3130290,BAKERY,THURSDAY,-1
3130290,BAKERY,FRIDAY,-1
3130290,BAKERY,SATURDAY,1
3130290,BAKERY,SUNDAY,-3
3130292,KOREAN_FOOD,MONDAY,-4
3130292,KOREAN_FOOD,TUESDAY,-2
3130292,KOREAN_FOOD,WEDNESDAY,-2
3130292,KOREAN_FOOD,THURSDAY,-1
3130292,KOREAN_FOOD,FRIDAY,2
3130292,KOREAN_FOOD,SATURDAY,6
3130292,KOREAN_FOOD,SUNDAY,0
3130293,KOREAN_FOOD,MONDAY,1
3130293,KOREAN_FOOD,TUESDAY,0
3130293,KOREAN_FOOD,WEDNESDAY,1
3130293,KOREAN_FOOD,THURSDAY,1
3130293,KOREAN_FOOD,FRIDAY,3
3130293,KOREAN_FOOD,SATURDAY,3
3130293,KOREAN_FOOD,SUNDAY,-6
3130293,BUNSIK,MONDAY,2
3130293,BUNSIK,TUESDAY,1
3130293,BUNSIK,WEDNESDAY,1
3130293,BUNSIK,THURSDAY,0
3130293,BUNSIK,FRIDAY,0
3130293,BUNSIK,SATURDAY,-2
3130293,BUNSIK,SUNDAY,-2
3130294,KOREAN_FOOD,MONDAY,-2
3130294,KOREAN_FOOD,TUESDAY,-1
3130294,KOREAN_FOOD,WEDNESDAY,-1
3130294,KOREAN_FOOD,THURSDAY,-2
3130294,KOREAN_FOOD,FRIDAY,1
3130294,KOREAN_FOOD,SATURDAY,4
3130294,KOREAN_FOOD,SUNDAY,1
3130294,FAST_FOOD,MONDAY,-2
3130294,FAST_FOOD,TUESDAY,-2
3130294,FAST_FOOD,WEDNESDAY,-2
3130294,FAST_FOOD,THURSDAY,0
3130294,FAST_FOOD,FRIDAY,0
3130294,FAST_FOOD,SATURDAY,3
3130294,FAST_FOOD,SUNDAY,2
3130294,BUNSIK,MONDAY,-3
3130294,BUNSIK,TUESDAY,-2
3130294,BUNSIK,WEDNESDAY,-3
3130294,BUNSIK,THURSDAY,-1
3130294,BUNSIK,FRIDAY,-1
3130294,BUNSIK,SATURDAY,6
3130294,BUNSIK,SUNDAY,3
3130294,CAFE_BEVERAGE,MONDAY,0
3130294,CAFE_BEVERAGE,TUESDAY,0
3130294,CAFE_BEVERAGE,WEDNESDAY,-1
3130294,CAFE_BEVERAGE,THURSDAY,0
3130294,CAFE_BEVERAGE,FRIDAY,0
3130294,CAFE_BEVERAGE,SATURDAY,2
3130294,CAFE_BEVERAGE,SUNDAY,0
3130295,KOREAN_FOOD,MONDAY,-1
3130295,KOREAN_FOOD,TUESDAY,0
3130295,KOREAN_FOOD,WEDNESDAY,0
3130295,KOREAN_FOOD,THURSDAY,0
3130295,KOREAN_FOOD,FRIDAY,2
3130295,KOREAN_FOOD,SATURDAY,1
3130295,KOREAN_FOOD,SUNDAY,-1
3130295,CHICKEN,MONDAY,-6
3130295,CHICKEN,TUESDAY,-6
3130295,CHICKEN,WEDNESDAY,-5
3130295,CHICKEN,THURSDAY,-4
3130295,CHICKEN,FRIDAY,5
3130295,CHICKEN,SATURDAY,6
3130295,CHICKEN,SUNDAY,6
3130295,BUNSIK,MONDAY,-6
3130295,BUNSIK,TUESDAY,-1
3130295,BUNSIK,WEDNESDAY,0
3130295,BUNSIK,THURSDAY,2
3130295,BUNSIK,FRIDAY,2
3130295,BUNSIK,SATURDAY,3
3130295,BUNSIK,SUNDAY,-1
3130295,CAFE_BEVERAGE,MONDAY,-4
3130295,CAFE_BEVERAGE,TUESDAY,-4
3130295,CAFE_BEVERAGE,WEDNESDAY,-3
3130295,CAFE_BEVERAGE,THURSDAY,-2
3130295,CAFE_BEVERAGE,FRIDAY,0
3130295,CAFE_BEVERAGE,SATURDAY,6
3130295,CAFE_BEVERAGE,SUNDAY,6
3130301,KOREAN_FOOD,MONDAY,4
3130301,KOREAN_FOOD,TUESDAY,5
3130301,KOREAN_FOOD,WEDNESDAY,4
3130301,KOREAN_FOOD,THURSDAY,5
3130301,KOREAN_FOOD,FRIDAY,4
3130301,KOREAN_FOOD,SATURDAY,-6
3130301,KOREAN_FOOD,SUNDAY,-6
3130302,KOREAN_FOOD,MONDAY,1
3130302,KOREAN_FOOD,TUESDAY,3
3130302,KOREAN_FOOD,WEDNESDAY,2
3130302,KOREAN_FOOD,THURSDAY,3
3130302,KOREAN_FOOD,FRIDAY,5
3130302,KOREAN_FOOD,SATURDAY,-4
3130302,KOREAN_FOOD,SUNDAY,-6
3130303,KOREAN_FOOD,MONDAY,-1
3130303,KOREAN_FOOD,TUESDAY,0
3130303,KOREAN_FOOD,WEDNESDAY,1
3130303,KOREAN_FOOD,THURSDAY,2
3130303,KOREAN_FOOD,FRIDAY,5
3130303,KOREAN_FOOD,SATURDAY,0
3130303,KOREAN_FOOD,SUNDAY,-6
3130303,WESTERN_FOOD,MONDAY,4
3130303,WESTERN_FOOD,TUESDAY,4
3130303,WESTERN_FOOD,WEDNESDAY,5
3130303,WESTERN_FOOD,THURSDAY,4
3130303,WESTERN_FOOD,FRIDAY,6
3130303,WESTERN_FOOD,SATURDAY,-4
3130303,WESTERN_FOOD,SUNDAY,-6
3130303,BUNSIK,MONDAY,-4
3130303,BUNSIK,TUESDAY,2
3130303,BUNSIK,WEDNESDAY,2
3130303,BUNSIK,THURSDAY,3
3130303,BUNSIK,FRIDAY,4
3130303,BUNSIK,SATURDAY,3
3130303,BUNSIK,SUNDAY,-6
3130303,CAFE_BEVERAGE,MONDAY,-1
3130303,CAFE_BEVERAGE,TUESDAY,2
3130303,CAFE_BEVERAGE,WEDNESDAY,2
3130303,CAFE_BEVERAGE,THURSDAY,2
3130303,CAFE_BEVERAGE,FRIDAY,3
3130303,CAFE_BEVERAGE,SATURDAY,-1
3130303,CAFE_BEVERAGE,SUNDAY,-6
3130306,KOREAN_FOOD,MONDAY,5
3130306,KOREAN_FOOD,TUESDAY,6
3130306,KOREAN_FOOD,WEDNESDAY,6
3130306,KOREAN_FOOD,THURSDAY,6
3130306,KOREAN_FOOD,FRIDAY,5
3130306,KOREAN_FOOD,SATURDAY,-6
3130306,KOREAN_FOOD,SUNDAY,-6
3130306,JAPANESE_FOOD,MONDAY,5
3130306,JAPANESE_FOOD,TUESDAY,6
3130306,JAPANESE_FOOD,WEDNESDAY,6
3130306,JAPANESE_FOOD,THURSDAY,6
3130306,JAPANESE_FOOD,FRIDAY,6
3130306,JAPANESE_FOOD,SATURDAY,-6
3130306,JAPANESE_FOOD,SUNDAY,-6
3130306,WESTERN_FOOD,MONDAY,4
3130306,WESTERN_FOOD,TUESDAY,6
3130306,WESTERN_FOOD,WEDNESDAY,6
3130306,WESTERN_FOOD,THURSDAY,6
3130306,WESTERN_FOOD,FRIDAY,6
3130306,WESTERN_FOOD,SATURDAY,-6
3130306,WESTERN_FOOD,SUNDAY,-6
3130306,CAFE_BEVERAGE,MONDAY,3
3130306,CAFE_BEVERAGE,TUESDAY,3
3130306,CAFE_BEVERAGE,WEDNESDAY,4
3130306,CAFE_BEVERAGE,THURSDAY,5
3130306,CAFE_BEVERAGE,FRIDAY,4
3130306,CAFE_BEVERAGE,SATURDAY,-6
3130306,CAFE_BEVERAGE,SUNDAY,-6
3130308,KOREAN_FOOD,MONDAY,6
3130308,KOREAN_FOOD,TUESDAY,6
3130308,KOREAN_FOOD,WEDNESDAY,6
3130308,KOREAN_FOOD,THURSDAY,6
3130308,KOREAN_FOOD,FRIDAY,6
3130308,KOREAN_FOOD,SATURDAY,-6
3130308,KOREAN_FOOD,SUNDAY,-6
3130310,KOREAN_FOOD,MONDAY,-1
3130310,KOREAN_FOOD,TUESDAY,0
3130310,KOREAN_FOOD,WEDNESDAY,0
3130310,KOREAN_FOOD,THURSDAY,0
3130310,KOREAN_FOOD,FRIDAY,3
3130310,KOREAN_FOOD,SATURDAY,2
3130310,KOREAN_FOOD,SUNDAY,-5
3130310,JAPANESE_FOOD,MONDAY,-2
3130310,JAPANESE_FOOD,TUESDAY,-1
3130310,JAPANESE_FOOD,WEDNESDAY,1
3130310,JAPANESE_FOOD,THURSDAY,2
3130310,JAPANESE_FOOD,FRIDAY,4
3130310,JAPANESE_FOOD,SATURDAY,3
3130310,JAPANESE_FOOD,SUNDAY,-6
3130310,CHICKEN,MONDAY,-6
3130310,CHICKEN,TUESDAY,-1
3130310,CHICKEN,WEDNESDAY,-3
3130310,CHICKEN,THURSDAY,-1
3130310,CHICKEN,FRIDAY,5
3130310,CHICKEN,SATURDAY,6
3130310,CHICKEN,SUNDAY,3
3130310,FAST_FOOD,MONDAY,3
3130310,FAST_FOOD,TUESDAY,-6
3130310,FAST_FOOD,WEDNESDAY,2
3130310,FAST_FOOD,THURSDAY,3
3130310,FAST_FOOD,FRIDAY,3
3130310,FAST_FOOD,SATURDAY,4
3130310,FAST_FOOD,SUNDAY,-6
3130310,BUNSIK,MONDAY,-4
3130310,BUNSIK,TUESDAY,-1
3130310,BUNSIK,WEDNESDAY,-1
3130310,BUNSIK,THURSDAY,-1
3130310,BUNSIK,FRIDAY,0
3130310,BUNSIK,SATURDAY,3
3130310,BUNSIK,SUNDAY,3
3130310,CAFE_BEVERAGE,MONDAY,-1
3130310,CAFE_BEVERAGE,TUESDAY,-1
3130310,CAFE_BEVERAGE,WEDNESDAY,-1
3130310,CAFE_BEVERAGE,THURSDAY,-2
3130310,CAFE_BEVERAGE,FRIDAY,1
3130310,CAFE_BEVERAGE,SATURDAY,2
3130310,CAFE_BEVERAGE,SUNDAY,1
3130311,KOREAN_FOOD,MONDAY,-3
3130311,KOREAN_FOOD,TUESDAY,0
3130311,KOREAN_FOOD,WEDNESDAY,0
3130311,KOREAN_FOOD,THURSDAY,1
3130311,KOREAN_FOOD,FRIDAY,4
3130311,KOREAN_FOOD,SATURDAY,3
3130311,KOREAN_FOOD,SUNDAY,-5
3130311,CHINESE_FOOD,MONDAY,0
3130311,CHINESE_FOOD,TUESDAY,0
3130311,CHINESE_FOOD,WEDNESDAY,-6
3130311,CHINESE_FOOD,THURSDAY,1
3130311,CHINESE_FOOD,FRIDAY,2
3130311,CHINESE_FOOD,SATURDAY,4
3130311,CHINESE_FOOD,SUNDAY,-1
3130311,CHICKEN,MONDAY,-6
3130311,CHICKEN,TUESDAY,-3
3130311,CHICKEN,WEDNESDAY,-2
3130311,CHICKEN,THURSDAY,-2
3130311,CHICKEN,FRIDAY,3
3130311,CHICKEN,SATURDAY,6
3130311,CHICKEN,SUNDAY,5
3130311,FAST_FOOD,MONDAY,0
3130311,FAST_FOOD,TUESDAY,-2
3130311,FAST_FOOD,WEDNESDAY,-1
3130311,FAST_FOOD,THURSDAY,-1
3130311,FAST_FOOD,FRIDAY,0
3130311,FAST_FOOD,SATURDAY,3
3130311,FAST_FOOD,SUNDAY,1
3130311,BUNSIK,MONDAY,-6
3130311,BUNSIK,TUESDAY,-2
3130311,BUNSIK,WEDNESDAY,-1
3130311,BUNSIK,THURSDAY,-1
3130311,BUNSIK,FRIDAY,1
3130311,BUNSIK,SATURDAY,6
3130311,BUNSIK,SUNDAY,3
3130311,CAFE_BEVERAGE,MONDAY,-2
3130311,CAFE_BEVERAGE,TUESDAY,-2
3130311,CAFE_BEVERAGE,WEDNESDAY,-1
3130311,CAFE_BEVERAGE,THURSDAY,-2
3130311,CAFE_BEVERAGE,FRIDAY,1
3130311,CAFE_BEVERAGE,SATURDAY,5
3130311,CAFE_BEVERAGE,SUNDAY,2
3130311,BAKERY,MONDAY,-2
3130311,BAKERY,TUESDAY,-1
3130311,BAKERY,WEDNESDAY,-1
3130311,BAKERY,THURSDAY,0
3130311,BAKERY,FRIDAY,0
3130311,BAKERY,SATURDAY,3
3130311,BAKERY,SUNDAY,2
3130312,KOREAN_FOOD,MONDAY,-3
3130312,KOREAN_FOOD,TUESDAY,-1
3130312,KOREAN_FOOD,WEDNESDAY,0
3130312,KOREAN_FOOD,THURSDAY,0
3130312,KOREAN_FOOD,FRIDAY,2
3130312,KOREAN_FOOD,SATURDAY,3
3130312,KOREAN_FOOD,SUNDAY,-1
3130312,CHINESE_FOOD,MONDAY,-1
3130312,CHINESE_FOOD,TUESDAY,-6
3130312,CHINESE_FOOD,WEDNESDAY,1
3130312,CHINESE_FOOD,THURSDAY,0
3130312,CHINESE_FOOD,FRIDAY,2
3130312,CHINESE_FOOD,SATURDAY,4
3130312,CHINESE_FOOD,SUNDAY,3
3130312,CHICKEN,MONDAY,-3
3130312,CHICKEN,TUESDAY,-5
3130312,CHICKEN,WEDNESDAY,-2
3130312,CHICKEN,THURSDAY,-3
3130312,CHICKEN,FRIDAY,4
3130312,CHICKEN,SATURDAY,5
3130312,CHICKEN,SUNDAY,4
3130312,BUNSIK,MONDAY,-6
3130312,BUNSIK,TUESDAY,-1
3130312,BUNSIK,WEDNESDAY,-1
3130312,BUNSIK,THURSDAY,-1
3130312,BUNSIK,FRIDAY,0
3130312,BUNSIK,SATURDAY,5
3130312,BUNSIK,SUNDAY,4
3130313,KOREAN_FOOD,MONDAY,-2
3130313,KOREAN_FOOD,TUESDAY,0
3130313,KOREAN_FOOD,WEDNESDAY,0
3130313,KOREAN_FOOD,THURSDAY,0
3130313,KOREAN_FOOD,FRIDAY,2
3130313,KOREAN_FOOD,SATURDAY,1
3130313,KOREAN_FOOD,SUNDAY,-2
3130313,CHICKEN,MONDAY,-6
3130313,CHICKEN,TUESDAY,-3
3130313,CHICKEN,WEDNESDAY,-3
3130313,CHICKEN,THURSDAY,-2
3130313,CHICKEN,FRIDAY,3
3130313,CHICKEN,SATURDAY,6
3130313,CHICKEN,SUNDAY,5
3130313,FAST_FOOD,MONDAY,-2
3130313,FAST_FOOD,TUESDAY,-1
3130313,FAST_FOOD,WEDNESDAY,-1
3130313,FAST_FOOD,THURSDAY,-1
3130313,FAST_FOOD,FRIDAY,1
3130313,FAST_FOOD,SATURDAY,2
3130313,FAST_FOOD,SUNDAY,1
3130313,BUNSIK,MONDAY,-6
3130313,BUNSIK,TUESDAY,-3
3130313,BUNSIK,WEDNESDAY,0
3130313,BUNSIK,THURSDAY,0
3130313,BUNSIK,FRIDAY,1
3130313,BUNSIK,SATURDAY,5
3130313,BUNSIK,SUNDAY,6
3130313,CAFE_BEVERAGE,MONDAY,-1
3130313,CAFE_BEVERAGE,TUESDAY,-1
3130313,CAFE_BEVERAGE,WEDNESDAY,-1
3130313,CAFE_BEVERAGE,THURSDAY,-1
3130313,CAFE_BEVERAGE,FRIDAY,1
3130313,CAFE_BEVERAGE,SATURDAY,2
3130313,CAFE_BEVERAGE,SUNDAY,1
3130313,BAKERY,MONDAY,0
3130313,BAKERY,TUESDAY,0
3130313,BAKERY,WEDNESDAY,-1
3130313,BAKERY,THURSDAY,-1
3130313,BAKERY,FRIDAY,1
3130313,BAKERY,SATURDAY,1
3130313,BAKERY,SUNDAY,0
3130314,KOREAN_FOOD,MONDAY,1
3130314,KOREAN_FOOD,TUESDAY,2
3130314,KOREAN_FOOD,WEDNESDAY,2
3130314,KOREAN_FOOD,THURSDAY,1
3130314,KOREAN_FOOD,FRIDAY,3
3130314,KOREAN_FOOD,SATURDAY,0
3130314,KOREAN_FOOD,SUNDAY,-6
3130314,CHINESE_FOOD,MONDAY,4
3130314,CHINESE_FOOD,TUESDAY,1
3130314,CHINESE_FOOD,WEDNESDAY,1
3130314,CHINESE_FOOD,THURSDAY,-6
3130314,CHINESE_FOOD,FRIDAY,4
3130314,CHINESE_FOOD,SATURDAY,4
3130314,CHINESE_FOOD,SUNDAY,6
3130314,CHICKEN,MONDAY,-4
3130314,CHICKEN,TUESDAY,-1
3130314,CHICKEN,WEDNESDAY,-2
3130314,CHICKEN,THURSDAY,-1
3130314,CHICKEN,FRIDAY,4
3130314,CHICKEN,SATURDAY,4
3130314,CHICKEN,SUNDAY,1
3130314,BUNSIK,MONDAY,-3
3130314,BUNSIK,TUESDAY,0
3130314,BUNSIK,WEDNESDAY,1
3130314,BUNSIK,THURSDAY,1
3130314,BUNSIK,FRIDAY,2
3130314,BUNSIK,SATURDAY,1
3130314,BUNSIK,SUNDAY,-2
3130314,CAFE_BEVERAGE,MONDAY,0
3130314,CAFE_BEVERAGE,TUESDAY,-1
3130314,CAFE_BEVERAGE,WEDNESDAY,0
3130314,CAFE_BEVERAGE,THURSDAY,-2
3130314,CAFE_BEVERAGE,FRIDAY,0
3130314,CAFE_BEVERAGE,SATURDAY,4
3130314,CAFE_BEVERAGE,SUNDAY,0
3130314,BAKERY,MONDAY,0
3130314,BAKERY,TUESDAY,1
3130314,BAKERY,WEDNESDAY,0
3130314,BAKERY,THURSDAY,0
3130314,BAKERY,FRIDAY,1
3130314,BAKERY,SATURDAY,0
3130314,BAKERY,SUNDAY,-3
3130315,KOREAN_FOOD,MONDAY,1
3130315,KOREAN_FOOD,TUESDAY,0
3130315,KOREAN_FOOD,WEDNESDAY,1
3130315,KOREAN_FOOD,THURSDAY,1
3130315,KOREAN_FOOD,FRIDAY,3
3130315,KOREAN_FOOD,SATURDAY,-2
3130315,KOREAN_FOOD,SUNDAY,-5
3130315,CHICKEN,MONDAY,-1
3130315,CHICKEN,TUESDAY,-2
3130315,CHICKEN,WEDNESDAY,-1
3130315,CHICKEN,THURSDAY,-3
3130315,CHICKEN,FRIDAY,3
3130315,CHICKEN,SATURDAY,0
3130315,CHICKEN,SUNDAY,4
3130315,FAST_FOOD,MONDAY,-2
3130315,FAST_FOOD,TUESDAY,0
3130315,FAST_FOOD,WEDNESDAY,0
3130315,FAST_FOOD,THURSDAY,-1
3130315,FAST_FOOD,FRIDAY,2
3130315,FAST_FOOD,SATURDAY,4
3130315,FAST_FOOD,SUNDAY,-3
3130315,BUNSIK,MONDAY,3
3130315,BUNSIK,TUESDAY,2
3130315,BUNSIK,WEDNESDAY,3
3130315,BUNSIK,THURSDAY,3
3130315,BUNSIK,FRIDAY,2
3130315,BUNSIK,SATURDAY,-6
3130315,BUNSIK,SUNDAY,0
3130315,CAFE_BEVERAGE,MONDAY,-1
3130315,CAFE_BEVERAGE,TUESDAY,3
3130315,CAFE_BEVERAGE,WEDNESDAY,3
3130315,CAFE_BEVERAGE,THURSDAY,3
3130315,CAFE_BEVERAGE,FRIDAY,2
3130315,CAFE_BEVERAGE,SATURDAY,-1
3130315,CAFE_BEVERAGE,SUNDAY,-6
3130316,KOREAN_FOOD,MONDAY,1
3130316,KOREAN_FOOD,TUESDAY,-3
3130316,KOREAN_FOOD,WEDNESDAY,-3
3130316,KOREAN_FOOD,THURSDAY,-2
3130316,KOREAN_FOOD,FRIDAY,1
3130316,KOREAN_FOOD,SATURDAY,3
3130316,KOREAN_FOOD,SUNDAY,3
3130317,KOREAN_FOOD,MONDAY,-3
3130317,KOREAN_FOOD,TUESDAY,-5
3130317,KOREAN_FOOD,WEDNESDAY,-3
3130317,KOREAN_FOOD,THURSDAY,-3
3130317,KOREAN_FOOD,FRIDAY,1
3130317,KOREAN_FOOD,SATURDAY,6
3130317,KOREAN_FOOD,SUNDAY,4
3130317,CHICKEN,MONDAY,-5
3130317,CHICKEN,TUESDAY,-1
3130317,CHICKEN,WEDNESDAY,-5
3130317,CHICKEN,THURSDAY,-5
3130317,CHICKEN,FRIDAY,1
3130317,CHICKEN,SATURDAY,6
3130317,CHICKEN,SUNDAY,6
3130317,BUNSIK,MONDAY,-5
3130317,BUNSIK,TUESDAY,-5
3130317,BUNSIK,WEDNESDAY,-5
3130317,BUNSIK,THURSDAY,-5
3130317,BUNSIK,FRIDAY,-4
3130317,BUNSIK,SATURDAY,6
3130317,BUNSIK,SUNDAY,6
3130318,KOREAN_FOOD,MONDAY,-3
3130318,KOREAN_FOOD,TUESDAY,-3
3130318,KOREAN_FOOD,WEDNESDAY,-2
3130318,KOREAN_FOOD,THURSDAY,-2
3130318,KOREAN_FOOD,FRIDAY,3
3130318,KOREAN_FOOD,SATURDAY,5
3130318,KOREAN_FOOD,SUNDAY,1
3130318,CHINESE_FOOD,MONDAY,-2
3130318,CHINESE_FOOD,TUESDAY,-1
3130318,CHINESE_FOOD,WEDNESDAY,-3
3130318,CHINESE_FOOD,THURSDAY,-3
3130318,CHINESE_FOOD,FRIDAY,3
3130318,CHINESE_FOOD,SATURDAY,5
3130318,CHINESE_FOOD,SUNDAY,1
3130318,JAPANESE_FOOD,MONDAY,-3
3130318,JAPANESE_FOOD,TUESDAY,-1
3130318,JAPANESE_FOOD,WEDNESDAY,-2
3130318,JAPANESE_FOOD,THURSDAY,-2
3130318,JAPANESE_FOOD,FRIDAY,2
3130318,JAPANESE_FOOD,SATURDAY,4
3130318,JAPANESE_FOOD,SUNDAY,1
3130318,WESTERN_FOOD,MONDAY,-4
3130318,WESTERN_FOOD,TUESDAY,-3
3130318,WESTERN_FOOD,WEDNESDAY,-2
3130318,WESTERN_FOOD,THURSDAY,-2
3130318,WESTERN_FOOD,FRIDAY,0
3130318,WESTERN_FOOD,SATURDAY,6
3130318,WESTERN_FOOD,SUNDAY,4
3130318,CHICKEN,MONDAY,-3
3130318,CHICKEN,TUESDAY,-3
3130318,CHICKEN,WEDNESDAY,-2
3130318,CHICKEN,THURSDAY,-3
3130318,CHICKEN,FRIDAY,3
3130318,CHICKEN,SATURDAY,6
3130318,CHICKEN,SUNDAY,2
3130318,BUNSIK,MONDAY,-2
3130318,BUNSIK,TUESDAY,-5
3130318,BUNSIK,WEDNESDAY,-1
3130318,BUNSIK,THURSDAY,-2
3130318,BUNSIK,FRIDAY,1
3130318,BUNSIK,SATURDAY,5
3130318,BUNSIK,SUNDAY,3
3130318,CAFE_BEVERAGE,MONDAY,-3
3130318,CAFE_BEVERAGE,TUESDAY,-3
3130318,CAFE_BEVERAGE,WEDNESDAY,-2
3130318,CAFE_BEVERAGE,THURSDAY,-2
3130318,CAFE_BEVERAGE,FRIDAY,2
3130318,CAFE_BEVERAGE,SATURDAY,6
3130318,CAFE_BEVERAGE,SUNDAY,2
3130318,BAKERY,MONDAY,-1
3130318,BAKERY,TUESDAY,-1
3130318,BAKERY,WEDNESDAY,1
3130318,BAKERY,THURSDAY,-1
3130318,BAKERY,FRIDAY,1
3130318,BAKERY,SATURDAY,2
3130318,BAKERY,SUNDAY,-1
3130319,KOREAN_FOOD,MONDAY,0
3130319,KOREAN_FOOD,TUESDAY,-3
3130319,KOREAN_FOOD,WEDNESDAY,-1
3130319,KOREAN_FOOD,THURSDAY,-1
3130319,KOREAN_FOOD,FRIDAY,3
3130319,KOREAN_FOOD,SATURDAY,4
3130319,KOREAN_FOOD,SUNDAY,-3
3130319,BUNSIK,MONDAY,-3
3130319,BUNSIK,TUESDAY,-2
3130319,BUNSIK,WEDNESDAY,-1
3130319,BUNSIK,THURSDAY,-1
3130319,BUNSIK,FRIDAY,1
3130319,BUNSIK,SATURDAY,5
3130319,BUNSIK,SUNDAY,0
3130320,KOREAN_FOOD,MONDAY,1
3130320,KOREAN_FOOD,TUESDAY,-2
3130320,KOREAN_FOOD,WEDNESDAY,-1
3130320,KOREAN_FOOD,THURSDAY,-1
3130320,KOREAN_FOOD,FRIDAY,3
3130320,KOREAN_FOOD,SATURDAY,5
3130320,KOREAN_FOOD,SUNDAY,-5
3130320,CHICKEN,MONDAY,3
3130320,CHICKEN,TUESDAY,-4
3130320,CHICKEN,WEDNESDAY,-4
3130320,CHICKEN,THURSDAY,-6
3130320,CHICKEN,FRIDAY,1
3130320,CHICKEN,SATURDAY,6
3130320,CHICKEN,SUNDAY,6
3130320,BUNSIK,MONDAY,-3
3130320,BUNSIK,TUESDAY,-2
3130320,BUNSIK,WEDNESDAY,-4
3130320,BUNSIK,THURSDAY,-3
3130320,BUNSIK,FRIDAY,1
3130320,BUNSIK,SATURDAY,6
3130320,BUNSIK,SUNDAY,4
3130322,KOREAN_FOOD,MONDAY,-6
3130322,KOREAN_FOOD,TUESDAY,0
3130322,KOREAN_FOOD,WEDNESDAY,0
3130322,KOREAN_FOOD,THURSDAY,1
3130322,KOREAN_FOOD,FRIDAY,3
3130322,KOREAN_FOOD,SATURDAY,4
3130322,KOREAN_FOOD,SUNDAY,-2
3130323,KOREAN_FOOD,MONDAY,-2
3130323,KOREAN_FOOD,TUESDAY,-4
3130323,KOREAN_FOOD,WEDNESDAY,-1
3130323,KOREAN_FOOD,THURSDAY,-1
3130323,KOREAN_FOOD,FRIDAY,2
3130323,KOREAN_FOOD,SATURDAY,5
3130323,KOREAN_FOOD,SUNDAY,1
3130323,BUNSIK,MONDAY,-1
3130323,BUNSIK,TUESDAY,-2
3130323,BUNSIK,WEDNESDAY,-3
3130323,BUNSIK,THURSDAY,-6
3130323,BUNSIK,FRIDAY,2
3130323,BUNSIK,SATURDAY,6
3130323,BUNSIK,SUNDAY,6
3130324,KOREAN_FOOD,MONDAY,-6
3130324,KOREAN_FOOD,TUESDAY,-1
3130324,KOREAN_FOOD,WEDNESDAY,-1
3130324,KOREAN_FOOD,THURSDAY,-1
3130324,KOREAN_FOOD,FRIDAY,2
3130324,KOREAN_FOOD,SATURDAY,6
3130324,KOREAN_FOOD,SUNDAY,3
3130324,FAST_FOOD,MONDAY,-3
3130324,FAST_FOOD,TUESDAY,-2
3130324,FAST_FOOD,WEDNESDAY,-4
3130324,FAST_FOOD,THURSDAY,-4
3130324,FAST_FOOD,FRIDAY,-1
3130324,FAST_FOOD,SATURDAY,6
3130324,FAST_FOOD,SUNDAY,6
3130324,BUNSIK,MONDAY,-3
3130324,BUNSIK,TUESDAY,-1
3130324,BUNSIK,WEDNESDAY,-1
3130324,BUNSIK,THURSDAY,1
3130324,BUNSIK,FRIDAY,1
3130324,BUNSIK,SATURDAY,3
3130324,BUNSIK,SUNDAY,-1
3130324,CAFE_BEVERAGE,MONDAY,-1
3130324,CAFE_BEVERAGE,TUESDAY,-2
3130324,CAFE_BEVERAGE,WEDNESDAY,-1
3130324,CAFE_BEVERAGE,THURSDAY,-2
3130324,CAFE_BEVERAGE,FRIDAY,0
3130324,CAFE_BEVERAGE,SATURDAY,4
3130324,CAFE_BEVERAGE,SUNDAY,2
3130325,KOREAN_FOOD,MONDAY,-6
3130325,KOREAN_FOOD,TUESDAY,3
3130325,KOREAN_FOOD,WEDNESDAY,1
3130325,KOREAN_FOOD,THURSDAY,1
3130325,KOREAN_FOOD,FRIDAY,5
3130325,KOREAN_FOOD,SATURDAY,4
3130325,KOREAN_FOOD,SUNDAY,-2
3130326,KOREAN_FOOD,MONDAY,-4
3130326,KOREAN_FOOD,TUESDAY,-2
3130326,KOREAN_FOOD,WEDNESDAY,-1
3130326,KOREAN_FOOD,THURSDAY,0
3130326,KOREAN_FOOD,FRIDAY,2
3130326,KOREAN_FOOD,SATURDAY,4
3130326,KOREAN_FOOD,SUNDAY,1
3130326,BUNSIK,MONDAY,2
3130326,BUNSIK,TUESDAY,1
3130326,BUNSIK,WEDNESDAY,2
3130326,BUNSIK,THURSDAY,2
3130326,BUNSIK,FRIDAY,2
3130326,BUNSIK,SATURDAY,0
3130326,BUNSIK,SUNDAY,-6
